{
"type": "FeatureCollection",
"name": "MEX_Municipio_09",
"features": [
{ "type": "Feature", "properties": { "CVE_ENT": "09", "CVE_MUN": "017", "NOM_MUN": "Venustiano Carranza", "OID": 2106 }, "geometry": { "type": "MultiPolygon", "coordinates": [ [ [ [ 2808739.959200002253056, 831177.2212999984622 ], [ 2809121.567100003361702, 830479.123700000345707 ], [ 2809148.821900002658367, 830402.421999998390675 ], [ 2809221.951899997889996, 830319.33049999922514 ], [ 2809044.9309, 830014.579900000244379 ], [ 2808809.77139999717474, 829467.264199998229742 ], [ 2808633.905500002205372, 829003.8918999992311 ], [ 2808607.740299999713898, 828939.166900001466274 ], [ 2808467.951999999582767, 828588.647599998861551 ], [ 2808348.291400000452995, 828304.139499999582767 ], [ 2808291.348899997770786, 828067.570900000631809 ], [ 2808268.173699997365475, 828064.007399998605251 ], [ 2808242.508199997246265, 828066.87049999833107 ], [ 2808241.058200001716614, 828063.114500001072884 ], [ 2808237.134199999272823, 828055.610599998384714 ], [ 2808222.085500001907349, 828033.11540000140667 ], [ 2808206.250399999320507, 828014.716099999845028 ], [ 2808196.714900001883507, 828005.098700001835823 ], [ 2808187.761, 827996.710099998861551 ], [ 2808168.870300002396107, 827982.939399998635054 ], [ 2808158.810500003397465, 827975.87779999896884 ], [ 2808146.350500002503395, 827968.185600001364946 ], [ 2808132.030799999833107, 827961.033900000154972 ], [ 2808119.062899999320507, 827955.291400000452995 ], [ 2808097.19030000269413, 827947.156700000166893 ], [ 2808077.013400003314018, 827940.005100000649691 ], [ 2808073.88400000333786, 827936.040199998766184 ], [ 2808069.468500003218651, 827930.4695999994874 ], [ 2807875.596699997782707, 827925.021899998188019 ], [ 2807868.576099999248981, 827924.825300000607967 ], [ 2807679.914399996399879, 827920.286899998784065 ], [ 2807468.167499996721745, 827915.199700001627207 ], [ 2807252.169100001454353, 827910.014199998229742 ], [ 2807024.759199999272823, 827904.263399999588728 ], [ 2806990.958999998867512, 827902.305500000715256 ], [ 2806969.979299999773502, 827897.095400001853704 ], [ 2806933.090700000524521, 827885.241599999368191 ], [ 2806906.286499999463558, 827873.035500001162291 ], [ 2806876.361100003123283, 827858.109700001776218 ], [ 2806854.922600001096725, 827842.815200001001358 ], [ 2806825.169299997389317, 827818.837200000882149 ], [ 2806808.572300001978874, 827800.413400001823902 ], [ 2806801.690999999642372, 827788.657900001853704 ], [ 2806763.753799997270107, 827723.785399999469519 ], [ 2806731.25620000064373, 827668.219099998474121 ], [ 2806697.578900001943111, 827610.629299998283386 ], [ 2806681.776500001549721, 827583.571199998259544 ], [ 2806660.1824000030756, 827546.682599999010563 ], [ 2806649.016699999570847, 827527.570599999278784 ], [ 2806566.932899996638298, 827387.094200000166893 ], [ 2806558.380400002002716, 827372.455099999904633 ], [ 2806547.362199999392033, 827353.597100000828505 ], [ 2806468.465000003576279, 827220.813000001013279 ], [ 2806442.389899998903275, 827178.79619999974966 ], [ 2806407.762299999594688, 827117.356199998408556 ], [ 2806383.546700000762939, 827075.675299998372793 ], [ 2806341.49719999730587, 827002.750199999660254 ], [ 2806309.54839999973774, 826947.323100000619888 ], [ 2806288.1919, 826910.287099998444319 ], [ 2806261.043600000441074, 826863.584499999880791 ], [ 2806241.366400003433228, 826829.989100001752377 ], [ 2806223.737199999392033, 826799.875300001353025 ], [ 2806198.997400000691414, 826757.637299999594688 ], [ 2806179.140000000596046, 826726.925500001758337 ], [ 2806155.702600002288818, 826696.402100000530481 ], [ 2806128.087399996817112, 826663.969999998807907 ], [ 2806122.820000000298023, 826655.401200000196695 ], [ 2806090.117499999701977, 826602.194099999964237 ], [ 2806052.581699997186661, 826522.543299999088049 ], [ 2806102.569300003349781, 826494.469300001859665 ], [ 2805995.163999997079372, 826347.193599998950958 ], [ 2805945.463200002908707, 826345.686200000345707 ], [ 2805897.646499998867512, 826352.6739999987185 ], [ 2805879.148900002241135, 826355.377399999648333 ], [ 2805867.508100003004074, 826355.049699999392033 ], [ 2805850.624399997293949, 826354.566399998962879 ], [ 2805833.740699999034405, 826354.0912000015378 ], [ 2805815.923100002110004, 826353.583299998193979 ], [ 2805798.097300000488758, 826353.075399998575449 ], [ 2805785.489799998700619, 826353.632500000298023 ], [ 2805772.882299996912479, 826354.189500000327826 ], [ 2805732.110699996352196, 826356.622499998658895 ], [ 2805710.475599996745586, 826358.52309999987483 ], [ 2805706.068300001323223, 826359.039200000464916 ], [ 2805656.367499999701977, 826364.871899999678135 ], [ 2805596.361100003123283, 826373.203200001269579 ], [ 2805481.615699999034405, 826389.750999998301268 ], [ 2805424.451999999582767, 826397.99210000038147 ], [ 2805379.297700002789497, 826404.504799999296665 ], [ 2805367.968099996447563, 826405.897399999201298 ], [ 2805309.927799999713898, 826412.942499998956919 ], [ 2805251.117399998009205, 826420.094200000166893 ], [ 2805192.274300001561642, 826427.254000000655651 ], [ 2805133.267300002276897, 826434.43019999936223 ], [ 2805094.273400001227856, 826439.451900001615286 ], [ 2805078.839699998497963, 826441.442499998956919 ], [ 2805017.751900002360344, 826449.298599999397993 ], [ 2804933.710199996829033, 826460.128499999642372 ], [ 2804865.823100000619888, 826468.877500001341105 ], [ 2804824.150399997830391, 826473.858300000429153 ], [ 2804757.410199999809265, 826481.861800000071526 ], [ 2804715.409800000488758, 826486.776999998837709 ], [ 2804636.545400001108646, 826496.353500001132488 ], [ 2804573.188500002026558, 826503.947500001639128 ], [ 2804553.232799999415874, 826507.347199998795986 ], [ 2804502.475100003182888, 826512.418000001460314 ], [ 2804426.133900001645088, 826521.232599999755621 ], [ 2804379.464100003242493, 826526.631099998950958 ], [ 2804337.324400000274181, 826531.489000000059605 ], [ 2804292.227399997413158, 826536.707299999892712 ], [ 2804247.949699997901917, 826541.819099999964237 ], [ 2804160.795000001788139, 826552.927400000393391 ], [ 2804136.530299998819828, 826556.310699999332428 ], [ 2804067.537299998104572, 826565.920000001788139 ], [ 2804021.735799998044968, 826574.644400000572205 ], [ 2803998.904700003564358, 826578.035900000482798 ], [ 2803991.015799999237061, 826578.273499999195337 ], [ 2803975.606600001454353, 826577.069299999624491 ], [ 2803946.000799998641014, 826572.801199998706579 ], [ 2803919.606100000441074, 826564.879599999636412 ], [ 2803899.593099996447563, 826552.640700001269579 ], [ 2803881.243000000715256, 826541.294799998402596 ], [ 2803868.406099997460842, 826532.054200001060963 ], [ 2803858.985299997031689, 826525.271299999207258 ], [ 2803794.04730000346899, 826511.090900000184774 ], [ 2803757.207900002598763, 826504.586500000208616 ], [ 2803585.823100000619888, 826465.600699998438358 ], [ 2803495.711099997162819, 826443.842799998819828 ], [ 2803422.466399997472763, 826426.205400001257658 ], [ 2803319.337300002574921, 826401.367300000041723 ], [ 2803189.190999999642372, 826370.737399999052286 ], [ 2802988.601700000464916, 826322.953400000929832 ], [ 2802645.291400000452995, 826241.115299999713898 ], [ 2802534.1096, 826214.688000001013279 ], [ 2802329.555299997329712, 826165.879999998956919 ], [ 2802252.575099997222424, 826147.620099999010563 ], [ 2802202.931599996984005, 826135.512299999594688 ], [ 2802190.04559999704361, 826133.153000000864267 ], [ 2802127.622500002384186, 826121.733300000429153 ], [ 2802071.92509999871254, 826117.9814000017941 ], [ 2801895.77250000089407, 826112.6402000002563 ], [ 2801753.166199997067451, 826107.839699998497963 ], [ 2801638.912399999797344, 826089.448699999600649 ], [ 2801617.580399997532368, 826086.008000001311302 ], [ 2801560.613200001418591, 826073.69539999961853 ], [ 2801494.921599999070168, 826059.465900000184774 ], [ 2801441.001800000667572, 826047.816899999976158 ], [ 2801434.374499998986721, 826046.383299998939037 ], [ 2801356.902800001204014, 826030.769400000572205 ], [ 2801326.920000001788139, 826024.715500000864267 ], [ 2801268.781400002539158, 826013.148400001227856 ], [ 2801226.625399999320507, 826004.71059999987483 ], [ 2801115.427199997007847, 825993.258200000971556 ], [ 2801021.260099999606609, 825977.078999999910593 ], [ 2801010.741599999368191, 825975.842000000178814 ], [ 2800996.593999996781349, 826046.260400000959635 ], [ 2800960.434500001370907, 826215.056600000709295 ], [ 2800957.927799999713898, 826228.819200001657009 ], [ 2800942.739799998700619, 826316.924100000411272 ], [ 2800931.639700002968311, 826366.010600000619888 ], [ 2800924.250500001013279, 826386.375900000333786 ], [ 2800898.011500000953674, 826458.555599998682737 ], [ 2800846.123400002717972, 826600.326400000602007 ], [ 2800834.351499997079372, 826629.866700001060963 ], [ 2800809.578900001943111, 826688.210099998861551 ], [ 2800799.412600003182888, 826735.265000000596046 ], [ 2800792.211800001561642, 826775.274700000882149 ], [ 2800781.037900000810623, 826824.598700001835823 ], [ 2800768.51240000128746, 826911.786200001835823 ], [ 2800762.1963, 826956.555500000715256 ], [ 2800745.845100000500679, 826979.222699999809265 ], [ 2800728.437100000679493, 826988.938499998301268 ], [ 2800739.291500002145767, 827076.977899998426437 ], [ 2800755.814800001680851, 827186.078899998217821 ], [ 2800762.376599997282028, 827232.265399999916553 ], [ 2800781.013400003314018, 827389.674699999392033 ], [ 2800801.886600002646446, 827532.985599998384714 ], [ 2800802.29619999974966, 827567.522999998182058 ], [ 2800819.802500002086163, 827721.106600001454353 ], [ 2800837.792099997401237, 827762.861299999058247 ], [ 2800879.612300001084805, 827867.112700000405312 ], [ 2800916.32880000025034, 827956.053199999034405 ], [ 2800930.541900001466274, 827986.707699999213219 ], [ 2800940.224899999797344, 828004.517099998891354 ], [ 2800948.27759999781847, 828068.7668999992311 ], [ 2800959.000900000333786, 828160.500999998301268 ], [ 2800971.2971, 828267.554000001400709 ], [ 2800973.92679999768734, 828289.11540000140667 ], [ 2800980.30009999871254, 828328.625399999320507 ], [ 2800989.139300003647804, 828401.820900000631809 ], [ 2800990.884199999272823, 828431.181000001728535 ], [ 2801004.401000000536442, 828525.986999999731779 ], [ 2801014.845799997448921, 828602.017000000923872 ], [ 2801018.040700003504753, 828643.968199998140335 ], [ 2801025.544600002467632, 828695.520500000566244 ], [ 2801033.548100002110004, 828761.441500000655651 ], [ 2801048.318300001323223, 828877.030600000172853 ], [ 2801052.709200002253056, 828927.329500000923872 ], [ 2801061.572999998927116, 829004.866799999028444 ], [ 2801071.198600001633167, 829095.060699999332428 ], [ 2801088.237899996340275, 829220.603100001811981 ], [ 2801102.598499998450279, 829309.527300000190735 ], [ 2801111.724399998784065, 829401.777399998158216 ], [ 2801124.905299998819828, 829502.497999999672174 ], [ 2801140.453699998557568, 829619.061999998986721 ], [ 2801157.632399998605251, 829743.760600000619888 ], [ 2801162.097000002861023, 829795.493099998682737 ], [ 2801169.043799996376038, 829844.251899998635054 ], [ 2801176.842600002884865, 829913.924800001084805 ], [ 2801185.067400000989437, 829991.191799998283386 ], [ 2801194.635600000619888, 830072.480999998748302 ], [ 2801202.975100003182888, 830175.192299999296665 ], [ 2801196.880199998617172, 830188.766399998217821 ], [ 2801124.700499996542931, 830288.282800000160933 ], [ 2801119.785300001502037, 830295.041200000792742 ], [ 2801076.441500000655651, 830387.274999998509884 ], [ 2801048.588699996471405, 830441.653499998152256 ], [ 2800950.718800000846386, 830624.089299999177456 ], [ 2800915.56700000166893, 830675.936500001698732 ], [ 2800898.314599998295307, 830706.623700000345707 ], [ 2800891.195799998939037, 830730.020100001245737 ], [ 2800890.892700001597404, 830749.517000000923872 ], [ 2800894.234999999403954, 830792.877300001680851 ], [ 2800913.223999999463558, 830906.81980000063777 ], [ 2800925.806999996304512, 830975.468800000846386 ], [ 2800932.4507, 831016.346799999475479 ], [ 2800960.713100001215935, 831113.504000000655651 ], [ 2800973.074799999594688, 831148.598499998450279 ], [ 2800976.761200003325939, 831160.878299999982119 ], [ 2800994.619800001382828, 831203.181800000369549 ], [ 2801001.746799997985363, 831219.614900000393391 ], [ 2801035.784599997103214, 831360.722100000828505 ], [ 2801049.457000002264977, 831446.99210000038147 ], [ 2801060.098399996757507, 831495.939300000667572 ], [ 2801066.561899997293949, 831525.75 ], [ 2801090.687299996614456, 831663.522999998182058 ], [ 2801099.862400002777576, 831696.569600000977516 ], [ 2801103.491400003433228, 831706.997999999672174 ], [ 2801116.664200000464916, 831773.164799999445677 ], [ 2801140.298100002110004, 831884.813499998301268 ], [ 2801139.872100003063679, 831898.133699998259544 ], [ 2801190.728000000119209, 832002.090199999511242 ], [ 2801226.617200002074242, 832058.025199998170137 ], [ 2801230.917999997735023, 832067.323100000619888 ], [ 2801234.776399999856949, 832073.106699999421835 ], [ 2801243.197800002992153, 832086.688999999314547 ], [ 2801268.052299998700619, 832077.399300001561642 ], [ 2801321.021799996495247, 832059.843800000846386 ], [ 2801646.383500002324581, 831952.05350000038743 ], [ 2801751.683399997651577, 831919.482099998742342 ], [ 2801788.023199997842312, 831903.99100000038743 ], [ 2801813.655900001525879, 831883.445500001311302 ], [ 2802065.772900000214577, 831683.306699998676777 ], [ 2802084.204899996519089, 831668.495600000023842 ], [ 2802271.801700003445148, 831517.787399999797344 ], [ 2802337.796499997377396, 831464.776900000870228 ], [ 2802363.863399997353554, 831445.681400001049042 ], [ 2802384.228699997067451, 831435.703499998897314 ], [ 2802403.668300002813339, 831426.176199998706579 ], [ 2802658.840899996459484, 831335.105799999088049 ], [ 2802663.068000003695488, 831346.361600000411272 ], [ 2802699.858300000429153, 831333.03319999948144 ], [ 2802697.114, 831324.636399999260902 ], [ 2802768.35980000346899, 831298.602200001478195 ], [ 2802834.616700001060963, 831274.386599998921156 ], [ 2802902.487400002777576, 831249.581300001591444 ], [ 2802969.112899996340275, 831225.259199999272823 ], [ 2803035.64019999653101, 831200.937199998646975 ], [ 2803104.583999998867512, 831175.746800001710653 ], [ 2803169.677699998021126, 831151.965399999171495 ], [ 2803237.753200002014637, 831127.078099999576807 ], [ 2803284.848999999463558, 831109.883099999278784 ], [ 2803333.042499996721745, 831092.270300000905991 ], [ 2803371.585900001227856, 831078.163699999451637 ], [ 2803397.505400002002716, 831069.578499998897314 ], [ 2803448.090999998152256, 831052.809399999678135 ], [ 2803463.016800001263618, 831047.869699999690056 ], [ 2803490.058600001037121, 831041.406199999153614 ], [ 2803517.862300001084805, 831038.260400000959635 ], [ 2803542.323600001633167, 831037.097199998795986 ], [ 2803555.299699999392033, 831037.048000000417233 ], [ 2803573.182800002396107, 831038.399700000882149 ], [ 2803602.985299997031689, 831043.618000000715256 ], [ 2803622.588799998164177, 831048.615100000053644 ], [ 2803690.311999998986721, 831076.893899999558926 ], [ 2803702.296899996697903, 831081.89919999986887 ], [ 2803747.844499997794628, 831100.921000000089407 ], [ 2803809.440099999308586, 831126.660300001502037 ], [ 2803869.348200000822544, 831151.686900001019239 ], [ 2803944.263999998569489, 831183.488200001418591 ], [ 2804011.585900001227856, 831212.070099998265505 ], [ 2804077.810000002384186, 831240.184999998658895 ], [ 2804089.704800002276897, 831245.239500001072884 ], [ 2804124.553599998354912, 831257.756900001317263 ], [ 2804144.902500003576279, 831262.770399998873472 ], [ 2804168.118600003421307, 831266.7516999989748 ], [ 2804193.808799996972084, 831269.315799999982119 ], [ 2804221.42400000244379, 831268.947200000286102 ], [ 2804254.290299996733665, 831264.957699999213219 ], [ 2804283.928900003433228, 831257.617600001394749 ], [ 2804312.9121999964118, 831247.926500000059605 ], [ 2804340.96169999986887, 831231.976700000464916 ], [ 2804346.884499996900558, 831227.610300000756979 ], [ 2804374.761799998581409, 831207.032000001519918 ], [ 2804388.573600001633167, 831193.892099998891354 ], [ 2804425.773400001227856, 831158.510800000280142 ], [ 2804464.365900002419949, 831121.900800000876188 ], [ 2804532.556100003421307, 831057.47069999948144 ], [ 2804567.290200002491474, 831024.489700000733137 ], [ 2804607.955300003290176, 830985.888999998569489 ], [ 2804646.285700000822544, 830949.491900000721216 ], [ 2804684.640600003302097, 830913.078499998897314 ], [ 2804717.03999999910593, 830884.070599999278784 ], [ 2804760.25280000269413, 830845.388000000268221 ], [ 2804798.034299999475479, 830811.563200000673532 ], [ 2804844.85980000346899, 830769.530099999159575 ], [ 2804907.602300003170967, 830713.201900001615286 ], [ 2804923.732299998402596, 830693.950699999928474 ], [ 2804947.349899999797344, 830656.021699998527765 ], [ 2804961.333599999547005, 830629.430500000715256 ], [ 2805130.236299999058247, 830760.232200000435114 ], [ 2805268.189599998295307, 830867.063999999314547 ], [ 2805348.258199997246265, 830928.577799998223782 ], [ 2805531.218299999833107, 831069.504700001329184 ], [ 2805572.940099999308586, 831088.7314000017941 ], [ 2805605.593500003218651, 831094.842599999159575 ], [ 2805622.313299998641014, 831095.121100001037121 ], [ 2805660.823899999260902, 831094.891699999570847 ], [ 2805712.146799996495247, 831081.243900001049042 ], [ 2805738.426700003445148, 831074.256099998950958 ], [ 2805764.051299996674061, 831067.448499999940395 ], [ 2805787.054499998688698, 831064.868099998682737 ], [ 2805807.272299997508526, 831063.557300001382828 ], [ 2805828.48139999806881, 831062.181099999696016 ], [ 2805846.593900002539158, 831058.969799999147654 ], [ 2805863.076200000941753, 831056.061700001358986 ], [ 2806136.377700001001358, 830968.12049999833107 ], [ 2806178.402699999511242, 830954.595499999821186 ], [ 2806268.178800001740456, 830925.702399998903275 ], [ 2806895.1699, 830712.202500000596046 ], [ 2806903.886200003325939, 830710.408399999141693 ], [ 2806919.975299999117851, 830708.974800001829863 ], [ 2806936.695200003683567, 830708.204799998551607 ], [ 2806949.917000003159046, 830709.105900000780821 ], [ 2806982.095200002193451, 830717.11769999936223 ], [ 2807032.238499999046326, 830736.589999999850988 ], [ 2807038.406999997794628, 830734.44370000064373 ], [ 2807247.155599996447563, 830661.788899999111891 ], [ 2807309.832599997520447, 830639.981800001114607 ], [ 2807376.228699997067451, 830616.87220000103116 ], [ 2807438.635399997234344, 830595.146999999880791 ], [ 2807504.736599996685982, 830572.143800001591444 ], [ 2807524.135300002992153, 830565.3935999982059 ], [ 2807559.754100002348423, 830552.999099999666214 ], [ 2807574.270300000905991, 830558.938299998641014 ], [ 2807666.266500003635883, 830596.580600000917912 ], [ 2807774.794100001454353, 830640.989399999380112 ], [ 2807857.852799996733665, 830674.969799999147654 ], [ 2807930.417499996721745, 830704.665800001472235 ], [ 2808004.89919999986887, 830735.140099998563528 ], [ 2808072.901000000536442, 830762.968299999833107 ], [ 2808207.569300003349781, 830818.067699998617172 ], [ 2808264.929700002074242, 830841.537799999117851 ], [ 2808352.280900001525879, 830877.287599999457598 ], [ 2808432.783699996769428, 830910.23589999973774 ], [ 2808494.567800000309944, 830935.5 ], [ 2808553.68129999935627, 830959.690999999642372 ], [ 2808598.884700000286102, 831010.047200001776218 ], [ 2808631.570799998939037, 831046.468800000846386 ], [ 2808675.774800002574921, 831097.10359999909997 ], [ 2808714.973600000143051, 831142.16780000180006 ], [ 2808739.959200002253056, 831177.2212999984622 ] ] ] ] } },
{ "type": "Feature", "properties": { "CVE_ENT": "09", "CVE_MUN": "016", "NOM_MUN": "Miguel Hidalgo", "OID": 2107 }, "geometry": { "type": "MultiPolygon", "coordinates": [ [ [ [ 2796923.089299999177456, 831615.739100001752377 ], [ 2796911.595899999141693, 831550.473400000482798 ], [ 2796884.832599997520447, 831320.704199999570847 ], [ 2796873.789800003170967, 831204.0337999984622 ], [ 2796868.06360000371933, 831112.209600001573563 ], [ 2796869.489, 830975.960299998521805 ], [ 2796872.085900001227856, 830904.902899999171495 ], [ 2796863.041900001466274, 830866.670800000429153 ], [ 2796851.884400002658367, 830799.676600001752377 ], [ 2796834.075000002980232, 830709.793999999761581 ], [ 2796826.898800000548363, 830677.1570999994874 ], [ 2796820.943199999630451, 830645.093600001186132 ], [ 2796812.55460000038147, 830600.340700000524521 ], [ 2796800.463200002908707, 830541.579500000923872 ], [ 2796790.993299998342991, 830495.57319999858737 ], [ 2796784.210299998521805, 830455.014600001275539 ], [ 2796775.133500002324581, 830411.03999999910593 ], [ 2796768.186700001358986, 830373.495999999344349 ], [ 2796757.193099997937679, 830309.36089999973774 ], [ 2796747.395400002598763, 830259.586300000548363 ], [ 2796739.277199998497963, 830213.874899998307228 ], [ 2796729.782600000500679, 830192.936200000345707 ], [ 2796668.137800000607967, 830081.377500001341105 ], [ 2796654.793099999427795, 830048.4375 ], [ 2796615.594300001859665, 829959.931099999696016 ], [ 2796560.945500001311302, 829839.557799998670816 ], [ 2796509.966700002551079, 829716.235500000417233 ], [ 2796456.800599999725819, 829592.945900000631809 ], [ 2796422.386, 829532.947700001299381 ], [ 2796390.215999998152256, 829473.73589999973774 ], [ 2796339.155299998819828, 829397.517499998211861 ], [ 2796325.654899999499321, 829374.661800000816584 ], [ 2796243.661200001835823, 829230.589099999517202 ], [ 2796188.258699998259544, 829138.437300000339746 ], [ 2796182.098300002515316, 829129.721000000834465 ], [ 2796178.49379999935627, 829124.437199998646975 ], [ 2796176.576899997889996, 829121.004799999296665 ], [ 2796163.371399998664856, 829096.191199999302626 ], [ 2796156.236100003123283, 829085.238499999046326 ], [ 2796151.361900001764297, 829076.317400000989437 ], [ 2796076.577100001275539, 828948.964600000530481 ], [ 2796067.778899997472763, 828933.293299999088049 ], [ 2796061.733199998736382, 828922.709199998527765 ], [ 2796036.944200001657009, 828868.642000000923872 ], [ 2795992.748400002717972, 828779.005100000649691 ], [ 2795921.396099999547005, 828636.087499998509884 ], [ 2795916.898699998855591, 828628.59180000051856 ], [ 2795872.399700000882149, 828556.043499998748302 ], [ 2795816.661399997770786, 828460.590300001204014 ], [ 2795731.177799999713898, 828320.744699999690056 ], [ 2795677.708700001239777, 828230.657200001180172 ], [ 2795650.28999999910593, 828180.448499999940395 ], [ 2795626.942800000309944, 828143.207600001245737 ], [ 2795588.538699999451637, 828075.18129999935627 ], [ 2795522.232699997723103, 827956.0614 ], [ 2795530.57209999859333, 827954.758900001645088 ], [ 2795631.186300002038479, 827941.758200000971556 ], [ 2795708.117399998009205, 827933.566199999302626 ], [ 2795734.544699996709824, 827931.911400001496077 ], [ 2795782.983999997377396, 827930.346700001507998 ], [ 2795786.965400002896786, 827926.791400000452995 ], [ 2795790.938500002026558, 827923.244199998676777 ], [ 2795792.044399999082088, 827916.109000001102686 ], [ 2795787.571599997580051, 827907.163400001823902 ], [ 2795768.713600002229214, 827899.880699999630451 ], [ 2795776.028999999165535, 827885.438200000673532 ], [ 2795776.479599997401237, 827872.937199998646975 ], [ 2795770.458499997854233, 827874.174199998378754 ], [ 2795763.14299999922514, 827874.911400001496077 ], [ 2795756.589400000870228, 827875.1081000007689 ], [ 2795747.529100000858307, 827872.4375 ], [ 2795739.803999997675419, 827865.351399999111891 ], [ 2795734.086000002920628, 827851.605200000107288 ], [ 2795731.079499997198582, 827844.44539999961853 ], [ 2795678.200199998915195, 827738.506499998271465 ], [ 2795673.670000001788139, 827728.364799998700619 ], [ 2795665.125699996948242, 827709.555900000035763 ], [ 2795666.780500002205372, 827702.699200000613928 ], [ 2795672.416599996387959, 827693.565099999308586 ], [ 2795672.400200001895428, 827690.468600001186132 ], [ 2795671.851400002837181, 827685.282999999821186 ], [ 2795669.442900002002716, 827680.818399999290705 ], [ 2795664.626000002026558, 827669.759199999272823 ], [ 2795662.578000001609325, 827653.121199999004602 ], [ 2795659.276699997484684, 827639.28489999845624 ], [ 2795651.518799997866154, 827627.111600000411272 ], [ 2795644.571999996900558, 827618.526399999856949 ], [ 2795638.870399996638298, 827610.006700001657009 ], [ 2795635.290500000119209, 827600.798900000751019 ], [ 2795633.479999996721745, 827597.014199998229742 ], [ 2795620.004199996590614, 827593.860300000756979 ], [ 2795606.47919999808073, 827590.534400001168251 ], [ 2795598.074199996888638, 827585.08669999986887 ], [ 2795591.495999999344349, 827579.47520000115037 ], [ 2795586.957699999213219, 827573.29839999973774 ], [ 2795581.518200002610683, 827560.240299999713898 ], [ 2795570.942299999296665, 827541.701799999922514 ], [ 2795552.002400003373623, 827508.024500001221895 ], [ 2795531.342200003564358, 827479.704799998551607 ], [ 2795513.606499999761581, 827445.085400000214577 ], [ 2795497.017700001597404, 827411.186900001019239 ], [ 2795468.632399998605251, 827361.879299998283386 ], [ 2795403.022699996829033, 827224.990899998694658 ], [ 2795348.971900001168251, 827121.870000001043081 ], [ 2795327.598999999463558, 827073.193199999630451 ], [ 2795264.831799998879433, 826948.879599999636412 ], [ 2795248.177500002086163, 826916.619500000029802 ], [ 2795196.166500002145767, 826816.480500001460314 ], [ 2795185.598800003528595, 826794.7060999982059 ], [ 2795179.192699998617172, 826780.206300001591444 ], [ 2795158.827399998903275, 826750.289099998772144 ], [ 2795134.538099996745586, 826711.221500001847744 ], [ 2795113.95160000026226, 826665.739500001072884 ], [ 2795090.9485, 826622.076099999248981 ], [ 2795084.443999998271465, 826610.582699999213219 ], [ 2795081.576800003647804, 826607.518899999558926 ], [ 2795070.886200003325939, 826606.994600001722574 ], [ 2795063.464299999177456, 826608.641199998557568 ], [ 2795059.671400003135204, 826607.977699998766184 ], [ 2795057.115500003099442, 826603.963599998503923 ], [ 2794997.15820000320673, 826488.022199999541044 ], [ 2794947.596600003540516, 826393.666799999773502 ], [ 2794942.90259999781847, 826384.016600001603365 ], [ 2794864.218500003218651, 826222.470400001853704 ], [ 2794859.688299998641014, 826212.476100001484156 ], [ 2795054.715199999511242, 826138.281199999153614 ], [ 2795242.262900002300739, 826078.749899998307228 ], [ 2795334.521200001239777, 826050.036899998784065 ], [ 2795429.597499996423721, 826019.021999999880791 ], [ 2795531.079999998211861, 825987.482799999415874 ], [ 2795620.528499998152256, 825959.384300000965595 ], [ 2795718.472000002861023, 825927.484600000083447 ], [ 2795813.892499998211861, 825896.387800000607967 ], [ 2795858.555200003087521, 825882.010800000280142 ], [ 2795907.789200000464916, 825864.83219999819994 ], [ 2796000.514399997889996, 825835.267299998551607 ], [ 2796006.92059999704361, 825832.57209999859333 ], [ 2796096.369000002741814, 825802.941700000315905 ], [ 2796163.264899998903275, 825782.150400001555681 ], [ 2796181.67230000346899, 825777.022199999541044 ], [ 2796195.279200002551079, 825772.049600001424551 ], [ 2796242.424199998378754, 825759.491300001740456 ], [ 2796248.387900002300739, 825732.990200001746416 ], [ 2796265.566600002348423, 825665.782999999821186 ], [ 2796276.314499996602535, 825623.364799998700619 ], [ 2796285.735299997031689, 825587.401900000870228 ], [ 2796291.61710000038147, 825563.030699998140335 ], [ 2796316.28320000320673, 825470.583999998867512 ], [ 2796327.932300001382828, 825422.308600001037121 ], [ 2796340.531599998474121, 825377.113299999386072 ], [ 2796352.254299998283386, 825336.202500000596046 ], [ 2796329.947499997913837, 825329.337600000202656 ], [ 2796310.6963, 825323.398400001227856 ], [ 2796304.019799999892712, 825321.342199999839067 ], [ 2796244.881800003349781, 825302.508799999952316 ], [ 2796202.758500002324581, 825284.650199998170137 ], [ 2796154.450300000607967, 825260.565699998289347 ], [ 2796142.399899996817112, 825253.225699998438358 ], [ 2796126.720399998128414, 825233.368299998342991 ], [ 2796119.445900000631809, 825237.226700000464916 ], [ 2796110.467399999499321, 825238.103300001472235 ], [ 2796100.587899997830391, 825237.4560999982059 ], [ 2796090.306900002062321, 825234.711800001561642 ], [ 2795973.202299997210503, 825190.106300000101328 ], [ 2795931.84910000115633, 825174.795499999076128 ], [ 2795815.80120000243187, 825131.820199999958277 ], [ 2795763.74099999666214, 825114.870999999344349 ], [ 2795693.126000002026558, 825097.348299998790026 ], [ 2795642.597699999809265, 825084.806400001049042 ], [ 2795586.261399999260902, 825070.961899999529123 ], [ 2795582.689599998295307, 825099.896000001579523 ], [ 2795579.240800000727177, 825127.847100000828505 ], [ 2795528.122699998319149, 825111.209199998527765 ], [ 2795455.443300001323223, 825087.599800001829863 ], [ 2795438.805399999022484, 825082.135800000280142 ], [ 2795430.949199996888638, 825078.19539999961853 ], [ 2795423.617399998009205, 825074.066700000315905 ], [ 2795421.012299999594688, 825078.097100000828505 ], [ 2795418.309000000357628, 825079.620799999684095 ], [ 2795412.050300002098083, 825080.128699999302626 ], [ 2795391.381899997591972, 825076.925700001418591 ], [ 2795384.172899998724461, 825075.58219999819994 ], [ 2795324.789099998772144, 825059.755199998617172 ], [ 2795239.534999996423721, 825037.022399999201298 ], [ 2795213.320600003004074, 825031.714000001549721 ], [ 2795162.972499996423721, 825021.523200001567602 ], [ 2795125.567800000309944, 825013.953699998557568 ], [ 2795103.441299997270107, 825004.377300001680851 ], [ 2795082.051899999380112, 824995.120299998670816 ], [ 2794984.476999998092651, 824952.890599999576807 ], [ 2794913.763700000941753, 824922.285300001502037 ], [ 2794890.850699998438358, 824915.313900001347065 ], [ 2794885.665100000798702, 824913.814699999988079 ], [ 2794864.136600002646446, 824915.109099999070168 ], [ 2794839.7654, 824913.102000001817942 ], [ 2794780.930399999022484, 824896.865499999374151 ], [ 2794720.309600003063679, 824877.311200000345707 ], [ 2794660.31139999628067, 824857.953499998897314 ], [ 2794657.665399998426437, 824866.718899998813868 ], [ 2794600.78830000013113, 824868.807900000363588 ], [ 2794552.480099998414516, 824868.603100001811981 ], [ 2794547.097999997437, 824868.447399999946356 ], [ 2794523.816299997270107, 824866.735300000756979 ], [ 2794441.863499999046326, 824860.689599998295307 ], [ 2794407.735699996352196, 824854.160599999129772 ], [ 2794402.025799997150898, 824872.617199998348951 ], [ 2794387.910999998450279, 824906.540199998766184 ], [ 2794351.997299998998642, 824992.1385000012815 ], [ 2794340.225400000810623, 825020.728500001132488 ], [ 2794313.200000002980232, 825083.200699999928474 ], [ 2794304.688500002026558, 825104.1886 ], [ 2794275.328400000929832, 825175.860399998724461 ], [ 2794256.183700002729893, 825224.258799999952316 ], [ 2794218.869099996984005, 825291.8918999992311 ], [ 2794213.929300002753735, 825299.035300001502037 ], [ 2794167.472499996423721, 825372.378299999982119 ], [ 2794136.727899998426437, 825395.586300000548363 ], [ 2794088.796499997377396, 825428.821199998259544 ], [ 2794066.309500001370907, 825452.938499998301268 ], [ 2794053.030199997127056, 825483.896000001579523 ], [ 2794052.465000003576279, 825491.031300000846386 ], [ 2794051.703100003302097, 825527.198899999260902 ], [ 2794060.099899999797344, 825600.386300001293421 ], [ 2794068.316500000655651, 825642.042599998414516 ], [ 2794093.465999998152256, 825753.289900001138449 ], [ 2794049.548600003123283, 825748.825300000607967 ], [ 2794035.728699997067451, 825747.662000000476837 ], [ 2794023.1294, 825746.580699998885393 ], [ 2794015.510899998247623, 825742.5011 ], [ 2793967.145300000905991, 825734.849700000137091 ], [ 2793888.493900001049042, 825720.0304000005126 ], [ 2793874.084200002253056, 825718.326499998569489 ], [ 2793844.134199999272823, 825714.484400000423193 ], [ 2793827.324299998581409, 825711.174899999052286 ], [ 2793805.353299997746944, 825709.929699998348951 ], [ 2793787.347300000488758, 825707.48030000180006 ], [ 2793705.558399997651577, 825693.480099998414516 ], [ 2793659.674999997019768, 825687.303399998694658 ], [ 2793580.572999998927116, 825678.038199998438358 ], [ 2793571.824000000953674, 825675.678899999707937 ], [ 2793481.744699999690056, 825659.786499999463558 ], [ 2793421.795699998736382, 825647.318199999630451 ], [ 2793394.491800002753735, 825631.220899999141693 ], [ 2793342.103900000452995, 825607.505100000649691 ], [ 2793279.541599996387959, 825582.265599999576807 ], [ 2793250.1897, 825570.698499999940395 ], [ 2793186.9966000020504, 825537.209600001573563 ], [ 2793130.652000002563, 825512.396000001579523 ], [ 2793091.543399997055531, 825492.972800001502037 ], [ 2793076.035899996757507, 825488.377000000327826 ], [ 2793038.320000000298023, 825478.48930000141263 ], [ 2792998.179200001060963, 825472.631999999284744 ], [ 2792975.831399999558926, 825470.403799999505281 ], [ 2792914.874700002372265, 825463.334100000560284 ], [ 2792844.97240000218153, 825460.630699999630451 ], [ 2792766.738799996674061, 825447.70380000025034 ], [ 2792714.006899997591972, 825439.921399999409914 ], [ 2792594.534800000488758, 825424.766199998557568 ], [ 2792418.627899996936321, 825395.324099998921156 ], [ 2792357.531999997794628, 825385.804999999701977 ], [ 2792292.954499997198582, 825373.730000000447035 ], [ 2792182.010200001299381, 825346.434300001710653 ], [ 2792141.009300000965595, 825336.079599998891354 ], [ 2792088.449400000274181, 825324.233899999409914 ], [ 2792036.553099997341633, 825308.00560000166297 ], [ 2791979.880800001323223, 825290.54839999973774 ], [ 2791926.378899998962879, 825269.691599998623133 ], [ 2791871.770999997854233, 825240.372400000691414 ], [ 2791786.377599999308586, 825191.032000001519918 ], [ 2791683.723600000143051, 825144.624299999326468 ], [ 2791616.909699998795986, 825114.682599999010563 ], [ 2791586.787699997425079, 825106.334899999201298 ], [ 2791538.4221, 825089.598700001835823 ], [ 2791476.171099998056889, 825064.768699999898672 ], [ 2791446.393200002610683, 825054.94649999961257 ], [ 2791333.982600003480911, 825016.673500001430511 ], [ 2791316.427100002765656, 825010.218199998140335 ], [ 2791195.718000002205372, 824965.121199999004602 ], [ 2790941.585799999535084, 824868.324599999934435 ], [ 2790894.375299997627735, 824849.44200000166893 ], [ 2790790.066500000655651, 824817.18189999833703 ], [ 2790700.208499997854233, 824794.58839999884367 ], [ 2790636.581200003623962, 824787.821800000965595 ], [ 2790614.987099997699261, 824785.8885000012815 ], [ 2790559.568199999630451, 824790.033599998801947 ], [ 2790464.016699999570847, 824794.752199999988079 ], [ 2790438.965599998831749, 824798.119100000709295 ], [ 2790414.962999999523163, 824798.028999999165535 ], [ 2790390.223200000822544, 824793.859299998730421 ], [ 2790352.490900002419949, 824790.656199999153614 ], [ 2790295.351700000464916, 824779.71169999986887 ], [ 2790154.48200000077486, 824744.666299998760223 ], [ 2790134.264200001955032, 824738.555100001394749 ], [ 2790103.634300000965595, 824727.971000000834465 ], [ 2790050.681199997663498, 824706.245799999684095 ], [ 2790037.320000000298023, 824701.764800000935793 ], [ 2790020.592000000178814, 824695.629000000655651 ], [ 2789996.728699997067451, 824688.682199999690056 ], [ 2789976.04389999806881, 824683.947200000286102 ], [ 2789941.285199999809265, 824683.594999998807907 ], [ 2789883.146600000560284, 824688.125100001692772 ], [ 2789861.257600001990795, 824689.468600001186132 ], [ 2789839.810900002717972, 824687.232200000435114 ], [ 2789782.270300000905991, 824662.033599998801947 ], [ 2789722.56700000166893, 824636.974300000816584 ], [ 2789645.578599996864796, 824602.510499998927116 ], [ 2789503.283600002527237, 824538.490100000053644 ], [ 2789469.376900002360344, 824531.698899999260902 ], [ 2789437.935999996960163, 824526.74269999936223 ], [ 2789396.984200000762939, 824531.99379999935627 ], [ 2789352.509800001978874, 824533.943500000983477 ], [ 2789323.903300002217293, 824530.4864999987185 ], [ 2789292.23309999704361, 824522.228900000452995 ], [ 2789257.507200002670288, 824503.239900000393391 ], [ 2789225.1897, 824471.405799999833107 ], [ 2789196.779899999499321, 824441.783500000834465 ], [ 2789182.468500003218651, 824406.033599998801947 ], [ 2789177.348499998450279, 824376.190200001001358 ], [ 2789177.545100003480911, 824313.545899998396635 ], [ 2789177.733499996364117, 824252.9989 ], [ 2789176.299900002777576, 824218.567899998277426 ], [ 2789164.216700002551079, 824178.910399999469519 ], [ 2789149.921599999070168, 824118.781100001186132 ], [ 2789129.818499997258186, 824072.447200000286102 ], [ 2789112.410499997437, 824033.854699999094009 ], [ 2789087.990099996328354, 824003.765500001609325 ], [ 2789035.81530000269413, 823973.561599999666214 ], [ 2788988.137800000607967, 823944.291499998420477 ], [ 2788936.749399997293949, 823908.484299998730421 ], [ 2788844.286300003528595, 823829.398699998855591 ], [ 2788776.563000001013279, 823799.252199999988079 ], [ 2788722.880900003015995, 823790.839000001549721 ], [ 2788697.485699996352196, 823794.705600000917912 ], [ 2788578.5050999969244, 823833.011399999260902 ], [ 2788554.641800001263618, 823835.944099999964237 ], [ 2788531.62219999730587, 823836.509399998933077 ], [ 2788502.704499997198582, 823835.21510000154376 ], [ 2788480.520499996840954, 823829.177600000053644 ], [ 2788451.946900002658367, 823818.970300000160933 ], [ 2788425.290100000798702, 823802.979499999433756 ], [ 2788392.915299996733665, 823776.068799998611212 ], [ 2788324.995399996638298, 823710.622900001704693 ], [ 2788280.881499998271465, 823672.603900000452995 ], [ 2788281.635200001299381, 823699.203299999237061 ], [ 2788275.597699999809265, 823715.292399998754263 ], [ 2788265.177400000393391, 823736.468699999153614 ], [ 2788242.846100002527237, 823765.148899998515844 ], [ 2788227.232100002467632, 823802.709199998527765 ], [ 2788211.347800001502037, 823840.941300000995398 ], [ 2788205.38400000333786, 823864.74720000103116 ], [ 2788202.344800002872944, 823901.807799998670816 ], [ 2788195.963200002908707, 823980.156100001186132 ], [ 2788194.840899996459484, 823993.173200000077486 ], [ 2788181.520700000226498, 824141.046999998390675 ], [ 2788179.644799999892712, 824154.039500001817942 ], [ 2788179.046800002455711, 824165.000399999320507 ], [ 2788180.562299996614456, 824177.206500001251698 ], [ 2788181.168499998748302, 824182.072500001639128 ], [ 2788190.466399997472763, 824197.964999999850988 ], [ 2788195.692900002002716, 824206.902499999850988 ], [ 2788201.615699999034405, 824220.558499999344349 ], [ 2788208.873800002038479, 824237.28660000115633 ], [ 2788212.740500003099442, 824246.199499998241663 ], [ 2788216.082800000905991, 824253.90819999948144 ], [ 2788222.169399999082088, 824267.932900000363588 ], [ 2788246.171999998390675, 824319.075500000268221 ], [ 2788250.792300000786781, 824326.767799999564886 ], [ 2788260.024700000882149, 824337.646800000220537 ], [ 2788285.2478, 824361.485500000417233 ], [ 2788296.012100003659725, 824371.660000000149012 ], [ 2788315.648400001227856, 824390.206700000911951 ], [ 2788339.003700003027916, 824416.625900000333786 ], [ 2788342.698299996554852, 824435.262699998915195 ], [ 2788347.769199997186661, 824453.137600000947714 ], [ 2788353.651000000536442, 824473.871599998325109 ], [ 2788359.967100001871586, 824514.471099998801947 ], [ 2788357.829000003635883, 824532.386999998241663 ], [ 2788352.02080000191927, 824548.238499999046326 ], [ 2788346.253700003027916, 824562.066599998623133 ], [ 2788338.192699998617172, 824572.650699999183416 ], [ 2788327.231799997389317, 824584.324299998581409 ], [ 2788306.645300000905991, 824591.639800000935793 ], [ 2788286.550399996340275, 824594.056400001049042 ], [ 2788263.047499999403954, 824596.882599998265505 ], [ 2788246.081900000572205, 824596.251899998635054 ], [ 2788227.035499997437, 824592.385200001299381 ], [ 2788205.29389999806881, 824578.081999998539686 ], [ 2788187.976000003516674, 824562.615499999374151 ], [ 2788170.101099997758865, 824543.986900001764297 ], [ 2788149.94879999756813, 824525.079799998551607 ], [ 2788133.032300002872944, 824509.211899999529123 ], [ 2788116.853100001811981, 824500.0614 ], [ 2788096.790899999439716, 824496.497900001704693 ], [ 2788078.424400001764297, 824502.420699998736382 ], [ 2788060.901699997484684, 824509.596900001168251 ], [ 2788032.287100002169609, 824517.813499998301268 ], [ 2788018.59009999781847, 824520.287399999797344 ], [ 2787996.184900000691414, 824522.441899999976158 ], [ 2787980.833099998533726, 824522.777800001204014 ], [ 2787967.652199998497963, 824523.080899998545647 ], [ 2787952.349500000476837, 824523.425000000745058 ], [ 2787927.175499998033047, 824518.075599998235703 ], [ 2787910.390100002288818, 824509.76069999858737 ], [ 2787884.314999997615814, 824498.963700000196695 ], [ 2787863.785800002515316, 824495.834300000220537 ], [ 2787851.514200001955032, 824495.580400001257658 ], [ 2787819.901299998164177, 824495.989999998360872 ], [ 2787786.568000003695488, 824498.267299998551607 ], [ 2787762.475400000810623, 824499.913899999111891 ], [ 2787750.47410000115633, 824500.7331000007689 ], [ 2787716.026699997484684, 824505.304299999028444 ], [ 2787707.916599996387959, 824511.841499999165535 ], [ 2787701.084499999880791, 824524.350699998438358 ], [ 2787679.506800003349781, 824550.688000001013279 ], [ 2787654.963600002229214, 824574.199000000953674 ], [ 2787630.272900000214577, 824599.405799999833107 ], [ 2787604.566399998962879, 824625.636599998921156 ], [ 2787564.679499998688698, 824658.699499998241663 ], [ 2787549.89299999922514, 824668.144900001585484 ], [ 2787533.590899996459484, 824676.959399998188019 ], [ 2787516.764499999582767, 824683.037900000810623 ], [ 2787507.065200001001358, 824680.465599998831749 ], [ 2787500.945799998939037, 824676.344999998807907 ], [ 2787496.882500000298023, 824668.718299999833107 ], [ 2787499.078000001609325, 824654.74269999936223 ], [ 2787504.17339999973774, 824641.668299999088049 ], [ 2787511.120200000703335, 824630.510800000280142 ], [ 2787532.362099997699261, 824606.934200000017881 ], [ 2787555.365199998021126, 824581.39979999884963 ], [ 2787559.043399997055531, 824573.764800000935793 ], [ 2787560.542599998414516, 824565.728500001132488 ], [ 2787558.576499998569489, 824556.807399999350309 ], [ 2787552.047499999403954, 824547.263700000941753 ], [ 2787539.3662, 824535.975099999457598 ], [ 2787525.31700000166893, 824526.275800000876188 ], [ 2787511.005500003695488, 824516.297899998724461 ], [ 2787486.60980000346899, 824504.951999999582767 ], [ 2787462.992200002074242, 824497.53830000013113 ], [ 2787445.059900000691414, 824494.662900000810623 ], [ 2787424.956799998879433, 824491.1239 ], [ 2787405.820299997925758, 824485.971200000494719 ], [ 2787394.285899996757507, 824480.326900001615286 ], [ 2787381.621100001037121, 824470.529199998825788 ], [ 2787370.348899997770786, 824459.453699998557568 ], [ 2787352.695100001990795, 824442.103000000119209 ], [ 2787333.853500001132488, 824423.580899998545647 ], [ 2787320.877400003373623, 824419.689699999988079 ], [ 2787306.688900001347065, 824416.986299999058247 ], [ 2787288.64190000295639, 824415.110399998724461 ], [ 2787273.281900003552437, 824413.52930000051856 ], [ 2787252.433300003409386, 824411.366599999368191 ], [ 2787198.284100003540516, 824405.779699999839067 ], [ 2787142.816100001335144, 824398.65260000154376 ], [ 2787132.912000000476837, 824394.491099998354912 ], [ 2787124.113799996674061, 824384.988400001078844 ], [ 2787110.719800002872944, 824370.521299999207258 ], [ 2787099.562299996614456, 824366.965999998152256 ], [ 2787089.756499998271465, 824367.7195999994874 ], [ 2787072.463200002908707, 824374.707400001585484 ], [ 2787055.128899998962879, 824381.703400000929832 ], [ 2787051.327799998223782, 824385.184999998658895 ], [ 2787048.673600003123283, 824390.550700001418591 ], [ 2787047.616899996995926, 824400.856300000101328 ], [ 2787040.801100000739098, 824428.143800001591444 ], [ 2787035.664700001478195, 824448.697599999606609 ], [ 2787015.070100001990795, 824507.188400000333786 ], [ 2787013.947700001299381, 824513.021099999547005 ], [ 2787009.851700000464916, 824534.295800000429153 ], [ 2787005.305200003087521, 824553.424100000411272 ], [ 2787005.665600001811981, 824564.155600000172853 ], [ 2787006.755199998617172, 824569.545899998396635 ], [ 2787008.459100000560284, 824573.543600000441074 ], [ 2787014.644100002944469, 824582.407400000840425 ], [ 2787022.4265, 824590.910700000822544 ], [ 2787045.060999996960163, 824606.3935999982059 ], [ 2787072.971100002527237, 824623.064300000667572 ], [ 2787130.790200002491474, 824657.47069999948144 ], [ 2787166.990699999034405, 824685.503699999302626 ], [ 2787208.163699999451637, 824717.378800000995398 ], [ 2787215.536499999463558, 824723.006700001657009 ], [ 2787260.526900000870228, 824757.363899998366833 ], [ 2787300.331900000572205, 824787.748100001364946 ], [ 2787346.469200000166893, 824822.981800001114607 ], [ 2787360.71509999781847, 824840.996100001037121 ], [ 2787375.9358000010252, 824859.452599998563528 ], [ 2787415.126400001347065, 824906.9662000015378 ], [ 2787429.118299998342991, 824960.238800000399351 ], [ 2787442.446699999272823, 825010.873599998652935 ], [ 2787447.468400001525879, 825028.560100000351667 ], [ 2787457.479000002145767, 825063.777499999850988 ], [ 2787461.083499997854233, 825115.083999998867512 ], [ 2787456.135499998927116, 825156.388099998235703 ], [ 2787448.615299999713898, 825188.721900001168251 ], [ 2787442.225500002503395, 825216.230599999427795 ], [ 2787440.374099999666214, 825230.042300000786781 ], [ 2787437.752700001001358, 825249.67850000038743 ], [ 2787440.611699998378754, 825272.501499999314547 ], [ 2787442.176399998366833, 825285.026999998837709 ], [ 2787451.49889999628067, 825335.538899999111891 ], [ 2787453.866300001740456, 825376.933100000023842 ], [ 2787445.797200001776218, 825397.462200000882149 ], [ 2787438.244199998676777, 825416.664299998432398 ], [ 2787434.344800002872944, 825431.467199999839067 ], [ 2787437.20380000025034, 825464.726700000464916 ], [ 2787436.073299996554852, 825493.931200001388788 ], [ 2787430.428999997675419, 825509.045499999076128 ], [ 2787424.137599997222424, 825525.89640000090003 ], [ 2787414.790500000119209, 825550.881999999284744 ], [ 2787403.5757, 825574.548700001090765 ], [ 2787388.780900001525879, 825603.040500000119209 ], [ 2787439.784299999475479, 825665.348799999803305 ], [ 2787486.232900001108646, 825713.304800000041723 ], [ 2787539.054899998009205, 825748.415699999779463 ], [ 2787604.738399997353554, 825766.044900000095367 ], [ 2787644.338500000536442, 825775.973600000143051 ], [ 2787695.096199996769428, 825848.104100000113249 ], [ 2787759.559000000357628, 825882.903799999505281 ], [ 2787816.591700002551079, 825904.923900000751019 ], [ 2787892.318599998950958, 825926.657200001180172 ], [ 2787930.56700000166893, 825958.540500000119209 ], [ 2787953.758599996566772, 825991.275699999183416 ], [ 2787981.7179000005126, 826018.473200000822544 ], [ 2788015.853900000452995, 826034.308299999684095 ], [ 2788049.990000002086163, 826051.486900001764297 ], [ 2788073.820500001311302, 826075.0962999984622 ], [ 2788096.979299999773502, 826107.659499999135733 ], [ 2788125.282700002193451, 826135.405799999833107 ], [ 2788141.945200003683567, 826158.507199998944998 ], [ 2788162.957699999213219, 826178.274500001221895 ], [ 2788198.404500000178814, 826193.511599998921156 ], [ 2788244.312399998307228, 826198.066399998962879 ], [ 2788339.339599996805191, 826229.081300001591444 ], [ 2788397.199699997901917, 826252.9364 ], [ 2788505.047399997711182, 826297.550000000745058 ], [ 2788588.048699997365475, 826329.179299999028444 ], [ 2788612.059500001370907, 826358.711500000208616 ], [ 2788641.870200000703335, 826394.805500000715256 ], [ 2788676.866400003433228, 826416.784600000828505 ], [ 2788713.050499998033047, 826426.770599998533726 ], [ 2788747.407700002193451, 826455.377099998295307 ], [ 2788783.567199997603893, 826483.074299998581409 ], [ 2788830.351700000464916, 826503.74269999936223 ], [ 2788939.420000001788139, 826554.16440000012517 ], [ 2789008.593299999833107, 826579.797200001776218 ], [ 2789034.996100001037121, 826586.399999998509884 ], [ 2789065.265500001609325, 826588.103900000452995 ], [ 2789139.362099997699261, 826571.646200001239777 ], [ 2789168.755000002682209, 826568.877300001680851 ], [ 2789193.658699996769428, 826568.877300001680851 ], [ 2789275.595100000500679, 826591.978700000792742 ], [ 2789307.625799998641014, 826609.968299999833107 ], [ 2789334.192500002682209, 826632.029399998486042 ], [ 2789347.709299996495247, 826649.044199999421835 ], [ 2789364.437299996614456, 826690.44649999961257 ], [ 2789389.529399998486042, 826748.019900001585484 ], [ 2789419.315600000321865, 826802.611400000751019 ], [ 2789446.611299999058247, 826848.601300001144409 ], [ 2789473.137000001966953, 826906.125500001013279 ], [ 2789482.705300003290176, 826931.520700000226498 ], [ 2789495.57490000128746, 826953.196800000965595 ], [ 2789547.020599998533726, 826988.741799999028444 ], [ 2789580.296499997377396, 827013.899500001221895 ], [ 2789592.199500001966953, 827061.142700001597404 ], [ 2789604.438400000333786, 827082.278099998831749 ], [ 2789617.987899996340275, 827093.845199998468161 ], [ 2789637.927299998700619, 827102.553300000727177 ], [ 2789655.507299996912479, 827103.339699998497963 ], [ 2789669.204300001263618, 827098.67850000038743 ], [ 2789685.227899998426437, 827083.703499998897314 ], [ 2789701.73480000346899, 827154.326699998229742 ], [ 2789707.19879999756813, 827183.236299999058247 ], [ 2789708.722499996423721, 827218.035900000482798 ], [ 2789722.124600000679493, 827222.861000001430511 ], [ 2789726.228799998760223, 827245.872299998998642 ], [ 2789729.268100000917912, 827258.201299998909235 ], [ 2789733.020000003278255, 827270.874299999326468 ], [ 2789739.2212999984622, 827283.768500000238419 ], [ 2789738.098999999463558, 827294.237900000065565 ], [ 2789735.575900003314018, 827305.592000000178814 ], [ 2789739.057499997317791, 827313.874099999666214 ], [ 2789745.389899998903275, 827339.785399999469519 ], [ 2789747.23309999704361, 827354.055900000035763 ], [ 2789745.004900000989437, 827380.52419999986887 ], [ 2789746.094400003552437, 827395.105999998748302 ], [ 2789752.664399996399879, 827399.08729999884963 ], [ 2789781.590400002896786, 827394.13120000064373 ], [ 2789790.961999997496605, 827395.54839999973774 ], [ 2789799.186800003051758, 827398.948100000619888 ], [ 2789804.298600003123283, 827404.903599999845028 ], [ 2789808.320900000631809, 827415.332100000232458 ], [ 2789810.123099997639656, 827428.332800000905991 ], [ 2789809.869199998676777, 827440.243900001049042 ], [ 2789836.099899999797344, 827449.623799998313189 ], [ 2789865.959799997508526, 827463.156899999827147 ], [ 2789880.410499997437, 827482.735800001770258 ], [ 2789885.276500001549721, 827498.382500000298023 ], [ 2789890.560400001704693, 827530.880199998617172 ], [ 2789891.379600003361702, 827546.05180000141263 ], [ 2789896.778099998831749, 827548.230900000780821 ], [ 2789917.643100000917912, 827554.620600000023842 ], [ 2789927.047499999403954, 827560.076499998569489 ], [ 2789937.713500000536442, 827568.669900000095367 ], [ 2789943.054700002074242, 827573.830899998545647 ], [ 2789946.63459999859333, 827583.882500000298023 ], [ 2789952.090499997138977, 827605.042399998754263 ], [ 2789952.975199997425079, 827616.781500000506639 ], [ 2789955.91610000282526, 827636.696299999952316 ], [ 2789959.389499999582767, 827646.747900001704693 ], [ 2789964.239200003445148, 827654.546599999070168 ], [ 2789971.874099999666214, 827657.659600000828505 ], [ 2789982.966099999845028, 827658.872000001370907 ], [ 2789996.630400002002716, 827661.108399998396635 ], [ 2790011.564400002360344, 827665.564899999648333 ], [ 2790022.418799996376038, 827667.088599998503923 ], [ 2790042.01410000026226, 827669.161200001835823 ], [ 2790076.862800002098083, 827688.527100000530481 ], [ 2790084.915600001811981, 827700.618500001728535 ], [ 2790099.554700002074242, 827707.14750000089407 ], [ 2790116.037000000476837, 827712.414900001138449 ], [ 2790118.101300001144409, 827716.035799998790026 ], [ 2790137.901399999856949, 827740.955899998545647 ], [ 2790158.520700000226498, 827759.592700000852346 ], [ 2790168.793399997055531, 827771.3564000017941 ], [ 2790181.884300000965595, 827798.938799999654293 ], [ 2790190.5022, 827822.925000000745058 ], [ 2790206.640500001609325, 827837.965500000864267 ], [ 2790210.474299997091293, 827848.320199999958277 ], [ 2790226.366800002753735, 827858.797800000756979 ], [ 2790240.661899998784065, 827861.90260000154376 ], [ 2790250.795400001108646, 827862.811900001019239 ], [ 2790264.402300000190735, 827865.539799999445677 ], [ 2790270.964100003242493, 827869.881599999964237 ], [ 2790273.323399998247623, 827874.477299999445677 ], [ 2790272.889200001955032, 827878.163699999451637 ], [ 2790271.930699996650219, 827890.746599998325109 ], [ 2790272.913800001144409, 827910.72690000012517 ], [ 2790274.462099999189377, 827920.565499998629093 ], [ 2790279.21339999884367, 827928.011999998241663 ], [ 2790285.046099998056889, 827934.090500000864267 ], [ 2790294.409599997103214, 827938.4814000017941 ], [ 2790304.846199996769428, 827941.848299998790026 ], [ 2790317.093199998140335, 827942.454500000923872 ], [ 2790341.374300003051758, 827943.388399999588728 ], [ 2790359.273800000548363, 827950.605500001460314 ], [ 2790381.916500002145767, 827975.279800001531839 ], [ 2790391.787900000810623, 827989.468400001525879 ], [ 2790429.184399999678135, 828053.36600000038743 ], [ 2790455.234899997711182, 828119.032999999821186 ], [ 2790475.25620000064373, 828163.343600001186132 ], [ 2790492.189000003039837, 828183.905499998480082 ], [ 2790517.166400000452995, 828204.008699998259544 ], [ 2790548.631899997591972, 828218.590399999171495 ], [ 2790581.064000003039837, 828234.146999999880791 ], [ 2790602.477899998426437, 828247.434500001370907 ], [ 2790620.320100001990795, 828260.402399998158216 ], [ 2790635.680100001394749, 828253.897900000214577 ], [ 2790692.442500002682209, 828231.943399999290705 ], [ 2790749.385099999606609, 828206.023899998515844 ], [ 2790796.038500003516674, 828185.142499998211861 ], [ 2790799.3235, 828187.247800000011921 ], [ 2790809.735500000417233, 828208.989399999380112 ], [ 2790820.63910000026226, 828223.915199998766184 ], [ 2790844.576099999248981, 828249.900199998170137 ], [ 2790850.04839999973774, 828258.54280000180006 ], [ 2790845.018500000238419, 828270.281899999827147 ], [ 2790820.352399997413158, 828290.442499998956919 ], [ 2790803.755400002002716, 828328.469700001180172 ], [ 2790785.520000003278255, 828377.539799999445677 ], [ 2790775.599500000476837, 828417.221799999475479 ], [ 2790770.676100000739098, 828432.573699999600649 ], [ 2790768.292199999094009, 828446.328000001609325 ], [ 2790758.568300001323223, 828482.323699999600649 ], [ 2790753.48929999768734, 828495.168699998408556 ], [ 2790747.189599998295307, 828508.685499999672174 ], [ 2790739.054899998009205, 828520.342700000852346 ], [ 2790729.167199999094009, 828530.214099999517202 ], [ 2790710.579599998891354, 828542.911699999123812 ], [ 2790693.409100003540516, 828551.136500000953674 ], [ 2790617.82150000333786, 828591.269099999219179 ], [ 2790539.014499999582767, 828632.040699999779463 ], [ 2790398.128499999642372, 828696.896699998527765 ], [ 2790386.069899998605251, 828705.621199999004602 ], [ 2790374.44539999961853, 828715.50899999961257 ], [ 2790365.14750000089407, 828725.544199999421835 ], [ 2790360.535400003194809, 828737.160399999469519 ], [ 2790358.938000001013279, 828752.766199998557568 ], [ 2790365.688199996948242, 828786.681000001728535 ], [ 2790379.2212999984622, 828828.804299999028444 ], [ 2790404.223300002515316, 828883.707100000232458 ], [ 2790429.217100001871586, 828989.621500000357628 ], [ 2790429.495700001716614, 829005.120700001716614 ], [ 2790427.242899999022484, 829016.761599998921156 ], [ 2790421.410099998116493, 829027.247299998998642 ], [ 2790413.881700001657009, 829034.775800000876188 ], [ 2790403.494199998676777, 829043.25450000166893 ], [ 2790337.163599997758865, 829079.430399999022484 ], [ 2790317.08500000089407, 829091.284200001507998 ], [ 2790303.387999996542931, 829105.267900001257658 ], [ 2790293.352799996733665, 829122.290899999439716 ], [ 2790286.463299997150898, 829138.2489 ], [ 2790285.103500001132488, 829153.682599999010563 ], [ 2790306.705799996852875, 829224.4206000007689 ], [ 2790318.534999996423721, 829262.783700000494719 ], [ 2790322.51630000025034, 829330.113800000399351 ], [ 2790213.882200002670288, 829435.856100000441074 ], [ 2790211.211599998176098, 829459.809500001370907 ], [ 2790215.258500002324581, 829481.223400000482798 ], [ 2790220.009800001978874, 829493.724399998784065 ], [ 2790230.151500001549721, 829507.323100000619888 ], [ 2790241.554799996316433, 829520.250100001692772 ], [ 2790681.850199997425079, 829860.504799999296665 ], [ 2790848.958800002932549, 829987.693799998611212 ], [ 2790954.848600000143051, 830072.259799998253584 ], [ 2790991.532399997115135, 830099.612900000065565 ], [ 2791038.038400001823902, 830115.472600001841784 ], [ 2791079.6537000015378, 830120.297699999064207 ], [ 2791103.869300000369549, 830123.115699999034405 ], [ 2791189.115199998021126, 830136.313000001013279 ], [ 2791242.281300000846386, 830146.667700000107288 ], [ 2791247.057300001382828, 830152.754399999976158 ], [ 2791244.779899999499321, 830157.612199999392033 ], [ 2791238.062399998307228, 830166.181099999696016 ], [ 2791228.666199997067451, 830173.070599999278784 ], [ 2791131.238799996674061, 830223.623399998992682 ], [ 2791111.725400000810623, 830237.771000001579523 ], [ 2791098.225000001490116, 830249.813200000673532 ], [ 2791087.3706, 830260.946100000292063 ], [ 2791074.20610000193119, 830275.028200000524521 ], [ 2791064.310099996626377, 830287.160500001162291 ], [ 2791050.973499998450279, 830308.476100001484156 ], [ 2791041.773900002241135, 830330.627300001680851 ], [ 2791035.818300001323223, 830353.892599999904633 ], [ 2791031.7550999969244, 830369.866999998688698 ], [ 2791031.501199997961521, 830387.037399999797344 ], [ 2791029.043600000441074, 830687.954100001603365 ], [ 2791040.43860000371933, 830969.799899999052286 ], [ 2791035.703699998557568, 831116.616900000721216 ], [ 2791056.740699999034405, 831117.436099998652935 ], [ 2791116.910899996757507, 831124.964600000530481 ], [ 2791187.124600000679493, 831138.7516999989748 ], [ 2791250.055500000715256, 831173.936299998313189 ], [ 2791306.998099997639656, 831209.194699998944998 ], [ 2791368.315200001001358, 831278.089400000870228 ], [ 2791418.556800000369549, 831346.763000000268221 ], [ 2791474.123099997639656, 831427.388599999248981 ], [ 2791519.220100000500679, 831495.120099999010563 ], [ 2791561.662799999117851, 831622.612199999392033 ], [ 2791622.775100000202656, 831754.888399999588728 ], [ 2791642.009999997913837, 831861.163199998438358 ], [ 2791651.119499996304512, 831959.336199998855591 ], [ 2791783.633299998939037, 832187.712699998170137 ], [ 2791687.065999999642372, 832237.462699998170137 ], [ 2791824.191799998283386, 832703.210700001567602 ], [ 2791845.87610000371933, 832699.794700000435114 ], [ 2791862.260099999606609, 832700.425400000065565 ], [ 2791868.043600000441074, 832706.708700001239777 ], [ 2791876.850000001490116, 832736.494800001382828 ], [ 2791886.320000000298023, 832801.4983000010252 ], [ 2791896.977799996733665, 832802.538699999451637 ], [ 2791946.015100002288818, 832832.922800000756979 ], [ 2791970.394500002264977, 832856.949999999254942 ], [ 2791998.296400003135204, 832891.143399998545647 ], [ 2792053.3794, 832957.9983000010252 ], [ 2792161.710400000214577, 833037.460700001567602 ], [ 2792339.58330000191927, 832984.1554000005126 ], [ 2792372.539800003170967, 833166.607599999755621 ], [ 2792541.1721, 833252.320500001311302 ], [ 2792629.252499997615814, 833294.451900001615286 ], [ 2792726.343999996781349, 833332.561099998652935 ], [ 2792825.426299996674061, 833365.402800001204014 ], [ 2792895.205700002610683, 833386.079500000923872 ], [ 2792926.900600001215935, 833394.124000001698732 ], [ 2792954.442100003361702, 833401.365699999034405 ], [ 2792975.921499997377396, 833401.808100000023842 ], [ 2792995.107199996709824, 833401.6114999987185 ], [ 2793069.170999996364117, 833378.084100000560284 ], [ 2793246.0691, 833324.000500001013279 ], [ 2793383.498099997639656, 833284.089099999517202 ], [ 2793580.146999999880791, 833227.38399999961257 ], [ 2793645.732199996709824, 833210.746100001037121 ], [ 2793845.920100003480911, 833159.226599998772144 ], [ 2793968.226700000464916, 833136.059599999338388 ], [ 2794083.045699998736382, 833100.326099999248981 ], [ 2794080.801100000739098, 832832.070900000631809 ], [ 2794075.435400001704693, 832610.575599998235703 ], [ 2794075.124099999666214, 832593.224899999797344 ], [ 2794072.101199999451637, 832474.662099998444319 ], [ 2794128.052599996328354, 832453.485800001770258 ], [ 2794141.53660000115633, 832448.464099999517202 ], [ 2794154.471799999475479, 832444.187899999320507 ], [ 2794163.868000000715256, 832441.369800001382828 ], [ 2794236.842299997806549, 832419.234999999403954 ], [ 2794358.681999996304512, 832382.305500000715256 ], [ 2794357.190999999642372, 832370.894000001251698 ], [ 2794337.636699996888638, 832222.61879999935627 ], [ 2794313.019799999892712, 832048.170200001448393 ], [ 2794444.67339999973774, 832013.42790000140667 ], [ 2794640.232799999415874, 831972.689100001007318 ], [ 2794648.097099997103214, 831971.099899999797344 ], [ 2794762.711400002241135, 831953.003699999302626 ], [ 2794773.541199997067451, 831951.07039999961853 ], [ 2794876.957000002264977, 831934.932199999690056 ], [ 2794995.675499998033047, 831915.86939999833703 ], [ 2795100.131700001657009, 831899.337900001555681 ], [ 2795214.057800002396107, 831882.732799999415874 ], [ 2795318.11259999871254, 831867.569400001317263 ], [ 2795341.959499999880791, 831863.538899999111891 ], [ 2795418.063199996948242, 831850.82490000128746 ], [ 2795473.662299998104572, 831841.477800000458956 ], [ 2795532.849500000476837, 831832.556800000369549 ], [ 2795651.076499998569489, 831814.706399999558926 ], [ 2795729.015100002288818, 831802.975400000810623 ], [ 2795773.129100002348423, 831796.315400000661612 ], [ 2795861.848399996757507, 831782.970600001513958 ], [ 2796139.655500002205372, 831741.035700000822544 ], [ 2796411.253100000321865, 831693.104299999773502 ], [ 2796451.71339999884367, 831686.018300000578165 ], [ 2796529.938799999654293, 831672.165600001811981 ], [ 2796717.986199997365475, 831641.96169999986887 ], [ 2796766.16330000013113, 831635.178700000047684 ], [ 2796784.103799998760223, 831632.647399999201298 ], [ 2796852.678999997675419, 831626.241200000047684 ], [ 2796905.869699999690056, 831618.295000001788139 ], [ 2796923.089299999177456, 831615.739100001752377 ] ] ] ] } },
{ "type": "Feature", "properties": { "CVE_ENT": "09", "CVE_MUN": "015", "NOM_MUN": "Cuauhtémoc", "OID": 2108 }, "geometry": { "type": "MultiPolygon", "coordinates": [ [ [ [ 2801243.197800002992153, 832086.688999999314547 ], [ 2801234.776399999856949, 832073.106699999421835 ], [ 2801230.917999997735023, 832067.323100000619888 ], [ 2801226.617200002074242, 832058.025199998170137 ], [ 2801190.728000000119209, 832002.090199999511242 ], [ 2801139.872100003063679, 831898.133699998259544 ], [ 2801140.298100002110004, 831884.813499998301268 ], [ 2801116.664200000464916, 831773.164799999445677 ], [ 2801103.491400003433228, 831706.997999999672174 ], [ 2801099.862400002777576, 831696.569600000977516 ], [ 2801090.687299996614456, 831663.522999998182058 ], [ 2801066.561899997293949, 831525.75 ], [ 2801060.098399996757507, 831495.939300000667572 ], [ 2801049.457000002264977, 831446.99210000038147 ], [ 2801035.784599997103214, 831360.722100000828505 ], [ 2801001.746799997985363, 831219.614900000393391 ], [ 2800994.619800001382828, 831203.181800000369549 ], [ 2800976.761200003325939, 831160.878299999982119 ], [ 2800973.074799999594688, 831148.598499998450279 ], [ 2800960.713100001215935, 831113.504000000655651 ], [ 2800932.4507, 831016.346799999475479 ], [ 2800925.806999996304512, 830975.468800000846386 ], [ 2800913.223999999463558, 830906.81980000063777 ], [ 2800894.234999999403954, 830792.877300001680851 ], [ 2800890.892700001597404, 830749.517000000923872 ], [ 2800891.195799998939037, 830730.020100001245737 ], [ 2800898.314599998295307, 830706.623700000345707 ], [ 2800915.56700000166893, 830675.936500001698732 ], [ 2800950.718800000846386, 830624.089299999177456 ], [ 2801048.588699996471405, 830441.653499998152256 ], [ 2801076.441500000655651, 830387.274999998509884 ], [ 2801119.785300001502037, 830295.041200000792742 ], [ 2801124.700499996542931, 830288.282800000160933 ], [ 2801196.880199998617172, 830188.766399998217821 ], [ 2801202.975100003182888, 830175.192299999296665 ], [ 2801194.635600000619888, 830072.480999998748302 ], [ 2801185.067400000989437, 829991.191799998283386 ], [ 2801176.842600002884865, 829913.924800001084805 ], [ 2801169.043799996376038, 829844.251899998635054 ], [ 2801162.097000002861023, 829795.493099998682737 ], [ 2801157.632399998605251, 829743.760600000619888 ], [ 2801140.453699998557568, 829619.061999998986721 ], [ 2801124.905299998819828, 829502.497999999672174 ], [ 2801111.724399998784065, 829401.777399998158216 ], [ 2801102.598499998450279, 829309.527300000190735 ], [ 2801088.237899996340275, 829220.603100001811981 ], [ 2801071.198600001633167, 829095.060699999332428 ], [ 2801061.572999998927116, 829004.866799999028444 ], [ 2801052.709200002253056, 828927.329500000923872 ], [ 2801048.318300001323223, 828877.030600000172853 ], [ 2801033.548100002110004, 828761.441500000655651 ], [ 2801025.544600002467632, 828695.520500000566244 ], [ 2801018.040700003504753, 828643.968199998140335 ], [ 2801014.845799997448921, 828602.017000000923872 ], [ 2801004.401000000536442, 828525.986999999731779 ], [ 2800990.884199999272823, 828431.181000001728535 ], [ 2800989.139300003647804, 828401.820900000631809 ], [ 2800980.30009999871254, 828328.625399999320507 ], [ 2800973.92679999768734, 828289.11540000140667 ], [ 2800971.2971, 828267.554000001400709 ], [ 2800959.000900000333786, 828160.500999998301268 ], [ 2800948.27759999781847, 828068.7668999992311 ], [ 2800940.224899999797344, 828004.517099998891354 ], [ 2800930.541900001466274, 827986.707699999213219 ], [ 2800916.32880000025034, 827956.053199999034405 ], [ 2800879.612300001084805, 827867.112700000405312 ], [ 2800837.792099997401237, 827762.861299999058247 ], [ 2800819.802500002086163, 827721.106600001454353 ], [ 2800802.29619999974966, 827567.522999998182058 ], [ 2800801.886600002646446, 827532.985599998384714 ], [ 2800781.013400003314018, 827389.674699999392033 ], [ 2800762.376599997282028, 827232.265399999916553 ], [ 2800755.814800001680851, 827186.078899998217821 ], [ 2800739.291500002145767, 827076.977899998426437 ], [ 2800728.437100000679493, 826988.938499998301268 ], [ 2800745.845100000500679, 826979.222699999809265 ], [ 2800762.1963, 826956.555500000715256 ], [ 2800768.51240000128746, 826911.786200001835823 ], [ 2800781.037900000810623, 826824.598700001835823 ], [ 2800792.211800001561642, 826775.274700000882149 ], [ 2800799.412600003182888, 826735.265000000596046 ], [ 2800809.578900001943111, 826688.210099998861551 ], [ 2800834.351499997079372, 826629.866700001060963 ], [ 2800846.123400002717972, 826600.326400000602007 ], [ 2800898.011500000953674, 826458.555599998682737 ], [ 2800924.250500001013279, 826386.375900000333786 ], [ 2800931.639700002968311, 826366.010600000619888 ], [ 2800942.739799998700619, 826316.924100000411272 ], [ 2800957.927799999713898, 826228.819200001657009 ], [ 2800960.434500001370907, 826215.056600000709295 ], [ 2800996.593999996781349, 826046.260400000959635 ], [ 2801010.741599999368191, 825975.842000000178814 ], [ 2801012.085100002586842, 825968.174300000071526 ], [ 2801013.436800003051758, 825960.498399998992682 ], [ 2801015.542099997401237, 825946.645700000226498 ], [ 2801020.236100003123283, 825927.410900000482798 ], [ 2801006.30969999730587, 825925.436599999666214 ], [ 2800939.15990000218153, 825911.3136 ], [ 2800880.275799997150898, 825896.117499999701977 ], [ 2800866.799999997019768, 825892.275400001555681 ], [ 2800826.257799997925758, 825877.7837999984622 ], [ 2800782.430600002408028, 825862.620400000363588 ], [ 2800740.954499997198582, 825846.989999998360872 ], [ 2800690.843999996781349, 825829.704900000244379 ], [ 2800672.256399996578693, 825823.995099999010563 ], [ 2800615.297399997711182, 825804.956900000572205 ], [ 2800586.789200000464916, 825798.157499998807907 ], [ 2800559.485299997031689, 825790.104800000786781 ], [ 2800527.151500001549721, 825786.467500001192093 ], [ 2800502.337899997830391, 825783.4037000015378 ], [ 2800475.107699997723103, 825779.651799999177456 ], [ 2800446.968199998140335, 825777.915100000798702 ], [ 2800394.047899998724461, 825778.423000000417233 ], [ 2800356.888899996876717, 825779.594500001519918 ], [ 2800334.573899999260902, 825781.249200001358986 ], [ 2800279.916900001466274, 825785.73030000180006 ], [ 2800225.07150000333786, 825789.49040000140667 ], [ 2800163.860799998044968, 825792.84910000115633 ], [ 2800113.4309, 825794.888900000602007 ], [ 2800072.085900001227856, 825797.870799999684095 ], [ 2800045.986199997365475, 825799.197900000959635 ], [ 2800019.886399999260902, 825800.541400000452995 ], [ 2799995.744599997997284, 825801.761999998241663 ], [ 2799970.062700003385544, 825803.072700001299381 ], [ 2799958.38910000026226, 825798.395100001245737 ], [ 2799948.5669, 825791.480999998748302 ], [ 2799933.919600002467632, 825765.119199998676777 ], [ 2799907.033500000834465, 825755.526399999856949 ], [ 2799885.218199998140335, 825752.339699998497963 ], [ 2799875.871100001037121, 825754.059999998658895 ], [ 2799868.596600003540516, 825755.403499998152256 ], [ 2799860.142399996519089, 825757.058299999684095 ], [ 2799845.044600002467632, 825759.450300000607967 ], [ 2799829.922200001776218, 825765.946600001305342 ], [ 2799815.889300003647804, 825777.399000000208616 ], [ 2799813.251400001347065, 825789.777100000530481 ], [ 2799809.434000000357628, 825798.362300001084805 ], [ 2799804.23200000077486, 825804.465399999171495 ], [ 2799794.557300001382828, 825806.947500001639128 ], [ 2799782.744400002062321, 825807.381700001657009 ], [ 2799700.783500000834465, 825810.371800001710653 ], [ 2799602.209100000560284, 825814.000900000333786 ], [ 2799505.346900001168251, 825817.572599999606609 ], [ 2799419.232600003480911, 825821.013199999928474 ], [ 2799329.83330000191927, 825824.584899999201298 ], [ 2799129.44879999756813, 825832.604899998754263 ], [ 2799076.438400000333786, 825834.7347999997437 ], [ 2799017.152900002896786, 825837.102299999445677 ], [ 2798990.233999997377396, 825838.003400001674891 ], [ 2798894.42849999666214, 825842.173099998384714 ], [ 2798798.85249999910593, 825842.951400000602007 ], [ 2798680.805699996650219, 825843.311799999326468 ], [ 2798670.139799997210503, 825843.3445999994874 ], [ 2798631.956799998879433, 825843.483899999409914 ], [ 2798622.503300003707409, 825843.19709999859333 ], [ 2798608.822599999606609, 825843.549400001764297 ], [ 2798495.338899999856949, 825843.909800000488758 ], [ 2798448.505199998617172, 825842.574499998241663 ], [ 2798427.959700003266335, 825843.229899998754263 ], [ 2798344.999300003051758, 825842.967799998819828 ], [ 2798280.773999996483326, 825843.49210000038147 ], [ 2798212.526399999856949, 825843.614900000393391 ], [ 2798022.086999997496605, 825838.453999999910593 ], [ 2797899.1824000030756, 825834.710200000554323 ], [ 2797874.811200000345707, 825834.611900001764297 ], [ 2797844.951399996876717, 825834.046700000762939 ], [ 2797823.324500001966953, 825832.973499998450279 ], [ 2797804.679499998688698, 825831.179499998688698 ], [ 2797763.260799996554852, 825823.1266999989748 ], [ 2797735.80120000243187, 825817.072900000959635 ], [ 2797721.809299997985363, 825812.386999998241663 ], [ 2797676.417400002479553, 825798.730999998748302 ], [ 2797656.502599999308586, 825792.292100001126528 ], [ 2797636.817299999296665, 825785.926899999380112 ], [ 2797579.563400000333786, 825766.069499999284744 ], [ 2797537.964400000870228, 825753.601199999451637 ], [ 2797524.341099999845028, 825749.046500001102686 ], [ 2797395.726700000464916, 825707.193599998950958 ], [ 2797346.574699997901917, 825690.670299999415874 ], [ 2797289.853299997746944, 825672.36939999833703 ], [ 2797250.580799996852875, 825658.778799999505281 ], [ 2797239.333200000226498, 825654.854899998754263 ], [ 2797190.6809, 825637.266600001603365 ], [ 2797146.001800000667572, 825621.087400000542402 ], [ 2797106.729299999773502, 825605.448899999260902 ], [ 2797035.843900002539158, 825576.006900001317263 ], [ 2797028.135300002992153, 825572.762800000607967 ], [ 2797015.4868, 825567.552700001746416 ], [ 2796979.5320999994874, 825552.618700001388788 ], [ 2796870.791500002145767, 825505.793200001120567 ], [ 2796756.111699998378754, 825459.500199999660254 ], [ 2796739.457400001585484, 825452.487900000065565 ], [ 2796689.617299996316433, 825431.221500001847744 ], [ 2796608.450900003314018, 825401.582800000905991 ], [ 2796576.240000002086163, 825392.669900000095367 ], [ 2796485.398900002241135, 825371.444400001317263 ], [ 2796373.356899999082088, 825343.304900001734495 ], [ 2796369.621399998664856, 825342.051500000059605 ], [ 2796352.254299998283386, 825336.202500000596046 ], [ 2796340.531599998474121, 825377.113299999386072 ], [ 2796327.932300001382828, 825422.308600001037121 ], [ 2796316.28320000320673, 825470.583999998867512 ], [ 2796291.61710000038147, 825563.030699998140335 ], [ 2796285.735299997031689, 825587.401900000870228 ], [ 2796276.314499996602535, 825623.364799998700619 ], [ 2796265.566600002348423, 825665.782999999821186 ], [ 2796248.387900002300739, 825732.990200001746416 ], [ 2796242.424199998378754, 825759.491300001740456 ], [ 2796195.279200002551079, 825772.049600001424551 ], [ 2796181.67230000346899, 825777.022199999541044 ], [ 2796163.264899998903275, 825782.150400001555681 ], [ 2796096.369000002741814, 825802.941700000315905 ], [ 2796006.92059999704361, 825832.57209999859333 ], [ 2796000.514399997889996, 825835.267299998551607 ], [ 2795907.789200000464916, 825864.83219999819994 ], [ 2795858.555200003087521, 825882.010800000280142 ], [ 2795813.892499998211861, 825896.387800000607967 ], [ 2795718.472000002861023, 825927.484600000083447 ], [ 2795620.528499998152256, 825959.384300000965595 ], [ 2795531.079999998211861, 825987.482799999415874 ], [ 2795429.597499996423721, 826019.021999999880791 ], [ 2795334.521200001239777, 826050.036899998784065 ], [ 2795242.262900002300739, 826078.749899998307228 ], [ 2795054.715199999511242, 826138.281199999153614 ], [ 2794859.688299998641014, 826212.476100001484156 ], [ 2794864.218500003218651, 826222.470400001853704 ], [ 2794942.90259999781847, 826384.016600001603365 ], [ 2794947.596600003540516, 826393.666799999773502 ], [ 2794997.15820000320673, 826488.022199999541044 ], [ 2795057.115500003099442, 826603.963599998503923 ], [ 2795059.671400003135204, 826607.977699998766184 ], [ 2795063.464299999177456, 826608.641199998557568 ], [ 2795070.886200003325939, 826606.994600001722574 ], [ 2795081.576800003647804, 826607.518899999558926 ], [ 2795084.443999998271465, 826610.582699999213219 ], [ 2795090.9485, 826622.076099999248981 ], [ 2795113.95160000026226, 826665.739500001072884 ], [ 2795134.538099996745586, 826711.221500001847744 ], [ 2795158.827399998903275, 826750.289099998772144 ], [ 2795179.192699998617172, 826780.206300001591444 ], [ 2795185.598800003528595, 826794.7060999982059 ], [ 2795196.166500002145767, 826816.480500001460314 ], [ 2795248.177500002086163, 826916.619500000029802 ], [ 2795264.831799998879433, 826948.879599999636412 ], [ 2795327.598999999463558, 827073.193199999630451 ], [ 2795348.971900001168251, 827121.870000001043081 ], [ 2795403.022699996829033, 827224.990899998694658 ], [ 2795468.632399998605251, 827361.879299998283386 ], [ 2795497.017700001597404, 827411.186900001019239 ], [ 2795513.606499999761581, 827445.085400000214577 ], [ 2795531.342200003564358, 827479.704799998551607 ], [ 2795552.002400003373623, 827508.024500001221895 ], [ 2795570.942299999296665, 827541.701799999922514 ], [ 2795581.518200002610683, 827560.240299999713898 ], [ 2795586.957699999213219, 827573.29839999973774 ], [ 2795591.495999999344349, 827579.47520000115037 ], [ 2795598.074199996888638, 827585.08669999986887 ], [ 2795606.47919999808073, 827590.534400001168251 ], [ 2795620.004199996590614, 827593.860300000756979 ], [ 2795633.479999996721745, 827597.014199998229742 ], [ 2795635.290500000119209, 827600.798900000751019 ], [ 2795638.870399996638298, 827610.006700001657009 ], [ 2795644.571999996900558, 827618.526399999856949 ], [ 2795651.518799997866154, 827627.111600000411272 ], [ 2795659.276699997484684, 827639.28489999845624 ], [ 2795662.578000001609325, 827653.121199999004602 ], [ 2795664.626000002026558, 827669.759199999272823 ], [ 2795669.442900002002716, 827680.818399999290705 ], [ 2795671.851400002837181, 827685.282999999821186 ], [ 2795672.400200001895428, 827690.468600001186132 ], [ 2795672.416599996387959, 827693.565099999308586 ], [ 2795666.780500002205372, 827702.699200000613928 ], [ 2795665.125699996948242, 827709.555900000035763 ], [ 2795673.670000001788139, 827728.364799998700619 ], [ 2795678.200199998915195, 827738.506499998271465 ], [ 2795731.079499997198582, 827844.44539999961853 ], [ 2795734.086000002920628, 827851.605200000107288 ], [ 2795739.803999997675419, 827865.351399999111891 ], [ 2795747.529100000858307, 827872.4375 ], [ 2795756.589400000870228, 827875.1081000007689 ], [ 2795763.14299999922514, 827874.911400001496077 ], [ 2795770.458499997854233, 827874.174199998378754 ], [ 2795776.479599997401237, 827872.937199998646975 ], [ 2795776.028999999165535, 827885.438200000673532 ], [ 2795768.713600002229214, 827899.880699999630451 ], [ 2795787.571599997580051, 827907.163400001823902 ], [ 2795792.044399999082088, 827916.109000001102686 ], [ 2795790.938500002026558, 827923.244199998676777 ], [ 2795786.965400002896786, 827926.791400000452995 ], [ 2795782.983999997377396, 827930.346700001507998 ], [ 2795734.544699996709824, 827931.911400001496077 ], [ 2795708.117399998009205, 827933.566199999302626 ], [ 2795631.186300002038479, 827941.758200000971556 ], [ 2795530.57209999859333, 827954.758900001645088 ], [ 2795522.232699997723103, 827956.0614 ], [ 2795588.538699999451637, 828075.18129999935627 ], [ 2795626.942800000309944, 828143.207600001245737 ], [ 2795650.28999999910593, 828180.448499999940395 ], [ 2795677.708700001239777, 828230.657200001180172 ], [ 2795731.177799999713898, 828320.744699999690056 ], [ 2795816.661399997770786, 828460.590300001204014 ], [ 2795872.399700000882149, 828556.043499998748302 ], [ 2795916.898699998855591, 828628.59180000051856 ], [ 2795921.396099999547005, 828636.087499998509884 ], [ 2795992.748400002717972, 828779.005100000649691 ], [ 2796036.944200001657009, 828868.642000000923872 ], [ 2796061.733199998736382, 828922.709199998527765 ], [ 2796067.778899997472763, 828933.293299999088049 ], [ 2796076.577100001275539, 828948.964600000530481 ], [ 2796151.361900001764297, 829076.317400000989437 ], [ 2796156.236100003123283, 829085.238499999046326 ], [ 2796163.371399998664856, 829096.191199999302626 ], [ 2796176.576899997889996, 829121.004799999296665 ], [ 2796178.49379999935627, 829124.437199998646975 ], [ 2796182.098300002515316, 829129.721000000834465 ], [ 2796188.258699998259544, 829138.437300000339746 ], [ 2796243.661200001835823, 829230.589099999517202 ], [ 2796325.654899999499321, 829374.661800000816584 ], [ 2796339.155299998819828, 829397.517499998211861 ], [ 2796390.215999998152256, 829473.73589999973774 ], [ 2796422.386, 829532.947700001299381 ], [ 2796456.800599999725819, 829592.945900000631809 ], [ 2796509.966700002551079, 829716.235500000417233 ], [ 2796560.945500001311302, 829839.557799998670816 ], [ 2796615.594300001859665, 829959.931099999696016 ], [ 2796654.793099999427795, 830048.4375 ], [ 2796668.137800000607967, 830081.377500001341105 ], [ 2796729.782600000500679, 830192.936200000345707 ], [ 2796739.277199998497963, 830213.874899998307228 ], [ 2796747.395400002598763, 830259.586300000548363 ], [ 2796757.193099997937679, 830309.36089999973774 ], [ 2796768.186700001358986, 830373.495999999344349 ], [ 2796775.133500002324581, 830411.03999999910593 ], [ 2796784.210299998521805, 830455.014600001275539 ], [ 2796790.993299998342991, 830495.57319999858737 ], [ 2796800.463200002908707, 830541.579500000923872 ], [ 2796812.55460000038147, 830600.340700000524521 ], [ 2796820.943199999630451, 830645.093600001186132 ], [ 2796826.898800000548363, 830677.1570999994874 ], [ 2796834.075000002980232, 830709.793999999761581 ], [ 2796851.884400002658367, 830799.676600001752377 ], [ 2796863.041900001466274, 830866.670800000429153 ], [ 2796872.085900001227856, 830904.902899999171495 ], [ 2796869.489, 830975.960299998521805 ], [ 2796868.06360000371933, 831112.209600001573563 ], [ 2796873.789800003170967, 831204.0337999984622 ], [ 2796884.832599997520447, 831320.704199999570847 ], [ 2796911.595899999141693, 831550.473400000482798 ], [ 2796923.089299999177456, 831615.739100001752377 ], [ 2796923.679099999368191, 831618.843899998813868 ], [ 2796937.88400000333786, 831692.924100000411272 ], [ 2796948.320600003004074, 831747.228900000452995 ], [ 2796961.3213, 831814.886599998921156 ], [ 2796976.746899999678135, 831888.909499999135733 ], [ 2797019.582800000905991, 831973.21339999884367 ], [ 2797035.139399997889996, 831989.048500001430511 ], [ 2797082.882399998605251, 832032.441599998623133 ], [ 2797131.559299997985363, 832073.122999999672174 ], [ 2797184.51240000128746, 832123.978999998420477 ], [ 2797220.999499998986721, 832175.252700001001358 ], [ 2797249.851800002157688, 832229.434599999338388 ], [ 2797269.004699997603893, 832267.224300000816584 ], [ 2797289.3618, 832311.182599999010563 ], [ 2797319.909699998795986, 832364.070099998265505 ], [ 2797362.9341000020504, 832415.892700001597404 ], [ 2797410.210199996829033, 832450.700500000268221 ], [ 2797434.99099999666214, 832463.226100001484156 ], [ 2797472.583999998867512, 832474.555599998682737 ], [ 2797594.571099996566772, 832473.556200001388788 ], [ 2797698.986299999058247, 832450.143500000238419 ], [ 2797813.911899998784065, 832429.344000000506639 ], [ 2797958.304099999368191, 832403.743999999016523 ], [ 2798161.129799999296665, 832379.503800000995398 ], [ 2798251.3074000030756, 832370.050299998372793 ], [ 2798331.531599998474121, 832377.906399998813868 ], [ 2798479.741300001740456, 832418.907400000840425 ], [ 2798530.400600001215935, 832434.005199998617172 ], [ 2798832.693599998950958, 832532.194499999284744 ], [ 2799053.631899997591972, 832619.0625 ], [ 2799067.115900002419949, 832630.072500001639128 ], [ 2799083.303300000727177, 832639.698100000619888 ], [ 2799122.329999998211861, 832674.89919999986887 ], [ 2799155.745099999010563, 832697.885899998247623 ], [ 2799171.15429999679327, 832702.629099998623133 ], [ 2799186.088299997150898, 832702.022900000214577 ], [ 2799204.454800002276897, 832699.098299998790026 ], [ 2799216.923000000417233, 832695.616700001060963 ], [ 2799227.564400002360344, 832688.719099998474121 ], [ 2799240.311099998652935, 832678.397100001573563 ], [ 2799242.236299999058247, 832676.300000000745058 ], [ 2799252.017499998211861, 832665.63399999961257 ], [ 2799265.960299998521805, 832658.572500001639128 ], [ 2799294.861699998378754, 832655.893699999898672 ], [ 2799399.440700002014637, 832646.202599998563528 ], [ 2799460.987199999392033, 832640.500999998301268 ], [ 2799522.140500001609325, 832637.027499999850988 ], [ 2799526.252899996936321, 832636.912900000810623 ], [ 2799641.768299996852875, 832633.70160000026226 ], [ 2799785.791900001466274, 832629.6875 ], [ 2799907.844499997794628, 832626.287799999117851 ], [ 2800024.818000003695488, 832623.846599999815226 ], [ 2800046.141800001263618, 832620.75 ], [ 2800071.0537, 832615.515399999916553 ], [ 2800100.069700002670288, 832604.611800000071526 ], [ 2800116.90429999679327, 832595.592399999499321 ], [ 2800133.845399998128414, 832586.736900001764297 ], [ 2800146.485600002110004, 832579.740899998694658 ], [ 2800167.473499998450279, 832567.174400001764297 ], [ 2800179.999099999666214, 832559.670499999076128 ], [ 2800280.179099999368191, 832499.6722999997437 ], [ 2800384.864600002765656, 832436.962499998509884 ], [ 2800684.487000003457069, 832273.196299999952316 ], [ 2800695.51349999755621, 832267.699400000274181 ], [ 2800710.201700001955032, 832260.908300001174212 ], [ 2800805.114200003445148, 832229.885099999606609 ], [ 2800824.725900001823902, 832223.478999998420477 ], [ 2801231.376800000667572, 832090.547400001436472 ], [ 2801243.197800002992153, 832086.688999999314547 ] ] ] ] } },
{ "type": "Feature", "properties": { "CVE_ENT": "09", "CVE_MUN": "014", "NOM_MUN": "Benito Juárez", "OID": 2109 }, "geometry": { "type": "MultiPolygon", "coordinates": [ [ [ [ 2799885.218199998140335, 825752.339699998497963 ], [ 2799865.442699998617172, 825598.764199998229742 ], [ 2799844.880800001323223, 825433.973999999463558 ], [ 2799832.617299996316433, 825337.144499998539686 ], [ 2799907.80349999666214, 825335.2685999982059 ], [ 2799957.455200001597404, 825334.031599998474121 ], [ 2800018.436499997973442, 825332.516100000590086 ], [ 2800077.132100000977516, 825331.049699999392033 ], [ 2800145.920400001108646, 825329.337600000202656 ], [ 2800207.958400003612041, 825327.863000001758337 ], [ 2800261.534100003540516, 825327.584499999880791 ], [ 2800315.248999997973442, 825327.281399998813868 ], [ 2800375.280000001192093, 825326.961899999529123 ], [ 2800411.718000002205372, 825326.757100000977516 ], [ 2800474.468699999153614, 825326.42119999974966 ], [ 2800474.272100001573563, 825205.040300000458956 ], [ 2800474.157399997115135, 825132.606699999421835 ], [ 2800474.124700002372265, 825115.362500000745058 ], [ 2800474.050899997353554, 825081.136300001293421 ], [ 2800470.577500000596046, 825075.221700001507998 ], [ 2800463.425899997353554, 825057.969399999827147 ], [ 2800454.922600001096725, 825033.794799998402596 ], [ 2800443.183499999344349, 824970.282200001180172 ], [ 2800422.547799997031689, 824858.616999998688698 ], [ 2800405.000600002706051, 824765.588700000196695 ], [ 2800401.109399996697903, 824744.60080000013113 ], [ 2800383.570299997925758, 824652.055799998342991 ], [ 2800380.015000000596046, 824633.107700001448393 ], [ 2800359.829899996519089, 824522.433699999004602 ], [ 2800353.063299998641014, 824485.0945999994874 ], [ 2800333.238600000739098, 824374.609099999070168 ], [ 2800324.555100001394749, 824326.194400001317263 ], [ 2800313.987400002777576, 824267.310300000011921 ], [ 2800297.513300001621246, 824175.478000000119209 ], [ 2800281.211199998855591, 824091.411699999123812 ], [ 2800264.393100000917912, 823996.818599998950958 ], [ 2800256.258400000631809, 823963.542700000107288 ], [ 2800240.906599998474121, 823886.32490000128746 ], [ 2800213.315999999642372, 823747.511500000953674 ], [ 2800187.552100002765656, 823600.981199998408556 ], [ 2800174.223700001835823, 823525.115100000053644 ], [ 2800164.082000002264977, 823467.476199999451637 ], [ 2800149.787000000476837, 823392.363699998706579 ], [ 2800134.484300002455711, 823311.975600000470877 ], [ 2800107.499899998307228, 823170.2212999984622 ], [ 2800078.2544, 823022.781599998474121 ], [ 2800074.068300001323223, 823001.711800001561642 ], [ 2800069.882200002670288, 822980.633799999952316 ], [ 2800063.074699997901917, 822946.342099998146296 ], [ 2800038.408600002527237, 822822.978799998760223 ], [ 2800030.224799998104572, 822783.517900001257658 ], [ 2800017.1503000035882, 822715.802799999713898 ], [ 2800009.679200001060963, 822676.866300001740456 ], [ 2799987.790200002491474, 822562.759899999946356 ], [ 2799967.744400002062321, 822455.7314000017941 ], [ 2799942.365599997341633, 822320.22749999910593 ], [ 2799902.118299998342991, 822096.348400000482798 ], [ 2799879.909699998795986, 821984.94539999961853 ], [ 2799827.317100003361702, 821704.451299998909235 ], [ 2799802.536300003528595, 821571.626200001686811 ], [ 2799777.378700003027916, 821436.703999999910593 ], [ 2799763.960199996829033, 821365.712099999189377 ], [ 2799751.508299998939037, 821300.208799999207258 ], [ 2799738.212700001895428, 821229.58559999987483 ], [ 2799709.80290000140667, 821080.237300001084805 ], [ 2799665.7871999964118, 820846.486699998378754 ], [ 2799643.144599996507168, 820725.605599999427795 ], [ 2799636.009300000965595, 820688.659699998795986 ], [ 2799633.379699997603893, 820673.389800000935793 ], [ 2799629.57039999961853, 820653.229299999773502 ], [ 2799531.004299998283386, 820657.235199999064207 ], [ 2799513.366899996995926, 820657.497299998998642 ], [ 2799494.492499999701977, 820657.784000001847744 ], [ 2799472.1283999979496, 820659.397799998521805 ], [ 2799454.736699998378754, 820660.667599998414516 ], [ 2799420.944700002670288, 820665.16499999910593 ], [ 2799404.134800001978874, 820667.409600000828505 ], [ 2799391.338899999856949, 820668.065000001341105 ], [ 2799364.280699998140335, 820669.449400000274181 ], [ 2799326.048600003123283, 820671.59569999948144 ], [ 2799314.719099998474121, 820672.226500000804663 ], [ 2799299.080600000917912, 820672.963799998164177 ], [ 2799293.895000003278255, 820671.284400001168251 ], [ 2799283.417499996721745, 820667.008200000971556 ], [ 2799203.848600000143051, 820624.032999999821186 ], [ 2799174.578500002622604, 820631.848099999129772 ], [ 2799164.4287, 820641.064100001007318 ], [ 2799160.267099998891354, 820646.380800001323223 ], [ 2799154.499899998307228, 820650.85359999909997 ], [ 2799146.586499996483326, 820654.204100001603365 ], [ 2799106.191699996590614, 820670.334199998527765 ], [ 2799051.387199997901917, 820692.2314000017941 ], [ 2799024.189800001680851, 820693.779699999839067 ], [ 2798941.729099996387959, 820698.490100000053644 ], [ 2798856.409500002861023, 820702.250199999660254 ], [ 2798779.281800001859665, 820705.412300001829863 ], [ 2798682.206600002944469, 820709.917899999767542 ], [ 2798600.450400002300739, 820713.579700000584126 ], [ 2798557.540700003504753, 820715.488499999046326 ], [ 2798475.252099998295307, 820719.166700001806021 ], [ 2798351.921499997377396, 820725.638399999588728 ], [ 2798255.444300003349781, 820731.077799998223782 ], [ 2798234.857799999415874, 820732.241099998354912 ], [ 2798198.927699998021126, 820733.191399998962879 ], [ 2798090.686800003051758, 820738.008299998939037 ], [ 2798035.374399997293949, 820737.729699999094009 ], [ 2797917.770099997520447, 820742.292700000107288 ], [ 2797790.482799999415874, 820747.224300000816584 ], [ 2797660.262800000607967, 820752.2787000015378 ], [ 2797584.126299999654293, 820752.991399999707937 ], [ 2797475.656000003218651, 820753.990899998694658 ], [ 2797397.537100002169609, 820754.711800001561642 ], [ 2797296.284000001847744, 820759.258299998939037 ], [ 2797151.531400002539158, 820765.533399999141693 ], [ 2797031.395700000226498, 820771.177700001746416 ], [ 2796859.8716000020504, 820778.222800001502037 ], [ 2796745.0033999979496, 820782.712000001221895 ], [ 2796677.673299998044968, 820785.341600000858307 ], [ 2796625.391999997198582, 820787.55350000038743 ], [ 2796582.097300000488758, 820782.720199998468161 ], [ 2796486.67679999768734, 820793.353399999439716 ], [ 2796437.361000001430511, 820808.869100000709295 ], [ 2796403.536200001835823, 820825.064699999988079 ], [ 2796374.782300002872944, 820842.013900000602007 ], [ 2796274.856299996376038, 820901.668000001460314 ], [ 2796268.089699998497963, 820904.797400001436472 ], [ 2796159.103299997746944, 820972.299499999731779 ], [ 2796120.338799998164177, 821000.799400001764297 ], [ 2796068.614500001072884, 821051.368700001388788 ], [ 2796055.359899997711182, 821067.613400001078844 ], [ 2796007.231899999082088, 821128.971500001847744 ], [ 2795992.658299997448921, 821159.994600001722574 ], [ 2795977.011600002646446, 821171.348700001835823 ], [ 2795973.153099998831749, 821175.018699999898672 ], [ 2795968.090499997138977, 821180.556499999016523 ], [ 2795959.857500001788139, 821189.10080000013113 ], [ 2795946.897799998521805, 821198.8902000002563 ], [ 2795938.656599998474121, 821207.434399999678135 ], [ 2795930.366300001740456, 821219.337400000542402 ], [ 2795901.24379999935627, 821249.451200000941753 ], [ 2795888.808300003409386, 821260.903599999845028 ], [ 2795886.416199997067451, 821263.361200001090765 ], [ 2795747.135899998247623, 821396.776099998503923 ], [ 2795698.287000000476837, 821443.028200000524521 ], [ 2795689.578900001943111, 821452.227800000458956 ], [ 2795637.543300002813339, 821500.806400001049042 ], [ 2795603.136900000274181, 821467.014400001615286 ], [ 2795599.770000003278255, 821463.540899999439716 ], [ 2795585.892700001597404, 821449.262299999594688 ], [ 2795545.44879999756813, 821406.516399998217821 ], [ 2795542.516099996864796, 821403.411699999123812 ], [ 2795505.185099996626377, 821362.238699998706579 ], [ 2795498.418499998748302, 821339.358399998396635 ], [ 2795491.127700001001358, 821327.299800001084805 ], [ 2795479.413099996745586, 821309.400299999862909 ], [ 2795468.362099997699261, 821293.581500001251698 ], [ 2795465.879900000989437, 821290.534099999815226 ], [ 2795462.209899999201298, 821286.044900000095367 ], [ 2795438.887299999594688, 821271.078099999576807 ], [ 2795398.648199997842312, 821258.904800001531839 ], [ 2795354.386799998581409, 821251.368099998682737 ], [ 2795310.469499997794628, 821251.712200000882149 ], [ 2795304.595799997448921, 821251.712200000882149 ], [ 2795286.065499998629093, 821248.754900000989437 ], [ 2795246.78490000218153, 821240.964299999177456 ], [ 2795238.035800002515316, 821238.981800001114607 ], [ 2795150.905699998140335, 821207.647399999201298 ], [ 2795127.607699997723103, 821196.113099999725819 ], [ 2795069.264200001955032, 821150.925999999046326 ], [ 2795035.988300003111362, 821126.628600001335144 ], [ 2795019.145599998533726, 821121.647799998521805 ], [ 2795001.057599999010563, 821118.780600000172853 ], [ 2794977.628499999642372, 821118.526700001209974 ], [ 2794925.953400000929832, 821124.38399999961257 ], [ 2794900.992399998009205, 821124.14640000090003 ], [ 2794889.081200003623962, 821122.770100001245737 ], [ 2794846.851400002837181, 821112.554699998348951 ], [ 2794827.706699997186661, 821114.88120000064373 ], [ 2794806.653300002217293, 821121.123500000685453 ], [ 2794768.044399999082088, 821136.663800001144409 ], [ 2794738.651500001549721, 821147.894999999552965 ], [ 2794710.725000001490116, 821154.415800001472235 ], [ 2794684.158299997448921, 821169.898699998855591 ], [ 2794590.597499996423721, 821237.228799998760223 ], [ 2794576.228699997067451, 821245.256900001317263 ], [ 2794556.641599997878075, 821251.949799999594688 ], [ 2794522.1206, 821249.074400000274181 ], [ 2794477.752700001001358, 821246.157999999821186 ], [ 2794464.948600001633167, 821247.198399998247623 ], [ 2794445.910400003194809, 821248.78770000115037 ], [ 2794441.683300003409386, 821249.442999999970198 ], [ 2794339.602799996733665, 821270.12779999896884 ], [ 2794266.530199997127056, 821290.083500001579523 ], [ 2794270.085500001907349, 821316.043999999761581 ], [ 2794281.120099999010563, 821456.807100001722574 ], [ 2794284.945799998939037, 821506.671799998730421 ], [ 2794289.566100001335144, 821566.768300000578165 ], [ 2794293.981499999761581, 821623.653599999845028 ], [ 2794296.078699998557568, 821673.542899999767542 ], [ 2794295.09570000320673, 821683.078400000929832 ], [ 2794294.260099999606609, 821691.278499998152256 ], [ 2794292.293999999761581, 821704.926399998366833 ], [ 2794288.337300002574921, 821720.589499998837709 ], [ 2794284.347800001502037, 821731.239100001752377 ], [ 2794276.786499999463558, 821745.665199998766184 ], [ 2794264.326499998569489, 821768.725699998438358 ], [ 2794249.359700001776218, 821794.309300001710653 ], [ 2794224.595299996435642, 821838.243000000715256 ], [ 2794205.647200003266335, 821871.846599999815226 ], [ 2794198.765900000929832, 821891.958000000566244 ], [ 2794191.688000001013279, 821911.921900000423193 ], [ 2794188.370300002396107, 821925.102800000458956 ], [ 2794185.994599997997284, 821938.111699998378754 ], [ 2794182.734200000762939, 821962.138799998909235 ], [ 2794180.612499997019768, 821986.952399998903275 ], [ 2794181.210500001907349, 822006.670499999076128 ], [ 2794186.133900001645088, 822051.874000001698732 ], [ 2794187.452799998223782, 822069.585099998861551 ], [ 2794189.328699998557568, 822099.199200000613928 ], [ 2794195.652999997138977, 822182.708399999886751 ], [ 2794196.39019999653101, 822208.259300000965595 ], [ 2794193.695100001990795, 822228.427999999374151 ], [ 2794190.074199996888638, 822244.279500000178814 ], [ 2794184.470899999141693, 822262.236400000751019 ], [ 2794177.032600000500679, 822279.627999998629093 ], [ 2794164.957500003278255, 822307.718400001525879 ], [ 2794159.419799998402596, 822320.489700000733137 ], [ 2794150.670699998736382, 822342.411499999463558 ], [ 2794142.19200000166893, 822363.587799999862909 ], [ 2794138.882399998605251, 822376.309999998658895 ], [ 2794136.768899999558926, 822389.974199999123812 ], [ 2794136.67059999704361, 822409.782499998807907 ], [ 2794138.071400001645088, 822431.417599998414516 ], [ 2794139.824500001966953, 822449.988800000399351 ], [ 2794142.626199997961521, 822476.5472999997437 ], [ 2794145.222999997437, 822501.8114 ], [ 2794157.5929000005126, 822623.593699999153614 ], [ 2794160.026000000536442, 822647.653599999845028 ], [ 2794170.487099997699261, 822715.696299999952316 ], [ 2794185.109899997711182, 822772.843699999153614 ], [ 2794186.813799999654293, 822835.266800001263618 ], [ 2794180.555100001394749, 822905.898200001567602 ], [ 2794162.958700001239777, 823087.293600000441074 ], [ 2794160.337300002574921, 823157.114100001752377 ], [ 2794159.960400000214577, 823303.431400001049042 ], [ 2794159.346000000834465, 823431.464099999517202 ], [ 2794159.91950000077486, 823446.529199998825788 ], [ 2794162.59009999781847, 823460.447399999946356 ], [ 2794166.44030000269413, 823473.808600001037121 ], [ 2794170.921300001442432, 823485.719799999147654 ], [ 2794176.5574000030756, 823498.818799998611212 ], [ 2794186.42059999704361, 823524.173000000417233 ], [ 2794188.312899999320507, 823529.112799998372793 ], [ 2794238.898500002920628, 823661.388999998569489 ], [ 2794248.057199999690056, 823684.932799998670816 ], [ 2794291.1963, 823793.411299999803305 ], [ 2794301.985100001096725, 823835.960499998182058 ], [ 2794312.4054000005126, 823882.122499998658895 ], [ 2794328.297799997031689, 823952.35249999910593 ], [ 2794343.95269999653101, 824021.533900000154972 ], [ 2794361.287000000476837, 824098.161899998784065 ], [ 2794377.875799998641014, 824171.488499999046326 ], [ 2794393.194899998605251, 824240.039099998772144 ], [ 2794419.958099998533726, 824359.756999999284744 ], [ 2794452.95549999922514, 824490.779899999499321 ], [ 2794486.722900003194809, 824610.948300000280142 ], [ 2794488.410499997437, 824636.646600000560284 ], [ 2794486.960500001907349, 824660.698300000280142 ], [ 2794478.752099998295307, 824694.793400000780821 ], [ 2794471.707000002264977, 824713.733300000429153 ], [ 2794461.360500000417233, 824736.900299999862909 ], [ 2794452.496699996292591, 824756.724899999797344 ], [ 2794441.85530000180006, 824779.900100000202656 ], [ 2794436.948299996554852, 824790.582499999552965 ], [ 2794407.735699996352196, 824854.160599999129772 ], [ 2794441.863499999046326, 824860.689599998295307 ], [ 2794523.816299997270107, 824866.735300000756979 ], [ 2794547.097999997437, 824868.447399999946356 ], [ 2794552.480099998414516, 824868.603100001811981 ], [ 2794600.78830000013113, 824868.807900000363588 ], [ 2794657.665399998426437, 824866.718899998813868 ], [ 2794660.31139999628067, 824857.953499998897314 ], [ 2794720.309600003063679, 824877.311200000345707 ], [ 2794780.930399999022484, 824896.865499999374151 ], [ 2794839.7654, 824913.102000001817942 ], [ 2794864.136600002646446, 824915.109099999070168 ], [ 2794885.665100000798702, 824913.814699999988079 ], [ 2794890.850699998438358, 824915.313900001347065 ], [ 2794913.763700000941753, 824922.285300001502037 ], [ 2794984.476999998092651, 824952.890599999576807 ], [ 2795082.051899999380112, 824995.120299998670816 ], [ 2795103.441299997270107, 825004.377300001680851 ], [ 2795125.567800000309944, 825013.953699998557568 ], [ 2795162.972499996423721, 825021.523200001567602 ], [ 2795213.320600003004074, 825031.714000001549721 ], [ 2795239.534999996423721, 825037.022399999201298 ], [ 2795324.789099998772144, 825059.755199998617172 ], [ 2795384.172899998724461, 825075.58219999819994 ], [ 2795391.381899997591972, 825076.925700001418591 ], [ 2795412.050300002098083, 825080.128699999302626 ], [ 2795418.309000000357628, 825079.620799999684095 ], [ 2795421.012299999594688, 825078.097100000828505 ], [ 2795423.617399998009205, 825074.066700000315905 ], [ 2795430.949199996888638, 825078.19539999961853 ], [ 2795438.805399999022484, 825082.135800000280142 ], [ 2795455.443300001323223, 825087.599800001829863 ], [ 2795528.122699998319149, 825111.209199998527765 ], [ 2795579.240800000727177, 825127.847100000828505 ], [ 2795582.689599998295307, 825099.896000001579523 ], [ 2795586.261399999260902, 825070.961899999529123 ], [ 2795642.597699999809265, 825084.806400001049042 ], [ 2795693.126000002026558, 825097.348299998790026 ], [ 2795763.74099999666214, 825114.870999999344349 ], [ 2795815.80120000243187, 825131.820199999958277 ], [ 2795931.84910000115633, 825174.795499999076128 ], [ 2795973.202299997210503, 825190.106300000101328 ], [ 2796090.306900002062321, 825234.711800001561642 ], [ 2796100.587899997830391, 825237.4560999982059 ], [ 2796110.467399999499321, 825238.103300001472235 ], [ 2796119.445900000631809, 825237.226700000464916 ], [ 2796126.720399998128414, 825233.368299998342991 ], [ 2796142.399899996817112, 825253.225699998438358 ], [ 2796154.450300000607967, 825260.565699998289347 ], [ 2796202.758500002324581, 825284.650199998170137 ], [ 2796244.881800003349781, 825302.508799999952316 ], [ 2796304.019799999892712, 825321.342199999839067 ], [ 2796310.6963, 825323.398400001227856 ], [ 2796329.947499997913837, 825329.337600000202656 ], [ 2796352.254299998283386, 825336.202500000596046 ], [ 2796369.621399998664856, 825342.051500000059605 ], [ 2796373.356899999082088, 825343.304900001734495 ], [ 2796485.398900002241135, 825371.444400001317263 ], [ 2796576.240000002086163, 825392.669900000095367 ], [ 2796608.450900003314018, 825401.582800000905991 ], [ 2796689.617299996316433, 825431.221500001847744 ], [ 2796739.457400001585484, 825452.487900000065565 ], [ 2796756.111699998378754, 825459.500199999660254 ], [ 2796870.791500002145767, 825505.793200001120567 ], [ 2796979.5320999994874, 825552.618700001388788 ], [ 2797015.4868, 825567.552700001746416 ], [ 2797028.135300002992153, 825572.762800000607967 ], [ 2797035.843900002539158, 825576.006900001317263 ], [ 2797106.729299999773502, 825605.448899999260902 ], [ 2797146.001800000667572, 825621.087400000542402 ], [ 2797190.6809, 825637.266600001603365 ], [ 2797239.333200000226498, 825654.854899998754263 ], [ 2797250.580799996852875, 825658.778799999505281 ], [ 2797289.853299997746944, 825672.36939999833703 ], [ 2797346.574699997901917, 825690.670299999415874 ], [ 2797395.726700000464916, 825707.193599998950958 ], [ 2797524.341099999845028, 825749.046500001102686 ], [ 2797537.964400000870228, 825753.601199999451637 ], [ 2797579.563400000333786, 825766.069499999284744 ], [ 2797636.817299999296665, 825785.926899999380112 ], [ 2797656.502599999308586, 825792.292100001126528 ], [ 2797676.417400002479553, 825798.730999998748302 ], [ 2797721.809299997985363, 825812.386999998241663 ], [ 2797735.80120000243187, 825817.072900000959635 ], [ 2797763.260799996554852, 825823.1266999989748 ], [ 2797804.679499998688698, 825831.179499998688698 ], [ 2797823.324500001966953, 825832.973499998450279 ], [ 2797844.951399996876717, 825834.046700000762939 ], [ 2797874.811200000345707, 825834.611900001764297 ], [ 2797899.1824000030756, 825834.710200000554323 ], [ 2798022.086999997496605, 825838.453999999910593 ], [ 2798212.526399999856949, 825843.614900000393391 ], [ 2798280.773999996483326, 825843.49210000038147 ], [ 2798344.999300003051758, 825842.967799998819828 ], [ 2798427.959700003266335, 825843.229899998754263 ], [ 2798448.505199998617172, 825842.574499998241663 ], [ 2798495.338899999856949, 825843.909800000488758 ], [ 2798608.822599999606609, 825843.549400001764297 ], [ 2798622.503300003707409, 825843.19709999859333 ], [ 2798631.956799998879433, 825843.483899999409914 ], [ 2798670.139799997210503, 825843.3445999994874 ], [ 2798680.805699996650219, 825843.311799999326468 ], [ 2798798.85249999910593, 825842.951400000602007 ], [ 2798894.42849999666214, 825842.173099998384714 ], [ 2798990.233999997377396, 825838.003400001674891 ], [ 2799017.152900002896786, 825837.102299999445677 ], [ 2799076.438400000333786, 825834.7347999997437 ], [ 2799129.44879999756813, 825832.604899998754263 ], [ 2799329.83330000191927, 825824.584899999201298 ], [ 2799419.232600003480911, 825821.013199999928474 ], [ 2799505.346900001168251, 825817.572599999606609 ], [ 2799602.209100000560284, 825814.000900000333786 ], [ 2799700.783500000834465, 825810.371800001710653 ], [ 2799782.744400002062321, 825807.381700001657009 ], [ 2799794.557300001382828, 825806.947500001639128 ], [ 2799804.23200000077486, 825804.465399999171495 ], [ 2799809.434000000357628, 825798.362300001084805 ], [ 2799813.251400001347065, 825789.777100000530481 ], [ 2799815.889300003647804, 825777.399000000208616 ], [ 2799829.922200001776218, 825765.946600001305342 ], [ 2799845.044600002467632, 825759.450300000607967 ], [ 2799860.142399996519089, 825757.058299999684095 ], [ 2799868.596600003540516, 825755.403499998152256 ], [ 2799875.871100001037121, 825754.059999998658895 ], [ 2799885.218199998140335, 825752.339699998497963 ] ] ] ] } },
{ "type": "Feature", "properties": { "CVE_ENT": "09", "CVE_MUN": "013", "NOM_MUN": "Xochimilco", "OID": 2110 }, "geometry": { "type": "MultiPolygon", "coordinates": [ [ [ [ 2807723.512199997901917, 812550.292700000107288 ], [ 2808055.648599997162819, 812428.838100001215935 ], [ 2808135.152000002563, 812399.994100000709295 ], [ 2808192.594300001859665, 812380.488899998366833 ], [ 2808298.721699997782707, 812346.049699999392033 ], [ 2808409.461099997162819, 812314.641600001603365 ], [ 2808453.4358000010252, 812299.863200001418591 ], [ 2808492.175700001418591, 812291.318999998271465 ], [ 2808534.544799998402596, 812288.656599998474121 ], [ 2808578.699600003659725, 812288.869600001722574 ], [ 2808615.506300002336502, 812292.2364999987185 ], [ 2808676.200800001621246, 812292.515000000596046 ], [ 2808704.291199997067451, 812291.466400001198053 ], [ 2808741.7368, 812280.300700001418591 ], [ 2808817.987999998033047, 812253.136100001633167 ], [ 2808936.42790000140667, 812207.350999999791384 ], [ 2808974.438799999654293, 812192.998599998652935 ], [ 2809146.601800002157688, 812088.157400000840425 ], [ 2809253.597599998116493, 812018.820300001651049 ], [ 2809366.548900000751019, 811950.4662000015378 ], [ 2809397.637500002980232, 811933.041900001466274 ], [ 2809429.004699997603893, 811916.895399998873472 ], [ 2809459.683700002729893, 811904.22239999845624 ], [ 2809809.514899998903275, 811788.018899999558926 ], [ 2810021.45830000191927, 811728.692400000989437 ], [ 2810110.718299999833107, 811703.706799998879433 ], [ 2810205.7128000035882, 811656.733899999409914 ], [ 2810228.003200002014637, 811643.643100000917912 ], [ 2810319.114600002765656, 811590.108399998396635 ], [ 2810425.594300001859665, 811532.436700001358986 ], [ 2810443.207000002264977, 811524.515000000596046 ], [ 2810481.906000003218651, 811511.325899999588728 ], [ 2810561.876299999654293, 811490.616500001400709 ], [ 2810659.11540000140667, 811426.57149999961257 ], [ 2810693.439900003373623, 811403.953400000929832 ], [ 2810714.411399997770786, 811390.141600001603365 ], [ 2810720.760200001299381, 811381.376200001686811 ], [ 2810732.278099998831749, 811365.459100000560284 ], [ 2810737.799500003457069, 811357.824200000613928 ], [ 2810743.796099998056889, 811349.550299998372793 ], [ 2810753.536399997770786, 811335.058600001037121 ], [ 2810767.036799997091293, 811314.971799999475479 ], [ 2810769.830300003290176, 811310.818500000983477 ], [ 2810775.884199999272823, 811301.815499998629093 ], [ 2810795.4221, 811272.750300001353025 ], [ 2810798.584200002253056, 811268.05629999935627 ], [ 2810809.864600002765656, 811251.262699998915195 ], [ 2810817.507700003683567, 811239.908599998801947 ], [ 2810823.831900000572205, 811230.504099998623133 ], [ 2810828.94370000064373, 811222.885600000619888 ], [ 2810841.829800002276897, 811203.732700001448393 ], [ 2810854.953299999237061, 811184.203000001609325 ], [ 2810868.420999996364117, 811168.638199999928474 ], [ 2810877.940099999308586, 811157.644499998539686 ], [ 2810890.736000001430511, 811142.866099998354912 ], [ 2810911.093099996447563, 811119.346900001168251 ], [ 2810935.521700002253056, 811091.125399999320507 ], [ 2810946.22860000282526, 811078.755499999970198 ], [ 2810952.733000002801418, 811071.235300000756979 ], [ 2810976.735600002110004, 811051.246800001710653 ], [ 2810990.711199998855591, 811039.622299998998642 ], [ 2811028.697499997913837, 811008.001200001686811 ], [ 2811069.125, 810966.394099999219179 ], [ 2811149.39019999653101, 810869.392599999904633 ], [ 2811212.059000000357628, 810806.781100001186132 ], [ 2811243.180399999022484, 810772.808899998664856 ], [ 2811266.986400000751019, 810739.541200000792742 ], [ 2811294.814599998295307, 810690.585799999535084 ], [ 2811301.138800002634525, 810662.651099998503923 ], [ 2811307.430299997329712, 810598.63060000166297 ], [ 2811308.478799998760223, 810581.910700000822544 ], [ 2811323.953500002622604, 810559.546599999070168 ], [ 2811335.045500002801418, 810549.724399998784065 ], [ 2811351.773599997162819, 810539.6891999989748 ], [ 2811366.83049999922514, 810525.893800001591444 ], [ 2811378.545000001788139, 810519.2010000012815 ], [ 2811392.774499997496605, 810509.591699998825788 ], [ 2811407.085900001227856, 810499.368099998682737 ], [ 2811429.572999998927116, 810492.667100001126528 ], [ 2811478.241700001060963, 810482.033900000154972 ], [ 2811570.221400000154972, 810480.329900000244379 ], [ 2811579.748700000345707, 810475.15260000154376 ], [ 2811589.841300003230572, 810464.158900000154972 ], [ 2811601.686899997293949, 810459.030699998140335 ], [ 2811614.7368, 810457.064599998295307 ], [ 2811629.367700003087521, 810443.924699999392033 ], [ 2811633.406300000846386, 810443.793600000441074 ], [ 2811637.445000000298023, 810443.646099999547005 ], [ 2811645.997400000691414, 810438.231199998408556 ], [ 2811650.937200002372265, 810437.887200001627207 ], [ 2811659.22749999910593, 810449.257699999958277 ], [ 2811695.133000001311302, 810426.713300000876188 ], [ 2811725.951399996876717, 810432.734400000423193 ], [ 2811770.851700000464916, 810452.493500001728535 ], [ 2811781.394799999892712, 810463.020199999213219 ], [ 2811790.89750000089407, 810480.690400000661612 ], [ 2811840.30349999666214, 810469.172400001436472 ], [ 2811899.793799996376038, 810451.75620000064373 ], [ 2811974.857100002467632, 810428.916900001466274 ], [ 2811982.623099997639656, 810426.557599999010563 ], [ 2812101.751199997961521, 810405.905600000172853 ], [ 2812234.535300001502037, 810373.956799998879433 ], [ 2812256.039300002157688, 810369.017000000923872 ], [ 2812271.1699, 810366.010600000619888 ], [ 2812299.505999997258186, 810361.668800000101328 ], [ 2812331.880800001323223, 810358.801600001752377 ], [ 2812371.104099996387959, 810356.745400000363588 ], [ 2812431.593800000846386, 810367.444200001657009 ], [ 2812443.75900000333786, 810369.238200001418591 ], [ 2812471.292300000786781, 810359.817400000989437 ], [ 2812499.825000002980232, 810347.340999998152256 ], [ 2812511.498599998652935, 810342.55689999833703 ], [ 2812520.78830000013113, 810338.894999999552965 ], [ 2812545.495399996638298, 810329.253100000321865 ], [ 2812619.862400002777576, 810302.563499998301268 ], [ 2812637.000100001692772, 810295.321800000965595 ], [ 2812660.552100002765656, 810286.425299998372793 ], [ 2812677.550499998033047, 810280.518899999558926 ], [ 2812692.541799999773502, 810274.464999999850988 ], [ 2812763.0176, 810251.535599999129772 ], [ 2812781.8838, 810239.067299999296665 ], [ 2812805.607799999415874, 810226.934999998658895 ], [ 2812809.851300001144409, 810223.617199998348951 ], [ 2812841.611599996685982, 810200.491200000047684 ], [ 2812875.1743, 810180.412599999457598 ], [ 2812950.532499998807907, 810149.700800001621246 ], [ 2812994.810199998319149, 810130.228399999439716 ], [ 2813021.917599998414516, 810119.996599998325109 ], [ 2813050.376599997282028, 810108.904599998146296 ], [ 2813071.49549999833107, 810099.295400001108646 ], [ 2813100.700000002980232, 810083.583200000226498 ], [ 2813123.932499997317791, 810069.083299998193979 ], [ 2813148.860799998044968, 810047.34180000051856 ], [ 2813163.483499996364117, 810033.317099999636412 ], [ 2813179.670900002121925, 810018.448600001633167 ], [ 2813197.21000000089407, 810001.826999999582767 ], [ 2813232.787799999117851, 809953.272999998182058 ], [ 2813253.1941, 809926.591699998825788 ], [ 2813271.560599997639656, 809912.648899998515844 ], [ 2813278.785899996757507, 809897.247900001704693 ], [ 2813271.1919, 809852.429499998688698 ], [ 2813285.765500001609325, 809825.592500001192093 ], [ 2813326.782799996435642, 809783.092399999499321 ], [ 2813331.812700003385544, 809795.552499998360872 ], [ 2813388.681599996984005, 809751.626899998635054 ], [ 2813484.667300000786781, 809666.069699998944998 ], [ 2813550.760300002992153, 809600.500900000333786 ], [ 2813619.556699998676777, 809523.397799998521805 ], [ 2813709.185400001704693, 809426.142400000244379 ], [ 2813769.052500002086163, 809355.904199998825788 ], [ 2813732.254100002348423, 809266.791600000113249 ], [ 2813720.056199997663498, 809283.495099999010563 ], [ 2813695.725900001823902, 809229.346000000834465 ], [ 2813660.246399998664856, 809246.024900000542402 ], [ 2813642.117499999701977, 809241.871599998325109 ], [ 2813619.523999996483326, 809249.555700000375509 ], [ 2813603.737999998033047, 809239.495900001376867 ], [ 2813595.595100000500679, 809238.832299999892712 ], [ 2813579.432300001382828, 809198.740699999034405 ], [ 2813534.433700002729893, 809098.298599999397993 ], [ 2813512.036700002849102, 809028.453600000590086 ], [ 2813500.740000002086163, 808972.01069999858737 ], [ 2813468.651900000870228, 808911.873199999332428 ], [ 2813445.001599997282028, 808870.823100000619888 ], [ 2813438.60360000282526, 808846.132399998605251 ], [ 2813420.409199997782707, 808828.118200000375509 ], [ 2813399.732600003480911, 808826.7010000012815 ], [ 2813379.498400002717972, 808801.551600001752377 ], [ 2813374.665100000798702, 808780.055700000375509 ], [ 2813373.03490000218153, 808744.232099998742342 ], [ 2813374.615900002419949, 808736.228500001132488 ], [ 2813364.400499999523163, 808727.160000000149012 ], [ 2813247.541599996387959, 808775.640299998223782 ], [ 2813236.212099999189377, 808758.109400000423193 ], [ 2813235.507600001990795, 808732.263599999248981 ], [ 2813228.495200000703335, 808711.005399998277426 ], [ 2813207.359899997711182, 808623.375599998980761 ], [ 2813232.197999998927116, 808609.73589999973774 ], [ 2813223.1621999964118, 808576.738499999046326 ], [ 2813080.277400001883507, 808614.069400001317263 ], [ 2813075.689900003373623, 808588.403900001198053 ], [ 2813073.600900001823902, 808569.554099999368191 ], [ 2813071.085900001227856, 808555.799699999392033 ], [ 2813066.187100000679493, 808533.239000000059605 ], [ 2813062.320500001311302, 808520.180900000035763 ], [ 2813056.397699996829033, 808494.474399998784065 ], [ 2813043.913099996745586, 808453.637299999594688 ], [ 2813009.416599996387959, 808377.541799999773502 ], [ 2812997.800300002098083, 808361.698499999940395 ], [ 2812985.119099996984005, 808338.728100001811981 ], [ 2812973.773199997842312, 808312.849599998444319 ], [ 2812974.149999998509884, 808305.886399999260902 ], [ 2812975.632799997925758, 808288.929000001400709 ], [ 2812968.989100001752377, 808259.798200000077486 ], [ 2812947.534199997782707, 808205.583599999547005 ], [ 2812941.873499996960163, 808181.752999998629093 ], [ 2812927.844800002872944, 808151.758099999278784 ], [ 2812924.563799999654293, 808144.749800000339746 ], [ 2812805.845399998128414, 807987.864799998700619 ], [ 2812788.101499997079372, 807965.828299999237061 ], [ 2812713.742700003087521, 807873.463500000536442 ], [ 2812710.4331, 807869.219999998807907 ], [ 2812649.386399999260902, 807790.773400001227856 ], [ 2812566.114699997007847, 807683.769499998539686 ], [ 2812528.595299996435642, 807635.559599999338388 ], [ 2812506.247500002384186, 807606.838500000536442 ], [ 2812474.773900002241135, 807566.394600000232458 ], [ 2812456.276299998164177, 807542.621399998664856 ], [ 2812385.276299998164177, 807451.387099999934435 ], [ 2812377.534800000488758, 807441.433800000697374 ], [ 2812322.353500001132488, 807370.523800000548363 ], [ 2812276.63400000333786, 807311.770799998193979 ], [ 2812241.916299998760223, 807267.157200001180172 ], [ 2812193.378700003027916, 807204.791499998420477 ], [ 2812146.684299997985363, 807144.768699999898672 ], [ 2812110.631300002336502, 807098.451099999248981 ], [ 2812096.778599999845028, 807080.649900000542402 ], [ 2812066.910599999129772, 807042.254000000655651 ], [ 2812007.33839999884367, 806965.708000000566244 ], [ 2811905.36429999768734, 806834.644200000911951 ], [ 2811890.848099999129772, 806815.999200001358986 ], [ 2811869.024599999189377, 806787.958000000566244 ], [ 2811865.248099997639656, 806783.108300000429153 ], [ 2811820.601700000464916, 806725.731499999761581 ], [ 2811762.79900000244379, 806651.462900001555681 ], [ 2811658.351000003516674, 806517.228700000792742 ], [ 2811424.600400000810623, 806214.632599998265505 ], [ 2811144.753499999642372, 806147.474599998444319 ], [ 2811020.874099999666214, 806117.745900001376867 ], [ 2810901.082500003278255, 806089.000100001692772 ], [ 2810840.789399996399879, 806074.533100001513958 ], [ 2810788.884900003671646, 806062.081199999898672 ], [ 2810774.770000003278255, 806058.689699999988079 ], [ 2810742.124899998307228, 806050.858199998736382 ], [ 2810720.41610000282526, 806045.639899998903275 ], [ 2810651.84910000115633, 806029.1739999987185 ], [ 2810605.547899998724461, 806018.049199998378754 ], [ 2810390.0, 805966.251200001686811 ], [ 2810283.585900001227856, 805940.692200001329184 ], [ 2810214.519199997186661, 805924.103399999439716 ], [ 2810174.607699997723103, 805914.518699999898672 ], [ 2810143.379799999296665, 805907.014800000935793 ], [ 2810110.25959999859333, 805899.060400001704693 ], [ 2810085.495200000703335, 805893.113000001758337 ], [ 2809833.35360000282526, 805832.582299999892712 ], [ 2809707.602300003170967, 805802.390700001269579 ], [ 2809579.819399997591972, 805771.715799998492002 ], [ 2809538.2368, 805761.737900000065565 ], [ 2809446.576499998569489, 805739.725999999791384 ], [ 2809111.400799997150898, 805659.264199998229742 ], [ 2809033.863499999046326, 805640.643800001591444 ], [ 2808956.449100002646446, 805622.064300000667572 ], [ 2808732.602700002491474, 805568.324799999594688 ], [ 2808694.034800000488758, 805559.084199998527765 ], [ 2808656.138599999248981, 805550.007500000298023 ], [ 2808505.086300000548363, 805513.815200001001358 ], [ 2808397.975900001823902, 805488.157900001853704 ], [ 2808296.943999998271465, 805463.950500000268221 ], [ 2808256.639300003647804, 805454.292199999094009 ], [ 2807978.512800000607967, 805387.666600000113249 ], [ 2807861.35080000013113, 805359.551699999719858 ], [ 2807707.529600001871586, 805322.646699998527765 ], [ 2807654.83049999922514, 805309.9983000010252 ], [ 2807548.686700001358986, 805284.521200001239777 ], [ 2807502.098800003528595, 805273.339099999517202 ], [ 2807366.422899998724461, 805240.784099999815226 ], [ 2807158.395300000905991, 805190.870200000703335 ], [ 2807028.658500000834465, 805159.732400000095367 ], [ 2806895.104400001466274, 805127.685300000011921 ], [ 2806665.072999998927116, 805072.479400001466274 ], [ 2806564.508000001311302, 805048.345800001174212 ], [ 2806463.516999997198582, 805024.113899998366833 ], [ 2806421.033299997448921, 805013.914799999445677 ], [ 2806360.895900003612041, 804999.480500001460314 ], [ 2806347.272600002586842, 804996.220100000500679 ], [ 2806291.173699997365475, 804982.752399999648333 ], [ 2806188.487000003457069, 804958.119100000709295 ], [ 2806132.109700001776218, 804944.585900001227856 ], [ 2806084.505999997258186, 804933.059799998998642 ], [ 2806020.379000000655651, 804917.511399999260902 ], [ 2805963.6985, 804903.781599998474121 ], [ 2805908.640100002288818, 804890.436799999326468 ], [ 2805832.053099997341633, 804872.2668999992311 ], [ 2805765.28830000013113, 804856.423599999397993 ], [ 2805566.558600001037121, 804809.2787000015378 ], [ 2805366.64919999986887, 804761.846999999135733 ], [ 2805354.197400003671646, 804758.889699999243021 ], [ 2805282.664800003170967, 804741.9239999987185 ], [ 2805103.423900000751019, 804699.399399999529123 ], [ 2805087.343000002205372, 804698.072299998253584 ], [ 2805079.847300000488758, 804697.556200001388788 ], [ 2805001.244999997317791, 804685.006000000983477 ], [ 2804930.55629999935627, 804680.524999998509884 ], [ 2804874.539399996399879, 804679.78770000115037 ], [ 2804848.144799999892712, 804680.492199998348951 ], [ 2804826.247500002384186, 804683.859099999070168 ], [ 2804810.084700003266335, 804688.413899999111891 ], [ 2804795.584899999201298, 804692.550799999386072 ], [ 2804761.08839999884367, 804717.184200000017881 ], [ 2804740.27250000089407, 804735.059099998325109 ], [ 2804730.638700000941753, 804740.424899999052286 ], [ 2804714.910099998116493, 804748.01069999858737 ], [ 2804705.620300002396107, 804747.822299998253584 ], [ 2804697.690499998629093, 804746.061000000685453 ], [ 2804687.974799998104572, 804740.81810000166297 ], [ 2804678.824299998581409, 804733.994199998676777 ], [ 2804669.436300002038479, 804725.843100000172853 ], [ 2804662.710600003600121, 804717.159600000828505 ], [ 2804658.074000000953674, 804710.155499998480082 ], [ 2804655.051100000739098, 804702.405799999833107 ], [ 2804653.101400002837181, 804693.877999998629093 ], [ 2804647.596400000154972, 804586.390700001269579 ], [ 2804646.261100001633167, 804548.600999999791384 ], [ 2804643.47580000013113, 804531.324099998921156 ], [ 2804636.750200003385544, 804514.866399999707937 ], [ 2804626.31360000371933, 804495.033500000834465 ], [ 2804593.561999998986721, 804428.63740000128746 ], [ 2804585.009499996900558, 804419.208399999886751 ], [ 2804576.137599997222424, 804414.170299999415874 ], [ 2804567.994699999690056, 804412.499099999666214 ], [ 2804555.903300002217293, 804412.155099999159575 ], [ 2804541.862300001084805, 804414.456999998539686 ], [ 2804524.421499997377396, 804418.405600000172853 ], [ 2804510.224799998104572, 804421.797100000083447 ], [ 2804496.273800000548363, 804424.426699999719858 ], [ 2804482.175300002098083, 804427.064500000327826 ], [ 2804470.395300000905991, 804428.145899999886751 ], [ 2804460.327299997210503, 804426.908900000154972 ], [ 2804448.080200001597404, 804423.197900000959635 ], [ 2804432.089500002563, 804417.668299999088049 ], [ 2804328.993100002408028, 804379.403499998152256 ], [ 2804318.589299999177456, 804374.643899999558926 ], [ 2804310.20889999717474, 804372.964499998837709 ], [ 2804303.090000003576279, 804371.703000001609325 ], [ 2804294.07880000025034, 804370.662599999457598 ], [ 2804265.177500002086163, 804370.662599999457598 ], [ 2804253.86429999768734, 804370.244800001382828 ], [ 2804245.066100001335144, 804369.409200001507998 ], [ 2804235.645300000905991, 804368.360599998384714 ], [ 2804227.682700000703335, 804365.42790000140667 ], [ 2804220.35080000013113, 804362.92119999974966 ], [ 2804214.296899996697903, 804360.807599999010563 ], [ 2804207.178099997341633, 804356.65430000051856 ], [ 2804194.9966000020504, 804347.249899998307228 ], [ 2804150.874499998986721, 804287.571100000292063 ], [ 2804141.994400002062321, 804273.997000001370907 ], [ 2804135.8175999969244, 804262.405299998819828 ], [ 2804131.197300001978874, 804250.37950000166893 ], [ 2804131.008900001645088, 804229.334199998527765 ], [ 2804128.453000001609325, 804181.54619999974966 ], [ 2804127.347099997103214, 804167.419100001454353 ], [ 2804124.340599998831749, 804158.17850000038743 ], [ 2804120.244599997997284, 804151.0760000012815 ], [ 2804113.666400000452995, 804142.548200000077486 ], [ 2804107.620700001716614, 804137.550999999046326 ], [ 2804092.358999997377396, 804132.406500000506639 ], [ 2804075.69650000333786, 804127.433899998664856 ], [ 2804063.031700000166893, 804122.633400000631809 ], [ 2804053.619099996984005, 804114.310300000011921 ], [ 2804046.655900001525879, 804107.117800001055002 ], [ 2804042.756499998271465, 804103.095499999821186 ], [ 2804016.378200002014637, 804071.777499999850988 ], [ 2803972.403599999845028, 804012.590300001204014 ], [ 2803961.688400000333786, 803995.460799999535084 ], [ 2803955.47070000320673, 803986.465999998152256 ], [ 2803950.719300001859665, 803976.807599999010563 ], [ 2803946.737999998033047, 803965.977800000458956 ], [ 2803945.0669, 803942.63060000166297 ], [ 2803944.231299996376038, 803918.021800000220537 ], [ 2803944.2804000005126, 803904.6689000017941 ], [ 2803944.304999999701977, 803897.287900000810623 ], [ 2803944.37049999833107, 803876.553899999707937 ], [ 2803942.453599996864796, 803832.013999998569489 ], [ 2803939.791199997067451, 803778.790600001811981 ], [ 2803938.177400000393391, 803746.620600000023842 ], [ 2803933.016400001943111, 803704.374499998986721 ], [ 2803929.29730000346899, 803657.401500001549721 ], [ 2803928.142200000584126, 803633.784000001847744 ], [ 2803925.88120000064373, 803587.630300000309944 ], [ 2803924.832599997520447, 803566.388399999588728 ], [ 2803923.398999996483326, 803543.827599998563528 ], [ 2803915.739500001072884, 803525.346500001847744 ], [ 2803896.586599998176098, 803501.94200000166893 ], [ 2803877.630300000309944, 803487.294700000435114 ], [ 2803711.3081, 803383.6739999987185 ], [ 2803653.415299996733665, 803346.71169999986887 ], [ 2803642.757500000298023, 803336.537300001829863 ], [ 2803638.636900000274181, 803325.330600000917912 ], [ 2803641.086300000548363, 803312.460999999195337 ], [ 2803647.025499999523163, 803299.738800000399351 ], [ 2803654.898000001907349, 803288.065200001001358 ], [ 2803664.458099998533726, 803283.084499999880791 ], [ 2803672.895900003612041, 803280.331999998539686 ], [ 2803681.6941, 803278.865600001066923 ], [ 2803681.538400001823902, 803267.740899998694658 ], [ 2803676.647799998521805, 803262.735599998384714 ], [ 2803622.097300000488758, 803263.407299999147654 ], [ 2803609.022799998521805, 803230.704799998551607 ], [ 2803590.754699997603893, 803199.223000001162291 ], [ 2803565.793600000441074, 803156.214999999850988 ], [ 2803562.508699998259544, 803150.5625 ], [ 2803556.593999996781349, 803138.585799999535084 ], [ 2803538.104699999094009, 803101.205699998885393 ], [ 2803515.355499997735023, 803055.215799998492002 ], [ 2803494.465899996459484, 803012.961500000208616 ], [ 2803463.614799998700619, 802950.603999998420477 ], [ 2803446.165899999439716, 802915.312800001353025 ], [ 2803443.872100003063679, 802910.668000001460314 ], [ 2803439.120800003409386, 802901.050599999725819 ], [ 2803425.137000001966953, 802872.780000001192093 ], [ 2803405.992299996316433, 802834.072799999266863 ], [ 2803399.233900003135204, 802820.400299999862909 ], [ 2803384.340800002217293, 802790.286499999463558 ], [ 2803364.344200000166893, 802749.859000001102686 ], [ 2803345.338699996471405, 802711.430300001055002 ], [ 2803324.744000002741814, 802669.798599999397993 ], [ 2803318.509900003671646, 802657.182900000363588 ], [ 2803311.718800000846386, 802643.461300000548363 ], [ 2803300.299099996685982, 802620.368099998682737 ], [ 2803288.543600000441074, 802596.594900000840425 ], [ 2803275.846000000834465, 802570.929299999028444 ], [ 2803265.515900000929832, 802550.023400001227856 ], [ 2803249.861000001430511, 802518.385899998247623 ], [ 2803242.029399998486042, 802502.542500000447035 ], [ 2803222.819200001657009, 802463.696100000292063 ], [ 2803195.163000002503395, 802407.785700000822544 ], [ 2803155.554700002074242, 802327.70890000090003 ], [ 2803104.86259999871254, 802225.202399998903275 ], [ 2803092.861299999058247, 802200.913100000470877 ], [ 2802989.445500001311302, 801991.492800001055002 ], [ 2802983.113099999725819, 801978.664099998772144 ], [ 2802965.123400002717972, 801942.8733000010252 ], [ 2802899.054999999701977, 801809.663199998438358 ], [ 2802897.760600000619888, 801807.033500000834465 ], [ 2802864.484700001776218, 801739.793600000441074 ], [ 2802832.109899997711182, 801674.077399998903275 ], [ 2802788.10249999910593, 801584.727200001478195 ], [ 2802709.311899997293949, 801425.589400000870228 ], [ 2802704.38849999755621, 801415.652499999850988 ], [ 2802677.019000001251698, 801360.372900001704693 ], [ 2802620.436800003051758, 801246.078099999576807 ], [ 2802602.74210000038147, 801210.352800000458956 ], [ 2802540.11429999768734, 801083.860199999064207 ], [ 2802526.261600002646446, 801055.884500000625849 ], [ 2802508.026199996471405, 801019.053199999034405 ], [ 2802472.620399996638298, 800947.537099998444319 ], [ 2802402.029899999499321, 800804.963500000536442 ], [ 2802396.680600002408028, 800794.150100000202656 ], [ 2802353.648000001907349, 800707.232999999076128 ], [ 2802260.169100001454353, 800518.448300000280142 ], [ 2802212.1721, 800421.446800000965595 ], [ 2802068.549999997019768, 800130.909400001168251 ], [ 2802055.139700002968311, 800103.777499999850988 ], [ 2801840.869699999690056, 799670.3141999989748 ], [ 2801827.688799999654293, 799643.64919999986887 ], [ 2801810.895199999213219, 799609.677000001072884 ], [ 2801793.462600000202656, 799574.410399999469519 ], [ 2801740.984700001776218, 799468.258499998599291 ], [ 2801651.757399998605251, 799287.747800000011921 ], [ 2801498.181999996304512, 798977.090700000524521 ], [ 2801268.863300003111362, 798513.194200001657009 ], [ 2801125.691799998283386, 798223.574200000613928 ], [ 2801091.326300002634525, 798154.048700001090765 ], [ 2801006.449000000953674, 798166.09910000115633 ], [ 2800969.4949000030756, 798163.682500001043081 ], [ 2800942.805399999022484, 798161.05290000140667 ], [ 2800891.457900002598763, 798191.707299999892712 ], [ 2800852.70160000026226, 798202.520799998193979 ], [ 2800844.85360000282526, 798212.834499999880791 ], [ 2800842.682700000703335, 798223.672499999403954 ], [ 2800841.1426, 798241.522900000214577 ], [ 2800854.872400000691414, 798308.942999999970198 ], [ 2800845.042000003159046, 798342.841499999165535 ], [ 2800818.540899999439716, 798406.624400001019239 ], [ 2800812.134800001978874, 798510.769299998879433 ], [ 2800814.707099996507168, 798599.021800000220537 ], [ 2800805.245300002396107, 798688.421100001782179 ], [ 2800801.829199999570847, 798720.664799999445677 ], [ 2800807.3015, 798815.315099999308586 ], [ 2800816.091499999165535, 798898.865299999713898 ], [ 2800817.492299996316433, 798986.773699998855591 ], [ 2800833.917300000786781, 799065.900199998170137 ], [ 2800846.033299997448921, 799114.265799999237061 ], [ 2800861.049199998378754, 799150.490800000727177 ], [ 2800888.467799998819828, 799208.187100000679493 ], [ 2800904.368500001728535, 799261.770899999886751 ], [ 2800920.326499998569489, 799325.766800001263618 ], [ 2800979.44820000231266, 799423.01410000026226 ], [ 2801022.374300003051758, 799517.181099999696016 ], [ 2801039.126900002360344, 799573.66499999910593 ], [ 2801054.413199998438358, 799628.879000000655651 ], [ 2801063.12950000166893, 799703.40989999845624 ], [ 2801063.2195999994874, 799779.013799998909235 ], [ 2801064.046999998390675, 799884.649700000882149 ], [ 2801048.031599998474121, 799954.846900001168251 ], [ 2801022.882200002670288, 800124.749000001698732 ], [ 2801023.152500003576279, 800143.590599998831749 ], [ 2801026.666900001466274, 800160.097500000149012 ], [ 2801022.030199997127056, 800172.827799998223782 ], [ 2801020.17059999704361, 800195.962000001221895 ], [ 2801018.335600003600121, 800234.144999999552965 ], [ 2801021.383000001311302, 800261.850299999117851 ], [ 2801024.332099996507168, 800279.225499998778105 ], [ 2801025.847699999809265, 800285.279399998486042 ], [ 2801031.196999996900558, 800291.407000001519918 ], [ 2801038.193000003695488, 800297.03489999845624 ], [ 2801048.326499998569489, 800302.597300000488758 ], [ 2801066.299800001084805, 800311.289000000804663 ], [ 2801073.967500001192093, 800317.400299999862909 ], [ 2801077.4408999979496, 800323.912900000810623 ], [ 2801078.612300001084805, 800329.483500000089407 ], [ 2801078.481299996376038, 800342.09910000115633 ], [ 2801069.429099999368191, 800351.413400001823902 ], [ 2801065.177500002086163, 800358.917300000786781 ], [ 2801051.857299998402596, 800375.842000000178814 ], [ 2801022.644599996507168, 800408.421599999070168 ], [ 2800987.443599998950958, 800457.335999999195337 ], [ 2800974.7787000015378, 800477.291700001806021 ], [ 2800953.85639999806881, 800503.301300000399351 ], [ 2800924.430699996650219, 800524.231899999082088 ], [ 2800904.524099998176098, 800552.043699998408556 ], [ 2800894.579099997878075, 800565.953699998557568 ], [ 2800884.63400000333786, 800579.863699998706579 ], [ 2800863.089000001549721, 800614.327500000596046 ], [ 2800850.620800003409386, 800642.303199999034405 ], [ 2800842.543499998748302, 800684.254399999976158 ], [ 2800838.816100001335144, 800721.224899999797344 ], [ 2800828.723600000143051, 800762.766499999910593 ], [ 2800821.875100001692772, 800782.5011 ], [ 2800810.717600002884865, 800797.975699998438358 ], [ 2800801.206600002944469, 800812.393699999898672 ], [ 2800800.706900000572205, 800823.756000000983477 ], [ 2800807.2195999994874, 800846.111900001764297 ], [ 2800812.872000001370907, 800859.669700000435114 ], [ 2800818.51630000025034, 800873.22749999910593 ], [ 2800821.104999996721745, 800900.949200000613928 ], [ 2800820.564300000667572, 800927.024300001561642 ], [ 2800816.812399998307228, 800955.401399999856949 ], [ 2800808.333700001239777, 800982.893800001591444 ], [ 2800808.391000002622604, 801018.250399999320507 ], [ 2800823.775600001215935, 801043.309799998998642 ], [ 2800832.164200000464916, 801071.162599999457598 ], [ 2800840.511900000274181, 801100.645599998533726 ], [ 2800849.490299999713898, 801139.10700000077486 ], [ 2800860.7051, 801187.374299999326468 ], [ 2800885.174599997699261, 801225.335999999195337 ], [ 2800900.10869999974966, 801251.697900000959635 ], [ 2800918.565200001001358, 801320.953000001609325 ], [ 2800942.33839999884367, 801382.622400000691414 ], [ 2800967.725400000810623, 801415.709899999201298 ], [ 2800999.027099996805191, 801439.147199999541044 ], [ 2801015.558499999344349, 801466.369199998676777 ], [ 2801022.792000003159046, 801510.491300001740456 ], [ 2801023.488399997353554, 801555.276999998837709 ], [ 2801027.584399998188019, 801593.631900001317263 ], [ 2801036.988799996674061, 801619.305700000375509 ], [ 2801050.210699997842312, 801639.769299998879433 ], [ 2801061.007700003683567, 801643.906199999153614 ], [ 2801070.99379999935627, 801645.421799998730421 ], [ 2801080.431000001728535, 801652.147399999201298 ], [ 2801089.351999998092651, 801662.772399999201298 ], [ 2801097.281900003552437, 801679.467700000852346 ], [ 2801106.0801, 801688.429800000041723 ], [ 2801138.864500001072884, 801695.810699999332428 ], [ 2801154.003300003707409, 801700.91440000012517 ], [ 2801164.997000001370907, 801716.372699998319149 ], [ 2801177.50620000064373, 801743.168699998408556 ], [ 2801214.476700000464916, 801807.893699999898672 ], [ 2801267.380599997937679, 801857.094799999147654 ], [ 2801305.809299997985363, 801897.841899998486042 ], [ 2801315.639700002968311, 801931.936999998986721 ], [ 2801329.090899996459484, 801963.738299999386072 ], [ 2801346.892099998891354, 801993.508000001311302 ], [ 2801341.501800000667572, 802026.325199998915195 ], [ 2801325.453699998557568, 802058.929299999028444 ], [ 2801309.766000002622604, 802085.76630000025034 ], [ 2801292.865900002419949, 802105.623700000345707 ], [ 2801275.113799996674061, 802125.497499998658895 ], [ 2801229.59910000115633, 802161.730799999088049 ], [ 2801169.453400000929832, 802197.447900000959635 ], [ 2801103.040899999439716, 802269.660399999469519 ], [ 2801040.347499996423721, 802322.105500001460314 ], [ 2801033.548100002110004, 802343.265500001609325 ], [ 2801032.270199999213219, 802370.086100000888109 ], [ 2801016.541599996387959, 802388.41160000115633 ], [ 2800981.766500003635883, 802407.687399998307228 ], [ 2800960.745800003409386, 802432.861400000751019 ], [ 2800961.57320000231266, 802469.520599998533726 ], [ 2800960.598399996757507, 802515.9364 ], [ 2800966.398299999535084, 802540.84010000154376 ], [ 2800960.172399997711182, 802558.280900001525879 ], [ 2800960.975199997425079, 802585.330899998545647 ], [ 2800946.434399999678135, 802612.053199999034405 ], [ 2800962.597199998795986, 802637.186200000345707 ], [ 2800966.144400000572205, 802661.590199999511242 ], [ 2800976.61370000243187, 802692.433100000023842 ], [ 2800976.785800002515316, 802703.213799998164177 ], [ 2800973.828500002622604, 802731.017400000244379 ], [ 2800995.332500003278255, 802766.955699998885393 ], [ 2800999.788900002837181, 802770.57660000026226 ], [ 2801013.445000000298023, 802782.11089999973774 ], [ 2801016.025499999523163, 802787.206300001591444 ], [ 2801014.387100003659725, 802793.079999998211861 ], [ 2801010.929999999701977, 802805.490899998694658 ], [ 2801021.0962999984622, 802831.148200001567602 ], [ 2801028.288900002837181, 802880.57880000025034 ], [ 2801017.180500000715256, 802891.621599998325109 ], [ 2801008.832900002598763, 802905.539799999445677 ], [ 2800998.17509999871254, 802933.703899998217821 ], [ 2800976.048500001430511, 802961.147100001573563 ], [ 2800973.238600000739098, 802973.164700001478195 ], [ 2800978.809199996292591, 802992.743599999696016 ], [ 2800996.1925999969244, 803018.458299998193979 ], [ 2801017.139600001275539, 803033.629900000989437 ], [ 2801053.708700001239777, 803078.136999998241663 ], [ 2801064.612199999392033, 803094.96339999884367 ], [ 2801067.831699997186661, 803106.825399998575449 ], [ 2801070.166400000452995, 803113.54280000180006 ], [ 2801072.7550999969244, 803120.014499999582767 ], [ 2801078.800800003111362, 803131.876499999314547 ], [ 2801087.000900000333786, 803145.893100000917912 ], [ 2801099.477399997413158, 803171.124400001019239 ], [ 2801092.743500001728535, 803174.8108000010252 ], [ 2801087.672700002789497, 803178.276000000536442 ], [ 2801082.642800003290176, 803184.280799999833107 ], [ 2801078.170000001788139, 803190.940900001674891 ], [ 2801072.320900000631809, 803197.961399998515844 ], [ 2801069.658500000834465, 803201.271000001579523 ], [ 2801067.241800002753735, 803204.646099999547005 ], [ 2801065.316699996590614, 803209.143500000238419 ], [ 2801064.915299996733665, 803213.976799998432398 ], [ 2801065.41499999910593, 803218.220199998468161 ], [ 2801066.504600003361702, 803223.5614 ], [ 2801068.495200000703335, 803230.745799999684095 ], [ 2801070.920000001788139, 803240.518800001591444 ], [ 2801077.006700001657009, 803256.796399999409914 ], [ 2801085.206900000572205, 803274.441899999976158 ], [ 2801093.022100001573563, 803290.621100001037121 ], [ 2801098.953100003302097, 803306.743000000715256 ], [ 2801101.50900000333786, 803321.423000000417233 ], [ 2801103.335799999535084, 803334.456500001251698 ], [ 2801103.475100003182888, 803349.38230000063777 ], [ 2801102.7787000015378, 803358.925999999046326 ], [ 2801099.755900003015995, 803363.710099998861551 ], [ 2801095.98759999871254, 803366.765799999237061 ], [ 2801087.271300002932549, 803372.901599999517202 ], [ 2801083.715999998152256, 803376.293099999427795 ], [ 2801081.577799998223782, 803381.322900000959635 ], [ 2801081.807199999690056, 803398.526099998503923 ], [ 2801080.840599998831749, 803405.260000001639128 ], [ 2801078.85809999704361, 803411.780799999833107 ], [ 2801074.17230000346899, 803419.079900000244379 ], [ 2801067.045199997723103, 803429.696699999272823 ], [ 2801059.508599996566772, 803436.094700001180172 ], [ 2801061.138800002634525, 803461.932199999690056 ], [ 2801054.560599997639656, 803474.867400001734495 ], [ 2801053.35639999806881, 803516.204199999570847 ], [ 2801054.667099997401237, 803581.175000000745058 ], [ 2801068.437899999320507, 803724.657900001853704 ], [ 2801031.295299999415874, 803730.850999999791384 ], [ 2801011.274099998176098, 803735.766199998557568 ], [ 2800966.766999997198582, 803748.717799998819828 ], [ 2800973.205899998545647, 803776.717999998480082 ], [ 2800976.064900003373623, 803786.122400000691414 ], [ 2800987.156800001859665, 803812.418800000101328 ], [ 2800988.000600002706051, 803817.637099999934435 ], [ 2800987.509099997580051, 803822.724300000816584 ], [ 2800984.183200001716614, 803826.664599999785423 ], [ 2800945.418600000441074, 803835.888799998909235 ], [ 2800936.456600002944469, 803838.199000000953674 ], [ 2800917.418399997055531, 803844.49040000140667 ], [ 2800905.720200002193451, 803852.059799998998642 ], [ 2800902.066500000655651, 803854.730399999767542 ], [ 2800902.214000001549721, 803859.211500000208616 ], [ 2800904.95830000191927, 803874.563299998641014 ], [ 2800904.769900001585484, 803892.684000000357628 ], [ 2800903.205200001597404, 803926.861000001430511 ], [ 2800901.255500003695488, 803934.905499998480082 ], [ 2800883.536200001835823, 803965.346999999135733 ], [ 2800876.581200003623962, 804004.94709999859333 ], [ 2800874.311999998986721, 804031.743200000375509 ], [ 2800877.875600002706051, 804054.254799999296665 ], [ 2800882.9628000035882, 804072.285399999469519 ], [ 2800896.160099998116493, 804111.049899999052286 ], [ 2800898.093400001525879, 804123.632800001651049 ], [ 2800903.491999998688698, 804133.668000001460314 ], [ 2800915.231100000441074, 804145.800400000065565 ], [ 2800926.232900001108646, 804155.598000001162291 ], [ 2800948.465999998152256, 804179.133600000292063 ], [ 2800994.718099996447563, 804219.200699999928474 ], [ 2801006.047600001096725, 804230.210799999535084 ], [ 2801011.478900000452995, 804238.558400001376867 ], [ 2801016.287600003182888, 804247.4712999984622 ], [ 2801020.481899999082088, 804258.555100001394749 ], [ 2801022.98870000243187, 804273.144999999552965 ], [ 2801022.267800003290176, 804283.065499998629093 ], [ 2801021.038999997079372, 804291.871899999678135 ], [ 2801019.33500000089407, 804300.145899999886751 ], [ 2801017.344400003552437, 804310.156500000506639 ], [ 2801014.042999997735023, 804321.297600001096725 ], [ 2801009.250699996948242, 804335.920299999415874 ], [ 2801005.195600003004074, 804347.012299999594688 ], [ 2801003.712899997830391, 804357.031100001186132 ], [ 2801003.925899997353554, 804364.297400001436472 ], [ 2801005.441399998962879, 804370.154699999839067 ], [ 2801006.391699999570847, 804375.856300000101328 ], [ 2801008.071000002324581, 804383.122600000351667 ], [ 2801012.453699998557568, 804389.381299998611212 ], [ 2801025.511799998581409, 804399.432900000363588 ], [ 2800938.643799997866154, 804477.142200000584126 ], [ 2800917.737800002098083, 804451.681499999016523 ], [ 2800905.97410000115633, 804439.434399999678135 ], [ 2800893.497699998319149, 804428.932300001382828 ], [ 2800882.438500002026558, 804421.018800001591444 ], [ 2800872.649099998176098, 804415.702199999243021 ], [ 2800861.819200001657009, 804409.82039999961853 ], [ 2800848.818499997258186, 804406.019299998879433 ], [ 2800837.382500000298023, 804403.487900000065565 ], [ 2800829.370700001716614, 804402.095300000160933 ], [ 2800820.375900000333786, 804401.382599998265505 ], [ 2800811.717000000178814, 804401.374400001019239 ], [ 2800803.762500002980232, 804401.915100000798702 ], [ 2800792.564099997282028, 804404.356300000101328 ], [ 2800781.1199000030756, 804408.575199998915195 ], [ 2800775.311700001358986, 804410.803399998694658 ], [ 2800768.160099998116493, 804414.317800000309944 ], [ 2800761.270599998533726, 804418.364599999040365 ], [ 2800754.626900002360344, 804422.935699999332428 ], [ 2800746.459499999880791, 804430.554299999028444 ], [ 2800694.358400002121925, 804491.17509999871254 ], [ 2800688.24719999730587, 804495.967399999499321 ], [ 2800675.9551, 804502.000900000333786 ], [ 2800662.556999996304512, 804505.773200001567602 ], [ 2800653.1199000030756, 804504.585400000214577 ], [ 2800645.550399996340275, 804501.980399999767542 ], [ 2800638.202200002968311, 804497.425599999725819 ], [ 2800631.206299997866154, 804490.650800000876188 ], [ 2800627.642700001597404, 804482.573499999940395 ], [ 2800624.464199997484684, 804471.809200000017881 ], [ 2800626.028899997472763, 804451.96000000089407 ], [ 2800629.887299999594688, 804423.673000000417233 ], [ 2800630.010200001299381, 804412.261599998921156 ], [ 2800628.273500002920628, 804400.063700001686811 ], [ 2800625.652099996805191, 804391.011500000953674 ], [ 2800620.62219999730587, 804383.352000001817942 ], [ 2800611.995999999344349, 804372.251800000667572 ], [ 2800547.049800001084805, 804405.625999998301268 ], [ 2800506.646899998188019, 804424.647900000214577 ], [ 2800487.018899999558926, 804412.695700000971556 ], [ 2800475.812200002372265, 804397.458599999547005 ], [ 2800466.235799998044968, 804379.73930000141263 ], [ 2800456.347999997437, 804363.723999999463558 ], [ 2800445.436300002038479, 804341.204199999570847 ], [ 2800417.927500002086163, 804295.124200001358986 ], [ 2800402.272600002586842, 804281.582800000905991 ], [ 2800365.20380000025034, 804277.486800000071526 ], [ 2800321.655199997127056, 804264.854699999094009 ], [ 2800270.55349999666214, 804251.919599998742342 ], [ 2800210.620800003409386, 804231.873700000345707 ], [ 2800170.012999996542931, 804230.472899999469519 ], [ 2800098.652500003576279, 804232.520899999886751 ], [ 2800044.339599996805191, 804249.175200000405312 ], [ 2799993.523100003600121, 804267.719399999827147 ], [ 2799940.981100000441074, 804287.038699999451637 ], [ 2799876.067699998617172, 804317.717700000852346 ], [ 2799861.019000001251698, 804322.256099998950958 ], [ 2799830.077799998223782, 804325.573800001293421 ], [ 2799778.075000002980232, 804327.769299998879433 ], [ 2799668.8429000005126, 804332.102800000458956 ], [ 2799338.516800001263618, 804324.730000000447035 ], [ 2799167.018500000238419, 804315.809000000357628 ], [ 2799058.424199998378754, 804310.656199999153614 ], [ 2799051.862400002777576, 804310.361299999058247 ], [ 2799039.394199997186661, 804307.256499998271465 ], [ 2799027.507600001990795, 804299.523299999535084 ], [ 2799015.2195999994874, 804287.59569999948144 ], [ 2798955.671899996697903, 804217.603300001472235 ], [ 2798939.795800000429153, 804206.314699999988079 ], [ 2798932.750699996948242, 804203.734200000762939 ], [ 2798914.941299997270107, 804211.270799998193979 ], [ 2798903.775600001215935, 804220.011700000613928 ], [ 2798898.204999998211861, 804224.746700000017881 ], [ 2798886.285700000822544, 804222.829799998551607 ], [ 2798877.151600003242493, 804229.334199998527765 ], [ 2798872.678800001740456, 804251.346099998801947 ], [ 2798873.858400002121925, 804257.481899999082088 ], [ 2798872.686999998986721, 804264.445099998265505 ], [ 2798876.168600000441074, 804296.377500001341105 ], [ 2798875.234700001776218, 804300.014800000935793 ], [ 2798871.785800002515316, 804302.554299999028444 ], [ 2798865.174900002777576, 804303.103199999779463 ], [ 2798860.73480000346899, 804300.145899999886751 ], [ 2798856.671599999070168, 804293.371100001037121 ], [ 2798853.837200000882149, 804281.541799999773502 ], [ 2798850.781499996781349, 804271.293600000441074 ], [ 2798849.593699999153614, 804263.322799999266863 ], [ 2798847.791500002145767, 804256.179400000721216 ], [ 2798846.267800003290176, 804246.996199999004602 ], [ 2798846.054799996316433, 804234.732700001448393 ], [ 2798845.292900003492832, 804205.520100001245737 ], [ 2798851.199299998581409, 804181.124299999326468 ], [ 2798851.543399997055531, 804178.314399998635054 ], [ 2798850.421099998056889, 804171.71169999986887 ], [ 2798848.315800003707409, 804166.935699999332428 ], [ 2798841.098600000143051, 804161.144000001251698 ], [ 2798797.246799997985363, 804216.980700001120567 ], [ 2798750.535999998450279, 804269.655200000852346 ], [ 2798670.786899998784065, 804355.810499999672174 ], [ 2798458.745200000703335, 804586.710200000554323 ], [ 2798398.878100000321865, 804647.159000001847744 ], [ 2798416.933200001716614, 804680.688799999654293 ], [ 2798436.962700001895428, 804720.952500000596046 ], [ 2798474.416500002145767, 804783.883499998599291 ], [ 2798490.792300000786781, 804802.004200000315905 ], [ 2798517.219700001180172, 804818.756799999624491 ], [ 2798579.790200002491474, 804845.651099998503923 ], [ 2798615.359899997711182, 804858.389699999243021 ], [ 2798650.102099999785423, 804866.155699998140335 ], [ 2798691.414399996399879, 804872.701099999248981 ], [ 2798786.122100003063679, 804893.066399998962879 ], [ 2798806.667599998414516, 804902.307000000029802 ], [ 2798820.225400000810623, 804914.218199998140335 ], [ 2798829.826399996876717, 804927.743200000375509 ], [ 2798839.66499999910593, 804951.311599999666214 ], [ 2798887.579999998211861, 805132.649700000882149 ], [ 2798904.889700002968311, 805213.177000001072884 ], [ 2798905.70889999717474, 805230.478500001132488 ], [ 2798902.825300000607967, 805249.844399999827147 ], [ 2798892.527999997138977, 805295.154399998486042 ], [ 2798876.52080000191927, 805364.819099999964237 ], [ 2798874.472800001502037, 805379.16330000013113 ], [ 2798874.390900000929832, 805386.175700001418591 ], [ 2798875.840899996459484, 805393.048799999058247 ], [ 2798881.304899998009205, 805408.302299998700619 ], [ 2798906.896700002253056, 805464.884399998933077 ], [ 2798935.372100003063679, 805566.883000001311302 ], [ 2798940.221799999475479, 805590.508699998259544 ], [ 2798938.870099999010563, 805605.622999999672174 ], [ 2798933.815700002014637, 805623.538899999111891 ], [ 2798910.607699997723103, 805649.761500000953674 ], [ 2798883.918200001120567, 805685.7162000015378 ], [ 2798876.217699997127056, 805690.320099998265505 ], [ 2798867.026299998164177, 805693.170899998396635 ], [ 2798852.0022, 805698.135200001299381 ], [ 2798843.761, 805702.812899999320507 ], [ 2798837.305699996650219, 805709.063400000333786 ], [ 2798835.503499999642372, 805712.331999998539686 ], [ 2798833.561999998986721, 805716.91950000077486 ], [ 2798830.522699996829033, 805724.718299999833107 ], [ 2798812.0088, 805775.492300000041723 ], [ 2798808.723800003528595, 805782.529199998825788 ], [ 2798807.068999998271465, 805785.142499998211861 ], [ 2798805.22580000013113, 805787.444400001317263 ], [ 2798799.868299998342991, 805794.145500000566244 ], [ 2798796.845399998128414, 805799.011500000953674 ], [ 2798788.448600001633167, 805808.473299998790026 ], [ 2798782.976400002837181, 805816.108199998736382 ], [ 2798779.63400000333786, 805822.309599999338388 ], [ 2798776.242499999701977, 805830.583500001579523 ], [ 2798773.850500002503395, 805837.481199998408556 ], [ 2798773.662100002169609, 805846.467799998819828 ], [ 2798770.565499998629093, 805864.129700001329184 ], [ 2798768.075099997222424, 805875.803300000727177 ], [ 2798763.528599999845028, 805885.502700001001358 ], [ 2798756.245899997651577, 805895.046300001442432 ], [ 2798751.363399997353554, 805901.534400001168251 ], [ 2798749.282700002193451, 805907.440799999982119 ], [ 2798747.242899999022484, 805914.821800000965595 ], [ 2798741.442900002002716, 805934.220499999821186 ], [ 2798738.452799998223782, 805949.211800001561642 ], [ 2798736.880000002682209, 805956.715700000524521 ], [ 2798736.634199999272823, 805961.5489999987185 ], [ 2798736.814400002360344, 805964.670099999755621 ], [ 2798737.232199996709824, 805967.668400000780821 ], [ 2798737.756499998271465, 805970.90430000051856 ], [ 2798738.698600001633167, 805974.328499998897314 ], [ 2798743.196000002324581, 805998.011599998921156 ], [ 2798744.457599997520447, 806004.483300000429153 ], [ 2798744.564099997282028, 806009.562300000339746 ], [ 2798744.301899999380112, 806016.607400000095367 ], [ 2798743.77759999781847, 806020.457699999213219 ], [ 2798743.450000002980232, 806025.651399999856949 ], [ 2798742.983000002801418, 806028.788899999111891 ], [ 2798741.647699996829033, 806031.795400001108646 ], [ 2798740.222300000488758, 806034.588899999856949 ], [ 2798735.6184, 806040.290500000119209 ], [ 2798728.147299997508526, 806048.4087999984622 ], [ 2798723.789200000464916, 806052.1689000017941 ], [ 2798718.292300000786781, 806055.101599998772144 ], [ 2798712.951099999248981, 806058.337499998509884 ], [ 2798708.912500001490116, 806060.172499999403954 ], [ 2798704.292199999094009, 806062.44990000128746 ], [ 2798698.639700002968311, 806063.924400001764297 ], [ 2798693.060999996960163, 806065.144999999552965 ], [ 2798687.007100000977516, 806066.095300000160933 ], [ 2798678.774099998176098, 806068.102299999445677 ], [ 2798666.264899998903275, 806070.420699998736382 ], [ 2798652.387699998915195, 806071.4037000015378 ], [ 2798638.723399996757507, 806072.018100000917912 ], [ 2798626.861400000751019, 806073.246899999678135 ], [ 2798615.802199997007847, 806075.557100001722574 ], [ 2798604.636500000953674, 806078.383299998939037 ], [ 2798594.535800002515316, 806081.021099999547005 ], [ 2798586.032499998807907, 806084.732099998742342 ], [ 2798578.135399997234344, 806088.123599998652935 ], [ 2798570.033500000834465, 806093.595800001174212 ], [ 2798563.406199999153614, 806100.051100000739098 ], [ 2798556.0088, 806106.891499999910593 ], [ 2798549.299599997699261, 806114.772199999541044 ], [ 2798543.647100001573563, 806123.054299999028444 ], [ 2798538.395999997854233, 806131.262699998915195 ], [ 2798531.6294, 806144.353500001132488 ], [ 2798520.258900001645088, 806171.510000001639128 ], [ 2798502.302100002765656, 806219.457699999213219 ], [ 2798436.815200001001358, 806165.243099998682737 ], [ 2798441.894299998879433, 806055.969999998807907 ], [ 2798437.069200001657009, 806003.778799999505281 ], [ 2798423.576899997889996, 805977.900199998170137 ], [ 2798410.453400000929832, 805962.54839999973774 ], [ 2798381.50280000269413, 805944.0016999989748 ], [ 2798364.602700002491474, 805925.790899999439716 ], [ 2798337.200499996542931, 805911.225499998778105 ], [ 2798323.642700001597404, 805918.385299999266863 ], [ 2798276.768100000917912, 805981.431000001728535 ], [ 2798229.893500000238419, 805985.28940000012517 ], [ 2798178.357600003480911, 806001.206500001251698 ], [ 2798174.122299998998642, 806086.845600001513958 ], [ 2798167.880000002682209, 806125.061299998313189 ], [ 2798162.162000000476837, 806172.148899998515844 ], [ 2798158.303599998354912, 806184.592599999159575 ], [ 2798138.495300002396107, 806234.69480000063777 ], [ 2798055.649599999189377, 806364.390599999576807 ], [ 2798044.451200000941753, 806389.572799999266863 ], [ 2798011.027800001204014, 806434.956500001251698 ], [ 2798003.4912, 806442.419399999082088 ], [ 2797982.683499999344349, 806454.191300000995398 ], [ 2797971.739, 806459.516100000590086 ], [ 2797963.055500000715256, 806464.742600001394749 ], [ 2797957.362000003457069, 806470.157499998807907 ], [ 2797952.291199997067451, 806476.735700000077486 ], [ 2797923.455300003290176, 806529.959100000560284 ], [ 2797920.006499998271465, 806535.603399999439716 ], [ 2797916.05799999833107, 806538.126499999314547 ], [ 2797869.912399999797344, 806579.012800000607967 ], [ 2797864.079700000584126, 806584.370400000363588 ], [ 2797862.785400003194809, 806589.3429000005126 ], [ 2797862.65429999679327, 806595.536100000143051 ], [ 2797869.486400000751019, 806623.028400000184774 ], [ 2797871.419799998402596, 806631.589099999517202 ], [ 2797872.00959999859333, 806638.028000000864267 ], [ 2797868.986699998378754, 806645.581000000238419 ], [ 2797862.859099999070168, 806653.78940000012517 ], [ 2797856.731499999761581, 806661.997800000011921 ], [ 2797849.915799997746944, 806668.764400001615286 ], [ 2797841.920400001108646, 806675.268800001591444 ], [ 2797837.545800000429153, 806679.4712999984622 ], [ 2797835.276699997484684, 806685.131999999284744 ], [ 2797831.63120000064373, 806688.859299998730421 ], [ 2797824.340300001204014, 806692.398299999535084 ], [ 2797813.55969999730587, 806695.036100000143051 ], [ 2797805.810000002384186, 806697.755800001323223 ], [ 2797800.116599999368191, 806699.754700001329184 ], [ 2797787.115900002419949, 806706.15260000154376 ], [ 2797774.8279, 806713.279699999839067 ], [ 2797763.91610000282526, 806721.864900000393391 ], [ 2797760.008599996566772, 806726.19029999896884 ], [ 2797756.109200000762939, 806730.523800000548363 ], [ 2797747.884400002658367, 806745.719999998807907 ], [ 2797744.320900000631809, 806756.598999999463558 ], [ 2797739.929999999701977, 806761.506000000983477 ], [ 2797732.679999999701977, 806766.355700001120567 ], [ 2797722.792300000786781, 806771.868900001049042 ], [ 2797719.130500003695488, 806776.317099999636412 ], [ 2797719.040399998426437, 806780.601500000804663 ], [ 2797721.5471, 806786.245799999684095 ], [ 2797725.348200000822544, 806791.996599998325109 ], [ 2797731.754299998283386, 806801.401000000536442 ], [ 2797739.8235, 806813.066399998962879 ], [ 2797751.497100003063679, 806826.009799998253584 ], [ 2797766.791500002145767, 806842.574000000953674 ], [ 2797793.005900003015995, 806870.746300000697374 ], [ 2797799.911799997091293, 806882.559200000017881 ], [ 2797816.066399998962879, 806901.77760000154376 ], [ 2797820.178800001740456, 806908.798099998384714 ], [ 2797821.759900003671646, 806914.671799998730421 ], [ 2797820.760399997234344, 806921.708700001239777 ], [ 2797816.181100003421307, 806927.820000000298023 ], [ 2797812.625799998641014, 806934.291700001806021 ], [ 2797811.683700002729893, 806941.435100000351667 ], [ 2797813.81360000371933, 806948.291799999773502 ], [ 2797816.205700002610683, 806951.494899999350309 ], [ 2797832.515900000929832, 806968.902899999171495 ], [ 2797835.170199997723103, 806976.914599999785423 ], [ 2797858.181500002741814, 807007.27419999986887 ], [ 2797857.657200001180172, 807032.480999998748302 ], [ 2797864.784199997782707, 807056.000199999660254 ], [ 2797891.129699997603893, 807046.456500001251698 ], [ 2797902.033299997448921, 807045.129399999976158 ], [ 2797910.569300003349781, 807045.825699999928474 ], [ 2797919.32660000026226, 807047.562399998307228 ], [ 2797927.018899999558926, 807050.822900000959635 ], [ 2797932.892499998211861, 807055.090900000184774 ], [ 2797937.684799998998642, 807059.195099998265505 ], [ 2797940.609399996697903, 807064.093899998813868 ], [ 2797942.895000003278255, 807070.598299998790026 ], [ 2797943.533900000154972, 807078.872299998998642 ], [ 2797943.378300003707409, 807086.12220000103116 ], [ 2797942.23139999806881, 807092.946100000292063 ], [ 2797939.265900000929832, 807099.540699999779463 ], [ 2797933.433200001716614, 807108.691100001335144 ], [ 2797904.015699997544289, 807134.430399999022484 ], [ 2797893.341499999165535, 807143.277800001204014 ], [ 2797885.100400000810623, 807151.772900000214577 ], [ 2797881.127300001680851, 807158.539500001817942 ], [ 2797878.563199996948242, 807166.346400000154972 ], [ 2797878.268299996852875, 807180.575899999588728 ], [ 2797879.341399997472763, 807187.047600001096725 ], [ 2797880.848700001835823, 807192.315099999308586 ], [ 2797883.167099997401237, 807197.402300000190735 ], [ 2797886.296400003135204, 807201.899700000882149 ], [ 2797890.2368, 807206.421700000762939 ], [ 2797894.201700001955032, 807209.723099999129772 ], [ 2797900.58330000191927, 807213.483199998736382 ], [ 2797906.784599997103214, 807215.826099999248981 ], [ 2797916.238200001418591, 807217.030299998819828 ], [ 2797926.9287, 807217.251499999314547 ], [ 2797996.536200001835823, 807221.347500000149012 ], [ 2798015.484300002455711, 807221.740699999034405 ], [ 2798023.528800003230572, 807223.518399998545647 ], [ 2798031.94200000166893, 807225.713899999856949 ], [ 2798038.749499998986721, 807228.269799999892712 ], [ 2798046.7449000030756, 807231.866099998354912 ], [ 2798051.094899997115135, 807236.183200001716614 ], [ 2798054.17509999871254, 807244.014800000935793 ], [ 2798053.626199997961521, 807250.863299999386072 ], [ 2798048.498000003397465, 807258.989799998700619 ], [ 2798043.500900000333786, 807267.329199999570847 ], [ 2798037.545299999415874, 807275.15260000154376 ], [ 2798028.181900002062321, 807284.368599999696016 ], [ 2798012.805500000715256, 807292.732599999755621 ], [ 2797992.890699997544289, 807299.07319999858737 ], [ 2797965.21000000089407, 807307.420899998396635 ], [ 2797944.492399998009205, 807317.36600000038743 ], [ 2797956.903300002217293, 807321.928899999707937 ], [ 2797963.678099997341633, 807325.901999998837709 ], [ 2797967.847800001502037, 807329.211599998176098 ], [ 2797970.7478, 807335.118000000715256 ], [ 2797972.214100003242493, 807342.204100001603365 ], [ 2797972.861299999058247, 807350.07660000026226 ], [ 2797970.329999998211861, 807355.663600001484156 ], [ 2797967.388999998569489, 807359.751400001347065 ], [ 2797959.999899998307228, 807365.649599999189377 ], [ 2797957.804399996995926, 807374.47239999845624 ], [ 2797954.232699997723103, 807410.467999998480082 ], [ 2797956.280699998140335, 807447.733399998396635 ], [ 2797957.845399998128414, 807459.857599999755621 ], [ 2797960.237400002777576, 807470.990499999374151 ], [ 2797969.207699999213219, 807496.492199998348951 ], [ 2797973.524800002574921, 807511.901399999856949 ], [ 2797979.357500001788139, 807522.501800000667572 ], [ 2797987.418499998748302, 807532.75 ], [ 2798001.443199999630451, 807546.741999998688698 ], [ 2798012.371299996972084, 807558.415600001811981 ], [ 2798013.706600002944469, 807562.171599999070168 ], [ 2798011.605400003492832, 807566.361800000071526 ], [ 2798010.085699997842312, 807571.670200001448393 ], [ 2798009.938299998641014, 807578.715300001204014 ], [ 2798011.969899997115135, 807587.833000000566244 ], [ 2798014.509400002658367, 807591.511199999600649 ], [ 2798035.513700000941753, 807610.828000001609325 ], [ 2798057.148800000548363, 807630.734499998390675 ], [ 2798087.45099999755621, 807658.284200001507998 ], [ 2798092.079499997198582, 807659.381999999284744 ], [ 2798096.298299998044968, 807660.078299999237061 ], [ 2798099.255699999630451, 807663.158500000834465 ], [ 2798100.369800001382828, 807668.024500001221895 ], [ 2798100.304200001060963, 807671.243999999016523 ], [ 2798099.427699998021126, 807674.455200001597404 ], [ 2798097.559900000691414, 807677.035700000822544 ], [ 2798094.864699997007847, 807680.40260000154376 ], [ 2798093.15259999781847, 807685.702899999916553 ], [ 2798099.591499999165535, 807734.813900001347065 ], [ 2798103.212399996817112, 807756.047600001096725 ], [ 2798102.901100002229214, 807770.735800001770258 ], [ 2798105.465199999511242, 807778.141399998217821 ], [ 2798108.037500001490116, 807785.546900000423193 ], [ 2798118.080899998545647, 807816.995999999344349 ], [ 2798118.965599998831749, 807823.164599999785423 ], [ 2798119.850299999117851, 807829.324999999254942 ], [ 2798119.383400000631809, 807851.836599998176098 ], [ 2798118.719899997115135, 807855.006900001317263 ], [ 2798117.572999998927116, 807861.265599999576807 ], [ 2798110.69990000128746, 807871.603900000452995 ], [ 2798107.52139999717474, 807878.796500001102686 ], [ 2798107.332999996840954, 807888.266399998217821 ], [ 2798104.662399999797344, 807899.899099998176098 ], [ 2798104.391999997198582, 807912.30180000141263 ], [ 2798116.368699997663498, 807968.482500001788139 ], [ 2798123.372900001704693, 807990.600900001823902 ], [ 2798124.32320000231266, 808013.538499999791384 ], [ 2798126.690700002014637, 808025.474199999123812 ], [ 2798129.721699997782707, 808035.206300001591444 ], [ 2798131.818899996578693, 808041.096400000154972 ], [ 2798135.521600000560284, 808046.814399998635054 ], [ 2798146.269500002264977, 808054.097100000828505 ], [ 2798169.264499999582767, 808076.067999999970198 ], [ 2798181.134700000286102, 808096.867499999701977 ], [ 2798189.851000003516674, 808117.642400000244379 ], [ 2798198.567299999296665, 808138.417300000786781 ], [ 2798201.024899996817112, 808169.366700001060963 ], [ 2798204.015000000596046, 808206.984400000423193 ], [ 2798230.41780000180006, 808296.506599999964237 ], [ 2798242.451800003647804, 808341.341400001198053 ], [ 2798272.459100000560284, 808404.116700001060963 ], [ 2798264.643899999558926, 808409.09739999845624 ], [ 2798296.895900003612041, 808467.195099998265505 ], [ 2798303.49040000140667, 808497.095899999141693 ], [ 2798304.268700003623962, 808501.208299998193979 ], [ 2798311.870800003409386, 808539.02250000089407 ], [ 2798313.607500001788139, 808547.460299998521805 ], [ 2798314.598800003528595, 808550.876400001347065 ], [ 2798322.200900003314018, 808577.271000001579523 ], [ 2798331.679099999368191, 808596.325599998235703 ], [ 2798339.158399999141693, 808608.048300001770258 ], [ 2798348.505500003695488, 808612.52930000051856 ], [ 2798353.649999998509884, 808612.635800000280142 ], [ 2798388.228500001132488, 808579.49100000038743 ], [ 2798420.128100000321865, 808550.999200001358986 ], [ 2798446.760300002992153, 808528.848099999129772 ], [ 2798495.322499997913837, 808494.023899998515844 ], [ 2798534.414700001478195, 808470.832299999892712 ], [ 2798576.89019999653101, 808449.860800001770258 ], [ 2798617.112899996340275, 808433.976500000804663 ], [ 2798693.60980000346899, 808397.513900000602007 ], [ 2798752.174400001764297, 808367.359200000762939 ], [ 2798790.275399997830391, 808343.504099998623133 ], [ 2798810.780000001192093, 808329.938099998980761 ], [ 2798825.009499996900558, 808320.13230000063777 ], [ 2798845.112700000405312, 808300.856499999761581 ], [ 2798863.855999998748302, 808273.306800000369549 ], [ 2798887.571800000965595, 808231.789799999445677 ], [ 2798893.855099998414516, 808225.875100001692772 ], [ 2798909.665600001811981, 808224.416999999433756 ], [ 2798934.860100001096725, 808225.838300000876188 ], [ 2798936.543600000441074, 808233.424100000411272 ], [ 2798939.935099996626377, 808237.352099999785423 ], [ 2798946.349399998784065, 808241.407200001180172 ], [ 2798972.784999996423721, 808246.519000001251698 ], [ 2799042.810199998319149, 808255.071400001645088 ], [ 2799107.70719999819994, 808263.287999998778105 ], [ 2799134.642499998211861, 808266.736800000071526 ], [ 2799158.628700003027916, 808270.177499998360872 ], [ 2799194.730899997055531, 808275.403999999165535 ], [ 2799233.7820999994874, 808297.4814000017941 ], [ 2799270.277500003576279, 808318.100699998438358 ], [ 2799307.215199999511242, 808338.818199999630451 ], [ 2799348.740500003099442, 808361.796799998730421 ], [ 2799358.136699996888638, 808375.174300000071526 ], [ 2799389.20889999717474, 808447.313099998980761 ], [ 2799397.785999998450279, 808468.11259999871254 ], [ 2799467.835799999535084, 808637.940900001674891 ], [ 2799481.754000000655651, 808679.326900001615286 ], [ 2799484.4408999979496, 808682.956000000238419 ], [ 2799488.348499998450279, 808684.56980000063777 ], [ 2799494.386, 808685.642900001257658 ], [ 2799523.443099997937679, 808687.215799998492002 ], [ 2799541.621100001037121, 808690.287799999117851 ], [ 2799563.133299998939037, 808696.734900001436472 ], [ 2799569.506700001657009, 808699.266199998557568 ], [ 2799579.091300003230572, 808705.008799999952316 ], [ 2799586.308499999344349, 808710.677700001746416 ], [ 2799601.078599996864796, 808723.236000001430511 ], [ 2799611.163000002503395, 808729.421000000089407 ], [ 2799621.9846, 808734.360800001770258 ], [ 2799628.595600001513958, 808736.023699998855591 ], [ 2799639.29839999973774, 808737.051899999380112 ], [ 2799643.488600000739098, 808739.251400001347065 ], [ 2799654.498700000345707, 808753.218800000846386 ], [ 2799656.636799998581409, 808763.081900000572205 ], [ 2799658.709399998188019, 808767.112399999052286 ], [ 2799660.421499997377396, 808770.159800000488758 ], [ 2799663.468900002539158, 808774.427799999713898 ], [ 2799666.303300000727177, 808780.579999998211861 ], [ 2799667.564900003373623, 808788.944099999964237 ], [ 2799666.057599999010563, 808798.536899998784065 ], [ 2799665.885499998927116, 808820.335799999535084 ], [ 2799665.262999996542931, 808828.052700001746416 ], [ 2799664.394599996507168, 808832.673000000417233 ], [ 2799664.296300001442432, 808837.301399998366833 ], [ 2799665.762699998915195, 808841.037000000476837 ], [ 2799666.295100003480911, 808845.378800000995398 ], [ 2799666.499899998307228, 808856.372400000691414 ], [ 2799667.147100001573563, 808863.073499999940395 ], [ 2799673.168200001120567, 808875.066599998623133 ], [ 2799676.322200000286102, 808883.774700000882149 ], [ 2799679.861100003123283, 808890.81980000063777 ], [ 2799690.740099996328354, 808905.04109999909997 ], [ 2799702.962499998509884, 808917.017799999564886 ], [ 2799710.630300000309944, 808931.591400001198053 ], [ 2799715.094899997115135, 808941.004000000655651 ], [ 2799718.535499997437, 808949.499099999666214 ], [ 2799719.592299997806549, 808955.921599999070168 ], [ 2799720.411499999463558, 808959.788199998438358 ], [ 2799735.148900002241135, 808972.084399998188019 ], [ 2799738.950000002980232, 808980.104400001466274 ], [ 2799743.062399998307228, 808984.741099998354912 ], [ 2799747.944799996912479, 808989.435100000351667 ], [ 2799751.30349999666214, 808993.252500001341105 ], [ 2799754.0641999989748, 808997.217500001192093 ], [ 2799757.013400003314018, 808999.806099999696016 ], [ 2799761.715599998831749, 809001.403599999845028 ], [ 2799770.079599998891354, 809004.573899999260902 ], [ 2799775.625600002706051, 809015.444699998944998 ], [ 2799778.361699998378754, 809024.275699999183416 ], [ 2799781.695900000631809, 809029.010600000619888 ], [ 2799784.661399997770786, 809032.770799998193979 ], [ 2799785.603399999439716, 809037.186200000345707 ], [ 2799784.661399997770786, 809041.102000001817942 ], [ 2799783.203199997544289, 809046.615200001746416 ], [ 2799783.784800000488758, 809049.408700000494719 ], [ 2799786.807700000703335, 809054.987500000745058 ], [ 2799789.404500000178814, 809064.768699999898672 ], [ 2799793.041799999773502, 809074.312399998307228 ], [ 2799801.758100003004074, 809092.359400000423193 ], [ 2799809.630599997937679, 809100.60869999974966 ], [ 2799815.373199999332428, 809107.260600000619888 ], [ 2799817.126299999654293, 809112.093899998813868 ], [ 2799819.768200002610683, 809116.968199998140335 ], [ 2799821.476199999451637, 809126.307000000029802 ], [ 2799822.4265, 809133.597899999469519 ], [ 2799822.025100000202656, 809139.037399999797344 ], [ 2799820.919200003147125, 809144.263900000602007 ], [ 2799820.534100003540516, 809155.028200000524521 ], [ 2799819.960699997842312, 809166.308499999344349 ], [ 2799817.773400001227856, 809172.468899998813868 ], [ 2799817.183600001037121, 809178.432700000703335 ], [ 2799818.191200003027916, 809186.354400001466274 ], [ 2799822.549400001764297, 809203.983600001782179 ], [ 2799826.891099996864796, 809211.397300001233816 ], [ 2799828.652400001883507, 809216.271600000560284 ], [ 2799834.272100001573563, 809225.086100000888109 ], [ 2799839.064400002360344, 809233.925299998372793 ], [ 2799842.840899996459484, 809241.99439999833703 ], [ 2799849.44370000064373, 809259.009199999272823 ], [ 2799853.375900000333786, 809265.415399998426437 ], [ 2799857.619300000369549, 809267.840199999511242 ], [ 2799861.756300002336502, 809267.930300001055002 ], [ 2799868.6294, 809271.936200000345707 ], [ 2799868.457299999892712, 809280.19370000064373 ], [ 2799879.999899998307228, 809285.248199999332428 ], [ 2799883.686300002038479, 809297.110199999064207 ], [ 2799885.726099997758865, 809309.701299998909235 ], [ 2799889.052000001072884, 809323.381999999284744 ], [ 2799892.7466000020504, 809343.542500000447035 ], [ 2799897.096600003540516, 809359.164599999785423 ], [ 2799899.726199999451637, 809371.264199998229742 ], [ 2799904.371100001037121, 809393.964200001209974 ], [ 2799905.763700000941753, 809400.370400000363588 ], [ 2799906.4846, 809410.208999998867512 ], [ 2799903.601000003516674, 809421.006000000983477 ], [ 2799899.414899997413158, 809436.652699999511242 ], [ 2799895.130500003695488, 809453.0777000002563 ], [ 2799889.486199997365475, 809474.852000001817942 ], [ 2799884.382600001990795, 809485.75560000166297 ], [ 2799878.181199997663498, 809499.239599999040365 ], [ 2799867.449699997901917, 809522.349300000816584 ], [ 2799865.024899996817112, 809526.461599998176098 ], [ 2799856.685400001704693, 809540.609200000762939 ], [ 2799850.69709999859333, 809552.086199998855591 ], [ 2799844.233599998056889, 809564.570799998939037 ], [ 2799840.342399999499321, 809572.05009999871254 ], [ 2799838.277999997138977, 809575.900400001555681 ], [ 2799835.926899999380112, 809580.217500001192093 ], [ 2799833.248099997639656, 809583.666400000452995 ], [ 2799828.13629999756813, 809586.27140000090003 ], [ 2799822.385499998927116, 809588.1064000017941 ], [ 2799816.175999999046326, 809590.047899998724461 ], [ 2799809.3684, 809592.087699998170137 ], [ 2799802.306900002062321, 809594.209499999880791 ], [ 2799796.33500000089407, 809595.995299998670816 ], [ 2799785.095499999821186, 809601.631400000303984 ], [ 2799779.918200001120567, 809605.760200001299381 ], [ 2799775.109499998390675, 809612.649700000882149 ], [ 2799768.990099996328354, 809624.249499998986721 ], [ 2799761.355099998414516, 809638.610100001096725 ], [ 2799756.128600001335144, 809648.481499999761581 ], [ 2799754.080600000917912, 809655.362799998372793 ], [ 2799753.097599998116493, 809661.90819999948144 ], [ 2799754.62950000166893, 809669.780699998140335 ], [ 2799764.042099997401237, 809678.177499998360872 ], [ 2799770.661200001835823, 809684.092099998146296 ], [ 2799789.699400000274181, 809696.773299999535084 ], [ 2799803.806100003421307, 809707.201699998229742 ], [ 2799810.662799999117851, 809715.516600001603365 ], [ 2799815.0537, 809725.379799999296665 ], [ 2799817.011600002646446, 809733.465300001204014 ], [ 2799818.133900001645088, 809740.690600000321865 ], [ 2799818.199400000274181, 809747.686599999666214 ], [ 2799817.232799999415874, 809751.553199999034405 ], [ 2799814.726000003516674, 809755.804900001734495 ], [ 2799812.473200000822544, 809759.769799999892712 ], [ 2799810.187600001692772, 809764.979899998754263 ], [ 2799806.30460000038147, 809773.696199998259544 ], [ 2799802.200400002300739, 809780.585700001567602 ], [ 2799798.129000000655651, 809787.434200000017881 ], [ 2799790.51860000193119, 809796.207800000905991 ], [ 2799785.046400003135204, 809802.499299999326468 ], [ 2799778.345299996435642, 809808.512200001627207 ], [ 2799772.922200001776218, 809813.435600001364946 ], [ 2799766.704499997198582, 809818.662099998444319 ], [ 2799757.791599996387959, 809826.157800000160933 ], [ 2799751.909699998795986, 809831.113899998366833 ], [ 2799744.938299998641014, 809839.346900001168251 ], [ 2799740.563799999654293, 809844.507800001651049 ], [ 2799735.845200002193451, 809848.800500001758337 ], [ 2799729.013099998235703, 809855.018199998885393 ], [ 2799720.149400003254414, 809860.572399999946356 ], [ 2799713.079700000584126, 809863.636199999600649 ], [ 2799707.976000003516674, 809865.848000001162291 ], [ 2799701.061999998986721, 809869.214899998158216 ], [ 2799695.253899998962879, 809872.032999999821186 ], [ 2799689.240900002419949, 809874.957499999552965 ], [ 2799680.360799998044968, 809881.72410000115633 ], [ 2799674.003799997270107, 809888.941300000995398 ], [ 2799670.841700002551079, 809891.980500001460314 ], [ 2799665.09910000115633, 809897.395399998873472 ], [ 2799657.439599998295307, 809900.246199999004602 ], [ 2799650.501000002026558, 809902.834899999201298 ], [ 2799645.634900003671646, 809909.372099999338388 ], [ 2799638.647100001573563, 809925.821600001305342 ], [ 2799631.601999998092651, 809942.385899998247623 ], [ 2799621.116300001740456, 809958.753499999642372 ], [ 2799610.564999997615814, 809969.443999998271465 ], [ 2799599.161700002849102, 809977.996500000357628 ], [ 2799594.582400001585484, 809989.063900001347065 ], [ 2799585.825099997222424, 810018.456799998879433 ], [ 2799580.696900002658367, 810028.049600001424551 ], [ 2799578.861900001764297, 810041.468100000172853 ], [ 2799579.345299996435642, 810063.094999998807907 ], [ 2799574.741400003433228, 810099.475699998438358 ], [ 2799575.421300001442432, 810106.340500000864267 ], [ 2799579.902300000190735, 810114.606300000101328 ], [ 2799584.391500003635883, 810122.872000001370907 ], [ 2799587.152199998497963, 810135.241900000721216 ], [ 2799602.708800002932549, 810175.562899999320507 ], [ 2799604.617600001394749, 810180.510899998247623 ], [ 2799605.748099997639656, 810186.318999998271465 ], [ 2799606.092100001871586, 810194.109600000083447 ], [ 2799589.487000003457069, 810271.073499999940395 ], [ 2799586.365800000727177, 810304.996500000357628 ], [ 2799583.981899999082088, 810330.301600001752377 ], [ 2799581.425999999046326, 810344.015000000596046 ], [ 2799573.332299999892712, 810352.338100001215935 ], [ 2799570.817400000989437, 810357.875900000333786 ], [ 2799568.326999999582767, 810368.6402000002563 ], [ 2799566.451099999248981, 810386.449599999934435 ], [ 2799566.532999999821186, 810406.552799999713898 ], [ 2799567.909199997782707, 810426.328299999237061 ], [ 2799569.408399999141693, 810432.19370000064373 ], [ 2799570.907499998807907, 810438.067400000989437 ], [ 2799572.005199998617172, 810442.335400000214577 ], [ 2799573.143899999558926, 810446.726300001144409 ], [ 2799574.012299999594688, 810450.1587999984622 ], [ 2799572.80799999833107, 810455.188700001686811 ], [ 2799567.958400003612041, 810461.127900000661612 ], [ 2799563.10869999974966, 810467.067099999636412 ], [ 2799559.774599999189377, 810472.547499999403954 ], [ 2799565.099399998784065, 810559.612100001424551 ], [ 2799564.894599996507168, 810661.93019999936223 ], [ 2799564.894599996507168, 810702.292199999094009 ], [ 2799564.779899999499321, 810716.939500000327826 ], [ 2799558.709600001573563, 810722.788600001484156 ], [ 2799465.836900003254414, 810698.515700001269579 ], [ 2799475.5608000010252, 810786.7516999989748 ], [ 2799454.187899999320507, 810784.679099999368191 ], [ 2799435.370899997651577, 810785.285300001502037 ], [ 2799413.154200002551079, 810791.388399999588728 ], [ 2799384.219999998807907, 810795.697399999946356 ], [ 2799299.105099998414516, 810806.322399999946356 ], [ 2799300.088200002908707, 810818.782400000840425 ], [ 2799317.160300001502037, 810883.523800000548363 ], [ 2799321.395599998533726, 810893.862100001424551 ], [ 2799334.011200003325939, 810919.634100001305342 ], [ 2799353.778499998152256, 810961.970400001853704 ], [ 2799394.451800003647804, 811040.031899999827147 ], [ 2799415.947599999606609, 811036.525800000876188 ], [ 2799433.937299996614456, 811036.894400000572205 ], [ 2799457.513800002634525, 811032.921300001442432 ], [ 2799467.78660000115633, 811051.304099999368191 ], [ 2799478.059399999678135, 811069.678800001740456 ], [ 2799487.25900000333786, 811103.487199999392033 ], [ 2799494.37780000269413, 811119.199400000274181 ], [ 2799505.297799997031689, 811133.322399999946356 ], [ 2799515.144599996507168, 811148.149999998509884 ], [ 2799534.403899997472763, 811161.838799998164177 ], [ 2799543.857500001788139, 811166.811299998313189 ], [ 2799557.800300002098083, 811168.105700001120567 ], [ 2799577.780599996447563, 811165.123799998313189 ], [ 2799582.122299998998642, 811167.286499999463558 ], [ 2799584.203100003302097, 811171.415199998766184 ], [ 2799586.382200002670288, 811175.789799999445677 ], [ 2799592.812899999320507, 811188.700399998575449 ], [ 2799620.706699997186661, 811303.642299998551607 ], [ 2799633.281400002539158, 811348.198600001633167 ], [ 2799652.557199999690056, 811400.406199999153614 ], [ 2799675.314499996602535, 811485.398200001567602 ], [ 2799678.845299996435642, 811503.756499998271465 ], [ 2799632.552299998700619, 811513.128100000321865 ], [ 2799578.378600001335144, 811524.65430000051856 ], [ 2799589.2412, 811610.285300001502037 ], [ 2799591.592299997806549, 811623.7939000017941 ], [ 2799597.482299998402596, 811659.44539999961853 ], [ 2799611.040100000798702, 811722.376400001347065 ], [ 2799613.399400003254414, 811825.112300001084805 ], [ 2799621.4358000010252, 811878.319299999624491 ], [ 2799629.447499997913837, 811927.790800001472235 ], [ 2799630.578000001609325, 811973.575899999588728 ], [ 2799633.469800002872944, 812021.081300001591444 ], [ 2799639.712099999189377, 812073.092300001531839 ], [ 2799637.205399997532368, 812096.120000001043081 ], [ 2799636.148599997162819, 812105.811099998652935 ], [ 2799645.929799996316433, 812206.974199999123812 ], [ 2799659.733400002121925, 812318.164200000464916 ], [ 2799659.389300003647804, 812331.009199999272823 ], [ 2799665.254799999296665, 812405.138599999248981 ], [ 2799670.67790000140667, 812473.631900001317263 ], [ 2799671.136600002646446, 812479.415500000119209 ], [ 2799672.324500001966953, 812494.41499999910593 ], [ 2799760.929099999368191, 812480.619699999690056 ], [ 2799836.148100003600121, 812472.345800001174212 ], [ 2799873.208700001239777, 812470.117600001394749 ], [ 2799945.896300002932549, 812468.847800001502037 ], [ 2800004.346199996769428, 812468.937899999320507 ], [ 2800046.2483000010252, 812471.379099998623133 ], [ 2800097.01410000026226, 812474.598600000143051 ], [ 2800151.572800002992153, 812480.832699999213219 ], [ 2800204.312899999320507, 812488.516800001263618 ], [ 2800288.633199997246265, 812502.271200001239777 ], [ 2800402.5757, 812530.92680000141263 ], [ 2800563.056999996304512, 812580.504799999296665 ], [ 2800676.336000002920628, 812616.819899998605251 ], [ 2800783.667599998414516, 812650.161400001496077 ], [ 2800827.978100001811981, 812664.841400001198053 ], [ 2800911.937899999320507, 812692.661400001496077 ], [ 2800937.3904, 812700.927200000733137 ], [ 2801003.147600002586842, 812722.275499999523163 ], [ 2801025.675599999725819, 812729.599199999123812 ], [ 2801072.0996999964118, 812745.049300000071526 ], [ 2801288.384900003671646, 812816.8766999989748 ], [ 2801299.165600001811981, 812818.293999999761581 ], [ 2801317.269900001585484, 812819.5472999997437 ], [ 2801344.131399996578693, 812823.225499998778105 ], [ 2801447.940499998629093, 812867.093699999153614 ], [ 2801637.683600001037121, 812955.944099999964237 ], [ 2802099.188100002706051, 813174.318300001323223 ], [ 2802286.54730000346899, 813263.381700001657009 ], [ 2802377.76519999653101, 813305.177299998700619 ], [ 2802426.4912, 813328.868599999696016 ], [ 2802601.275799997150898, 813411.79619999974966 ], [ 2802729.619800001382828, 813470.180599998682737 ], [ 2802867.94990000128746, 813535.233199998736382 ], [ 2803073.503600001335144, 813633.021099999547005 ], [ 2803298.292099997401237, 813737.706700000911951 ], [ 2803351.949699997901917, 813762.667700000107288 ], [ 2803419.894100002944469, 813794.321600001305342 ], [ 2803461.837200000882149, 813813.86769999936223 ], [ 2803553.612099997699261, 813856.433400001376867 ], [ 2803644.641599997878075, 813900.211399998515844 ], [ 2803806.286200001835823, 813977.617600001394749 ], [ 2803814.215999998152256, 814119.011500000953674 ], [ 2803836.539200000464916, 814479.287500001490116 ], [ 2803837.145499996840954, 814493.107400000095367 ], [ 2803855.004000000655651, 814787.724500000476837 ], [ 2803869.806999996304512, 814983.275699999183416 ], [ 2803885.936999998986721, 815206.72069999948144 ], [ 2803887.157600000500679, 815234.163899999111891 ], [ 2803905.597800001502037, 815586.157800000160933 ], [ 2803941.626199997961521, 816313.631900001317263 ], [ 2803961.721199996769428, 816561.325300000607967 ], [ 2804019.696000002324581, 816571.991200000047684 ], [ 2804034.072899997234344, 816536.96229999884963 ], [ 2804060.737899996340275, 816492.364999998360872 ], [ 2804129.599899999797344, 816392.955099999904633 ], [ 2804159.918499998748302, 816352.724199999123812 ], [ 2804232.081799998879433, 816256.427200000733137 ], [ 2804328.4934, 816132.629700001329184 ], [ 2804426.199400000274181, 816011.166900001466274 ], [ 2804509.602200001478195, 815911.036100000143051 ], [ 2804523.749700002372265, 815888.778400000184774 ], [ 2804602.499399997293949, 815794.922699999064207 ], [ 2804646.752599999308586, 815739.684000000357628 ], [ 2804670.476700000464916, 815710.135499998927116 ], [ 2804707.144100002944469, 815665.800400000065565 ], [ 2804739.551600001752377, 815623.857400000095367 ], [ 2804760.187299996614456, 815598.650600001215935 ], [ 2804796.019100002944469, 815553.340599998831749 ], [ 2804869.484899997711182, 815468.291299998760223 ], [ 2804892.17679999768734, 815432.484000001102686 ], [ 2804912.3618, 815409.923300001770258 ], [ 2804964.700499996542931, 815353.144499998539686 ], [ 2804970.492299996316433, 815343.895799998193979 ], [ 2804983.828900001943111, 815320.179900001734495 ], [ 2805024.756099998950958, 815259.288800001144409 ], [ 2805049.586000002920628, 815223.342300001531839 ], [ 2805089.292700000107288, 815178.040500000119209 ], [ 2805116.006800003349781, 815149.663400001823902 ], [ 2805143.359899997711182, 815114.011900000274181 ], [ 2805163.9054000005126, 815085.708500001579523 ], [ 2805217.685900002717972, 815036.638399999588728 ], [ 2805239.034199997782707, 815012.603100001811981 ], [ 2805267.321199998259544, 814981.801199998706579 ], [ 2805268.484499998390675, 814978.909400001168251 ], [ 2805369.033100001513958, 814853.940400000661612 ], [ 2805505.225100003182888, 814690.673900000751019 ], [ 2805665.026399999856949, 814491.640999998897314 ], [ 2805682.966899998486042, 814469.547200001776218 ], [ 2805777.084799997508526, 814353.687800001353025 ], [ 2805883.883900001645088, 814222.828699998557568 ], [ 2806051.361100003123283, 814021.616799999028444 ], [ 2806109.851999998092651, 813948.896499998867512 ], [ 2806193.09910000115633, 813845.406899999827147 ], [ 2806281.204099997878075, 813739.074799999594688 ], [ 2806367.539599999785423, 813631.718600001186132 ], [ 2806447.690099999308586, 813534.741700001060963 ], [ 2806533.042499996721745, 813429.417199999094009 ], [ 2806549.483900003135204, 813412.041900001466274 ], [ 2806559.805799998342991, 813401.982200000435114 ], [ 2806609.949000000953674, 813363.774700000882149 ], [ 2806621.499799996614456, 813354.61600000038743 ], [ 2806677.885300002992153, 813315.556600000709295 ], [ 2806773.846400000154972, 813251.904699999839067 ], [ 2806854.463899999856949, 813195.887800000607967 ], [ 2806873.616800002753735, 813179.454700000584126 ], [ 2806945.640799999237061, 813111.952599998563528 ], [ 2807105.409400001168251, 812964.070599999278784 ], [ 2807184.527699999511242, 812887.074000000953674 ], [ 2807199.666500002145767, 812872.336599998176098 ], [ 2807209.759099997580051, 812865.676500000059605 ], [ 2807238.988099999725819, 812847.555799998342991 ], [ 2807357.952399998903275, 812771.96000000089407 ], [ 2807632.531800001859665, 812599.796900000423193 ], [ 2807682.068899996578693, 812570.748100001364946 ], [ 2807723.512199997901917, 812550.292700000107288 ] ] ] ] } },
{ "type": "Feature", "properties": { "CVE_ENT": "09", "CVE_MUN": "012", "NOM_MUN": "Tlalpan", "OID": 2111 }, "geometry": { "type": "MultiPolygon", "coordinates": [ [ [ [ 2793728.561499997973442, 814551.811299998313189 ], [ 2793797.783900000154972, 814528.095400001853704 ], [ 2793860.616599999368191, 814512.260299999266863 ], [ 2793910.333800002932549, 814503.126200001686811 ], [ 2793965.498700000345707, 814497.4983000010252 ], [ 2793988.927799999713898, 814494.999800000339746 ], [ 2794026.127700001001358, 814493.107400000095367 ], [ 2794075.115900002419949, 814492.411100000143051 ], [ 2794127.069499999284744, 814496.711899999529123 ], [ 2794199.257399998605251, 814508.311799999326468 ], [ 2794345.4846, 814528.308400001376867 ], [ 2794503.139700002968311, 814550.75450000166893 ], [ 2794658.9679000005126, 814572.020899999886751 ], [ 2794702.246200002729893, 814577.943799998611212 ], [ 2794903.671099998056889, 814607.27930000051856 ], [ 2794930.827600002288818, 814610.375900000333786 ], [ 2795144.253799997270107, 814636.819699998944998 ], [ 2795217.416599996387959, 814646.199499998241663 ], [ 2795305.308499999344349, 814657.012899998575449 ], [ 2795401.982299998402596, 814669.137099999934435 ], [ 2795488.383299998939037, 814675.305700000375509 ], [ 2795496.960400000214577, 814675.920099999755621 ], [ 2795558.130000002682209, 814678.557900000363588 ], [ 2795606.094200000166893, 814680.605900000780821 ], [ 2795614.015900000929832, 814680.925400000065565 ], [ 2795687.932300001382828, 814681.949400000274181 ], [ 2795836.903800003230572, 814678.42680000141263 ], [ 2795840.917900003492832, 814677.312699999660254 ], [ 2795878.887800000607967, 814666.761399999260902 ], [ 2795906.331000000238419, 814663.001299999654293 ], [ 2795968.475500002503395, 814654.473400000482798 ], [ 2795972.170100003480911, 814654.014699999243021 ], [ 2796036.346199996769428, 814646.084800001233816 ], [ 2796103.430500000715256, 814637.810899998992682 ], [ 2796169.605499997735023, 814629.643500000238419 ], [ 2796234.936700001358986, 814621.582499999552965 ], [ 2796297.990500003099442, 814614.471900001168251 ], [ 2796360.577399998903275, 814607.459499999880791 ], [ 2796364.419399999082088, 814606.976199999451637 ], [ 2796427.89919999986887, 814599.120099999010563 ], [ 2796440.908100001513958, 814597.514400001615286 ], [ 2796493.435199998319149, 814590.887099999934435 ], [ 2796541.030799999833107, 814584.882399998605251 ], [ 2796560.454000003635883, 814582.776999998837709 ], [ 2796592.550300002098083, 814579.287200000137091 ], [ 2796623.622500002384186, 814575.412399999797344 ], [ 2796687.094099998474121, 814567.490800000727177 ], [ 2796753.670500002801418, 814559.159499999135733 ], [ 2796804.329800002276897, 814552.835299998521805 ], [ 2796816.830799996852875, 814551.254200000315905 ], [ 2796859.355499997735023, 814545.609900001436472 ], [ 2796886.47919999808073, 814542.529699999839067 ], [ 2796942.700900003314018, 814535.312600001692772 ], [ 2796947.100000001490116, 814534.747299998998642 ], [ 2796964.565399996936321, 814532.502700001001358 ], [ 2797009.473899997770786, 814526.735599998384714 ], [ 2797065.802100002765656, 814519.502000000327826 ], [ 2797128.184199996292591, 814511.490200001746416 ], [ 2797187.535199999809265, 814503.871700000017881 ], [ 2797192.778099998831749, 814503.183600001037121 ], [ 2797244.764499999582767, 814496.220400001853704 ], [ 2797305.655699998140335, 814488.061099998652935 ], [ 2797356.511600002646446, 814481.2043999992311 ], [ 2797378.253200002014637, 814478.271699998527765 ], [ 2797403.296099998056889, 814474.675400000065565 ], [ 2797427.9868, 814471.177400000393391 ], [ 2797452.4070999994874, 814467.6385000012815 ], [ 2797464.76070000231266, 814464.631999999284744 ], [ 2797474.320699997246265, 814461.55180000141263 ], [ 2797498.487099997699261, 814453.785799998790026 ], [ 2797550.620999999344349, 814433.461399998515844 ], [ 2797603.95099999755621, 814407.378100000321865 ], [ 2797644.927299998700619, 814383.973600000143051 ], [ 2797666.857299998402596, 814369.1706000007689 ], [ 2797676.02419999986887, 814363.083999998867512 ], [ 2797720.228200003504753, 814327.375 ], [ 2797748.105599999427795, 814303.716600000858307 ], [ 2797762.515299998223782, 814290.9206000007689 ], [ 2797794.881899997591972, 814254.253299999982119 ], [ 2797846.597999997437, 814190.028000000864267 ], [ 2797909.061999998986721, 814116.406500000506639 ], [ 2797983.134099997580051, 814019.716299999505281 ], [ 2797988.090199999511242, 814014.030999999493361 ], [ 2798003.4912, 814017.922200001776218 ], [ 2798008.725900001823902, 814019.167399998754263 ], [ 2798014.894400000572205, 814020.437199998646975 ], [ 2798170.902900002896786, 814057.751800000667572 ], [ 2798219.13740000128746, 814069.228700000792742 ], [ 2798299.943300001323223, 814091.764899998903275 ], [ 2798402.597199998795986, 814118.552799999713898 ], [ 2798480.183700002729893, 814138.795200001448393 ], [ 2798515.237199999392033, 814148.437199998646975 ], [ 2798529.098099999129772, 814137.877700001001358 ], [ 2798541.255000002682209, 814148.527300000190735 ], [ 2798558.343500003218651, 814163.502300001680851 ], [ 2798590.284100003540516, 814187.586800001561642 ], [ 2798622.241099998354912, 814211.81870000064373 ], [ 2798656.541000001132488, 814236.198100000619888 ], [ 2798703.407499998807907, 814269.52309999987483 ], [ 2798752.821599997580051, 814310.204599998891354 ], [ 2798835.192199997603893, 814378.714299999177456 ], [ 2798928.081299997866154, 814457.136300001293421 ], [ 2798946.5050999969244, 814469.571800000965595 ], [ 2798967.533900000154972, 814479.221999999135733 ], [ 2798985.228699997067451, 814484.489399999380112 ], [ 2799003.816299997270107, 814488.30689999833703 ], [ 2799025.60700000077486, 814490.535100001841784 ], [ 2799049.355599999427795, 814490.32209999859333 ], [ 2799064.560000002384186, 814488.749299999326468 ], [ 2799108.207000002264977, 814479.295699998736382 ], [ 2799150.928199999034405, 814471.824599999934435 ], [ 2799188.062600001692772, 814460.388599999248981 ], [ 2799210.131800003349781, 814451.229899998754263 ], [ 2799249.707400001585484, 814437.663899999111891 ], [ 2799255.92509999871254, 814435.370200000703335 ], [ 2799268.008299998939037, 814430.577899999916553 ], [ 2799345.570200003683567, 814399.792300000786781 ], [ 2799384.10530000180006, 814384.424100000411272 ], [ 2799463.543099999427795, 814352.745700001716614 ], [ 2799468.351899996399879, 814358.135999999940395 ], [ 2799495.7787000015378, 814388.921500001102686 ], [ 2799525.564800001680851, 814422.353100001811981 ], [ 2799557.071199998259544, 814457.70160000026226 ], [ 2799609.459100000560284, 814519.747800000011921 ], [ 2799642.980700001120567, 814559.741099998354912 ], [ 2799669.039499998092651, 814590.71510000154376 ], [ 2799685.382500000298023, 814610.179299999028444 ], [ 2799726.154100000858307, 814658.757800001651049 ], [ 2799805.411700002849102, 814753.162399999797344 ], [ 2799837.942100003361702, 814791.918800000101328 ], [ 2799848.403300002217293, 814804.370600000023842 ], [ 2799873.438100002706051, 814834.681000001728535 ], [ 2799881.498999997973442, 814844.495000001043081 ], [ 2799917.789599999785423, 814888.756400000303984 ], [ 2799929.217399999499321, 814902.690999999642372 ], [ 2799953.637699998915195, 814933.5912000015378 ], [ 2800034.353500001132488, 815036.343499999493361 ], [ 2800107.647299997508526, 815109.678300000727177 ], [ 2800138.105200000107288, 815148.229800000786781 ], [ 2800193.179999999701977, 815212.348600000143051 ], [ 2800274.059600003063679, 815328.462000001221895 ], [ 2800476.229999996721745, 815236.834499999880791 ], [ 2800513.257799997925758, 815220.778200000524521 ], [ 2800580.3257, 815191.876800000667572 ], [ 2800653.7179000005126, 815160.296700000762939 ], [ 2800672.371100001037121, 815152.178399998694658 ], [ 2800725.201300002634525, 815129.199799999594688 ], [ 2800776.147299997508526, 815107.032299999147654 ], [ 2800829.337999999523163, 815083.889899998903275 ], [ 2800884.003200002014637, 815060.108500000089407 ], [ 2800952.250699996948242, 815030.412500001490116 ], [ 2801003.9341000020504, 815007.933600001037121 ], [ 2801025.560900002717972, 814998.521000001579523 ], [ 2801056.485699996352196, 814984.824000000953674 ], [ 2801087.205700002610683, 814971.217099998146296 ], [ 2801107.333499997854233, 814962.312399998307228 ], [ 2801193.226599998772144, 814924.956900000572205 ], [ 2801333.416299998760223, 814870.177000001072884 ], [ 2801349.718400001525879, 814863.230200000107288 ], [ 2801436.52080000191927, 814829.380800001323223 ], [ 2801526.255999997258186, 814794.581199999898672 ], [ 2801617.359200000762939, 814758.855900000780821 ], [ 2801627.320699997246265, 814754.628800000995398 ], [ 2801733.964100003242493, 814721.557700000703335 ], [ 2801849.749899998307228, 814685.644000001251698 ], [ 2802063.511900000274181, 814626.235599998384714 ], [ 2802105.061700001358986, 814615.4712999984622 ], [ 2802166.616400003433228, 814601.217199999839067 ], [ 2802227.425599999725819, 814587.135200001299381 ], [ 2802287.472999997437, 814573.864100001752377 ], [ 2802436.45269999653101, 814542.898400001227856 ], [ 2802506.027400001883507, 814527.423700001090765 ], [ 2802738.671999998390675, 814472.078499998897314 ], [ 2802946.67509999871254, 814422.598900001496077 ], [ 2802950.37780000269413, 814421.714099999517202 ], [ 2802979.844499997794628, 814417.519799999892712 ], [ 2803055.235399998724461, 814421.33729999884963 ], [ 2803075.076499998569489, 814422.344900000840425 ], [ 2803162.902900002896786, 814428.153000000864267 ], [ 2803197.030799999833107, 814430.27479999884963 ], [ 2803249.623400002717972, 814434.30519999936223 ], [ 2803268.120899997651577, 814435.640500001609325 ], [ 2803300.782399997115135, 814438.286499999463558 ], [ 2803354.259800001978874, 814442.857700001448393 ], [ 2803378.647399999201298, 814444.938400000333786 ], [ 2803418.411399997770786, 814448.682199999690056 ], [ 2803536.490900002419949, 814460.052700001746416 ], [ 2803539.841399997472763, 814460.380399998277426 ], [ 2803762.319700002670288, 814477.862100001424551 ], [ 2803800.330600000917912, 814480.401599999517202 ], [ 2803812.487499997019768, 814481.11430000141263 ], [ 2803827.077500000596046, 814480.835799999535084 ], [ 2803836.539200000464916, 814479.287500001490116 ], [ 2803814.215999998152256, 814119.011500000953674 ], [ 2803806.286200001835823, 813977.617600001394749 ], [ 2803644.641599997878075, 813900.211399998515844 ], [ 2803553.612099997699261, 813856.433400001376867 ], [ 2803461.837200000882149, 813813.86769999936223 ], [ 2803419.894100002944469, 813794.321600001305342 ], [ 2803351.949699997901917, 813762.667700000107288 ], [ 2803298.292099997401237, 813737.706700000911951 ], [ 2803073.503600001335144, 813633.021099999547005 ], [ 2802867.94990000128746, 813535.233199998736382 ], [ 2802729.619800001382828, 813470.180599998682737 ], [ 2802601.275799997150898, 813411.79619999974966 ], [ 2802426.4912, 813328.868599999696016 ], [ 2802377.76519999653101, 813305.177299998700619 ], [ 2802286.54730000346899, 813263.381700001657009 ], [ 2802099.188100002706051, 813174.318300001323223 ], [ 2801637.683600001037121, 812955.944099999964237 ], [ 2801447.940499998629093, 812867.093699999153614 ], [ 2801344.131399996578693, 812823.225499998778105 ], [ 2801317.269900001585484, 812819.5472999997437 ], [ 2801299.165600001811981, 812818.293999999761581 ], [ 2801288.384900003671646, 812816.8766999989748 ], [ 2801072.0996999964118, 812745.049300000071526 ], [ 2801025.675599999725819, 812729.599199999123812 ], [ 2801003.147600002586842, 812722.275499999523163 ], [ 2800937.3904, 812700.927200000733137 ], [ 2800911.937899999320507, 812692.661400001496077 ], [ 2800827.978100001811981, 812664.841400001198053 ], [ 2800783.667599998414516, 812650.161400001496077 ], [ 2800676.336000002920628, 812616.819899998605251 ], [ 2800563.056999996304512, 812580.504799999296665 ], [ 2800402.5757, 812530.92680000141263 ], [ 2800288.633199997246265, 812502.271200001239777 ], [ 2800204.312899999320507, 812488.516800001263618 ], [ 2800151.572800002992153, 812480.832699999213219 ], [ 2800097.01410000026226, 812474.598600000143051 ], [ 2800046.2483000010252, 812471.379099998623133 ], [ 2800004.346199996769428, 812468.937899999320507 ], [ 2799945.896300002932549, 812468.847800001502037 ], [ 2799873.208700001239777, 812470.117600001394749 ], [ 2799836.148100003600121, 812472.345800001174212 ], [ 2799760.929099999368191, 812480.619699999690056 ], [ 2799672.324500001966953, 812494.41499999910593 ], [ 2799671.136600002646446, 812479.415500000119209 ], [ 2799670.67790000140667, 812473.631900001317263 ], [ 2799665.254799999296665, 812405.138599999248981 ], [ 2799659.389300003647804, 812331.009199999272823 ], [ 2799659.733400002121925, 812318.164200000464916 ], [ 2799645.929799996316433, 812206.974199999123812 ], [ 2799636.148599997162819, 812105.811099998652935 ], [ 2799637.205399997532368, 812096.120000001043081 ], [ 2799639.712099999189377, 812073.092300001531839 ], [ 2799633.469800002872944, 812021.081300001591444 ], [ 2799630.578000001609325, 811973.575899999588728 ], [ 2799629.447499997913837, 811927.790800001472235 ], [ 2799621.4358000010252, 811878.319299999624491 ], [ 2799613.399400003254414, 811825.112300001084805 ], [ 2799611.040100000798702, 811722.376400001347065 ], [ 2799597.482299998402596, 811659.44539999961853 ], [ 2799591.592299997806549, 811623.7939000017941 ], [ 2799589.2412, 811610.285300001502037 ], [ 2799578.378600001335144, 811524.65430000051856 ], [ 2799632.552299998700619, 811513.128100000321865 ], [ 2799678.845299996435642, 811503.756499998271465 ], [ 2799675.314499996602535, 811485.398200001567602 ], [ 2799652.557199999690056, 811400.406199999153614 ], [ 2799633.281400002539158, 811348.198600001633167 ], [ 2799620.706699997186661, 811303.642299998551607 ], [ 2799592.812899999320507, 811188.700399998575449 ], [ 2799586.382200002670288, 811175.789799999445677 ], [ 2799584.203100003302097, 811171.415199998766184 ], [ 2799582.122299998998642, 811167.286499999463558 ], [ 2799577.780599996447563, 811165.123799998313189 ], [ 2799557.800300002098083, 811168.105700001120567 ], [ 2799543.857500001788139, 811166.811299998313189 ], [ 2799534.403899997472763, 811161.838799998164177 ], [ 2799515.144599996507168, 811148.149999998509884 ], [ 2799505.297799997031689, 811133.322399999946356 ], [ 2799494.37780000269413, 811119.199400000274181 ], [ 2799487.25900000333786, 811103.487199999392033 ], [ 2799478.059399999678135, 811069.678800001740456 ], [ 2799467.78660000115633, 811051.304099999368191 ], [ 2799457.513800002634525, 811032.921300001442432 ], [ 2799433.937299996614456, 811036.894400000572205 ], [ 2799415.947599999606609, 811036.525800000876188 ], [ 2799394.451800003647804, 811040.031899999827147 ], [ 2799353.778499998152256, 810961.970400001853704 ], [ 2799334.011200003325939, 810919.634100001305342 ], [ 2799321.395599998533726, 810893.862100001424551 ], [ 2799317.160300001502037, 810883.523800000548363 ], [ 2799300.088200002908707, 810818.782400000840425 ], [ 2799299.105099998414516, 810806.322399999946356 ], [ 2799384.219999998807907, 810795.697399999946356 ], [ 2799413.154200002551079, 810791.388399999588728 ], [ 2799435.370899997651577, 810785.285300001502037 ], [ 2799454.187899999320507, 810784.679099999368191 ], [ 2799475.5608000010252, 810786.7516999989748 ], [ 2799465.836900003254414, 810698.515700001269579 ], [ 2799558.709600001573563, 810722.788600001484156 ], [ 2799564.779899999499321, 810716.939500000327826 ], [ 2799564.894599996507168, 810702.292199999094009 ], [ 2799564.894599996507168, 810661.93019999936223 ], [ 2799565.099399998784065, 810559.612100001424551 ], [ 2799559.774599999189377, 810472.547499999403954 ], [ 2799563.10869999974966, 810467.067099999636412 ], [ 2799567.958400003612041, 810461.127900000661612 ], [ 2799572.80799999833107, 810455.188700001686811 ], [ 2799574.012299999594688, 810450.1587999984622 ], [ 2799573.143899999558926, 810446.726300001144409 ], [ 2799572.005199998617172, 810442.335400000214577 ], [ 2799570.907499998807907, 810438.067400000989437 ], [ 2799569.408399999141693, 810432.19370000064373 ], [ 2799567.909199997782707, 810426.328299999237061 ], [ 2799566.532999999821186, 810406.552799999713898 ], [ 2799566.451099999248981, 810386.449599999934435 ], [ 2799568.326999999582767, 810368.6402000002563 ], [ 2799570.817400000989437, 810357.875900000333786 ], [ 2799573.332299999892712, 810352.338100001215935 ], [ 2799581.425999999046326, 810344.015000000596046 ], [ 2799583.981899999082088, 810330.301600001752377 ], [ 2799586.365800000727177, 810304.996500000357628 ], [ 2799589.487000003457069, 810271.073499999940395 ], [ 2799606.092100001871586, 810194.109600000083447 ], [ 2799605.748099997639656, 810186.318999998271465 ], [ 2799604.617600001394749, 810180.510899998247623 ], [ 2799602.708800002932549, 810175.562899999320507 ], [ 2799587.152199998497963, 810135.241900000721216 ], [ 2799584.391500003635883, 810122.872000001370907 ], [ 2799579.902300000190735, 810114.606300000101328 ], [ 2799575.421300001442432, 810106.340500000864267 ], [ 2799574.741400003433228, 810099.475699998438358 ], [ 2799579.345299996435642, 810063.094999998807907 ], [ 2799578.861900001764297, 810041.468100000172853 ], [ 2799580.696900002658367, 810028.049600001424551 ], [ 2799585.825099997222424, 810018.456799998879433 ], [ 2799594.582400001585484, 809989.063900001347065 ], [ 2799599.161700002849102, 809977.996500000357628 ], [ 2799610.564999997615814, 809969.443999998271465 ], [ 2799621.116300001740456, 809958.753499999642372 ], [ 2799631.601999998092651, 809942.385899998247623 ], [ 2799638.647100001573563, 809925.821600001305342 ], [ 2799645.634900003671646, 809909.372099999338388 ], [ 2799650.501000002026558, 809902.834899999201298 ], [ 2799657.439599998295307, 809900.246199999004602 ], [ 2799665.09910000115633, 809897.395399998873472 ], [ 2799670.841700002551079, 809891.980500001460314 ], [ 2799674.003799997270107, 809888.941300000995398 ], [ 2799680.360799998044968, 809881.72410000115633 ], [ 2799689.240900002419949, 809874.957499999552965 ], [ 2799695.253899998962879, 809872.032999999821186 ], [ 2799701.061999998986721, 809869.214899998158216 ], [ 2799707.976000003516674, 809865.848000001162291 ], [ 2799713.079700000584126, 809863.636199999600649 ], [ 2799720.149400003254414, 809860.572399999946356 ], [ 2799729.013099998235703, 809855.018199998885393 ], [ 2799735.845200002193451, 809848.800500001758337 ], [ 2799740.563799999654293, 809844.507800001651049 ], [ 2799744.938299998641014, 809839.346900001168251 ], [ 2799751.909699998795986, 809831.113899998366833 ], [ 2799757.791599996387959, 809826.157800000160933 ], [ 2799766.704499997198582, 809818.662099998444319 ], [ 2799772.922200001776218, 809813.435600001364946 ], [ 2799778.345299996435642, 809808.512200001627207 ], [ 2799785.046400003135204, 809802.499299999326468 ], [ 2799790.51860000193119, 809796.207800000905991 ], [ 2799798.129000000655651, 809787.434200000017881 ], [ 2799802.200400002300739, 809780.585700001567602 ], [ 2799806.30460000038147, 809773.696199998259544 ], [ 2799810.187600001692772, 809764.979899998754263 ], [ 2799812.473200000822544, 809759.769799999892712 ], [ 2799814.726000003516674, 809755.804900001734495 ], [ 2799817.232799999415874, 809751.553199999034405 ], [ 2799818.199400000274181, 809747.686599999666214 ], [ 2799818.133900001645088, 809740.690600000321865 ], [ 2799817.011600002646446, 809733.465300001204014 ], [ 2799815.0537, 809725.379799999296665 ], [ 2799810.662799999117851, 809715.516600001603365 ], [ 2799803.806100003421307, 809707.201699998229742 ], [ 2799789.699400000274181, 809696.773299999535084 ], [ 2799770.661200001835823, 809684.092099998146296 ], [ 2799764.042099997401237, 809678.177499998360872 ], [ 2799754.62950000166893, 809669.780699998140335 ], [ 2799753.097599998116493, 809661.90819999948144 ], [ 2799754.080600000917912, 809655.362799998372793 ], [ 2799756.128600001335144, 809648.481499999761581 ], [ 2799761.355099998414516, 809638.610100001096725 ], [ 2799768.990099996328354, 809624.249499998986721 ], [ 2799775.109499998390675, 809612.649700000882149 ], [ 2799779.918200001120567, 809605.760200001299381 ], [ 2799785.095499999821186, 809601.631400000303984 ], [ 2799796.33500000089407, 809595.995299998670816 ], [ 2799802.306900002062321, 809594.209499999880791 ], [ 2799809.3684, 809592.087699998170137 ], [ 2799816.175999999046326, 809590.047899998724461 ], [ 2799822.385499998927116, 809588.1064000017941 ], [ 2799828.13629999756813, 809586.27140000090003 ], [ 2799833.248099997639656, 809583.666400000452995 ], [ 2799835.926899999380112, 809580.217500001192093 ], [ 2799838.277999997138977, 809575.900400001555681 ], [ 2799840.342399999499321, 809572.05009999871254 ], [ 2799844.233599998056889, 809564.570799998939037 ], [ 2799850.69709999859333, 809552.086199998855591 ], [ 2799856.685400001704693, 809540.609200000762939 ], [ 2799865.024899996817112, 809526.461599998176098 ], [ 2799867.449699997901917, 809522.349300000816584 ], [ 2799878.181199997663498, 809499.239599999040365 ], [ 2799884.382600001990795, 809485.75560000166297 ], [ 2799889.486199997365475, 809474.852000001817942 ], [ 2799895.130500003695488, 809453.0777000002563 ], [ 2799899.414899997413158, 809436.652699999511242 ], [ 2799903.601000003516674, 809421.006000000983477 ], [ 2799906.4846, 809410.208999998867512 ], [ 2799905.763700000941753, 809400.370400000363588 ], [ 2799904.371100001037121, 809393.964200001209974 ], [ 2799899.726199999451637, 809371.264199998229742 ], [ 2799897.096600003540516, 809359.164599999785423 ], [ 2799892.7466000020504, 809343.542500000447035 ], [ 2799889.052000001072884, 809323.381999999284744 ], [ 2799885.726099997758865, 809309.701299998909235 ], [ 2799883.686300002038479, 809297.110199999064207 ], [ 2799879.999899998307228, 809285.248199999332428 ], [ 2799868.457299999892712, 809280.19370000064373 ], [ 2799868.6294, 809271.936200000345707 ], [ 2799861.756300002336502, 809267.930300001055002 ], [ 2799857.619300000369549, 809267.840199999511242 ], [ 2799853.375900000333786, 809265.415399998426437 ], [ 2799849.44370000064373, 809259.009199999272823 ], [ 2799842.840899996459484, 809241.99439999833703 ], [ 2799839.064400002360344, 809233.925299998372793 ], [ 2799834.272100001573563, 809225.086100000888109 ], [ 2799828.652400001883507, 809216.271600000560284 ], [ 2799826.891099996864796, 809211.397300001233816 ], [ 2799822.549400001764297, 809203.983600001782179 ], [ 2799818.191200003027916, 809186.354400001466274 ], [ 2799817.183600001037121, 809178.432700000703335 ], [ 2799817.773400001227856, 809172.468899998813868 ], [ 2799819.960699997842312, 809166.308499999344349 ], [ 2799820.534100003540516, 809155.028200000524521 ], [ 2799820.919200003147125, 809144.263900000602007 ], [ 2799822.025100000202656, 809139.037399999797344 ], [ 2799822.4265, 809133.597899999469519 ], [ 2799821.476199999451637, 809126.307000000029802 ], [ 2799819.768200002610683, 809116.968199998140335 ], [ 2799817.126299999654293, 809112.093899998813868 ], [ 2799815.373199999332428, 809107.260600000619888 ], [ 2799809.630599997937679, 809100.60869999974966 ], [ 2799801.758100003004074, 809092.359400000423193 ], [ 2799793.041799999773502, 809074.312399998307228 ], [ 2799789.404500000178814, 809064.768699999898672 ], [ 2799786.807700000703335, 809054.987500000745058 ], [ 2799783.784800000488758, 809049.408700000494719 ], [ 2799783.203199997544289, 809046.615200001746416 ], [ 2799784.661399997770786, 809041.102000001817942 ], [ 2799785.603399999439716, 809037.186200000345707 ], [ 2799784.661399997770786, 809032.770799998193979 ], [ 2799781.695900000631809, 809029.010600000619888 ], [ 2799778.361699998378754, 809024.275699999183416 ], [ 2799775.625600002706051, 809015.444699998944998 ], [ 2799770.079599998891354, 809004.573899999260902 ], [ 2799761.715599998831749, 809001.403599999845028 ], [ 2799757.013400003314018, 808999.806099999696016 ], [ 2799754.0641999989748, 808997.217500001192093 ], [ 2799751.30349999666214, 808993.252500001341105 ], [ 2799747.944799996912479, 808989.435100000351667 ], [ 2799743.062399998307228, 808984.741099998354912 ], [ 2799738.950000002980232, 808980.104400001466274 ], [ 2799735.148900002241135, 808972.084399998188019 ], [ 2799720.411499999463558, 808959.788199998438358 ], [ 2799719.592299997806549, 808955.921599999070168 ], [ 2799718.535499997437, 808949.499099999666214 ], [ 2799715.094899997115135, 808941.004000000655651 ], [ 2799710.630300000309944, 808931.591400001198053 ], [ 2799702.962499998509884, 808917.017799999564886 ], [ 2799690.740099996328354, 808905.04109999909997 ], [ 2799679.861100003123283, 808890.81980000063777 ], [ 2799676.322200000286102, 808883.774700000882149 ], [ 2799673.168200001120567, 808875.066599998623133 ], [ 2799667.147100001573563, 808863.073499999940395 ], [ 2799666.499899998307228, 808856.372400000691414 ], [ 2799666.295100003480911, 808845.378800000995398 ], [ 2799665.762699998915195, 808841.037000000476837 ], [ 2799664.296300001442432, 808837.301399998366833 ], [ 2799664.394599996507168, 808832.673000000417233 ], [ 2799665.262999996542931, 808828.052700001746416 ], [ 2799665.885499998927116, 808820.335799999535084 ], [ 2799666.057599999010563, 808798.536899998784065 ], [ 2799667.564900003373623, 808788.944099999964237 ], [ 2799666.303300000727177, 808780.579999998211861 ], [ 2799663.468900002539158, 808774.427799999713898 ], [ 2799660.421499997377396, 808770.159800000488758 ], [ 2799658.709399998188019, 808767.112399999052286 ], [ 2799656.636799998581409, 808763.081900000572205 ], [ 2799654.498700000345707, 808753.218800000846386 ], [ 2799643.488600000739098, 808739.251400001347065 ], [ 2799639.29839999973774, 808737.051899999380112 ], [ 2799628.595600001513958, 808736.023699998855591 ], [ 2799621.9846, 808734.360800001770258 ], [ 2799611.163000002503395, 808729.421000000089407 ], [ 2799601.078599996864796, 808723.236000001430511 ], [ 2799586.308499999344349, 808710.677700001746416 ], [ 2799579.091300003230572, 808705.008799999952316 ], [ 2799569.506700001657009, 808699.266199998557568 ], [ 2799563.133299998939037, 808696.734900001436472 ], [ 2799541.621100001037121, 808690.287799999117851 ], [ 2799523.443099997937679, 808687.215799998492002 ], [ 2799494.386, 808685.642900001257658 ], [ 2799488.348499998450279, 808684.56980000063777 ], [ 2799484.4408999979496, 808682.956000000238419 ], [ 2799481.754000000655651, 808679.326900001615286 ], [ 2799467.835799999535084, 808637.940900001674891 ], [ 2799397.785999998450279, 808468.11259999871254 ], [ 2799389.20889999717474, 808447.313099998980761 ], [ 2799358.136699996888638, 808375.174300000071526 ], [ 2799348.740500003099442, 808361.796799998730421 ], [ 2799307.215199999511242, 808338.818199999630451 ], [ 2799270.277500003576279, 808318.100699998438358 ], [ 2799233.7820999994874, 808297.4814000017941 ], [ 2799194.730899997055531, 808275.403999999165535 ], [ 2799158.628700003027916, 808270.177499998360872 ], [ 2799134.642499998211861, 808266.736800000071526 ], [ 2799107.70719999819994, 808263.287999998778105 ], [ 2799042.810199998319149, 808255.071400001645088 ], [ 2798972.784999996423721, 808246.519000001251698 ], [ 2798946.349399998784065, 808241.407200001180172 ], [ 2798939.935099996626377, 808237.352099999785423 ], [ 2798936.543600000441074, 808233.424100000411272 ], [ 2798934.860100001096725, 808225.838300000876188 ], [ 2798909.665600001811981, 808224.416999999433756 ], [ 2798893.855099998414516, 808225.875100001692772 ], [ 2798887.571800000965595, 808231.789799999445677 ], [ 2798863.855999998748302, 808273.306800000369549 ], [ 2798845.112700000405312, 808300.856499999761581 ], [ 2798825.009499996900558, 808320.13230000063777 ], [ 2798810.780000001192093, 808329.938099998980761 ], [ 2798790.275399997830391, 808343.504099998623133 ], [ 2798752.174400001764297, 808367.359200000762939 ], [ 2798693.60980000346899, 808397.513900000602007 ], [ 2798617.112899996340275, 808433.976500000804663 ], [ 2798576.89019999653101, 808449.860800001770258 ], [ 2798534.414700001478195, 808470.832299999892712 ], [ 2798495.322499997913837, 808494.023899998515844 ], [ 2798446.760300002992153, 808528.848099999129772 ], [ 2798420.128100000321865, 808550.999200001358986 ], [ 2798388.228500001132488, 808579.49100000038743 ], [ 2798353.649999998509884, 808612.635800000280142 ], [ 2798348.505500003695488, 808612.52930000051856 ], [ 2798339.158399999141693, 808608.048300001770258 ], [ 2798331.679099999368191, 808596.325599998235703 ], [ 2798322.200900003314018, 808577.271000001579523 ], [ 2798314.598800003528595, 808550.876400001347065 ], [ 2798313.607500001788139, 808547.460299998521805 ], [ 2798311.870800003409386, 808539.02250000089407 ], [ 2798304.268700003623962, 808501.208299998193979 ], [ 2798303.49040000140667, 808497.095899999141693 ], [ 2798296.895900003612041, 808467.195099998265505 ], [ 2798264.643899999558926, 808409.09739999845624 ], [ 2798272.459100000560284, 808404.116700001060963 ], [ 2798242.451800003647804, 808341.341400001198053 ], [ 2798230.41780000180006, 808296.506599999964237 ], [ 2798204.015000000596046, 808206.984400000423193 ], [ 2798201.024899996817112, 808169.366700001060963 ], [ 2798198.567299999296665, 808138.417300000786781 ], [ 2798189.851000003516674, 808117.642400000244379 ], [ 2798181.134700000286102, 808096.867499999701977 ], [ 2798169.264499999582767, 808076.067999999970198 ], [ 2798146.269500002264977, 808054.097100000828505 ], [ 2798135.521600000560284, 808046.814399998635054 ], [ 2798131.818899996578693, 808041.096400000154972 ], [ 2798129.721699997782707, 808035.206300001591444 ], [ 2798126.690700002014637, 808025.474199999123812 ], [ 2798124.32320000231266, 808013.538499999791384 ], [ 2798123.372900001704693, 807990.600900001823902 ], [ 2798116.368699997663498, 807968.482500001788139 ], [ 2798104.391999997198582, 807912.30180000141263 ], [ 2798104.662399999797344, 807899.899099998176098 ], [ 2798107.332999996840954, 807888.266399998217821 ], [ 2798107.52139999717474, 807878.796500001102686 ], [ 2798110.69990000128746, 807871.603900000452995 ], [ 2798117.572999998927116, 807861.265599999576807 ], [ 2798118.719899997115135, 807855.006900001317263 ], [ 2798119.383400000631809, 807851.836599998176098 ], [ 2798119.850299999117851, 807829.324999999254942 ], [ 2798118.965599998831749, 807823.164599999785423 ], [ 2798118.080899998545647, 807816.995999999344349 ], [ 2798108.037500001490116, 807785.546900000423193 ], [ 2798105.465199999511242, 807778.141399998217821 ], [ 2798102.901100002229214, 807770.735800001770258 ], [ 2798103.212399996817112, 807756.047600001096725 ], [ 2798099.591499999165535, 807734.813900001347065 ], [ 2798093.15259999781847, 807685.702899999916553 ], [ 2798094.864699997007847, 807680.40260000154376 ], [ 2798097.559900000691414, 807677.035700000822544 ], [ 2798099.427699998021126, 807674.455200001597404 ], [ 2798100.304200001060963, 807671.243999999016523 ], [ 2798100.369800001382828, 807668.024500001221895 ], [ 2798099.255699999630451, 807663.158500000834465 ], [ 2798096.298299998044968, 807660.078299999237061 ], [ 2798092.079499997198582, 807659.381999999284744 ], [ 2798087.45099999755621, 807658.284200001507998 ], [ 2798057.148800000548363, 807630.734499998390675 ], [ 2798035.513700000941753, 807610.828000001609325 ], [ 2798014.509400002658367, 807591.511199999600649 ], [ 2798011.969899997115135, 807587.833000000566244 ], [ 2798009.938299998641014, 807578.715300001204014 ], [ 2798010.085699997842312, 807571.670200001448393 ], [ 2798011.605400003492832, 807566.361800000071526 ], [ 2798013.706600002944469, 807562.171599999070168 ], [ 2798012.371299996972084, 807558.415600001811981 ], [ 2798001.443199999630451, 807546.741999998688698 ], [ 2797987.418499998748302, 807532.75 ], [ 2797979.357500001788139, 807522.501800000667572 ], [ 2797973.524800002574921, 807511.901399999856949 ], [ 2797969.207699999213219, 807496.492199998348951 ], [ 2797960.237400002777576, 807470.990499999374151 ], [ 2797957.845399998128414, 807459.857599999755621 ], [ 2797956.280699998140335, 807447.733399998396635 ], [ 2797954.232699997723103, 807410.467999998480082 ], [ 2797957.804399996995926, 807374.47239999845624 ], [ 2797959.999899998307228, 807365.649599999189377 ], [ 2797967.388999998569489, 807359.751400001347065 ], [ 2797970.329999998211861, 807355.663600001484156 ], [ 2797972.861299999058247, 807350.07660000026226 ], [ 2797972.214100003242493, 807342.204100001603365 ], [ 2797970.7478, 807335.118000000715256 ], [ 2797967.847800001502037, 807329.211599998176098 ], [ 2797963.678099997341633, 807325.901999998837709 ], [ 2797956.903300002217293, 807321.928899999707937 ], [ 2797944.492399998009205, 807317.36600000038743 ], [ 2797965.21000000089407, 807307.420899998396635 ], [ 2797992.890699997544289, 807299.07319999858737 ], [ 2798012.805500000715256, 807292.732599999755621 ], [ 2798028.181900002062321, 807284.368599999696016 ], [ 2798037.545299999415874, 807275.15260000154376 ], [ 2798043.500900000333786, 807267.329199999570847 ], [ 2798048.498000003397465, 807258.989799998700619 ], [ 2798053.626199997961521, 807250.863299999386072 ], [ 2798054.17509999871254, 807244.014800000935793 ], [ 2798051.094899997115135, 807236.183200001716614 ], [ 2798046.7449000030756, 807231.866099998354912 ], [ 2798038.749499998986721, 807228.269799999892712 ], [ 2798031.94200000166893, 807225.713899999856949 ], [ 2798023.528800003230572, 807223.518399998545647 ], [ 2798015.484300002455711, 807221.740699999034405 ], [ 2797996.536200001835823, 807221.347500000149012 ], [ 2797926.9287, 807217.251499999314547 ], [ 2797916.238200001418591, 807217.030299998819828 ], [ 2797906.784599997103214, 807215.826099999248981 ], [ 2797900.58330000191927, 807213.483199998736382 ], [ 2797894.201700001955032, 807209.723099999129772 ], [ 2797890.2368, 807206.421700000762939 ], [ 2797886.296400003135204, 807201.899700000882149 ], [ 2797883.167099997401237, 807197.402300000190735 ], [ 2797880.848700001835823, 807192.315099999308586 ], [ 2797879.341399997472763, 807187.047600001096725 ], [ 2797878.268299996852875, 807180.575899999588728 ], [ 2797878.563199996948242, 807166.346400000154972 ], [ 2797881.127300001680851, 807158.539500001817942 ], [ 2797885.100400000810623, 807151.772900000214577 ], [ 2797893.341499999165535, 807143.277800001204014 ], [ 2797904.015699997544289, 807134.430399999022484 ], [ 2797933.433200001716614, 807108.691100001335144 ], [ 2797939.265900000929832, 807099.540699999779463 ], [ 2797942.23139999806881, 807092.946100000292063 ], [ 2797943.378300003707409, 807086.12220000103116 ], [ 2797943.533900000154972, 807078.872299998998642 ], [ 2797942.895000003278255, 807070.598299998790026 ], [ 2797940.609399996697903, 807064.093899998813868 ], [ 2797937.684799998998642, 807059.195099998265505 ], [ 2797932.892499998211861, 807055.090900000184774 ], [ 2797927.018899999558926, 807050.822900000959635 ], [ 2797919.32660000026226, 807047.562399998307228 ], [ 2797910.569300003349781, 807045.825699999928474 ], [ 2797902.033299997448921, 807045.129399999976158 ], [ 2797891.129699997603893, 807046.456500001251698 ], [ 2797864.784199997782707, 807056.000199999660254 ], [ 2797857.657200001180172, 807032.480999998748302 ], [ 2797858.181500002741814, 807007.27419999986887 ], [ 2797835.170199997723103, 806976.914599999785423 ], [ 2797832.515900000929832, 806968.902899999171495 ], [ 2797816.205700002610683, 806951.494899999350309 ], [ 2797813.81360000371933, 806948.291799999773502 ], [ 2797811.683700002729893, 806941.435100000351667 ], [ 2797812.625799998641014, 806934.291700001806021 ], [ 2797816.181100003421307, 806927.820000000298023 ], [ 2797820.760399997234344, 806921.708700001239777 ], [ 2797821.759900003671646, 806914.671799998730421 ], [ 2797820.178800001740456, 806908.798099998384714 ], [ 2797816.066399998962879, 806901.77760000154376 ], [ 2797799.911799997091293, 806882.559200000017881 ], [ 2797793.005900003015995, 806870.746300000697374 ], [ 2797766.791500002145767, 806842.574000000953674 ], [ 2797751.497100003063679, 806826.009799998253584 ], [ 2797739.8235, 806813.066399998962879 ], [ 2797731.754299998283386, 806801.401000000536442 ], [ 2797725.348200000822544, 806791.996599998325109 ], [ 2797721.5471, 806786.245799999684095 ], [ 2797719.040399998426437, 806780.601500000804663 ], [ 2797719.130500003695488, 806776.317099999636412 ], [ 2797722.792300000786781, 806771.868900001049042 ], [ 2797732.679999999701977, 806766.355700001120567 ], [ 2797739.929999999701977, 806761.506000000983477 ], [ 2797744.320900000631809, 806756.598999999463558 ], [ 2797747.884400002658367, 806745.719999998807907 ], [ 2797756.109200000762939, 806730.523800000548363 ], [ 2797760.008599996566772, 806726.19029999896884 ], [ 2797763.91610000282526, 806721.864900000393391 ], [ 2797774.8279, 806713.279699999839067 ], [ 2797787.115900002419949, 806706.15260000154376 ], [ 2797800.116599999368191, 806699.754700001329184 ], [ 2797805.810000002384186, 806697.755800001323223 ], [ 2797813.55969999730587, 806695.036100000143051 ], [ 2797824.340300001204014, 806692.398299999535084 ], [ 2797831.63120000064373, 806688.859299998730421 ], [ 2797835.276699997484684, 806685.131999999284744 ], [ 2797837.545800000429153, 806679.4712999984622 ], [ 2797841.920400001108646, 806675.268800001591444 ], [ 2797849.915799997746944, 806668.764400001615286 ], [ 2797856.731499999761581, 806661.997800000011921 ], [ 2797862.859099999070168, 806653.78940000012517 ], [ 2797868.986699998378754, 806645.581000000238419 ], [ 2797872.00959999859333, 806638.028000000864267 ], [ 2797871.419799998402596, 806631.589099999517202 ], [ 2797869.486400000751019, 806623.028400000184774 ], [ 2797862.65429999679327, 806595.536100000143051 ], [ 2797862.785400003194809, 806589.3429000005126 ], [ 2797864.079700000584126, 806584.370400000363588 ], [ 2797869.912399999797344, 806579.012800000607967 ], [ 2797916.05799999833107, 806538.126499999314547 ], [ 2797920.006499998271465, 806535.603399999439716 ], [ 2797923.455300003290176, 806529.959100000560284 ], [ 2797952.291199997067451, 806476.735700000077486 ], [ 2797957.362000003457069, 806470.157499998807907 ], [ 2797963.055500000715256, 806464.742600001394749 ], [ 2797971.739, 806459.516100000590086 ], [ 2797982.683499999344349, 806454.191300000995398 ], [ 2798003.4912, 806442.419399999082088 ], [ 2798011.027800001204014, 806434.956500001251698 ], [ 2798044.451200000941753, 806389.572799999266863 ], [ 2798055.649599999189377, 806364.390599999576807 ], [ 2798138.495300002396107, 806234.69480000063777 ], [ 2798158.303599998354912, 806184.592599999159575 ], [ 2798162.162000000476837, 806172.148899998515844 ], [ 2798167.880000002682209, 806125.061299998313189 ], [ 2798174.122299998998642, 806086.845600001513958 ], [ 2798178.357600003480911, 806001.206500001251698 ], [ 2798229.893500000238419, 805985.28940000012517 ], [ 2798276.768100000917912, 805981.431000001728535 ], [ 2798323.642700001597404, 805918.385299999266863 ], [ 2798337.200499996542931, 805911.225499998778105 ], [ 2798364.602700002491474, 805925.790899999439716 ], [ 2798381.50280000269413, 805944.0016999989748 ], [ 2798410.453400000929832, 805962.54839999973774 ], [ 2798423.576899997889996, 805977.900199998170137 ], [ 2798437.069200001657009, 806003.778799999505281 ], [ 2798441.894299998879433, 806055.969999998807907 ], [ 2798436.815200001001358, 806165.243099998682737 ], [ 2798502.302100002765656, 806219.457699999213219 ], [ 2798520.258900001645088, 806171.510000001639128 ], [ 2798531.6294, 806144.353500001132488 ], [ 2798538.395999997854233, 806131.262699998915195 ], [ 2798543.647100001573563, 806123.054299999028444 ], [ 2798549.299599997699261, 806114.772199999541044 ], [ 2798556.0088, 806106.891499999910593 ], [ 2798563.406199999153614, 806100.051100000739098 ], [ 2798570.033500000834465, 806093.595800001174212 ], [ 2798578.135399997234344, 806088.123599998652935 ], [ 2798586.032499998807907, 806084.732099998742342 ], [ 2798594.535800002515316, 806081.021099999547005 ], [ 2798604.636500000953674, 806078.383299998939037 ], [ 2798615.802199997007847, 806075.557100001722574 ], [ 2798626.861400000751019, 806073.246899999678135 ], [ 2798638.723399996757507, 806072.018100000917912 ], [ 2798652.387699998915195, 806071.4037000015378 ], [ 2798666.264899998903275, 806070.420699998736382 ], [ 2798678.774099998176098, 806068.102299999445677 ], [ 2798687.007100000977516, 806066.095300000160933 ], [ 2798693.060999996960163, 806065.144999999552965 ], [ 2798698.639700002968311, 806063.924400001764297 ], [ 2798704.292199999094009, 806062.44990000128746 ], [ 2798708.912500001490116, 806060.172499999403954 ], [ 2798712.951099999248981, 806058.337499998509884 ], [ 2798718.292300000786781, 806055.101599998772144 ], [ 2798723.789200000464916, 806052.1689000017941 ], [ 2798728.147299997508526, 806048.4087999984622 ], [ 2798735.6184, 806040.290500000119209 ], [ 2798740.222300000488758, 806034.588899999856949 ], [ 2798741.647699996829033, 806031.795400001108646 ], [ 2798742.983000002801418, 806028.788899999111891 ], [ 2798743.450000002980232, 806025.651399999856949 ], [ 2798743.77759999781847, 806020.457699999213219 ], [ 2798744.301899999380112, 806016.607400000095367 ], [ 2798744.564099997282028, 806009.562300000339746 ], [ 2798744.457599997520447, 806004.483300000429153 ], [ 2798743.196000002324581, 805998.011599998921156 ], [ 2798738.698600001633167, 805974.328499998897314 ], [ 2798737.756499998271465, 805970.90430000051856 ], [ 2798737.232199996709824, 805967.668400000780821 ], [ 2798736.814400002360344, 805964.670099999755621 ], [ 2798736.634199999272823, 805961.5489999987185 ], [ 2798736.880000002682209, 805956.715700000524521 ], [ 2798738.452799998223782, 805949.211800001561642 ], [ 2798741.442900002002716, 805934.220499999821186 ], [ 2798747.242899999022484, 805914.821800000965595 ], [ 2798749.282700002193451, 805907.440799999982119 ], [ 2798751.363399997353554, 805901.534400001168251 ], [ 2798756.245899997651577, 805895.046300001442432 ], [ 2798763.528599999845028, 805885.502700001001358 ], [ 2798768.075099997222424, 805875.803300000727177 ], [ 2798770.565499998629093, 805864.129700001329184 ], [ 2798773.662100002169609, 805846.467799998819828 ], [ 2798773.850500002503395, 805837.481199998408556 ], [ 2798776.242499999701977, 805830.583500001579523 ], [ 2798779.63400000333786, 805822.309599999338388 ], [ 2798782.976400002837181, 805816.108199998736382 ], [ 2798788.448600001633167, 805808.473299998790026 ], [ 2798796.845399998128414, 805799.011500000953674 ], [ 2798799.868299998342991, 805794.145500000566244 ], [ 2798805.22580000013113, 805787.444400001317263 ], [ 2798807.068999998271465, 805785.142499998211861 ], [ 2798808.723800003528595, 805782.529199998825788 ], [ 2798812.0088, 805775.492300000041723 ], [ 2798830.522699996829033, 805724.718299999833107 ], [ 2798833.561999998986721, 805716.91950000077486 ], [ 2798835.503499999642372, 805712.331999998539686 ], [ 2798837.305699996650219, 805709.063400000333786 ], [ 2798843.761, 805702.812899999320507 ], [ 2798852.0022, 805698.135200001299381 ], [ 2798867.026299998164177, 805693.170899998396635 ], [ 2798876.217699997127056, 805690.320099998265505 ], [ 2798883.918200001120567, 805685.7162000015378 ], [ 2798910.607699997723103, 805649.761500000953674 ], [ 2798933.815700002014637, 805623.538899999111891 ], [ 2798938.870099999010563, 805605.622999999672174 ], [ 2798940.221799999475479, 805590.508699998259544 ], [ 2798935.372100003063679, 805566.883000001311302 ], [ 2798906.896700002253056, 805464.884399998933077 ], [ 2798881.304899998009205, 805408.302299998700619 ], [ 2798875.840899996459484, 805393.048799999058247 ], [ 2798874.390900000929832, 805386.175700001418591 ], [ 2798874.472800001502037, 805379.16330000013113 ], [ 2798876.52080000191927, 805364.819099999964237 ], [ 2798892.527999997138977, 805295.154399998486042 ], [ 2798902.825300000607967, 805249.844399999827147 ], [ 2798905.70889999717474, 805230.478500001132488 ], [ 2798904.889700002968311, 805213.177000001072884 ], [ 2798887.579999998211861, 805132.649700000882149 ], [ 2798839.66499999910593, 804951.311599999666214 ], [ 2798829.826399996876717, 804927.743200000375509 ], [ 2798820.225400000810623, 804914.218199998140335 ], [ 2798806.667599998414516, 804902.307000000029802 ], [ 2798786.122100003063679, 804893.066399998962879 ], [ 2798691.414399996399879, 804872.701099999248981 ], [ 2798650.102099999785423, 804866.155699998140335 ], [ 2798615.359899997711182, 804858.389699999243021 ], [ 2798579.790200002491474, 804845.651099998503923 ], [ 2798517.219700001180172, 804818.756799999624491 ], [ 2798490.792300000786781, 804802.004200000315905 ], [ 2798474.416500002145767, 804783.883499998599291 ], [ 2798436.962700001895428, 804720.952500000596046 ], [ 2798416.933200001716614, 804680.688799999654293 ], [ 2798398.878100000321865, 804647.159000001847744 ], [ 2798458.745200000703335, 804586.710200000554323 ], [ 2798670.786899998784065, 804355.810499999672174 ], [ 2798750.535999998450279, 804269.655200000852346 ], [ 2798797.246799997985363, 804216.980700001120567 ], [ 2798841.098600000143051, 804161.144000001251698 ], [ 2798848.315800003707409, 804166.935699999332428 ], [ 2798850.421099998056889, 804171.71169999986887 ], [ 2798851.543399997055531, 804178.314399998635054 ], [ 2798851.199299998581409, 804181.124299999326468 ], [ 2798845.292900003492832, 804205.520100001245737 ], [ 2798846.054799996316433, 804234.732700001448393 ], [ 2798846.267800003290176, 804246.996199999004602 ], [ 2798847.791500002145767, 804256.179400000721216 ], [ 2798849.593699999153614, 804263.322799999266863 ], [ 2798850.781499996781349, 804271.293600000441074 ], [ 2798853.837200000882149, 804281.541799999773502 ], [ 2798856.671599999070168, 804293.371100001037121 ], [ 2798860.73480000346899, 804300.145899999886751 ], [ 2798865.174900002777576, 804303.103199999779463 ], [ 2798871.785800002515316, 804302.554299999028444 ], [ 2798875.234700001776218, 804300.014800000935793 ], [ 2798876.168600000441074, 804296.377500001341105 ], [ 2798872.686999998986721, 804264.445099998265505 ], [ 2798873.858400002121925, 804257.481899999082088 ], [ 2798872.678800001740456, 804251.346099998801947 ], [ 2798877.151600003242493, 804229.334199998527765 ], [ 2798886.285700000822544, 804222.829799998551607 ], [ 2798898.204999998211861, 804224.746700000017881 ], [ 2798903.775600001215935, 804220.011700000613928 ], [ 2798914.941299997270107, 804211.270799998193979 ], [ 2798932.750699996948242, 804203.734200000762939 ], [ 2798939.795800000429153, 804206.314699999988079 ], [ 2798955.671899996697903, 804217.603300001472235 ], [ 2799015.2195999994874, 804287.59569999948144 ], [ 2799027.507600001990795, 804299.523299999535084 ], [ 2799039.394199997186661, 804307.256499998271465 ], [ 2799051.862400002777576, 804310.361299999058247 ], [ 2799058.424199998378754, 804310.656199999153614 ], [ 2799167.018500000238419, 804315.809000000357628 ], [ 2799338.516800001263618, 804324.730000000447035 ], [ 2799668.8429000005126, 804332.102800000458956 ], [ 2799778.075000002980232, 804327.769299998879433 ], [ 2799830.077799998223782, 804325.573800001293421 ], [ 2799861.019000001251698, 804322.256099998950958 ], [ 2799876.067699998617172, 804317.717700000852346 ], [ 2799940.981100000441074, 804287.038699999451637 ], [ 2799993.523100003600121, 804267.719399999827147 ], [ 2800044.339599996805191, 804249.175200000405312 ], [ 2800098.652500003576279, 804232.520899999886751 ], [ 2800170.012999996542931, 804230.472899999469519 ], [ 2800210.620800003409386, 804231.873700000345707 ], [ 2800270.55349999666214, 804251.919599998742342 ], [ 2800321.655199997127056, 804264.854699999094009 ], [ 2800365.20380000025034, 804277.486800000071526 ], [ 2800402.272600002586842, 804281.582800000905991 ], [ 2800417.927500002086163, 804295.124200001358986 ], [ 2800445.436300002038479, 804341.204199999570847 ], [ 2800456.347999997437, 804363.723999999463558 ], [ 2800466.235799998044968, 804379.73930000141263 ], [ 2800475.812200002372265, 804397.458599999547005 ], [ 2800487.018899999558926, 804412.695700000971556 ], [ 2800506.646899998188019, 804424.647900000214577 ], [ 2800547.049800001084805, 804405.625999998301268 ], [ 2800611.995999999344349, 804372.251800000667572 ], [ 2800620.62219999730587, 804383.352000001817942 ], [ 2800625.652099996805191, 804391.011500000953674 ], [ 2800628.273500002920628, 804400.063700001686811 ], [ 2800630.010200001299381, 804412.261599998921156 ], [ 2800629.887299999594688, 804423.673000000417233 ], [ 2800626.028899997472763, 804451.96000000089407 ], [ 2800624.464199997484684, 804471.809200000017881 ], [ 2800627.642700001597404, 804482.573499999940395 ], [ 2800631.206299997866154, 804490.650800000876188 ], [ 2800638.202200002968311, 804497.425599999725819 ], [ 2800645.550399996340275, 804501.980399999767542 ], [ 2800653.1199000030756, 804504.585400000214577 ], [ 2800662.556999996304512, 804505.773200001567602 ], [ 2800675.9551, 804502.000900000333786 ], [ 2800688.24719999730587, 804495.967399999499321 ], [ 2800694.358400002121925, 804491.17509999871254 ], [ 2800746.459499999880791, 804430.554299999028444 ], [ 2800754.626900002360344, 804422.935699999332428 ], [ 2800761.270599998533726, 804418.364599999040365 ], [ 2800768.160099998116493, 804414.317800000309944 ], [ 2800775.311700001358986, 804410.803399998694658 ], [ 2800781.1199000030756, 804408.575199998915195 ], [ 2800792.564099997282028, 804404.356300000101328 ], [ 2800803.762500002980232, 804401.915100000798702 ], [ 2800811.717000000178814, 804401.374400001019239 ], [ 2800820.375900000333786, 804401.382599998265505 ], [ 2800829.370700001716614, 804402.095300000160933 ], [ 2800837.382500000298023, 804403.487900000065565 ], [ 2800848.818499997258186, 804406.019299998879433 ], [ 2800861.819200001657009, 804409.82039999961853 ], [ 2800872.649099998176098, 804415.702199999243021 ], [ 2800882.438500002026558, 804421.018800001591444 ], [ 2800893.497699998319149, 804428.932300001382828 ], [ 2800905.97410000115633, 804439.434399999678135 ], [ 2800917.737800002098083, 804451.681499999016523 ], [ 2800938.643799997866154, 804477.142200000584126 ], [ 2801025.511799998581409, 804399.432900000363588 ], [ 2801012.453699998557568, 804389.381299998611212 ], [ 2801008.071000002324581, 804383.122600000351667 ], [ 2801006.391699999570847, 804375.856300000101328 ], [ 2801005.441399998962879, 804370.154699999839067 ], [ 2801003.925899997353554, 804364.297400001436472 ], [ 2801003.712899997830391, 804357.031100001186132 ], [ 2801005.195600003004074, 804347.012299999594688 ], [ 2801009.250699996948242, 804335.920299999415874 ], [ 2801014.042999997735023, 804321.297600001096725 ], [ 2801017.344400003552437, 804310.156500000506639 ], [ 2801019.33500000089407, 804300.145899999886751 ], [ 2801021.038999997079372, 804291.871899999678135 ], [ 2801022.267800003290176, 804283.065499998629093 ], [ 2801022.98870000243187, 804273.144999999552965 ], [ 2801020.481899999082088, 804258.555100001394749 ], [ 2801016.287600003182888, 804247.4712999984622 ], [ 2801011.478900000452995, 804238.558400001376867 ], [ 2801006.047600001096725, 804230.210799999535084 ], [ 2800994.718099996447563, 804219.200699999928474 ], [ 2800948.465999998152256, 804179.133600000292063 ], [ 2800926.232900001108646, 804155.598000001162291 ], [ 2800915.231100000441074, 804145.800400000065565 ], [ 2800903.491999998688698, 804133.668000001460314 ], [ 2800898.093400001525879, 804123.632800001651049 ], [ 2800896.160099998116493, 804111.049899999052286 ], [ 2800882.9628000035882, 804072.285399999469519 ], [ 2800877.875600002706051, 804054.254799999296665 ], [ 2800874.311999998986721, 804031.743200000375509 ], [ 2800876.581200003623962, 804004.94709999859333 ], [ 2800883.536200001835823, 803965.346999999135733 ], [ 2800901.255500003695488, 803934.905499998480082 ], [ 2800903.205200001597404, 803926.861000001430511 ], [ 2800904.769900001585484, 803892.684000000357628 ], [ 2800904.95830000191927, 803874.563299998641014 ], [ 2800902.214000001549721, 803859.211500000208616 ], [ 2800902.066500000655651, 803854.730399999767542 ], [ 2800905.720200002193451, 803852.059799998998642 ], [ 2800917.418399997055531, 803844.49040000140667 ], [ 2800936.456600002944469, 803838.199000000953674 ], [ 2800945.418600000441074, 803835.888799998909235 ], [ 2800984.183200001716614, 803826.664599999785423 ], [ 2800987.509099997580051, 803822.724300000816584 ], [ 2800988.000600002706051, 803817.637099999934435 ], [ 2800987.156800001859665, 803812.418800000101328 ], [ 2800976.064900003373623, 803786.122400000691414 ], [ 2800973.205899998545647, 803776.717999998480082 ], [ 2800966.766999997198582, 803748.717799998819828 ], [ 2801011.274099998176098, 803735.766199998557568 ], [ 2801031.295299999415874, 803730.850999999791384 ], [ 2801068.437899999320507, 803724.657900001853704 ], [ 2801054.667099997401237, 803581.175000000745058 ], [ 2801053.35639999806881, 803516.204199999570847 ], [ 2801054.560599997639656, 803474.867400001734495 ], [ 2801061.138800002634525, 803461.932199999690056 ], [ 2801059.508599996566772, 803436.094700001180172 ], [ 2801067.045199997723103, 803429.696699999272823 ], [ 2801074.17230000346899, 803419.079900000244379 ], [ 2801078.85809999704361, 803411.780799999833107 ], [ 2801080.840599998831749, 803405.260000001639128 ], [ 2801081.807199999690056, 803398.526099998503923 ], [ 2801081.577799998223782, 803381.322900000959635 ], [ 2801083.715999998152256, 803376.293099999427795 ], [ 2801087.271300002932549, 803372.901599999517202 ], [ 2801095.98759999871254, 803366.765799999237061 ], [ 2801099.755900003015995, 803363.710099998861551 ], [ 2801102.7787000015378, 803358.925999999046326 ], [ 2801103.475100003182888, 803349.38230000063777 ], [ 2801103.335799999535084, 803334.456500001251698 ], [ 2801101.50900000333786, 803321.423000000417233 ], [ 2801098.953100003302097, 803306.743000000715256 ], [ 2801093.022100001573563, 803290.621100001037121 ], [ 2801085.206900000572205, 803274.441899999976158 ], [ 2801077.006700001657009, 803256.796399999409914 ], [ 2801070.920000001788139, 803240.518800001591444 ], [ 2801068.495200000703335, 803230.745799999684095 ], [ 2801066.504600003361702, 803223.5614 ], [ 2801065.41499999910593, 803218.220199998468161 ], [ 2801064.915299996733665, 803213.976799998432398 ], [ 2801065.316699996590614, 803209.143500000238419 ], [ 2801067.241800002753735, 803204.646099999547005 ], [ 2801069.658500000834465, 803201.271000001579523 ], [ 2801072.320900000631809, 803197.961399998515844 ], [ 2801078.170000001788139, 803190.940900001674891 ], [ 2801082.642800003290176, 803184.280799999833107 ], [ 2801087.672700002789497, 803178.276000000536442 ], [ 2801092.743500001728535, 803174.8108000010252 ], [ 2801099.477399997413158, 803171.124400001019239 ], [ 2801087.000900000333786, 803145.893100000917912 ], [ 2801078.800800003111362, 803131.876499999314547 ], [ 2801072.7550999969244, 803120.014499999582767 ], [ 2801070.166400000452995, 803113.54280000180006 ], [ 2801067.831699997186661, 803106.825399998575449 ], [ 2801064.612199999392033, 803094.96339999884367 ], [ 2801053.708700001239777, 803078.136999998241663 ], [ 2801017.139600001275539, 803033.629900000989437 ], [ 2800996.1925999969244, 803018.458299998193979 ], [ 2800978.809199996292591, 802992.743599999696016 ], [ 2800973.238600000739098, 802973.164700001478195 ], [ 2800976.048500001430511, 802961.147100001573563 ], [ 2800998.17509999871254, 802933.703899998217821 ], [ 2801008.832900002598763, 802905.539799999445677 ], [ 2801017.180500000715256, 802891.621599998325109 ], [ 2801028.288900002837181, 802880.57880000025034 ], [ 2801021.0962999984622, 802831.148200001567602 ], [ 2801010.929999999701977, 802805.490899998694658 ], [ 2801014.387100003659725, 802793.079999998211861 ], [ 2801016.025499999523163, 802787.206300001591444 ], [ 2801013.445000000298023, 802782.11089999973774 ], [ 2800999.788900002837181, 802770.57660000026226 ], [ 2800995.332500003278255, 802766.955699998885393 ], [ 2800973.828500002622604, 802731.017400000244379 ], [ 2800976.785800002515316, 802703.213799998164177 ], [ 2800976.61370000243187, 802692.433100000023842 ], [ 2800966.144400000572205, 802661.590199999511242 ], [ 2800962.597199998795986, 802637.186200000345707 ], [ 2800946.434399999678135, 802612.053199999034405 ], [ 2800960.975199997425079, 802585.330899998545647 ], [ 2800960.172399997711182, 802558.280900001525879 ], [ 2800966.398299999535084, 802540.84010000154376 ], [ 2800960.598399996757507, 802515.9364 ], [ 2800961.57320000231266, 802469.520599998533726 ], [ 2800960.745800003409386, 802432.861400000751019 ], [ 2800981.766500003635883, 802407.687399998307228 ], [ 2801016.541599996387959, 802388.41160000115633 ], [ 2801032.270199999213219, 802370.086100000888109 ], [ 2801033.548100002110004, 802343.265500001609325 ], [ 2801040.347499996423721, 802322.105500001460314 ], [ 2801103.040899999439716, 802269.660399999469519 ], [ 2801169.453400000929832, 802197.447900000959635 ], [ 2801229.59910000115633, 802161.730799999088049 ], [ 2801275.113799996674061, 802125.497499998658895 ], [ 2801292.865900002419949, 802105.623700000345707 ], [ 2801309.766000002622604, 802085.76630000025034 ], [ 2801325.453699998557568, 802058.929299999028444 ], [ 2801341.501800000667572, 802026.325199998915195 ], [ 2801346.892099998891354, 801993.508000001311302 ], [ 2801329.090899996459484, 801963.738299999386072 ], [ 2801315.639700002968311, 801931.936999998986721 ], [ 2801305.809299997985363, 801897.841899998486042 ], [ 2801267.380599997937679, 801857.094799999147654 ], [ 2801214.476700000464916, 801807.893699999898672 ], [ 2801177.50620000064373, 801743.168699998408556 ], [ 2801164.997000001370907, 801716.372699998319149 ], [ 2801154.003300003707409, 801700.91440000012517 ], [ 2801138.864500001072884, 801695.810699999332428 ], [ 2801106.0801, 801688.429800000041723 ], [ 2801097.281900003552437, 801679.467700000852346 ], [ 2801089.351999998092651, 801662.772399999201298 ], [ 2801080.431000001728535, 801652.147399999201298 ], [ 2801070.99379999935627, 801645.421799998730421 ], [ 2801061.007700003683567, 801643.906199999153614 ], [ 2801050.210699997842312, 801639.769299998879433 ], [ 2801036.988799996674061, 801619.305700000375509 ], [ 2801027.584399998188019, 801593.631900001317263 ], [ 2801023.488399997353554, 801555.276999998837709 ], [ 2801022.792000003159046, 801510.491300001740456 ], [ 2801015.558499999344349, 801466.369199998676777 ], [ 2800999.027099996805191, 801439.147199999541044 ], [ 2800967.725400000810623, 801415.709899999201298 ], [ 2800942.33839999884367, 801382.622400000691414 ], [ 2800918.565200001001358, 801320.953000001609325 ], [ 2800900.10869999974966, 801251.697900000959635 ], [ 2800885.174599997699261, 801225.335999999195337 ], [ 2800860.7051, 801187.374299999326468 ], [ 2800849.490299999713898, 801139.10700000077486 ], [ 2800840.511900000274181, 801100.645599998533726 ], [ 2800832.164200000464916, 801071.162599999457598 ], [ 2800823.775600001215935, 801043.309799998998642 ], [ 2800808.391000002622604, 801018.250399999320507 ], [ 2800808.333700001239777, 800982.893800001591444 ], [ 2800816.812399998307228, 800955.401399999856949 ], [ 2800820.564300000667572, 800927.024300001561642 ], [ 2800821.104999996721745, 800900.949200000613928 ], [ 2800818.51630000025034, 800873.22749999910593 ], [ 2800812.872000001370907, 800859.669700000435114 ], [ 2800807.2195999994874, 800846.111900001764297 ], [ 2800800.706900000572205, 800823.756000000983477 ], [ 2800801.206600002944469, 800812.393699999898672 ], [ 2800810.717600002884865, 800797.975699998438358 ], [ 2800821.875100001692772, 800782.5011 ], [ 2800828.723600000143051, 800762.766499999910593 ], [ 2800838.816100001335144, 800721.224899999797344 ], [ 2800842.543499998748302, 800684.254399999976158 ], [ 2800850.620800003409386, 800642.303199999034405 ], [ 2800863.089000001549721, 800614.327500000596046 ], [ 2800884.63400000333786, 800579.863699998706579 ], [ 2800894.579099997878075, 800565.953699998557568 ], [ 2800904.524099998176098, 800552.043699998408556 ], [ 2800924.430699996650219, 800524.231899999082088 ], [ 2800953.85639999806881, 800503.301300000399351 ], [ 2800974.7787000015378, 800477.291700001806021 ], [ 2800987.443599998950958, 800457.335999999195337 ], [ 2801022.644599996507168, 800408.421599999070168 ], [ 2801051.857299998402596, 800375.842000000178814 ], [ 2801065.177500002086163, 800358.917300000786781 ], [ 2801069.429099999368191, 800351.413400001823902 ], [ 2801078.481299996376038, 800342.09910000115633 ], [ 2801078.612300001084805, 800329.483500000089407 ], [ 2801077.4408999979496, 800323.912900000810623 ], [ 2801073.967500001192093, 800317.400299999862909 ], [ 2801066.299800001084805, 800311.289000000804663 ], [ 2801048.326499998569489, 800302.597300000488758 ], [ 2801038.193000003695488, 800297.03489999845624 ], [ 2801031.196999996900558, 800291.407000001519918 ], [ 2801025.847699999809265, 800285.279399998486042 ], [ 2801024.332099996507168, 800279.225499998778105 ], [ 2801021.383000001311302, 800261.850299999117851 ], [ 2801018.335600003600121, 800234.144999999552965 ], [ 2801020.17059999704361, 800195.962000001221895 ], [ 2801022.030199997127056, 800172.827799998223782 ], [ 2801026.666900001466274, 800160.097500000149012 ], [ 2801023.152500003576279, 800143.590599998831749 ], [ 2801022.882200002670288, 800124.749000001698732 ], [ 2801048.031599998474121, 799954.846900001168251 ], [ 2801064.046999998390675, 799884.649700000882149 ], [ 2801063.2195999994874, 799779.013799998909235 ], [ 2801063.12950000166893, 799703.40989999845624 ], [ 2801054.413199998438358, 799628.879000000655651 ], [ 2801039.126900002360344, 799573.66499999910593 ], [ 2801022.374300003051758, 799517.181099999696016 ], [ 2800979.44820000231266, 799423.01410000026226 ], [ 2800920.326499998569489, 799325.766800001263618 ], [ 2800904.368500001728535, 799261.770899999886751 ], [ 2800888.467799998819828, 799208.187100000679493 ], [ 2800861.049199998378754, 799150.490800000727177 ], [ 2800846.033299997448921, 799114.265799999237061 ], [ 2800833.917300000786781, 799065.900199998170137 ], [ 2800817.492299996316433, 798986.773699998855591 ], [ 2800816.091499999165535, 798898.865299999713898 ], [ 2800807.3015, 798815.315099999308586 ], [ 2800801.829199999570847, 798720.664799999445677 ], [ 2800805.245300002396107, 798688.421100001782179 ], [ 2800814.707099996507168, 798599.021800000220537 ], [ 2800812.134800001978874, 798510.769299998879433 ], [ 2800818.540899999439716, 798406.624400001019239 ], [ 2800845.042000003159046, 798342.841499999165535 ], [ 2800854.872400000691414, 798308.942999999970198 ], [ 2800841.1426, 798241.522900000214577 ], [ 2800842.682700000703335, 798223.672499999403954 ], [ 2800844.85360000282526, 798212.834499999880791 ], [ 2800852.70160000026226, 798202.520799998193979 ], [ 2800891.457900002598763, 798191.707299999892712 ], [ 2800942.805399999022484, 798161.05290000140667 ], [ 2800969.4949000030756, 798163.682500001043081 ], [ 2801006.449000000953674, 798166.09910000115633 ], [ 2801091.326300002634525, 798154.048700001090765 ], [ 2801078.038900002837181, 798127.350999999791384 ], [ 2800991.719800002872944, 797953.959100000560284 ], [ 2800911.937899999320507, 797793.322200000286102 ], [ 2800873.230700001120567, 797715.36710000038147 ], [ 2800752.964000001549721, 797768.795299999415874 ], [ 2800577.892700001597404, 797846.578400000929832 ], [ 2800364.401000000536442, 797941.425299998372793 ], [ 2800304.902500003576279, 797967.320300001651049 ], [ 2800224.538999997079372, 798003.561700001358986 ], [ 2800180.629900000989437, 798014.293200001120567 ], [ 2800130.076999999582767, 798035.789000000804663 ], [ 2800093.212999999523163, 798052.738200001418591 ], [ 2800067.072400003671646, 798068.917399998754263 ], [ 2800061.526399999856949, 798072.620200000703335 ], [ 2800041.120099999010563, 798086.268100000917912 ], [ 2800026.218900002539158, 798096.229600001126528 ], [ 2799995.040100000798702, 798126.900400001555681 ], [ 2799978.008900001645088, 798173.136100001633167 ], [ 2799946.920299999415874, 798238.352600000798702 ], [ 2799923.286399997770786, 798271.579300001263618 ], [ 2799904.698700003325939, 798297.711800001561642 ], [ 2799872.454999998211861, 798343.488699998706579 ], [ 2799861.060000002384186, 798357.80009999871254 ], [ 2799849.68129999935627, 798372.103399999439716 ], [ 2799842.3904, 798383.662300001829863 ], [ 2799822.639499999582767, 798414.972100000828505 ], [ 2799796.998499996960163, 798460.978399999439716 ], [ 2799771.685199998319149, 798518.199499998241663 ], [ 2799761.306000001728535, 798541.939899999648333 ], [ 2799750.926700003445148, 798565.672100000083447 ], [ 2799737.893200002610683, 798599.038100000470877 ], [ 2799718.08500000089407, 798634.517700001597404 ], [ 2799706.763599999248981, 798656.128199998289347 ], [ 2799695.442299999296665, 798677.746899999678135 ], [ 2799670.5304000005126, 798709.916900001466274 ], [ 2799658.873199999332428, 798721.639600001275539 ], [ 2799640.146300002932549, 798740.473000001162291 ], [ 2799625.711999997496605, 798755.767499998211861 ], [ 2799611.285899996757507, 798771.061900001019239 ], [ 2799582.990699999034405, 798799.922400001436472 ], [ 2799549.993299998342991, 798821.188799999654293 ], [ 2799537.51690000295639, 798828.045499999076128 ], [ 2799480.697200000286102, 798858.42960000038147 ], [ 2799415.013700000941753, 798894.490800000727177 ], [ 2799369.031999997794628, 798922.228900000452995 ], [ 2799337.886100001633167, 798936.302799999713898 ], [ 2799295.271300002932549, 798946.149599999189377 ], [ 2799279.157600000500679, 798950.343899998813868 ], [ 2799275.733400002121925, 798951.22859999909997 ], [ 2799256.19539999961853, 798956.315799999982119 ], [ 2799190.790500000119209, 798965.441700000315905 ], [ 2799144.522100001573563, 798968.186000000685453 ], [ 2799137.829199999570847, 798968.587499998509884 ], [ 2799061.848399996757507, 798970.594500001519918 ], [ 2799042.892099998891354, 798971.102400001138449 ], [ 2799040.360799998044968, 798959.199400000274181 ], [ 2799031.824699997901917, 798919.107799999415874 ], [ 2799022.51860000193119, 798875.559099998325109 ], [ 2798899.581299997866154, 798300.439699999988079 ], [ 2798862.815600000321865, 798128.448699999600649 ], [ 2798831.907200001180172, 797983.835299998521805 ], [ 2798817.419699996709824, 797911.520500000566244 ], [ 2798812.393799997866154, 797785.09739999845624 ], [ 2798803.702100001275539, 797566.256299998611212 ], [ 2798795.370899997651577, 797356.467399999499321 ], [ 2798787.113300003111362, 797148.562600001692772 ], [ 2798779.486599996685982, 796956.583099998533726 ], [ 2798772.629900000989437, 796936.144099999219179 ], [ 2798710.763899996876717, 796751.799499999731779 ], [ 2798648.193400003015995, 796565.349599998444319 ], [ 2798630.38400000333786, 796512.273600000888109 ], [ 2798590.218599997460842, 796385.88740000128746 ], [ 2798531.096900001168251, 796199.781599998474121 ], [ 2798527.271300002932549, 796190.64750000089407 ], [ 2798451.683700002729893, 796009.972899999469519 ], [ 2798369.632600001990795, 795813.8564000017941 ], [ 2798292.193599998950958, 795628.758200000971556 ], [ 2798211.838299997150898, 795436.696800000965595 ], [ 2798134.595899999141693, 795252.057300001382828 ], [ 2798062.416199997067451, 795079.525600001215935 ], [ 2797985.976700000464916, 794896.827599998563528 ], [ 2797910.004100002348423, 794715.243700001388788 ], [ 2797835.186499997973442, 794536.404199998825788 ], [ 2797788.369300000369549, 794424.50959999859333 ], [ 2797700.911499999463558, 794215.474399998784065 ], [ 2797832.303000003099442, 794080.937100000679493 ], [ 2797973.336400002241135, 793936.520399998873472 ], [ 2798127.550800003111362, 793778.603199999779463 ], [ 2798158.729599997401237, 793746.687199998646975 ], [ 2798167.281999997794628, 793737.938099998980761 ], [ 2798474.137999996542931, 793423.709399998188019 ], [ 2798616.547700002789497, 793277.891800001263618 ], [ 2799467.540799997746944, 792383.300799999386072 ], [ 2800576.262500002980232, 791167.919300001114607 ], [ 2791683.431500002741814, 791684.572799999266863 ], [ 2791085.019500002264977, 791719.339200001209974 ], [ 2785561.61259999871254, 795549.623500000685453 ], [ 2785404.051600001752377, 795815.00560000166297 ], [ 2785139.462499998509884, 796260.656300000846386 ], [ 2784995.149499997496605, 796503.724399998784065 ], [ 2784972.242299996316433, 796542.307300001382828 ], [ 2784800.876299999654293, 796830.940900001674891 ], [ 2784658.943099997937679, 797070.000500001013279 ], [ 2784595.636600002646446, 797176.628400001674891 ], [ 2784587.490800000727177, 797203.7347999997437 ], [ 2784560.440600000321865, 797293.748500000685453 ], [ 2784509.949400000274181, 797461.765299998223782 ], [ 2784445.637100003659725, 797675.774000000208616 ], [ 2784419.327600002288818, 797763.322799999266863 ], [ 2783978.6233000010252, 799229.830299999564886 ], [ 2783702.512000001966953, 800062.072000000625849 ], [ 2783197.14750000089407, 801344.054499998688698 ], [ 2783068.729699999094009, 801765.549199998378754 ], [ 2782913.564999997615814, 802031.813799999654293 ], [ 2782857.343299999833107, 802340.02140000090003 ], [ 2782779.527500003576279, 802727.61769999936223 ], [ 2782772.081000000238419, 802847.220899999141693 ], [ 2782717.088100001215935, 803095.577799998223782 ], [ 2782687.334799997508526, 803329.484000001102686 ], [ 2782528.631099998950958, 803712.787599999457598 ], [ 2782407.537000000476837, 804548.043999999761581 ], [ 2782301.597999997437, 804616.77479999884963 ], [ 2782283.956600002944469, 804632.33559999987483 ], [ 2781857.059199996292591, 805012.817099999636412 ], [ 2781435.761, 805388.149999998509884 ], [ 2781446.941500000655651, 805508.400400001555681 ], [ 2781496.373599998652935, 806040.061099998652935 ], [ 2781549.719899997115135, 805986.125 ], [ 2781591.138700000941753, 805965.554900001734495 ], [ 2781613.6503000035882, 805956.748500000685453 ], [ 2781660.205399997532368, 805941.650600001215935 ], [ 2781708.759400002658367, 805912.945900000631809 ], [ 2781740.945799998939037, 805888.017599999904633 ], [ 2781770.371399998664856, 805869.544599998742342 ], [ 2781803.409800000488758, 805887.059099998325109 ], [ 2781843.067199997603893, 805894.702300000935793 ], [ 2781873.123700000345707, 805886.600400000810623 ], [ 2781901.943099997937679, 805879.366799999028444 ], [ 2781931.36879999935627, 805865.071800000965595 ], [ 2781948.014899998903275, 805853.963500000536442 ], [ 2781960.778099998831749, 805841.577199999243021 ], [ 2781975.425399996340275, 805828.437199998646975 ], [ 2781996.077399998903275, 805803.672800000756979 ], [ 2782031.319399997591972, 805809.153200000524521 ], [ 2782085.165399998426437, 805764.302000001072884 ], [ 2782123.700599998235703, 805759.591600000858307 ], [ 2782144.500100001692772, 805738.431699998676777 ], [ 2782170.231100000441074, 805710.14469999819994 ], [ 2782196.502899996936321, 805670.487199999392033 ], [ 2782230.835500001907349, 805635.810499999672174 ], [ 2782254.51860000193119, 805623.989399999380112 ], [ 2782290.964800000190735, 805617.370299998670816 ], [ 2782319.210799999535084, 805591.721200000494719 ], [ 2782392.570200003683567, 805545.337999999523163 ], [ 2782457.057599999010563, 805507.556499999016523 ], [ 2782503.678300000727177, 805503.403200000524521 ], [ 2782539.960699997842312, 805489.960099998861551 ], [ 2782569.124200001358986, 805465.892000000923872 ], [ 2782645.924199998378754, 805392.221400000154972 ], [ 2782724.985200002789497, 805310.121199999004602 ], [ 2782754.64019999653101, 805283.857599999755621 ], [ 2782782.222699999809265, 805257.651399999856949 ], [ 2782803.480899997055531, 805228.266699999570847 ], [ 2782819.234099999070168, 805202.846900001168251 ], [ 2782857.924999997019768, 805167.121599998325109 ], [ 2782887.334200002253056, 805135.69709999859333 ], [ 2782935.757200002670288, 805098.923200000077486 ], [ 2782988.726599998772144, 805062.599899999797344 ], [ 2782996.713799998164177, 805055.169700000435114 ], [ 2783044.30120000243187, 805053.613200001418591 ], [ 2783089.938799999654293, 805029.127399999648333 ], [ 2783119.446400001645088, 805004.649700000882149 ], [ 2783167.500600002706051, 805005.42790000140667 ], [ 2783228.776799999177456, 805003.08500000089407 ], [ 2783291.748700000345707, 805028.578499998897314 ], [ 2783341.29389999806881, 805046.265000000596046 ], [ 2783377.40429999679327, 805051.409600000828505 ], [ 2783424.041299998760223, 805029.815499998629093 ], [ 2783459.389799997210503, 805020.984499998390675 ], [ 2783492.804999999701977, 805013.996700000017881 ], [ 2783522.648400001227856, 804988.552400000393391 ], [ 2783554.695500001311302, 804943.086800001561642 ], [ 2783586.267499998211861, 804905.264299999922514 ], [ 2783623.573899999260902, 804854.613200001418591 ], [ 2783647.019400000572205, 804817.511599998921156 ], [ 2783670.571400001645088, 804765.32039999961853 ], [ 2783682.490699999034405, 804749.665500000119209 ], [ 2783694.065999999642372, 804739.794100001454353 ], [ 2783710.16330000013113, 804732.904599998146296 ], [ 2783735.992700003087521, 804726.95719999819994 ], [ 2783749.919100001454353, 804716.537000000476837 ], [ 2783761.363300003111362, 804701.570199999958277 ], [ 2783769.9485, 804690.404500000178814 ], [ 2783788.683600001037121, 804675.159200001507998 ], [ 2783801.70889999717474, 804666.860700000077486 ], [ 2783805.878600001335144, 804661.798099998384714 ], [ 2783812.784500002861023, 804648.199400000274181 ], [ 2783820.542300000786781, 804640.0810999982059 ], [ 2783829.651799999177456, 804633.72410000115633 ], [ 2783846.8059, 804620.969200000166893 ], [ 2783873.536399997770786, 804595.320000000298023 ], [ 2783915.462999999523163, 804581.434599999338388 ], [ 2783953.178999997675419, 804587.897999998182058 ], [ 2784017.830200001597404, 804639.597800001502037 ], [ 2784051.76969999819994, 804675.052700001746416 ], [ 2784091.541900001466274, 804659.831999998539686 ], [ 2784137.490800000727177, 804639.401200000196695 ], [ 2784176.623999997973442, 804619.756700001657009 ], [ 2784215.494999997317791, 804602.7010000012815 ], [ 2784264.180100001394749, 804583.294100001454353 ], [ 2784291.770700000226498, 804592.518300000578165 ], [ 2784303.092100001871586, 804593.648800000548363 ], [ 2784315.355499997735023, 804589.274300001561642 ], [ 2784337.056100003421307, 804583.089299999177456 ], [ 2784353.898800000548363, 804571.276500001549721 ], [ 2784394.400100000202656, 804538.934500001370907 ], [ 2784410.17790000140667, 804524.885200001299381 ], [ 2784433.852799996733665, 804519.28999999910593 ], [ 2784466.301299996674061, 804522.927299998700619 ], [ 2784509.063500002026558, 804525.171900000423193 ], [ 2784539.218299999833107, 804530.111699998378754 ], [ 2784569.823600001633167, 804539.114700000733137 ], [ 2784595.022200003266335, 804545.856699999421835 ], [ 2784621.580600000917912, 804543.612100001424551 ], [ 2784669.602099999785423, 804539.516100000590086 ], [ 2784688.304499998688698, 804542.186700001358986 ], [ 2784702.189900003373623, 804545.217700000852346 ], [ 2784713.470299996435642, 804553.000100001692772 ], [ 2784723.825000002980232, 804561.208500001579523 ], [ 2784732.893500000238419, 804565.058800000697374 ], [ 2784747.254100002348423, 804573.840599998831749 ], [ 2784757.739900000393391, 804582.155499998480082 ], [ 2784766.800200000405312, 804588.250300001353025 ], [ 2784773.132600001990795, 804587.390099998563528 ], [ 2784790.384999997913837, 804582.786200001835823 ], [ 2784822.587700001895428, 804585.088199999183416 ], [ 2784840.159599997103214, 804580.23030000180006 ], [ 2784864.432499997317791, 804573.512899998575449 ], [ 2784882.774400003254414, 804561.077399998903275 ], [ 2784897.429899998009205, 804537.804000001400709 ], [ 2784908.390799999237061, 804532.585700001567602 ], [ 2784929.288500003516674, 804521.313499998301268 ], [ 2785003.327799998223782, 804525.565099999308586 ], [ 2785029.591399997472763, 804542.014699999243021 ], [ 2785055.494499996304512, 804561.257699999958277 ], [ 2785087.115599997341633, 804576.945300001651049 ], [ 2785112.617299996316433, 804590.068900000303984 ], [ 2785133.220200002193451, 804596.089999999850988 ], [ 2785143.280000001192093, 804599.252199999988079 ], [ 2785150.996799997985363, 804597.671100001782179 ], [ 2785159.229800000786781, 804595.115200001746416 ], [ 2785173.467500001192093, 804589.470899999141693 ], [ 2785190.744400002062321, 804592.551100000739098 ], [ 2785219.4983000010252, 804592.395500000566244 ], [ 2785236.660599999129772, 804600.923300001770258 ], [ 2785266.790799997746944, 804614.309099998325109 ], [ 2785297.019199997186661, 804623.836399998515844 ], [ 2785318.261100001633167, 804631.72520000115037 ], [ 2785376.50620000064373, 804642.407600000500679 ], [ 2785398.436200000345707, 804655.080600000917912 ], [ 2785439.543600000441074, 804666.033300001174212 ], [ 2785455.722800001502037, 804682.286299999803305 ], [ 2785459.499399997293949, 804685.374699998646975 ], [ 2785462.997299998998642, 804688.462999999523163 ], [ 2785467.355499997735023, 804690.199700001627207 ], [ 2785487.393100000917912, 804692.960400000214577 ], [ 2785496.289599999785423, 804697.195700000971556 ], [ 2785502.646600000560284, 804701.652199998497963 ], [ 2785506.595200002193451, 804708.353199999779463 ], [ 2785509.470600001513958, 804711.539900001138449 ], [ 2785512.411499999463558, 804712.228000000119209 ], [ 2785517.908299997448921, 804711.7939000017941 ], [ 2785529.762100003659725, 804716.045499999076128 ], [ 2785545.425200000405312, 804729.857200000435114 ], [ 2785587.597699999809265, 804782.023899998515844 ], [ 2785593.815399996936321, 804793.443500000983477 ], [ 2785598.706000000238419, 804802.421999998390675 ], [ 2785604.014399997889996, 804811.408599998801947 ], [ 2785610.207599997520447, 804818.936999998986721 ], [ 2785619.0304000005126, 804822.074599999934435 ], [ 2785625.0515, 804827.276500001549721 ], [ 2785630.433600001037121, 804837.090500000864267 ], [ 2785632.071999996900558, 804859.921599999070168 ], [ 2785637.659000001847744, 804899.030200000852346 ], [ 2785641.410899996757507, 804906.665199998766184 ], [ 2785662.939499996602535, 804914.406599998474121 ], [ 2785679.258000001311302, 804924.67119999974966 ], [ 2785702.072700001299381, 804944.929999999701977 ], [ 2785738.379600003361702, 804978.32880000025034 ], [ 2785809.584499999880791, 805030.790300000458956 ], [ 2785826.009400002658367, 805071.840399999171495 ], [ 2785834.74210000038147, 805093.901500001549721 ], [ 2785851.167099997401237, 805101.593800000846386 ], [ 2785856.30349999666214, 805119.050900001078844 ], [ 2785857.843599997460842, 805135.467700000852346 ], [ 2785858.17119999974966, 805154.890900000929832 ], [ 2785865.134400002658367, 805178.950800001621246 ], [ 2785871.688000001013279, 805253.874899998307228 ], [ 2785867.911499999463558, 805273.5439000017941 ], [ 2785864.659299999475479, 805317.035199999809265 ], [ 2785857.335600003600121, 805349.97520000115037 ], [ 2785849.323899999260902, 805383.054499998688698 ], [ 2785850.36429999768734, 805420.311700001358986 ], [ 2785871.458700001239777, 805441.766600001603365 ], [ 2785888.719200000166893, 805457.962200000882149 ], [ 2785912.680799998342991, 805480.490200001746416 ], [ 2785971.147100001573563, 805507.949799999594688 ], [ 2786016.080200001597404, 805544.887499999254942 ], [ 2786046.497100003063679, 805603.091600000858307 ], [ 2786076.832099996507168, 805634.245799999684095 ], [ 2786098.508100003004074, 805657.806000001728535 ], [ 2786127.090000003576279, 805682.373799998313189 ], [ 2786143.408500000834465, 805690.295499999076128 ], [ 2786164.150600001215935, 805703.419100001454353 ], [ 2786183.762299999594688, 805720.868000000715256 ], [ 2786199.155000001192093, 805749.114000000059605 ], [ 2786208.444799996912479, 805776.508099999278784 ], [ 2786223.493500001728535, 805786.616999998688698 ], [ 2786300.604800000786781, 805800.248500000685453 ], [ 2786332.750200003385544, 805810.423000000417233 ], [ 2786367.754600003361702, 805835.875500001013279 ], [ 2786425.196900002658367, 805880.808600001037121 ], [ 2786461.413699999451637, 805934.351599998772144 ], [ 2786516.04619999974966, 805974.443199999630451 ], [ 2786603.970899999141693, 806040.995000001043081 ], [ 2786640.671099998056889, 806070.854800000786781 ], [ 2786668.974399998784065, 806084.887699998915195 ], [ 2786691.518799997866154, 806089.295000001788139 ], [ 2786717.11879999935627, 806094.406800001859665 ], [ 2786738.098499998450279, 806106.154199998825788 ], [ 2786770.587999999523163, 806108.947599999606609 ], [ 2786783.089000001549721, 806120.522900000214577 ], [ 2786788.26630000025034, 806143.968400001525879 ], [ 2786896.6875, 806233.785500001162291 ], [ 2786923.467100001871586, 806263.932100001722574 ], [ 2786969.424199998378754, 806280.668400000780821 ], [ 2787032.609099999070168, 806319.817899998277426 ], [ 2787060.879699997603893, 806336.365800000727177 ], [ 2787105.263999998569489, 806343.869600001722574 ], [ 2787147.755900003015995, 806353.8310999982059 ], [ 2787183.612300001084805, 806361.785500001162291 ], [ 2787219.468599997460842, 806371.075300000607967 ], [ 2787284.767099998891354, 806404.867300000041723 ], [ 2787319.017800003290176, 806422.39809999987483 ], [ 2787430.428999997675419, 806496.412900000810623 ], [ 2787458.961800001561642, 806525.175000000745058 ], [ 2787482.530100002884865, 806549.185699999332428 ], [ 2787513.389399997889996, 806582.969500001519918 ], [ 2787532.026199996471405, 806613.271699998527765 ], [ 2787559.649599999189377, 806640.469200000166893 ], [ 2787578.646899998188019, 806670.197999998927116 ], [ 2787596.751199997961521, 806715.909299999475479 ], [ 2787629.986100003123283, 806724.740299999713898 ], [ 2787692.44200000166893, 806724.740299999713898 ], [ 2787719.688500002026558, 806725.911699999123812 ], [ 2787732.558200001716614, 806752.232599999755621 ], [ 2787765.219700001180172, 806802.064599998295307 ], [ 2787817.943400003015995, 806856.484000001102686 ], [ 2787858.395499996840954, 806882.116799999028444 ], [ 2787896.717699997127056, 806897.968299999833107 ], [ 2787937.178000003099442, 806940.107999999076128 ], [ 2787994.251599997282028, 806982.010099999606609 ], [ 2788025.430399999022484, 807014.474899999797344 ], [ 2788047.745399996638298, 807055.434900000691414 ], [ 2788055.789899997413158, 807086.474399998784065 ], [ 2788070.895999997854233, 807125.107900001108646 ], [ 2788071.166299998760223, 807185.982700001448393 ], [ 2788055.241099998354912, 807246.095600001513958 ], [ 2788047.475000001490116, 807289.824499998241663 ], [ 2788063.408500000834465, 807315.760299999266863 ], [ 2788094.415200002491474, 807354.017000000923872 ], [ 2788117.082500003278255, 807380.329700000584126 ], [ 2788134.449500001966953, 807406.535900000482798 ], [ 2788148.252999998629093, 807444.604100000113249 ], [ 2788157.05120000243187, 807502.587099999189377 ], [ 2788188.631399996578693, 807566.5912000015378 ], [ 2788238.012800000607967, 807609.918699998408556 ], [ 2788231.975299999117851, 807660.364999998360872 ], [ 2788216.467799998819828, 807699.096799999475479 ], [ 2788194.636100001633167, 807721.084100000560284 ], [ 2788171.977099999785423, 807742.932199999690056 ], [ 2788150.02250000089407, 807781.491900000721216 ], [ 2788152.586599998176098, 807826.597100000828505 ], [ 2788184.846699997782707, 807881.671900000423193 ], [ 2788199.01070000231266, 807906.96059999987483 ], [ 2788209.398100003600121, 807930.537200000137091 ], [ 2788229.312899999320507, 807976.166600000113249 ], [ 2788244.558200001716614, 807997.867199998348951 ], [ 2788272.091499999165535, 808033.682599999010563 ], [ 2788296.061300002038479, 808059.790500000119209 ], [ 2788309.512500002980232, 808064.345300000160933 ], [ 2788317.8684, 808078.804200001060963 ], [ 2788318.974299997091293, 808091.043000001460314 ], [ 2788311.609700001776218, 808103.535799998790026 ], [ 2788282.044799998402596, 808135.591099999845028 ], [ 2788284.9529, 808156.570799998939037 ], [ 2788294.299999997019768, 808189.297899998724461 ], [ 2788313.354599997401237, 808193.164500001817942 ], [ 2788337.414499998092651, 808191.04280000180006 ], [ 2788349.235600002110004, 808195.687600001692772 ], [ 2788367.258000001311302, 808218.027199998497963 ], [ 2788370.338100001215935, 808233.993400000035763 ], [ 2788370.772299997508526, 808247.16609999909997 ], [ 2788372.07490000128746, 808261.256400000303984 ], [ 2788390.613300003111362, 808272.48759999871254 ], [ 2788408.348999999463558, 808282.195099998265505 ], [ 2788421.857600003480911, 808290.63289999961853 ], [ 2788444.123499996960163, 808307.647700000554323 ], [ 2788474.450300000607967, 808319.649000000208616 ], [ 2788507.324799999594688, 808317.297899998724461 ], [ 2788519.293300002813339, 808313.357500001788139 ], [ 2788537.758100003004074, 808308.85190000012517 ], [ 2788546.384199999272823, 808323.712200000882149 ], [ 2788554.871100001037121, 808335.5168999992311 ], [ 2788563.013999998569489, 808350.221500001847744 ], [ 2788573.901199996471405, 808376.41950000077486 ], [ 2788578.136399999260902, 808390.657200001180172 ], [ 2788574.081399999558926, 808410.612900000065565 ], [ 2788572.860799998044968, 808433.468600001186132 ], [ 2788578.66889999806881, 808458.445999998599291 ], [ 2788578.545999996364117, 808483.153099998831749 ], [ 2788585.95160000026226, 808507.819200001657009 ], [ 2788590.416199997067451, 808530.625700000673532 ], [ 2788598.428000003099442, 808544.011500000953674 ], [ 2788638.249300003051758, 808568.399000000208616 ], [ 2788655.796599999070168, 808580.596900001168251 ], [ 2788672.196999996900558, 808599.88910000026226 ], [ 2788682.854800000786781, 808609.793200001120567 ], [ 2788692.62780000269413, 808613.414099998772144 ], [ 2788710.650200001895428, 808618.7635000012815 ], [ 2788727.451999999582767, 808625.202399998903275 ], [ 2788748.308799996972084, 808635.868400000035763 ], [ 2788763.644299998879433, 808647.746800001710653 ], [ 2788809.666900001466274, 808695.506099998950958 ], [ 2788815.589699998497963, 808704.918699998408556 ], [ 2788821.020999997854233, 808716.575899999588728 ], [ 2788824.199500001966953, 808726.832299999892712 ], [ 2788822.528399996459484, 808741.979299999773502 ], [ 2788821.020999997854233, 808764.974300000816584 ], [ 2788817.703299999237061, 808789.476500000804663 ], [ 2788820.644199997186661, 808818.042100001126528 ], [ 2788841.755000002682209, 808874.7060999982059 ], [ 2788865.7820999994874, 808932.713700000196695 ], [ 2788863.381899997591972, 808945.894600000232458 ], [ 2788870.164800003170967, 808956.945599999278784 ], [ 2788881.199500001966953, 808967.095499999821186 ], [ 2788883.837300002574921, 808977.876200001686811 ], [ 2788880.814400002360344, 809016.493299998342991 ], [ 2788879.241599999368191, 809030.714600000530481 ], [ 2788875.2029, 809046.328499998897314 ], [ 2788867.527000002563, 809082.160300001502037 ], [ 2788862.1858000010252, 809121.146099999547005 ], [ 2788857.565499998629093, 809160.484000001102686 ], [ 2788850.1272, 809179.235500000417233 ], [ 2788842.86089999973774, 809191.539900001138449 ], [ 2788823.699799999594688, 809220.98200000077486 ], [ 2788816.326999999582767, 809230.2635000012815 ], [ 2788813.77929999679327, 809241.494699999690056 ], [ 2788809.1426, 809254.683800000697374 ], [ 2788811.895099997520447, 809272.714400000870228 ], [ 2788817.064300000667572, 809294.316700000315905 ], [ 2788824.22410000115633, 809315.337400000542402 ], [ 2788827.468099996447563, 809323.750599998980761 ], [ 2788829.933899998664856, 809333.294300001114607 ], [ 2788840.534400001168251, 809344.140500001609325 ], [ 2788846.924099996685982, 809360.032999999821186 ], [ 2788851.544399999082088, 809369.4864999987185 ], [ 2788851.9868, 809377.506499998271465 ], [ 2788834.906499996781349, 809396.602099999785423 ], [ 2788817.441100001335144, 809414.69819999858737 ], [ 2788807.029100000858307, 809426.355399999767542 ], [ 2788800.917900003492832, 809437.258900001645088 ], [ 2788789.776699997484684, 809466.55350000038743 ], [ 2788790.11259999871254, 809485.042899999767542 ], [ 2788800.352600000798702, 809504.605399999767542 ], [ 2788831.539599999785423, 809532.253400001674891 ], [ 2788886.204800002276897, 809577.686200000345707 ], [ 2788894.355800002813339, 809590.580400001257658 ], [ 2788943.188299998641014, 809655.82149999961257 ], [ 2788944.35980000346899, 809665.078499998897314 ], [ 2788945.236299999058247, 809677.669599998742342 ], [ 2788943.155599996447563, 809693.20160000026226 ], [ 2788931.596600003540516, 809715.926199998706579 ], [ 2788924.854599997401237, 809721.62779999896884 ], [ 2788896.567699998617172, 809716.1064000017941 ], [ 2788891.005300000309944, 809711.715500000864267 ], [ 2788867.649899996817112, 809690.719399999827147 ], [ 2788852.035899996757507, 809679.529199998825788 ], [ 2788836.094300001859665, 809669.264600001275539 ], [ 2788817.310099996626377, 809662.670000001788139 ], [ 2788800.30349999666214, 809657.042100001126528 ], [ 2788785.156499996781349, 809657.83669999986887 ], [ 2788766.322999998927116, 809657.83669999986887 ], [ 2788749.996399998664856, 809660.859600000083447 ], [ 2788735.635799996554852, 809666.258099999278784 ], [ 2788724.838799998164177, 809671.263399999588728 ], [ 2788684.992899999022484, 809704.375500001013279 ], [ 2788635.04619999974966, 809744.770199999213219 ], [ 2788594.88910000026226, 809796.994199998676777 ], [ 2788589.900100000202656, 809805.292700000107288 ], [ 2788593.848700001835823, 809810.896099999547005 ], [ 2788630.802799999713898, 809834.767599999904633 ], [ 2788668.592500001192093, 809848.464600000530481 ], [ 2788687.262100003659725, 809859.253400001674891 ], [ 2788694.225299999117851, 809874.859200000762939 ], [ 2788723.847499996423721, 809909.757100000977516 ], [ 2788746.031499996781349, 809950.905499998480082 ], [ 2788752.724299997091293, 809967.682799998670816 ], [ 2788755.534199997782707, 810023.511199999600649 ], [ 2788760.629600003361702, 810059.2364999987185 ], [ 2788763.332999996840954, 810101.86769999936223 ], [ 2788761.498000003397465, 810119.013599999248981 ], [ 2788751.438199996948242, 810150.315200001001358 ], [ 2788722.291000001132488, 810175.407299999147654 ], [ 2788671.516999997198582, 810216.129700001329184 ], [ 2788606.25959999859333, 810271.474899999797344 ], [ 2788595.74099999666214, 810299.155699998140335 ], [ 2788598.0675999969244, 810333.324499998241663 ], [ 2788601.377099998295307, 810385.319099999964237 ], [ 2788603.761, 810392.765599999576807 ], [ 2788607.742299996316433, 810397.713599998503923 ], [ 2788638.51969999819994, 810407.888099998235703 ], [ 2788668.338500000536442, 810419.299499999731779 ], [ 2788701.458800002932549, 810466.30519999936223 ], [ 2788705.8169, 810473.784499999135733 ], [ 2788707.307899996638298, 810480.657600000500679 ], [ 2788707.299699999392033, 810487.497900001704693 ], [ 2788705.472900003194809, 810494.583999998867512 ], [ 2788710.240599997341633, 810532.709600001573563 ], [ 2788700.459399998188019, 810553.083099998533726 ], [ 2788698.280299998819828, 810568.615100000053644 ], [ 2788700.311899997293949, 810590.479600001126528 ], [ 2788707.488099999725819, 810605.58559999987483 ], [ 2788740.4199, 810642.793699998408556 ], [ 2788759.77759999781847, 810662.470899999141693 ], [ 2788779.135300002992153, 810682.147999998182058 ], [ 2788857.385300002992153, 810746.7010000012815 ], [ 2788935.627099998295307, 810811.254000000655651 ], [ 2788952.396099999547005, 810833.609900001436472 ], [ 2788961.636699996888638, 810851.411100000143051 ], [ 2788963.74210000038147, 810865.870000001043081 ], [ 2788960.989500001072884, 810883.024099998176098 ], [ 2788950.028599999845028, 810909.222100000828505 ], [ 2788948.701499998569489, 810931.184799998998642 ], [ 2788944.171400003135204, 810962.355399999767542 ], [ 2788944.245099999010563, 810982.278299998492002 ], [ 2788946.686300002038479, 810991.117499999701977 ], [ 2788939.649400003254414, 811016.692899998277426 ], [ 2788933.742899999022484, 811047.077100001275539 ], [ 2788928.295299999415874, 811066.746100001037121 ], [ 2788922.929499998688698, 811082.720499999821186 ], [ 2788907.75789999961853, 811118.126299999654293 ], [ 2788895.170900002121925, 811141.682399999350309 ], [ 2788871.475599996745586, 811155.326200000941753 ], [ 2788845.506899997591972, 811181.974700000137091 ], [ 2788841.378100000321865, 811196.630199998617172 ], [ 2788837.159299999475479, 811205.928100001066923 ], [ 2788857.426299996674061, 811244.094700001180172 ], [ 2788864.209299996495247, 811265.844399999827147 ], [ 2788870.983999997377396, 811287.585999999195337 ], [ 2788884.41889999806881, 811320.493299998342991 ], [ 2788895.035700000822544, 811339.859099999070168 ], [ 2788907.454800002276897, 811353.875700000673532 ], [ 2788911.08389999717474, 811360.45380000025034 ], [ 2788926.787900000810623, 811402.061000000685453 ], [ 2788938.322300001978874, 811428.316399998962879 ], [ 2788945.408399999141693, 811457.889499999582767 ], [ 2788947.95610000193119, 811464.2956000007689 ], [ 2788951.789899997413158, 811478.762699998915195 ], [ 2788952.87950000166893, 811490.919599998742342 ], [ 2788947.374499998986721, 811504.039200000464916 ], [ 2788909.568400003015995, 811538.867400001734495 ], [ 2788897.214800000190735, 811532.600499998778105 ], [ 2788870.132100000977516, 811556.504799999296665 ], [ 2788860.801399998366833, 811561.002199999988079 ], [ 2788846.260600000619888, 811568.022700000554323 ], [ 2788832.711000002920628, 811577.132199998944998 ], [ 2788814.95889999717474, 811579.3277000002563 ], [ 2788796.076399996876717, 811566.499000001698732 ], [ 2788766.159199997782707, 811596.604600001126528 ], [ 2788751.241599999368191, 811631.07660000026226 ], [ 2788749.521300002932549, 811662.943399999290705 ], [ 2788760.482100002467632, 811720.20549999922514 ], [ 2788774.14639999717474, 811775.657200001180172 ], [ 2788783.477099999785423, 811813.545200001448393 ], [ 2788799.590800002217293, 811863.1722999997437 ], [ 2788803.342699997127056, 811878.237399999052286 ], [ 2788805.82490000128746, 811888.206999998539686 ], [ 2788798.165299996733665, 811934.778599999845028 ], [ 2788789.219700001180172, 811994.596599999815226 ], [ 2788787.245399996638298, 812007.236800000071526 ], [ 2788824.89580000191927, 812010.087600000202656 ], [ 2788853.289300002157688, 812015.297699999064207 ], [ 2788868.264300003647804, 812024.915100000798702 ], [ 2788887.753100000321865, 812044.559599999338388 ], [ 2788899.402099996805191, 812056.929499998688698 ], [ 2788909.625699996948242, 812067.857599999755621 ], [ 2788948.095299996435642, 812108.9814000017941 ], [ 2788953.231700003147125, 812125.357299998402596 ], [ 2788953.116999998688698, 812138.0793999992311 ], [ 2788950.651199996471405, 812149.6875 ], [ 2788941.476199999451637, 812163.851500000804663 ], [ 2788925.772100001573563, 812185.863400001078844 ], [ 2788919.464299999177456, 812204.524700000882149 ], [ 2788919.947599999606609, 812218.893500000238419 ], [ 2788930.548100002110004, 812235.072700001299381 ], [ 2788931.703100003302097, 812241.265900000929832 ], [ 2789002.826099999248981, 812268.029100000858307 ], [ 2789068.837200000882149, 812303.246500000357628 ], [ 2789081.903499998152256, 812312.167599998414516 ], [ 2789090.783600002527237, 812323.603700000792742 ], [ 2789091.332500003278255, 812333.933800000697374 ], [ 2789086.7449000030756, 812344.607900001108646 ], [ 2789080.445299997925758, 812350.866599999368191 ], [ 2789072.466300003230572, 812355.814599998295307 ], [ 2789047.701899997889996, 812360.017099998891354 ], [ 2788994.036100000143051, 812404.253899998962879 ], [ 2788986.106200002133846, 812420.277399998158216 ], [ 2788983.337300002574921, 812440.151200000196695 ], [ 2788994.920800000429153, 812446.31980000063777 ], [ 2789004.464500002563, 812459.558100000023842 ], [ 2789086.589299999177456, 812596.126899998635054 ], [ 2789099.63910000026226, 812623.389899998903275 ], [ 2789102.833999998867512, 812648.293600000441074 ], [ 2789106.987400002777576, 812664.472800001502037 ], [ 2789115.834700003266335, 812689.835200000554323 ], [ 2789124.8213, 812708.013300001621246 ], [ 2789151.3716000020504, 812730.279100000858307 ], [ 2789165.404500000178814, 812735.390900000929832 ], [ 2789177.05349999666214, 812736.914599999785423 ], [ 2789192.954199999570847, 812736.832699999213219 ], [ 2789207.200099997222424, 812766.889199998229742 ], [ 2789207.363899998366833, 812785.910999998450279 ], [ 2789206.372699998319149, 812804.162799999117851 ], [ 2789188.768100000917912, 812816.901299998164177 ], [ 2789183.525200001895428, 812829.05009999871254 ], [ 2789183.418700002133846, 812852.429999999701977 ], [ 2789183.312200002372265, 812876.530900001525879 ], [ 2789176.668499998748302, 812885.566700000315905 ], [ 2789151.04389999806881, 812911.158500000834465 ], [ 2789131.718999996781349, 812934.39919999986887 ], [ 2789124.059500001370907, 812943.60700000077486 ], [ 2789100.073299996554852, 812966.60190000012517 ], [ 2789088.702799998223782, 812975.318199999630451 ], [ 2789069.140299998223782, 812988.130499999970198 ], [ 2789049.176399998366833, 813004.686500001698732 ], [ 2789038.141800001263618, 813011.190999999642372 ], [ 2789025.829199999570847, 813012.714699998497963 ], [ 2789002.21169999986887, 813015.016600001603365 ], [ 2788997.263700000941753, 813024.273600000888109 ], [ 2788990.382399998605251, 813113.984200000762939 ], [ 2788976.611699998378754, 813200.36879999935627 ], [ 2788968.214900001883507, 813253.067999999970198 ], [ 2788978.14360000193119, 813279.790300000458956 ], [ 2788985.950599998235703, 813300.794599998742342 ], [ 2789011.714400000870228, 813368.714400000870228 ], [ 2789037.224299997091293, 813410.649300001561642 ], [ 2789043.130699999630451, 813416.465599998831749 ], [ 2789116.776799999177456, 813411.918999999761581 ], [ 2789077.274999998509884, 813443.622099999338388 ], [ 2789082.648900002241135, 813451.83049999922514 ], [ 2789091.815800003707409, 813463.676100000739098 ], [ 2789108.568400003015995, 813488.473299998790026 ], [ 2789115.957599997520447, 813501.482200000435114 ], [ 2789119.422799997031689, 813516.03940000012517 ], [ 2789122.027900002896786, 813531.44029999896884 ], [ 2789131.678099997341633, 813541.205200001597404 ], [ 2789148.168499998748302, 813544.072399999946356 ], [ 2789162.906000003218651, 813546.669300001114607 ], [ 2789177.749899998307228, 813548.594399999827147 ], [ 2789189.75110000371933, 813559.137499999254942 ], [ 2789195.534699998795986, 813561.685199998319149 ], [ 2789205.04559999704361, 813562.668200001120567 ], [ 2789209.764200001955032, 813560.653000000864267 ], [ 2789217.358199998736382, 813555.975400000810623 ], [ 2789225.95160000026226, 813549.855900000780821 ], [ 2789237.608800001442432, 813545.546999998390675 ], [ 2789246.210400000214577, 813549.298900000751019 ], [ 2789260.005800001323223, 813555.479800000786781 ], [ 2789276.971400000154972, 813566.035100001841784 ], [ 2789299.671400003135204, 813576.553700000047684 ], [ 2789313.1554000005126, 813583.041700001806021 ], [ 2789340.574100002646446, 813595.034800000488758 ], [ 2789365.240199998021126, 813604.226199999451637 ], [ 2789396.205899998545647, 813615.768800001591444 ], [ 2789412.237700000405312, 813621.740699999034405 ], [ 2789418.946900002658367, 813622.322399999946356 ], [ 2789426.18860000371933, 813620.798700001090765 ], [ 2789440.188799999654293, 813615.522999998182058 ], [ 2789461.758299998939037, 813607.478500001132488 ], [ 2789483.2787000015378, 813599.249600000679493 ], [ 2789487.968599997460842, 813596.620000001043081 ], [ 2789495.288199998438358, 813592.462499998509884 ], [ 2789509.280100002884865, 813587.170499999076128 ], [ 2789523.58330000191927, 813582.779599998146296 ], [ 2789538.394500002264977, 813580.616900000721216 ], [ 2789552.68129999935627, 813576.873199999332428 ], [ 2789568.352600000798702, 813572.760800000280142 ], [ 2789582.696800000965595, 813574.710499998182058 ], [ 2789597.606200002133846, 813576.013000000268221 ], [ 2789612.401000000536442, 813578.224800001829863 ], [ 2789640.024400003254414, 813589.660900000482798 ], [ 2789654.810999996960163, 813592.773800000548363 ], [ 2789684.687200002372265, 813594.576099999248981 ], [ 2789699.056000001728535, 813598.803100001066923 ], [ 2789709.828500002622604, 813605.364900000393391 ], [ 2789710.213500000536442, 813619.651799999177456 ], [ 2789702.119800001382828, 813630.194899998605251 ], [ 2789692.084600001573563, 813641.606300000101328 ], [ 2789679.092100001871586, 813649.036499999463558 ], [ 2789675.381099998950958, 813660.472500000149012 ], [ 2789683.483000002801418, 813672.137899998575449 ], [ 2789696.450900003314018, 813675.603100001811981 ], [ 2789711.368500001728535, 813674.374299999326468 ], [ 2789726.712200000882149, 813668.066500000655651 ], [ 2789738.582400001585484, 813657.531599998474121 ], [ 2789749.764499999582767, 813659.702500000596046 ], [ 2789757.637000001966953, 813673.530600000172853 ], [ 2789770.596699997782707, 813681.018100000917912 ], [ 2789783.581000000238419, 813689.054400000721216 ], [ 2789788.26690000295639, 813692.085400000214577 ], [ 2789807.911300003528595, 813705.888999998569489 ], [ 2789822.099799998104572, 813728.343199998140335 ], [ 2789829.628300003707409, 813733.037300001829863 ], [ 2789837.00110000371933, 813735.453899998217821 ], [ 2789846.241599999368191, 813736.879299998283386 ], [ 2789854.851400002837181, 813739.730099998414516 ], [ 2789861.626199997961521, 813745.759399998933077 ], [ 2789881.704800002276897, 813770.999000001698732 ], [ 2789891.8301, 813782.000799998641014 ], [ 2789902.045500002801418, 813792.953499998897314 ], [ 2789918.339400000870228, 813803.767000000923872 ], [ 2789938.762100003659725, 813815.391399998217821 ], [ 2789957.185900002717972, 813827.105999998748302 ], [ 2789973.3158999979496, 813841.917100001126528 ], [ 2789985.096000000834465, 813853.623500000685453 ], [ 2789994.549599997699261, 813868.582100000232458 ], [ 2790001.8158999979496, 813880.083700001239777 ], [ 2790017.634700000286102, 813905.126600001007318 ], [ 2790041.61259999871254, 813943.088300000876188 ], [ 2790055.440700002014637, 813969.376499999314547 ], [ 2790056.341899998486042, 813984.99040000140667 ], [ 2790052.098399996757507, 813999.826099999248981 ], [ 2790045.217100001871586, 814013.105399999767542 ], [ 2790039.35980000346899, 814026.884300000965595 ], [ 2790033.559900000691414, 814040.671399999409914 ], [ 2790029.80799999833107, 814056.342700000852346 ], [ 2790029.30009999871254, 814080.894200000911951 ], [ 2790028.906900003552437, 814100.129000000655651 ], [ 2790026.80969999730587, 814114.497699998319149 ], [ 2790021.837200000882149, 814129.21059999987483 ], [ 2790018.634099997580051, 814143.825100000947714 ], [ 2790016.430399999022484, 814158.627999998629093 ], [ 2790014.456200003623962, 814172.652699999511242 ], [ 2790019.6908999979496, 814187.676899999380112 ], [ 2790026.768700003623962, 814196.737199999392033 ], [ 2790029.177199997007847, 814207.091899998486042 ], [ 2790017.724799998104572, 814215.677099999040365 ], [ 2789990.609300002455711, 814229.005499999970198 ], [ 2789975.183700002729893, 814228.391100000590086 ], [ 2789959.18469999730587, 814243.161299999803305 ], [ 2789956.555100001394749, 814307.779800001531839 ], [ 2789968.441699996590614, 814301.119699999690056 ], [ 2790002.159999996423721, 814320.321699999272823 ], [ 2790020.231499999761581, 814334.47749999910593 ], [ 2790041.366899996995926, 814351.525100000202656 ], [ 2790057.98030000180006, 814365.836500000208616 ], [ 2790074.994999997317791, 814380.901599999517202 ], [ 2789994.852700002491474, 814414.390500001609325 ], [ 2790029.431100003421307, 814492.910799998790026 ], [ 2790038.663500003516674, 814549.214400000870228 ], [ 2790060.601700000464916, 814547.461300000548363 ], [ 2790068.326800003647804, 814637.999299999326468 ], [ 2790089.732500001788139, 814648.599800001829863 ], [ 2790094.901600003242493, 814692.361400000751019 ], [ 2790101.676399998366833, 814777.050299998372793 ], [ 2790129.078599996864796, 814786.782400000840425 ], [ 2790146.068800002336502, 814796.022999998182058 ], [ 2790180.827500000596046, 814814.29109999909997 ], [ 2790195.581299997866154, 814825.047200001776218 ], [ 2790210.761100001633167, 814836.114599999040365 ], [ 2790241.497400000691414, 814843.896999999880791 ], [ 2790262.870399996638298, 814854.5793999992311 ], [ 2790287.544699996709824, 814864.958700001239777 ], [ 2790293.4265, 814870.471900001168251 ], [ 2790300.52080000191927, 814877.115600001066923 ], [ 2790309.810500003397465, 814885.897399999201298 ], [ 2790327.046499997377396, 814901.978300001472235 ], [ 2790345.642300002276897, 814929.659099999815226 ], [ 2790365.024599999189377, 814940.7511 ], [ 2790408.262000001966953, 814942.127300001680851 ], [ 2790437.720399998128414, 814949.868700001388788 ], [ 2790461.239699997007847, 814959.436999998986721 ], [ 2790518.190399996936321, 814985.462999999523163 ], [ 2790535.573899999260902, 814997.308600001037121 ], [ 2790540.480899997055531, 815005.164700001478195 ], [ 2790546.829700000584126, 815018.542300000786781 ], [ 2790548.976000003516674, 815023.072500001639128 ], [ 2790546.477399997413158, 815043.994800001382828 ], [ 2790535.344499997794628, 815068.833000000566244 ], [ 2790533.591399997472763, 815083.848900001496077 ], [ 2790536.843599997460842, 815104.779500000178814 ], [ 2790544.56870000064373, 815118.419100001454353 ], [ 2790555.5132, 815129.96169999986887 ], [ 2790565.4419, 815140.308200001716614 ], [ 2790583.341399997472763, 815157.945500001311302 ], [ 2790617.133400000631809, 815185.257699999958277 ], [ 2790796.816699996590614, 815333.139699999243021 ], [ 2790812.053900003433228, 815375.230200000107288 ], [ 2790820.31139999628067, 815404.319899998605251 ], [ 2790853.251400001347065, 815417.640099998563528 ], [ 2790912.028999999165535, 815435.097300000488758 ], [ 2790931.378499999642372, 815440.15989999845624 ], [ 2791022.285199999809265, 815447.205099999904633 ], [ 2791103.533399999141693, 815454.717099998146296 ], [ 2791153.946999996900558, 815459.378400001674891 ], [ 2791199.289700001478195, 815462.8108000010252 ], [ 2791234.441600002348423, 815465.424100000411272 ], [ 2791255.314800001680851, 815470.044399999082088 ], [ 2791261.950300000607967, 815471.617199998348951 ], [ 2791266.865500003099442, 815473.616099998354912 ], [ 2791271.575900003314018, 815476.286699999123812 ], [ 2791277.400399997830391, 815480.317099999636412 ], [ 2791287.918999999761581, 815492.433100000023842 ], [ 2791321.629000000655651, 815556.248799998313189 ], [ 2791328.248199999332428, 815568.774300001561642 ], [ 2791331.942800000309944, 815575.762099999934435 ], [ 2791339.594099998474121, 815562.802400000393391 ], [ 2791359.312200002372265, 815529.264299999922514 ], [ 2791390.122299998998642, 815483.602099999785423 ], [ 2791408.333200000226498, 815459.730599999427795 ], [ 2791433.539899997413158, 815426.716899998486042 ], [ 2791515.664700001478195, 815320.401099998503923 ], [ 2791559.647600002586842, 815259.550900001078844 ], [ 2791601.549699999392033, 815217.353900000452995 ], [ 2791648.08839999884367, 815176.303800001740456 ], [ 2791710.13459999859333, 815127.758000001311302 ], [ 2791771.910499997437, 815093.523699998855591 ], [ 2791813.919100001454353, 815073.666299998760223 ], [ 2791908.356499999761581, 815032.231100000441074 ], [ 2792038.519100002944469, 815010.219200000166893 ], [ 2792231.645499996840954, 814978.516199998557568 ], [ 2792391.651699997484684, 814955.840700000524521 ], [ 2792565.182800002396107, 814928.413899999111891 ], [ 2792691.822999998927116, 814901.642400000244379 ], [ 2792836.501900002360344, 814874.403999999165535 ], [ 2792935.42849999666214, 814858.347699999809265 ], [ 2792947.126599997282028, 814856.455400001257658 ], [ 2792958.710100002586842, 814854.546599999070168 ], [ 2793048.73200000077486, 814839.760099999606609 ], [ 2793073.611100003123283, 814833.902800001204014 ], [ 2793170.555200003087521, 814809.75279999896884 ], [ 2793184.039300002157688, 814805.681400001049042 ], [ 2793243.390299998223782, 814787.781800001859665 ], [ 2793299.054999999701977, 814768.301300000399351 ], [ 2793424.720200002193451, 814714.750199999660254 ], [ 2793587.487099997699261, 814621.435100000351667 ], [ 2793628.315999999642372, 814596.728000000119209 ], [ 2793670.480200000107288, 814575.174899999052286 ], [ 2793728.561499997973442, 814551.811299998313189 ] ] ] ] } },
{ "type": "Feature", "properties": { "CVE_ENT": "09", "CVE_MUN": "011", "NOM_MUN": "Tláhuac", "OID": 2112 }, "geometry": { "type": "MultiPolygon", "coordinates": [ [ [ [ 2816517.960100002586842, 817399.596200000494719 ], [ 2816592.605599999427795, 817395.172600001096725 ], [ 2816603.558300003409386, 817473.471700001507998 ], [ 2816619.229599997401237, 817474.602200001478195 ], [ 2816639.119699999690056, 817552.893100000917912 ], [ 2816668.201300002634525, 817548.436700001358986 ], [ 2816656.413099996745586, 817515.857099998742342 ], [ 2816673.821099996566772, 817508.844700001180172 ], [ 2816714.740099996328354, 817492.378800000995398 ], [ 2816723.784100003540516, 817543.005399998277426 ], [ 2816762.835299998521805, 817529.062600001692772 ], [ 2816742.781300000846386, 817481.745600000023842 ], [ 2816772.952399998903275, 817468.974300000816584 ], [ 2816788.935000002384186, 817515.807900000363588 ], [ 2816875.401600003242493, 817515.439300000667572 ], [ 2816940.069200001657009, 817593.73030000180006 ], [ 2817004.401000000536442, 817597.703400000929832 ], [ 2817349.25959999859333, 817580.737700000405312 ], [ 2817350.422899998724461, 817571.194099999964237 ], [ 2817353.208200000226498, 817560.855799999088049 ], [ 2817359.974799998104572, 817550.517499998211861 ], [ 2817369.125200003385544, 817540.973799999803305 ], [ 2817379.471699997782707, 817533.822200000286102 ], [ 2817390.612899996340275, 817528.653000000864267 ], [ 2817402.1554000005126, 817528.653000000864267 ], [ 2817416.04900000244379, 817533.609200000762939 ], [ 2817428.861299999058247, 817539.646699998527765 ], [ 2817465.348499998450279, 817547.879599999636412 ], [ 2817550.848399996757507, 817547.601100001484156 ], [ 2817598.837099999189377, 817507.026099998503923 ], [ 2817663.726000003516674, 817617.912999998778105 ], [ 2817885.753700003027916, 817623.508200000971556 ], [ 2818498.908500000834465, 817596.974300000816584 ], [ 2818770.915700003504753, 817365.714099999517202 ], [ 2818658.988399997353554, 817212.236999999731779 ], [ 2818255.630699999630451, 816637.084899999201298 ], [ 2818220.257700003683567, 816449.168600000441074 ], [ 2818164.5603, 815952.99549999833107 ], [ 2818126.606700003147125, 815663.514800000935793 ], [ 2818088.964500002563, 815546.352800000458956 ], [ 2818026.246500000357628, 815484.863699998706579 ], [ 2817933.971799999475479, 815441.683699999004602 ], [ 2817834.602899998426437, 815440.39750000089407 ], [ 2817804.947800002992153, 815194.113200001418591 ], [ 2817745.629600003361702, 814701.58559999987483 ], [ 2817743.794600002467632, 814686.323899999260902 ], [ 2817684.803999997675419, 814196.499699998646975 ], [ 2817622.905199997127056, 813694.420200001448393 ], [ 2817561.629100002348423, 813207.340199999511242 ], [ 2817458.114900000393391, 812384.593100000172853 ], [ 2817429.180799998342991, 812192.162999998778105 ], [ 2817280.471400000154972, 811202.946199998259544 ], [ 2817166.341600000858307, 810481.33729999884963 ], [ 2817136.63629999756813, 810293.519600000232458 ], [ 2817089.237400002777576, 810076.587200000882149 ], [ 2816982.364500001072884, 809587.418299999088049 ], [ 2817004.564900003373623, 809580.872900001704693 ], [ 2817014.305200003087521, 809578.005699999630451 ], [ 2817030.336900003254414, 809573.287099998444319 ], [ 2817041.813900001347065, 809569.895599998533726 ], [ 2817054.626199997961521, 809566.119100000709295 ], [ 2817077.383599996566772, 809559.401700001209974 ], [ 2817097.757100000977516, 809553.396899998188019 ], [ 2817115.165100000798702, 809548.260499998927116 ], [ 2817125.634400002658367, 809545.172200001776218 ], [ 2817137.946999996900558, 809541.543099999427795 ], [ 2817149.202799998223782, 809538.225299999117851 ], [ 2817162.097000002861023, 809534.424300000071526 ], [ 2817189.87610000371933, 809526.232299998402596 ], [ 2817203.106200002133846, 809522.332899998873472 ], [ 2817216.786799997091293, 809518.294199999421835 ], [ 2817228.427599996328354, 809514.85359999909997 ], [ 2817241.534800000488758, 809510.995099999010563 ], [ 2817264.611699998378754, 809504.195799998939037 ], [ 2817275.433300003409386, 809501.000900000333786 ], [ 2817285.239200003445148, 809498.109099999070168 ], [ 2817308.209499999880791, 809491.334300000220537 ], [ 2817318.908299997448921, 809488.172200001776218 ], [ 2817329.115500003099442, 809485.165800001472235 ], [ 2817348.055399999022484, 809479.57880000025034 ], [ 2817359.851899996399879, 809476.105399999767542 ], [ 2817371.910499997437, 809472.55009999871254 ], [ 2817392.931199997663498, 809466.348700001835823 ], [ 2817404.637599997222424, 809462.899900000542402 ], [ 2817416.507799997925758, 809459.401900000870228 ], [ 2817434.8496999964118, 809453.995200000703335 ], [ 2817448.431999996304512, 809449.98930000141263 ], [ 2817456.296300001442432, 809447.671000000089407 ], [ 2817464.644000001251698, 809445.205200001597404 ], [ 2817472.778599999845028, 809442.804900001734495 ], [ 2817480.217000000178814, 809440.601300001144409 ], [ 2817490.923900000751019, 809437.447399999946356 ], [ 2817500.778899997472763, 809434.547400001436472 ], [ 2817513.779600001871586, 809430.705299999564886 ], [ 2817521.144199997186661, 809428.534499999135733 ], [ 2817532.326300002634525, 809425.241300001740456 ], [ 2817546.129799999296665, 809421.161699999123812 ], [ 2817557.770599998533726, 809417.737399999052286 ], [ 2817567.814000003039837, 809414.780099999159575 ], [ 2817586.188699997961521, 809409.365200001746416 ], [ 2817597.378899998962879, 809406.063799999654293 ], [ 2817606.939000003039837, 809403.245799999684095 ], [ 2817627.410800002515316, 809397.216499999165535 ], [ 2817638.511, 809393.939699999988079 ], [ 2817649.529200002551079, 809390.695599999278784 ], [ 2817658.376599997282028, 809388.082400001585484 ], [ 2817666.617700003087521, 809385.657499998807907 ], [ 2817673.531800001859665, 809383.61769999936223 ], [ 2817680.019799999892712, 809381.700800001621246 ], [ 2817689.022799998521805, 809379.038400001823902 ], [ 2817698.001299999654293, 809376.392400000244379 ], [ 2817707.594099998474121, 809373.55799999833107 ], [ 2817717.096799999475479, 809370.756299998611212 ], [ 2817727.131999999284744, 809367.7989999987185 ], [ 2817736.782200001180172, 809364.956399999558926 ], [ 2817746.235799998044968, 809362.171100001782179 ], [ 2817758.261600002646446, 809358.6239 ], [ 2817766.658399999141693, 809356.149999998509884 ], [ 2817776.513400003314018, 809353.241799999028444 ], [ 2817785.745800003409386, 809350.522100001573563 ], [ 2817796.346199996769428, 809347.392700001597404 ], [ 2817805.562200002372265, 809344.673000000417233 ], [ 2817815.368100002408028, 809341.781199999153614 ], [ 2817824.133500002324581, 809339.192499998956919 ], [ 2817834.037600003182888, 809336.276200000196695 ], [ 2817842.762100003659725, 809333.703899998217821 ], [ 2817851.773299999535084, 809331.049699999392033 ], [ 2817861.636500000953674, 809328.141499999910593 ], [ 2817871.114600002765656, 809325.339800000190735 ], [ 2817880.830300003290176, 809322.472600001841784 ], [ 2817889.964400000870228, 809319.785700000822544 ], [ 2817899.893100000917912, 809316.852899998426437 ], [ 2817910.280599996447563, 809313.789099998772144 ], [ 2817920.0945999994874, 809310.897300001233816 ], [ 2817928.802699998021126, 809308.333299998193979 ], [ 2817938.248099997639656, 809305.539799999445677 ], [ 2817948.463500000536442, 809302.533300001174212 ], [ 2817958.580600000917912, 809299.551399998366833 ], [ 2817967.821199998259544, 809296.823499999940395 ], [ 2817975.996799997985363, 809294.41499999910593 ], [ 2817984.246100001037121, 809291.973799999803305 ], [ 2817995.280799999833107, 809288.721599999815226 ], [ 2818005.479800000786781, 809285.71510000154376 ], [ 2818014.409100003540516, 809283.085499998182058 ], [ 2818022.166900001466274, 809280.799899999052286 ], [ 2818030.039399996399879, 809278.473400000482798 ], [ 2818041.156000003218651, 809275.196600001305342 ], [ 2818046.898599997162819, 809273.500900000333786 ], [ 2818055.663999997079372, 809270.912200000137091 ], [ 2818065.64190000295639, 809267.9712999984622 ], [ 2818075.586900003254414, 809265.046700000762939 ], [ 2818085.54839999973774, 809262.105799999088049 ], [ 2818095.059299997985363, 809259.295899998396635 ], [ 2818036.642200000584126, 808763.573399998247623 ], [ 2817977.692500002682209, 808263.214299999177456 ], [ 2817918.914899997413158, 807764.346099998801947 ], [ 2817901.580700002610683, 807617.160399999469519 ], [ 2817886.67119999974966, 807490.651299998164177 ], [ 2817880.723800003528595, 807440.213199999183416 ], [ 2817874.129299998283386, 807384.196299999952316 ], [ 2817870.795100003480911, 807355.933899998664856 ], [ 2817863.89750000089407, 807297.377500001341105 ], [ 2819892.652000002563, 806661.489999998360872 ], [ 2820180.906400002539158, 806571.140299998223782 ], [ 2820214.288800001144409, 806560.687300000339746 ], [ 2820234.695000000298023, 806554.289299998432398 ], [ 2820256.166299998760223, 806547.559599999338388 ], [ 2820273.905199997127056, 806546.356199998408556 ], [ 2820293.906800001859665, 806545.106100000441074 ], [ 2820328.386900000274181, 806542.95160000026226 ], [ 2820341.2566, 806535.152800001204014 ], [ 2820377.301399998366833, 806513.280200000852346 ], [ 2820379.750799998641014, 806511.797400001436472 ], [ 2820399.100299999117851, 806505.776299998164177 ], [ 2820414.452100001275539, 806500.992199998348951 ], [ 2820427.231600001454353, 806497.010899998247623 ], [ 2820438.602099999785423, 806493.471900001168251 ], [ 2820443.181400001049042, 806492.046500001102686 ], [ 2820475.269500002264977, 806482.945199999958277 ], [ 2820491.006300002336502, 806478.488800000399351 ], [ 2820505.276799999177456, 806474.441899999976158 ], [ 2820517.851499997079372, 806470.878400001674891 ], [ 2820530.942299999296665, 806467.167399998754263 ], [ 2820543.115599997341633, 806463.718600001186132 ], [ 2820555.297200001776218, 806460.261599998921156 ], [ 2820570.862000003457069, 806455.846099998801947 ], [ 2820606.382500000298023, 806444.860599998384714 ], [ 2820614.820200003683567, 806442.247400000691414 ], [ 2820623.192400000989437, 806439.650499999523163 ], [ 2820631.785899996757507, 806436.996300000697374 ], [ 2820640.6824000030756, 806434.24379999935627 ], [ 2820649.201999999582767, 806431.605999998748302 ], [ 2820658.139499999582767, 806428.837099999189377 ], [ 2820666.560900002717972, 806426.240200001746416 ], [ 2820675.858800001442432, 806423.356600001454353 ], [ 2820685.410700000822544, 806420.407499998807907 ], [ 2820695.101800002157688, 806417.409200001507998 ], [ 2820724.96169999986887, 806408.168600000441074 ], [ 2820736.84009999781847, 806404.49040000140667 ], [ 2820750.070100001990795, 806400.40260000154376 ], [ 2820762.317199997603893, 806396.609700001776218 ], [ 2820776.636799998581409, 806392.17790000140667 ], [ 2820787.229099996387959, 806388.901099998503923 ], [ 2820795.36370000243187, 806386.377900000661612 ], [ 2820805.808499999344349, 806383.142099998891354 ], [ 2820817.318300001323223, 806379.578600000590086 ], [ 2820850.32379999756813, 806369.371300000697374 ], [ 2820777.521499998867512, 806086.624400001019239 ], [ 2820699.590999998152256, 805783.987399999052286 ], [ 2820694.438299998641014, 805763.966099999845028 ], [ 2820687.802799999713898, 805738.202300000935793 ], [ 2820632.326499998569489, 805522.744500000029802 ], [ 2820610.396499998867512, 805529.183400001376867 ], [ 2820583.985500000417233, 805536.941199999302626 ], [ 2820552.192400000989437, 805546.271899998188019 ], [ 2820510.86370000243187, 805558.412500001490116 ], [ 2820405.121399998664856, 805589.468400001525879 ], [ 2820379.873700000345707, 805596.882100000977516 ], [ 2820353.093999996781349, 805604.746399998664856 ], [ 2820325.749099999666214, 805612.774599999189377 ], [ 2820299.690399996936321, 805620.425900001078844 ], [ 2820217.655699998140335, 805644.5185999982059 ], [ 2820191.629699997603893, 805652.161699999123812 ], [ 2820169.068899996578693, 805658.789099998772144 ], [ 2820137.988499999046326, 805667.914900001138449 ], [ 2820107.694499999284744, 805676.811500001698732 ], [ 2820089.246100001037121, 805682.226399999111891 ], [ 2820071.93639999628067, 805687.3136 ], [ 2820057.125200003385544, 805691.663600001484156 ], [ 2820040.347999997437, 805696.595100000500679 ], [ 2820026.806699998676777, 805700.568300001323223 ], [ 2820005.646700002253056, 805706.777800001204014 ], [ 2819889.025399997830391, 805741.020399998873472 ], [ 2819844.03490000218153, 805754.234000001102686 ], [ 2819792.105899997055531, 805769.48759999871254 ], [ 2819750.244699999690056, 805781.775600001215935 ], [ 2819731.648900002241135, 805787.239599999040365 ], [ 2819652.825499996542931, 805658.281199999153614 ], [ 2819623.285099998116493, 805609.948399998247623 ], [ 2819599.159699998795986, 805570.503899998962879 ], [ 2819571.618199996650219, 805544.772799998521805 ], [ 2819508.367700003087521, 805485.700300000607967 ], [ 2819548.795299999415874, 805461.599399998784065 ], [ 2819466.907999999821186, 805478.8108000010252 ], [ 2819439.776100002229214, 805390.361800000071526 ], [ 2819070.292400002479553, 805436.59739999845624 ], [ 2818898.989399999380112, 805381.907600000500679 ], [ 2818840.957299999892712, 805363.385499998927116 ], [ 2818802.610600002110004, 805351.146699998527765 ], [ 2818833.797499999403954, 805291.926699999719858 ], [ 2818535.600500002503395, 805314.479299999773502 ], [ 2818523.926899999380112, 805315.364000000059605 ], [ 2818502.4966000020504, 805284.570300001651049 ], [ 2818476.306800000369549, 805246.919900000095367 ], [ 2818448.667000003159046, 805207.196899998933077 ], [ 2818438.279600001871586, 805192.262800000607967 ], [ 2818429.284699998795986, 805194.441899999976158 ], [ 2818406.01129999756813, 805200.06980000063777 ], [ 2818393.739600002765656, 805203.035300001502037 ], [ 2818384.572800002992153, 805205.24720000103116 ], [ 2818371.310000002384186, 805208.458399999886751 ], [ 2818356.433300003409386, 805212.062899999320507 ], [ 2818224.140699997544289, 805130.232999999076128 ], [ 2818205.839699998497963, 805118.919900000095367 ], [ 2818134.71679999679327, 805074.9206000007689 ], [ 2818061.816200003027916, 805029.823699999600649 ], [ 2818051.461499996483326, 805013.881999999284744 ], [ 2818049.487199999392033, 805010.842799998819828 ], [ 2817993.4949000030756, 804924.630199998617172 ], [ 2817968.82880000025034, 804912.309399999678135 ], [ 2817920.545199997723103, 804908.205200001597404 ], [ 2817872.048500001430511, 804926.424300000071526 ], [ 2817851.347300000488758, 804936.582299999892712 ], [ 2817822.8800999969244, 804954.85869999974966 ], [ 2817786.179999999701977, 804979.401900000870228 ], [ 2817769.181599996984005, 804987.454700000584126 ], [ 2817658.57320000231266, 805033.157800000160933 ], [ 2817628.05799999833107, 805047.690400000661612 ], [ 2817607.24210000038147, 805058.798799999058247 ], [ 2817585.852799996733665, 805076.460700001567602 ], [ 2817556.484499998390675, 805096.695000000298023 ], [ 2817529.08219999819994, 805115.3564000017941 ], [ 2817506.333099998533726, 805135.336599998176098 ], [ 2817460.048299998044968, 805183.562899999320507 ], [ 2817408.938400000333786, 805256.127700001001358 ], [ 2817377.366400003433228, 805284.742300000041723 ], [ 2817300.762999996542931, 805317.985500000417233 ], [ 2817235.226999998092651, 805335.000300001353025 ], [ 2817225.634199999272823, 805336.949999999254942 ], [ 2817122.799999997019768, 805353.464999999850988 ], [ 2816927.666599996387959, 805385.413800001144409 ], [ 2816901.132700003683567, 805383.300299998372793 ], [ 2816652.865900002419949, 805593.982099998742342 ], [ 2816600.297899998724461, 805638.587600000202656 ], [ 2816582.619499996304512, 805653.587099999189377 ], [ 2816566.02250000089407, 805667.669199999421835 ], [ 2816547.213699996471405, 805683.635400000959635 ], [ 2816528.159100003540516, 805699.814599998295307 ], [ 2816512.610699996352196, 805713.003699999302626 ], [ 2816501.313900001347065, 805722.604699999094009 ], [ 2816491.295100003480911, 805731.099800001829863 ], [ 2816470.6266999989748, 805748.630699999630451 ], [ 2816455.233900003135204, 805761.688799999654293 ], [ 2816438.145400002598763, 805776.196800000965595 ], [ 2816425.8574, 805786.616999998688698 ], [ 2816412.815700002014637, 805797.684399999678135 ], [ 2816394.998099997639656, 805812.806800000369549 ], [ 2816382.677400000393391, 805823.251600001007318 ], [ 2816373.97749999910593, 805830.632599998265505 ], [ 2816358.134099997580051, 805844.075699999928474 ], [ 2816344.560000002384186, 805855.593699999153614 ], [ 2816332.443999998271465, 805865.874600000679493 ], [ 2816244.920699998736382, 805940.143300000578165 ], [ 2816227.275100000202656, 805955.118299998342991 ], [ 2816201.109899997711182, 805977.318599998950958 ], [ 2816170.488200001418591, 806003.303599998354912 ], [ 2816126.054799996316433, 806041.011399999260902 ], [ 2816102.494599997997284, 806061.008099999278784 ], [ 2816092.721500001847744, 806069.29839999973774 ], [ 2816074.707299999892712, 806086.083799999207258 ], [ 2816054.325599998235703, 806105.081000000238419 ], [ 2816036.524400003254414, 806121.669799998402596 ], [ 2816014.184799998998642, 806142.485700000077486 ], [ 2816000.463200002908707, 806155.2652000002563 ], [ 2815985.36540000140667, 806169.339099999517202 ], [ 2815972.1925999969244, 806181.610700000077486 ], [ 2815948.747100003063679, 806203.458799999207258 ], [ 2815931.617700003087521, 806219.433200001716614 ], [ 2815908.663699999451637, 806240.814300000667572 ], [ 2815887.225199997425079, 806260.794599998742342 ], [ 2815854.858599998056889, 806290.949299998581409 ], [ 2815827.636600002646446, 806316.319899998605251 ], [ 2815576.174999997019768, 806538.634399998933077 ], [ 2815518.691699996590614, 806516.655299998819828 ], [ 2815499.530599996447563, 806427.043000001460314 ], [ 2815437.853100001811981, 806431.925400000065565 ], [ 2815283.917199999094009, 806439.404699999839067 ], [ 2815248.683399997651577, 806658.671799998730421 ], [ 2815234.34740000218153, 806715.630800001323223 ], [ 2815211.770199999213219, 806713.779399998486042 ], [ 2815189.193099997937679, 806711.927999999374151 ], [ 2815169.196400001645088, 806713.926899999380112 ], [ 2815077.880199998617172, 806719.407299999147654 ], [ 2815062.553000003099442, 806589.990100000053644 ], [ 2815061.152099996805191, 806583.706799998879433 ], [ 2815028.359499998390675, 806444.918000001460314 ], [ 2814997.467500001192093, 806453.814500000327826 ], [ 2814961.938799999654293, 806467.331300001591444 ], [ 2814981.624200001358986, 806538.151099998503923 ], [ 2814976.012699998915195, 806547.473600000143051 ], [ 2814958.833999998867512, 806570.657000001519918 ], [ 2814932.04619999974966, 806585.107700001448393 ], [ 2814911.091099999845028, 806590.301399998366833 ], [ 2814849.905000001192093, 806597.969099998474121 ], [ 2814847.94709999859333, 806710.248599998652935 ], [ 2814775.521700002253056, 806714.950899999588728 ], [ 2814702.014799997210503, 806731.596999999135733 ], [ 2814657.933700002729893, 806604.973299998790026 ], [ 2814609.674599997699261, 806617.760999999940395 ], [ 2814600.810900002717972, 806577.824999999254942 ], [ 2814563.17679999768734, 806576.186599999666214 ], [ 2814428.377499997615814, 806560.441500000655651 ], [ 2814410.1503000035882, 806558.311599999666214 ], [ 2814360.121699996292591, 806552.462499998509884 ], [ 2814268.158299997448921, 806541.714600000530481 ], [ 2814168.592799998819828, 806530.081999998539686 ], [ 2814159.770000003278255, 806529.05799999833107 ], [ 2814119.252300001680851, 806524.322999998927116 ], [ 2814071.73870000243187, 806518.768800001591444 ], [ 2813983.576399996876717, 806508.471500001847744 ], [ 2813977.153899997472763, 806507.725999999791384 ], [ 2813835.694499999284744, 806491.194600000977516 ], [ 2813793.063299998641014, 806486.213799998164177 ], [ 2813691.531599998474121, 806474.351799998432398 ], [ 2813653.324199996888638, 806469.879000000655651 ], [ 2813490.983300000429153, 806451.242199998348951 ], [ 2813369.790799997746944, 806437.33219999819994 ], [ 2813322.105200000107288, 806431.859900001436472 ], [ 2813276.680600002408028, 806426.641600001603365 ], [ 2813257.912699997425079, 806424.487100001424551 ], [ 2813207.245200000703335, 806418.670800000429153 ], [ 2813003.034999996423721, 806395.233500000089407 ], [ 2812992.352600000798702, 806394.004700001329184 ], [ 2812922.3684, 806385.976500000804663 ], [ 2812892.795299999415874, 806382.58500000089407 ], [ 2812754.604400001466274, 806366.725299999117851 ], [ 2812722.565499998629093, 806363.047100000083447 ], [ 2812679.21339999884367, 806358.082800000905991 ], [ 2812530.577799998223782, 806341.092500001192093 ], [ 2812492.5669, 806336.742600001394749 ], [ 2812366.672200001776218, 806322.349300000816584 ], [ 2812309.3445999994874, 806315.795699998736382 ], [ 2812207.460699997842312, 806304.146600000560284 ], [ 2812176.912799999117851, 806300.656800001859665 ], [ 2811966.140799999237061, 806276.572399999946356 ], [ 2811933.733199998736382, 806272.869600001722574 ], [ 2811834.716499999165535, 806261.548200000077486 ], [ 2811424.600400000810623, 806214.632599998265505 ], [ 2811658.351000003516674, 806517.228700000792742 ], [ 2811762.79900000244379, 806651.462900001555681 ], [ 2811820.601700000464916, 806725.731499999761581 ], [ 2811865.248099997639656, 806783.108300000429153 ], [ 2811869.024599999189377, 806787.958000000566244 ], [ 2811890.848099999129772, 806815.999200001358986 ], [ 2811905.36429999768734, 806834.644200000911951 ], [ 2812007.33839999884367, 806965.708000000566244 ], [ 2812066.910599999129772, 807042.254000000655651 ], [ 2812096.778599999845028, 807080.649900000542402 ], [ 2812110.631300002336502, 807098.451099999248981 ], [ 2812146.684299997985363, 807144.768699999898672 ], [ 2812193.378700003027916, 807204.791499998420477 ], [ 2812241.916299998760223, 807267.157200001180172 ], [ 2812276.63400000333786, 807311.770799998193979 ], [ 2812322.353500001132488, 807370.523800000548363 ], [ 2812377.534800000488758, 807441.433800000697374 ], [ 2812385.276299998164177, 807451.387099999934435 ], [ 2812456.276299998164177, 807542.621399998664856 ], [ 2812474.773900002241135, 807566.394600000232458 ], [ 2812506.247500002384186, 807606.838500000536442 ], [ 2812528.595299996435642, 807635.559599999338388 ], [ 2812566.114699997007847, 807683.769499998539686 ], [ 2812649.386399999260902, 807790.773400001227856 ], [ 2812710.4331, 807869.219999998807907 ], [ 2812713.742700003087521, 807873.463500000536442 ], [ 2812788.101499997079372, 807965.828299999237061 ], [ 2812805.845399998128414, 807987.864799998700619 ], [ 2812924.563799999654293, 808144.749800000339746 ], [ 2812927.844800002872944, 808151.758099999278784 ], [ 2812941.873499996960163, 808181.752999998629093 ], [ 2812947.534199997782707, 808205.583599999547005 ], [ 2812968.989100001752377, 808259.798200000077486 ], [ 2812975.632799997925758, 808288.929000001400709 ], [ 2812974.149999998509884, 808305.886399999260902 ], [ 2812973.773199997842312, 808312.849599998444319 ], [ 2812985.119099996984005, 808338.728100001811981 ], [ 2812997.800300002098083, 808361.698499999940395 ], [ 2813009.416599996387959, 808377.541799999773502 ], [ 2813043.913099996745586, 808453.637299999594688 ], [ 2813056.397699996829033, 808494.474399998784065 ], [ 2813062.320500001311302, 808520.180900000035763 ], [ 2813066.187100000679493, 808533.239000000059605 ], [ 2813071.085900001227856, 808555.799699999392033 ], [ 2813073.600900001823902, 808569.554099999368191 ], [ 2813075.689900003373623, 808588.403900001198053 ], [ 2813080.277400001883507, 808614.069400001317263 ], [ 2813223.1621999964118, 808576.738499999046326 ], [ 2813232.197999998927116, 808609.73589999973774 ], [ 2813207.359899997711182, 808623.375599998980761 ], [ 2813228.495200000703335, 808711.005399998277426 ], [ 2813235.507600001990795, 808732.263599999248981 ], [ 2813236.212099999189377, 808758.109400000423193 ], [ 2813247.541599996387959, 808775.640299998223782 ], [ 2813364.400499999523163, 808727.160000000149012 ], [ 2813374.615900002419949, 808736.228500001132488 ], [ 2813373.03490000218153, 808744.232099998742342 ], [ 2813374.665100000798702, 808780.055700000375509 ], [ 2813379.498400002717972, 808801.551600001752377 ], [ 2813399.732600003480911, 808826.7010000012815 ], [ 2813420.409199997782707, 808828.118200000375509 ], [ 2813438.60360000282526, 808846.132399998605251 ], [ 2813445.001599997282028, 808870.823100000619888 ], [ 2813468.651900000870228, 808911.873199999332428 ], [ 2813500.740000002086163, 808972.01069999858737 ], [ 2813512.036700002849102, 809028.453600000590086 ], [ 2813534.433700002729893, 809098.298599999397993 ], [ 2813579.432300001382828, 809198.740699999034405 ], [ 2813595.595100000500679, 809238.832299999892712 ], [ 2813603.737999998033047, 809239.495900001376867 ], [ 2813619.523999996483326, 809249.555700000375509 ], [ 2813642.117499999701977, 809241.871599998325109 ], [ 2813660.246399998664856, 809246.024900000542402 ], [ 2813695.725900001823902, 809229.346000000834465 ], [ 2813720.056199997663498, 809283.495099999010563 ], [ 2813732.254100002348423, 809266.791600000113249 ], [ 2813769.052500002086163, 809355.904199998825788 ], [ 2813709.185400001704693, 809426.142400000244379 ], [ 2813619.556699998676777, 809523.397799998521805 ], [ 2813550.760300002992153, 809600.500900000333786 ], [ 2813484.667300000786781, 809666.069699998944998 ], [ 2813388.681599996984005, 809751.626899998635054 ], [ 2813331.812700003385544, 809795.552499998360872 ], [ 2813326.782799996435642, 809783.092399999499321 ], [ 2813285.765500001609325, 809825.592500001192093 ], [ 2813271.1919, 809852.429499998688698 ], [ 2813278.785899996757507, 809897.247900001704693 ], [ 2813271.560599997639656, 809912.648899998515844 ], [ 2813253.1941, 809926.591699998825788 ], [ 2813232.787799999117851, 809953.272999998182058 ], [ 2813197.21000000089407, 810001.826999999582767 ], [ 2813179.670900002121925, 810018.448600001633167 ], [ 2813163.483499996364117, 810033.317099999636412 ], [ 2813148.860799998044968, 810047.34180000051856 ], [ 2813123.932499997317791, 810069.083299998193979 ], [ 2813100.700000002980232, 810083.583200000226498 ], [ 2813071.49549999833107, 810099.295400001108646 ], [ 2813050.376599997282028, 810108.904599998146296 ], [ 2813021.917599998414516, 810119.996599998325109 ], [ 2812994.810199998319149, 810130.228399999439716 ], [ 2812950.532499998807907, 810149.700800001621246 ], [ 2812875.1743, 810180.412599999457598 ], [ 2812841.611599996685982, 810200.491200000047684 ], [ 2812809.851300001144409, 810223.617199998348951 ], [ 2812805.607799999415874, 810226.934999998658895 ], [ 2812781.8838, 810239.067299999296665 ], [ 2812763.0176, 810251.535599999129772 ], [ 2812692.541799999773502, 810274.464999999850988 ], [ 2812677.550499998033047, 810280.518899999558926 ], [ 2812660.552100002765656, 810286.425299998372793 ], [ 2812637.000100001692772, 810295.321800000965595 ], [ 2812619.862400002777576, 810302.563499998301268 ], [ 2812545.495399996638298, 810329.253100000321865 ], [ 2812520.78830000013113, 810338.894999999552965 ], [ 2812511.498599998652935, 810342.55689999833703 ], [ 2812499.825000002980232, 810347.340999998152256 ], [ 2812471.292300000786781, 810359.817400000989437 ], [ 2812443.75900000333786, 810369.238200001418591 ], [ 2812431.593800000846386, 810367.444200001657009 ], [ 2812371.104099996387959, 810356.745400000363588 ], [ 2812331.880800001323223, 810358.801600001752377 ], [ 2812299.505999997258186, 810361.668800000101328 ], [ 2812271.1699, 810366.010600000619888 ], [ 2812256.039300002157688, 810369.017000000923872 ], [ 2812234.535300001502037, 810373.956799998879433 ], [ 2812101.751199997961521, 810405.905600000172853 ], [ 2811982.623099997639656, 810426.557599999010563 ], [ 2811974.857100002467632, 810428.916900001466274 ], [ 2811899.793799996376038, 810451.75620000064373 ], [ 2811840.30349999666214, 810469.172400001436472 ], [ 2811790.89750000089407, 810480.690400000661612 ], [ 2811781.394799999892712, 810463.020199999213219 ], [ 2811770.851700000464916, 810452.493500001728535 ], [ 2811725.951399996876717, 810432.734400000423193 ], [ 2811695.133000001311302, 810426.713300000876188 ], [ 2811659.22749999910593, 810449.257699999958277 ], [ 2811650.937200002372265, 810437.887200001627207 ], [ 2811645.997400000691414, 810438.231199998408556 ], [ 2811637.445000000298023, 810443.646099999547005 ], [ 2811633.406300000846386, 810443.793600000441074 ], [ 2811629.367700003087521, 810443.924699999392033 ], [ 2811614.7368, 810457.064599998295307 ], [ 2811601.686899997293949, 810459.030699998140335 ], [ 2811589.841300003230572, 810464.158900000154972 ], [ 2811579.748700000345707, 810475.15260000154376 ], [ 2811570.221400000154972, 810480.329900000244379 ], [ 2811478.241700001060963, 810482.033900000154972 ], [ 2811429.572999998927116, 810492.667100001126528 ], [ 2811407.085900001227856, 810499.368099998682737 ], [ 2811392.774499997496605, 810509.591699998825788 ], [ 2811378.545000001788139, 810519.2010000012815 ], [ 2811366.83049999922514, 810525.893800001591444 ], [ 2811351.773599997162819, 810539.6891999989748 ], [ 2811335.045500002801418, 810549.724399998784065 ], [ 2811323.953500002622604, 810559.546599999070168 ], [ 2811308.478799998760223, 810581.910700000822544 ], [ 2811307.430299997329712, 810598.63060000166297 ], [ 2811301.138800002634525, 810662.651099998503923 ], [ 2811294.814599998295307, 810690.585799999535084 ], [ 2811266.986400000751019, 810739.541200000792742 ], [ 2811243.180399999022484, 810772.808899998664856 ], [ 2811212.059000000357628, 810806.781100001186132 ], [ 2811149.39019999653101, 810869.392599999904633 ], [ 2811069.125, 810966.394099999219179 ], [ 2811028.697499997913837, 811008.001200001686811 ], [ 2810990.711199998855591, 811039.622299998998642 ], [ 2810976.735600002110004, 811051.246800001710653 ], [ 2810952.733000002801418, 811071.235300000756979 ], [ 2810946.22860000282526, 811078.755499999970198 ], [ 2810935.521700002253056, 811091.125399999320507 ], [ 2810911.093099996447563, 811119.346900001168251 ], [ 2810890.736000001430511, 811142.866099998354912 ], [ 2810877.940099999308586, 811157.644499998539686 ], [ 2810868.420999996364117, 811168.638199999928474 ], [ 2810854.953299999237061, 811184.203000001609325 ], [ 2810841.829800002276897, 811203.732700001448393 ], [ 2810828.94370000064373, 811222.885600000619888 ], [ 2810823.831900000572205, 811230.504099998623133 ], [ 2810817.507700003683567, 811239.908599998801947 ], [ 2810809.864600002765656, 811251.262699998915195 ], [ 2810798.584200002253056, 811268.05629999935627 ], [ 2810795.4221, 811272.750300001353025 ], [ 2810775.884199999272823, 811301.815499998629093 ], [ 2810769.830300003290176, 811310.818500000983477 ], [ 2810767.036799997091293, 811314.971799999475479 ], [ 2810753.536399997770786, 811335.058600001037121 ], [ 2810743.796099998056889, 811349.550299998372793 ], [ 2810737.799500003457069, 811357.824200000613928 ], [ 2810732.278099998831749, 811365.459100000560284 ], [ 2810720.760200001299381, 811381.376200001686811 ], [ 2810714.411399997770786, 811390.141600001603365 ], [ 2810693.439900003373623, 811403.953400000929832 ], [ 2810659.11540000140667, 811426.57149999961257 ], [ 2810561.876299999654293, 811490.616500001400709 ], [ 2810481.906000003218651, 811511.325899999588728 ], [ 2810443.207000002264977, 811524.515000000596046 ], [ 2810425.594300001859665, 811532.436700001358986 ], [ 2810319.114600002765656, 811590.108399998396635 ], [ 2810228.003200002014637, 811643.643100000917912 ], [ 2810205.7128000035882, 811656.733899999409914 ], [ 2810110.718299999833107, 811703.706799998879433 ], [ 2810021.45830000191927, 811728.692400000989437 ], [ 2809809.514899998903275, 811788.018899999558926 ], [ 2809459.683700002729893, 811904.22239999845624 ], [ 2809429.004699997603893, 811916.895399998873472 ], [ 2809397.637500002980232, 811933.041900001466274 ], [ 2809366.548900000751019, 811950.4662000015378 ], [ 2809253.597599998116493, 812018.820300001651049 ], [ 2809146.601800002157688, 812088.157400000840425 ], [ 2808974.438799999654293, 812192.998599998652935 ], [ 2808936.42790000140667, 812207.350999999791384 ], [ 2808817.987999998033047, 812253.136100001633167 ], [ 2808741.7368, 812280.300700001418591 ], [ 2808704.291199997067451, 812291.466400001198053 ], [ 2808676.200800001621246, 812292.515000000596046 ], [ 2808615.506300002336502, 812292.2364999987185 ], [ 2808578.699600003659725, 812288.869600001722574 ], [ 2808534.544799998402596, 812288.656599998474121 ], [ 2808492.175700001418591, 812291.318999998271465 ], [ 2808453.4358000010252, 812299.863200001418591 ], [ 2808409.461099997162819, 812314.641600001603365 ], [ 2808298.721699997782707, 812346.049699999392033 ], [ 2808192.594300001859665, 812380.488899998366833 ], [ 2808135.152000002563, 812399.994100000709295 ], [ 2808055.648599997162819, 812428.838100001215935 ], [ 2807723.512199997901917, 812550.292700000107288 ], [ 2807682.068899996578693, 812570.748100001364946 ], [ 2807632.531800001859665, 812599.796900000423193 ], [ 2807357.952399998903275, 812771.96000000089407 ], [ 2807238.988099999725819, 812847.555799998342991 ], [ 2807209.759099997580051, 812865.676500000059605 ], [ 2807199.666500002145767, 812872.336599998176098 ], [ 2807220.973899997770786, 812899.361999999731779 ], [ 2807236.8091000020504, 812917.531800001859665 ], [ 2807255.609700001776218, 812939.936999998986721 ], [ 2807262.794100001454353, 812950.193399999290705 ], [ 2807271.666000001132488, 812962.039000000804663 ], [ 2807290.450300000607967, 812985.148600000888109 ], [ 2807309.283699996769428, 813007.783100001513958 ], [ 2807311.307099997997284, 813011.936500001698732 ], [ 2807327.641999997198582, 813029.778599999845028 ], [ 2807343.280500002205372, 813048.997099999338388 ], [ 2807363.80969999730587, 813072.049400001764297 ], [ 2807384.191299997270107, 813095.150800000876188 ], [ 2807402.11540000140667, 813115.016399998217821 ], [ 2807416.205700002610683, 813131.998399998992682 ], [ 2807420.694899998605251, 813136.888999998569489 ], [ 2807453.151600003242493, 813170.0011 ], [ 2807487.32039999961853, 813209.314500000327826 ], [ 2807503.9912, 813229.1064000017941 ], [ 2807521.890699997544289, 813246.555300001055002 ], [ 2807528.378700003027916, 813254.321400001645088 ], [ 2807549.989200003445148, 813273.253100000321865 ], [ 2807557.6897, 813282.469099998474121 ], [ 2807576.359300002455711, 813304.079599998891354 ], [ 2807591.268700003623962, 813322.011799998581409 ], [ 2807626.969499997794628, 813360.604400001466274 ], [ 2807702.909299999475479, 813444.187300000339746 ], [ 2807778.201999999582767, 813527.950500000268221 ], [ 2807789.154700003564358, 813541.54109999909997 ], [ 2807850.750299997627735, 813611.861200001090765 ], [ 2807882.813799999654293, 813651.789000000804663 ], [ 2807925.281099997460842, 813702.538400001823902 ], [ 2807964.406099997460842, 813749.437600001692772 ], [ 2807971.0253000035882, 813763.011799998581409 ], [ 2807972.7128000035882, 813810.681000001728535 ], [ 2807974.121799997985363, 813863.814300000667572 ], [ 2807974.38400000333786, 813918.29109999909997 ], [ 2807971.705200001597404, 813922.27250000089407 ], [ 2807957.918099999427795, 813933.331700000911951 ], [ 2807945.924999997019768, 813942.129900000989437 ], [ 2807939.174800001084805, 813947.602099999785423 ], [ 2807928.410499997437, 813957.153999999165535 ], [ 2807919.808899998664856, 813976.724700000137091 ], [ 2807913.451899997889996, 814004.724899999797344 ], [ 2807889.391999997198582, 814095.017200000584126 ], [ 2807888.572800002992153, 814097.958099998533726 ], [ 2807883.026799999177456, 814121.026799999177456 ], [ 2807880.782200001180172, 814128.325800001621246 ], [ 2807876.931999996304512, 814142.350499998778105 ], [ 2807874.73650000244379, 814149.371100001037121 ], [ 2807869.862300001084805, 814166.885600000619888 ], [ 2807860.474200002849102, 814209.71339999884367 ], [ 2807857.090899996459484, 814221.26410000026226 ], [ 2807850.242399998009205, 814273.864900000393391 ], [ 2807836.528999999165535, 814305.912000000476837 ], [ 2807818.21169999986887, 814332.95380000025034 ], [ 2807770.550599999725819, 814395.720899999141693 ], [ 2807751.283100001513958, 814423.549100000411272 ], [ 2807712.289099998772144, 814513.456300001591444 ], [ 2807664.45610000193119, 814625.613000001758337 ], [ 2807661.580700002610683, 814636.246199999004602 ], [ 2807642.747299998998642, 814687.225000001490116 ], [ 2807621.595499999821186, 814744.044700000435114 ], [ 2807648.309600003063679, 814847.419599998742342 ], [ 2807649.915299996733665, 814855.079100001603365 ], [ 2807663.849799998104572, 814894.310600001364946 ], [ 2807682.01969999819994, 814954.095800001174212 ], [ 2807694.578000001609325, 814998.799600001424551 ], [ 2807715.737999998033047, 815062.090999998152256 ], [ 2807726.289300002157688, 815098.217700000852346 ], [ 2807755.518299996852875, 815191.278799999505281 ], [ 2807832.43299999833107, 815164.376299999654293 ], [ 2808018.743699997663498, 815104.271600000560284 ], [ 2808057.884999997913837, 815088.133299998939037 ], [ 2808125.231499999761581, 815061.329100001603365 ], [ 2808179.028300002217293, 815136.22859999909997 ], [ 2808280.682899996638298, 815271.142599999904633 ], [ 2808427.860299997031689, 815469.978799998760223 ], [ 2808547.733900003135204, 815629.919399999082088 ], [ 2808577.585500001907349, 815670.084800001233816 ], [ 2808606.970200002193451, 815709.570300001651049 ], [ 2808637.288800001144409, 815749.498100001364946 ], [ 2808655.778200000524521, 815774.532800000160933 ], [ 2808817.12780000269413, 815653.962999999523163 ], [ 2808932.372900001704693, 815810.3564000017941 ], [ 2809038.295400001108646, 815965.824200000613928 ], [ 2809061.126500003039837, 815950.005499999970198 ], [ 2809082.138999998569489, 815935.964400000870228 ], [ 2809091.707299999892712, 815929.222300000488758 ], [ 2809101.537699997425079, 815923.012800000607967 ], [ 2809131.602300003170967, 815902.655699998140335 ], [ 2809178.722699999809265, 815871.763700000941753 ], [ 2809187.570000000298023, 815866.660000000149012 ], [ 2809198.490000002086163, 815859.295400001108646 ], [ 2809218.28999999910593, 815845.000399999320507 ], [ 2809341.51410000026226, 816016.2787000015378 ], [ 2809374.298500001430511, 815992.759500000625849 ], [ 2809380.524400003254414, 815986.869500000029802 ], [ 2809406.624099999666214, 815968.740600001066923 ], [ 2809418.42059999704361, 815960.040699999779463 ], [ 2809441.710500001907349, 815943.058600001037121 ], [ 2809445.134700000286102, 815940.551899999380112 ], [ 2809476.624799996614456, 815919.154399998486042 ], [ 2809505.13289999961853, 815898.027199998497963 ], [ 2809577.869699999690056, 815996.46229999884963 ], [ 2809642.029399998486042, 816084.731100000441074 ], [ 2809657.954700000584126, 816053.306600000709295 ], [ 2809669.693800002336502, 816067.421399999409914 ], [ 2809807.843699999153614, 815964.587200000882149 ], [ 2809821.901199996471405, 815978.546399999409914 ], [ 2809847.419299997389317, 816011.609299998730421 ], [ 2809871.692199997603893, 816042.771699998527765 ], [ 2809896.063400000333786, 816070.599899999797344 ], [ 2809900.388700000941753, 816074.597600001841784 ], [ 2809917.296999998390675, 816096.060600001364946 ], [ 2809926.996299996972084, 816109.421799998730421 ], [ 2809939.284299999475479, 816125.576400000602007 ], [ 2809956.774300001561642, 816149.292199999094009 ], [ 2809961.230700001120567, 816155.419900000095367 ], [ 2809981.735299997031689, 816182.617300000041723 ], [ 2809985.823100000619888, 816184.878299999982119 ], [ 2810000.80629999935627, 816205.440200001001358 ], [ 2810009.915799997746944, 816199.132399998605251 ], [ 2810023.481700003147125, 816213.378299999982119 ], [ 2810135.679399996995926, 816319.75959999859333 ], [ 2810170.7820999994874, 816285.631700001657009 ], [ 2810201.862499997019768, 816260.5641999989748 ], [ 2810229.027199998497963, 816240.116900000721216 ], [ 2810259.697999998927116, 816276.874400001019239 ], [ 2810268.471699997782707, 816293.479600001126528 ], [ 2810286.281099997460842, 816327.189699999988079 ], [ 2810303.492499999701977, 816352.666799999773502 ], [ 2810319.303000003099442, 816360.514800000935793 ], [ 2810392.932700000703335, 816384.091299999505281 ], [ 2810442.469800002872944, 816399.951099999248981 ], [ 2810559.205799996852875, 816437.322999998927116 ], [ 2810716.729699999094009, 816487.752900000661612 ], [ 2811585.892700001597404, 816766.559399999678135 ], [ 2811647.660400003194809, 816786.36769999936223 ], [ 2811995.722099997103214, 816910.640299998223782 ], [ 2812395.360600002110004, 817053.336800001561642 ], [ 2812400.603500001132488, 817055.212699998170137 ], [ 2813368.635799996554852, 817400.743099998682737 ], [ 2813435.531599998474121, 817424.622800000011921 ], [ 2813564.711300000548363, 817470.727400001138449 ], [ 2814209.421700000762939, 817700.91440000012517 ], [ 2814503.317900002002716, 817692.755100000649691 ], [ 2814564.1925999969244, 817691.067600000649691 ], [ 2814815.58049999922514, 817684.104400001466274 ], [ 2815081.582999996840954, 817676.723400000482798 ], [ 2815091.839400000870228, 817676.436700001358986 ], [ 2815460.438400000333786, 817666.2212999984622 ], [ 2815463.8462999984622, 817666.131099998950958 ], [ 2816355.365199998021126, 817641.424100000411272 ], [ 2816462.786899998784065, 817638.442200001329184 ], [ 2816493.27759999781847, 817605.018800001591444 ], [ 2816388.796800002455711, 817473.152199998497963 ], [ 2816423.604599997401237, 817419.609299998730421 ], [ 2816430.641500003635883, 817415.120099999010563 ], [ 2816484.520300000905991, 817401.578699998557568 ], [ 2816517.960100002586842, 817399.596200000494719 ] ] ] ] } },
{ "type": "Feature", "properties": { "CVE_ENT": "09", "CVE_MUN": "010", "NOM_MUN": "Álvaro Obregón", "OID": 2113 }, "geometry": { "type": "MultiPolygon", "coordinates": [ [ [ [ 2794436.948299996554852, 824790.582499999552965 ], [ 2794441.85530000180006, 824779.900100000202656 ], [ 2794452.496699996292591, 824756.724899999797344 ], [ 2794461.360500000417233, 824736.900299999862909 ], [ 2794471.707000002264977, 824713.733300000429153 ], [ 2794478.752099998295307, 824694.793400000780821 ], [ 2794486.960500001907349, 824660.698300000280142 ], [ 2794488.410499997437, 824636.646600000560284 ], [ 2794486.722900003194809, 824610.948300000280142 ], [ 2794452.95549999922514, 824490.779899999499321 ], [ 2794419.958099998533726, 824359.756999999284744 ], [ 2794393.194899998605251, 824240.039099998772144 ], [ 2794377.875799998641014, 824171.488499999046326 ], [ 2794361.287000000476837, 824098.161899998784065 ], [ 2794343.95269999653101, 824021.533900000154972 ], [ 2794328.297799997031689, 823952.35249999910593 ], [ 2794312.4054000005126, 823882.122499998658895 ], [ 2794301.985100001096725, 823835.960499998182058 ], [ 2794291.1963, 823793.411299999803305 ], [ 2794248.057199999690056, 823684.932799998670816 ], [ 2794238.898500002920628, 823661.388999998569489 ], [ 2794188.312899999320507, 823529.112799998372793 ], [ 2794186.42059999704361, 823524.173000000417233 ], [ 2794176.5574000030756, 823498.818799998611212 ], [ 2794170.921300001442432, 823485.719799999147654 ], [ 2794166.44030000269413, 823473.808600001037121 ], [ 2794162.59009999781847, 823460.447399999946356 ], [ 2794159.91950000077486, 823446.529199998825788 ], [ 2794159.346000000834465, 823431.464099999517202 ], [ 2794159.960400000214577, 823303.431400001049042 ], [ 2794160.337300002574921, 823157.114100001752377 ], [ 2794162.958700001239777, 823087.293600000441074 ], [ 2794180.555100001394749, 822905.898200001567602 ], [ 2794186.813799999654293, 822835.266800001263618 ], [ 2794185.109899997711182, 822772.843699999153614 ], [ 2794170.487099997699261, 822715.696299999952316 ], [ 2794160.026000000536442, 822647.653599999845028 ], [ 2794157.5929000005126, 822623.593699999153614 ], [ 2794145.222999997437, 822501.8114 ], [ 2794142.626199997961521, 822476.5472999997437 ], [ 2794139.824500001966953, 822449.988800000399351 ], [ 2794138.071400001645088, 822431.417599998414516 ], [ 2794136.67059999704361, 822409.782499998807907 ], [ 2794136.768899999558926, 822389.974199999123812 ], [ 2794138.882399998605251, 822376.309999998658895 ], [ 2794142.19200000166893, 822363.587799999862909 ], [ 2794150.670699998736382, 822342.411499999463558 ], [ 2794159.419799998402596, 822320.489700000733137 ], [ 2794164.957500003278255, 822307.718400001525879 ], [ 2794177.032600000500679, 822279.627999998629093 ], [ 2794184.470899999141693, 822262.236400000751019 ], [ 2794190.074199996888638, 822244.279500000178814 ], [ 2794193.695100001990795, 822228.427999999374151 ], [ 2794196.39019999653101, 822208.259300000965595 ], [ 2794195.652999997138977, 822182.708399999886751 ], [ 2794189.328699998557568, 822099.199200000613928 ], [ 2794187.452799998223782, 822069.585099998861551 ], [ 2794186.133900001645088, 822051.874000001698732 ], [ 2794181.210500001907349, 822006.670499999076128 ], [ 2794180.612499997019768, 821986.952399998903275 ], [ 2794182.734200000762939, 821962.138799998909235 ], [ 2794185.994599997997284, 821938.111699998378754 ], [ 2794188.370300002396107, 821925.102800000458956 ], [ 2794191.688000001013279, 821911.921900000423193 ], [ 2794198.765900000929832, 821891.958000000566244 ], [ 2794205.647200003266335, 821871.846599999815226 ], [ 2794224.595299996435642, 821838.243000000715256 ], [ 2794249.359700001776218, 821794.309300001710653 ], [ 2794264.326499998569489, 821768.725699998438358 ], [ 2794276.786499999463558, 821745.665199998766184 ], [ 2794284.347800001502037, 821731.239100001752377 ], [ 2794288.337300002574921, 821720.589499998837709 ], [ 2794292.293999999761581, 821704.926399998366833 ], [ 2794294.260099999606609, 821691.278499998152256 ], [ 2794295.09570000320673, 821683.078400000929832 ], [ 2794296.078699998557568, 821673.542899999767542 ], [ 2794293.981499999761581, 821623.653599999845028 ], [ 2794289.566100001335144, 821566.768300000578165 ], [ 2794284.945799998939037, 821506.671799998730421 ], [ 2794281.120099999010563, 821456.807100001722574 ], [ 2794270.085500001907349, 821316.043999999761581 ], [ 2794266.530199997127056, 821290.083500001579523 ], [ 2794339.602799996733665, 821270.12779999896884 ], [ 2794441.683300003409386, 821249.442999999970198 ], [ 2794445.910400003194809, 821248.78770000115037 ], [ 2794464.948600001633167, 821247.198399998247623 ], [ 2794477.752700001001358, 821246.157999999821186 ], [ 2794522.1206, 821249.074400000274181 ], [ 2794556.641599997878075, 821251.949799999594688 ], [ 2794576.228699997067451, 821245.256900001317263 ], [ 2794590.597499996423721, 821237.228799998760223 ], [ 2794684.158299997448921, 821169.898699998855591 ], [ 2794710.725000001490116, 821154.415800001472235 ], [ 2794738.651500001549721, 821147.894999999552965 ], [ 2794768.044399999082088, 821136.663800001144409 ], [ 2794806.653300002217293, 821121.123500000685453 ], [ 2794827.706699997186661, 821114.88120000064373 ], [ 2794846.851400002837181, 821112.554699998348951 ], [ 2794889.081200003623962, 821122.770100001245737 ], [ 2794900.992399998009205, 821124.14640000090003 ], [ 2794925.953400000929832, 821124.38399999961257 ], [ 2794977.628499999642372, 821118.526700001209974 ], [ 2795001.057599999010563, 821118.780600000172853 ], [ 2795019.145599998533726, 821121.647799998521805 ], [ 2795035.988300003111362, 821126.628600001335144 ], [ 2795069.264200001955032, 821150.925999999046326 ], [ 2795127.607699997723103, 821196.113099999725819 ], [ 2795150.905699998140335, 821207.647399999201298 ], [ 2795238.035800002515316, 821238.981800001114607 ], [ 2795246.78490000218153, 821240.964299999177456 ], [ 2795286.065499998629093, 821248.754900000989437 ], [ 2795304.595799997448921, 821251.712200000882149 ], [ 2795310.469499997794628, 821251.712200000882149 ], [ 2795354.386799998581409, 821251.368099998682737 ], [ 2795398.648199997842312, 821258.904800001531839 ], [ 2795438.887299999594688, 821271.078099999576807 ], [ 2795462.209899999201298, 821286.044900000095367 ], [ 2795465.879900000989437, 821290.534099999815226 ], [ 2795468.362099997699261, 821293.581500001251698 ], [ 2795479.413099996745586, 821309.400299999862909 ], [ 2795491.127700001001358, 821327.299800001084805 ], [ 2795498.418499998748302, 821339.358399998396635 ], [ 2795505.185099996626377, 821362.238699998706579 ], [ 2795542.516099996864796, 821403.411699999123812 ], [ 2795545.44879999756813, 821406.516399998217821 ], [ 2795585.892700001597404, 821449.262299999594688 ], [ 2795599.770000003278255, 821463.540899999439716 ], [ 2795603.136900000274181, 821467.014400001615286 ], [ 2795637.543300002813339, 821500.806400001049042 ], [ 2795689.578900001943111, 821452.227800000458956 ], [ 2795698.287000000476837, 821443.028200000524521 ], [ 2795747.135899998247623, 821396.776099998503923 ], [ 2795886.416199997067451, 821263.361200001090765 ], [ 2795888.808300003409386, 821260.903599999845028 ], [ 2795901.24379999935627, 821249.451200000941753 ], [ 2795930.366300001740456, 821219.337400000542402 ], [ 2795938.656599998474121, 821207.434399999678135 ], [ 2795946.897799998521805, 821198.8902000002563 ], [ 2795959.857500001788139, 821189.10080000013113 ], [ 2795968.090499997138977, 821180.556499999016523 ], [ 2795973.153099998831749, 821175.018699999898672 ], [ 2795977.011600002646446, 821171.348700001835823 ], [ 2795992.658299997448921, 821159.994600001722574 ], [ 2796007.231899999082088, 821128.971500001847744 ], [ 2796055.359899997711182, 821067.613400001078844 ], [ 2796068.614500001072884, 821051.368700001388788 ], [ 2796120.338799998164177, 821000.799400001764297 ], [ 2796159.103299997746944, 820972.299499999731779 ], [ 2796268.089699998497963, 820904.797400001436472 ], [ 2796274.856299996376038, 820901.668000001460314 ], [ 2796214.325599998235703, 820729.857200000435114 ], [ 2796185.481600001454353, 820653.688000001013279 ], [ 2796172.562799997627735, 820630.553800001740456 ], [ 2796159.652199998497963, 820607.419599998742342 ], [ 2796101.046599999070168, 820535.780600000172853 ], [ 2796035.166599996387959, 820458.931400001049042 ], [ 2795958.5304000005126, 820367.623399998992682 ], [ 2795930.825099997222424, 820324.4679000005126 ], [ 2795907.8301, 820293.674199998378754 ], [ 2795897.139600001275539, 820281.304299999028444 ], [ 2795847.881099998950958, 820231.6689000017941 ], [ 2795740.737899996340275, 820137.125100001692772 ], [ 2795734.045000001788139, 820124.116200000047684 ], [ 2795730.194799996912479, 820116.62049999833107 ], [ 2795709.313400000333786, 820078.453999999910593 ], [ 2795702.710600003600121, 820067.050700001418591 ], [ 2795697.910099998116493, 820058.743999999016523 ], [ 2795690.512699998915195, 820045.964499998837709 ], [ 2795623.059799998998642, 819980.043499998748302 ], [ 2795616.096600003540516, 819973.760200001299381 ], [ 2795553.452399998903275, 819917.186299998313189 ], [ 2795483.091300003230572, 819853.567200001329184 ], [ 2795460.7516999989748, 819831.039200000464916 ], [ 2795442.336099997162819, 819806.11089999973774 ], [ 2795432.431999996304512, 819790.308600001037121 ], [ 2795430.162799999117851, 819783.632100000977516 ], [ 2795429.925200000405312, 819777.68470000103116 ], [ 2795429.679499998688698, 819771.737300001084805 ], [ 2795429.4746999964118, 819766.682799998670816 ], [ 2795384.627599999308586, 819538.744600001722574 ], [ 2795381.600699998438358, 819538.257100000977516 ], [ 2795378.610500000417233, 819537.388799998909235 ], [ 2795375.952200002968311, 819536.229600001126528 ], [ 2795373.1096, 819534.54619999974966 ], [ 2795369.95160000026226, 819531.953400000929832 ], [ 2795366.9287, 819527.943399999290705 ], [ 2795365.216600000858307, 819524.789500001817942 ], [ 2795362.828699998557568, 819521.074400000274181 ], [ 2795250.119000002741814, 819550.119100000709295 ], [ 2795246.342500001192093, 819544.114399999380112 ], [ 2795201.8108000010252, 819485.942999999970198 ], [ 2795183.993199996650219, 819472.647399999201298 ], [ 2795164.741999998688698, 819464.50450000166893 ], [ 2795149.619599997997284, 819460.49040000140667 ], [ 2795149.3574, 819447.039200000464916 ], [ 2795128.484200000762939, 819410.99439999833703 ], [ 2795105.096000000834465, 819320.038600001484156 ], [ 2795097.141599997878075, 819261.187300000339746 ], [ 2795086.663999997079372, 819265.201400000602007 ], [ 2795022.82379999756813, 819147.400400001555681 ], [ 2794975.408500000834465, 819145.008299998939037 ], [ 2794946.539899997413158, 819122.119899999350309 ], [ 2794883.1338, 819070.051500000059605 ], [ 2794750.472599998116493, 818948.424899999052286 ], [ 2794744.238399997353554, 818920.121500000357628 ], [ 2794742.436200000345707, 818879.92339999973774 ], [ 2794670.584200002253056, 818850.964699998497963 ], [ 2794648.949100002646446, 818839.504099998623133 ], [ 2794599.739799998700619, 818782.446800000965595 ], [ 2794566.308200001716614, 818759.5337999984622 ], [ 2794537.98030000180006, 818735.096999999135733 ], [ 2794473.574799999594688, 818686.821600001305342 ], [ 2794448.458099998533726, 818653.758699998259544 ], [ 2794431.705399997532368, 818622.301399998366833 ], [ 2794408.440200001001358, 818592.728300001472235 ], [ 2794380.448100000619888, 818572.469500001519918 ], [ 2794377.736599996685982, 818570.511599998921156 ], [ 2794379.170199997723103, 818540.504299998283386 ], [ 2794384.732500001788139, 818491.729100000113249 ], [ 2794380.546400003135204, 818486.797499999403954 ], [ 2794341.945699997246265, 818441.331900000572205 ], [ 2794307.6294, 818392.024300001561642 ], [ 2794296.693099997937679, 818375.763099998235703 ], [ 2794290.155900001525879, 818365.940900001674891 ], [ 2794283.495800003409386, 818368.382199998944998 ], [ 2794274.976099997758865, 818368.693500000983477 ], [ 2794256.298299998044968, 818367.194299999624491 ], [ 2794220.097900003194809, 818362.516699999570847 ], [ 2794178.376000002026558, 818354.799800001084805 ], [ 2794141.643100000917912, 818347.246800001710653 ], [ 2794122.047799997031689, 818343.478500001132488 ], [ 2794102.215000003576279, 818339.579100001603365 ], [ 2794084.086099997162819, 818336.613600000739098 ], [ 2794063.52419999986887, 818332.673200000077486 ], [ 2794044.55969999730587, 818327.692499998956919 ], [ 2794017.870200000703335, 818320.680100001394749 ], [ 2793986.683200001716614, 818312.021200001239777 ], [ 2793963.762000001966953, 818306.344099998474121 ], [ 2793952.817500002682209, 818302.936299998313189 ], [ 2793946.485100001096725, 818300.863699998706579 ], [ 2793929.4375, 818295.678199999034405 ], [ 2793909.973399996757507, 818289.681600000709295 ], [ 2793890.804099999368191, 818283.742400001734495 ], [ 2793851.294100001454353, 818271.134899999946356 ], [ 2793797.284199997782707, 818254.603500001132488 ], [ 2793776.877899996936321, 818248.238299999386072 ], [ 2793699.217799998819828, 818229.085400000214577 ], [ 2793623.114100001752377, 818211.595499999821186 ], [ 2793602.306400001049042, 818206.033100001513958 ], [ 2793583.538500003516674, 818199.766199998557568 ], [ 2793560.748400002717972, 818189.001899998635054 ], [ 2793548.927299998700619, 818179.933400001376867 ], [ 2793533.714800000190735, 818167.030999999493361 ], [ 2793519.813000001013279, 818153.252000000327826 ], [ 2793515.99549999833107, 818149.475499998778105 ], [ 2793496.25280000269413, 818121.122999999672174 ], [ 2793473.69200000166893, 818084.594900000840425 ], [ 2793452.958099998533726, 818053.407900001853704 ], [ 2793425.416599996387959, 818021.205200001597404 ], [ 2793412.743500001728535, 817999.684799998998642 ], [ 2793406.771600000560284, 817986.01240000128746 ], [ 2793400.766800001263618, 817967.023299999535084 ], [ 2793399.554399996995926, 817961.714899998158216 ], [ 2793473.208700001239777, 817972.757699999958277 ], [ 2793519.403399996459484, 817978.76240000128746 ], [ 2793531.314499996602535, 817976.845499999821186 ], [ 2793551.147399999201298, 817980.425400000065565 ], [ 2793570.275700002908707, 817987.208399999886751 ], [ 2793627.668799996376038, 818000.1435999982059 ], [ 2793742.299500003457069, 818021.000399999320507 ], [ 2793762.714000001549721, 818025.997499998658895 ], [ 2793772.364100001752377, 818030.527699999511242 ], [ 2793775.395199999213219, 818025.399500001221895 ], [ 2793775.534400001168251, 818018.993400000035763 ], [ 2793774.39580000191927, 818011.915500000119209 ], [ 2793764.622699998319149, 817985.02930000051856 ], [ 2793762.247000001370907, 817978.975400000810623 ], [ 2793761.124700002372265, 817970.947299998253584 ], [ 2793762.255199998617172, 817961.624800000339746 ], [ 2793763.590499997138977, 817938.154699999839067 ], [ 2793765.663099996745586, 817920.689399998635054 ], [ 2793771.634999997913837, 817900.741799999028444 ], [ 2793784.258900001645088, 817877.378299999982119 ], [ 2793825.784199997782707, 817811.424499999731779 ], [ 2793892.213100001215935, 817698.7516999989748 ], [ 2793907.884400002658367, 817674.396899998188019 ], [ 2793941.348700001835823, 817612.088500000536442 ], [ 2793935.425899997353554, 817473.651900000870228 ], [ 2793938.596199996769428, 817323.45160000026226 ], [ 2793942.618500001728535, 817201.448100000619888 ], [ 2793938.416000001132488, 817024.214200001209974 ], [ 2793935.262100003659725, 816885.605599999427795 ], [ 2793938.153800003230572, 816728.294599998742342 ], [ 2793936.818499997258186, 816719.480000000447035 ], [ 2793933.435199998319149, 816709.256400000303984 ], [ 2793767.899499997496605, 816413.066399998962879 ], [ 2793553.170800000429153, 816032.351399999111891 ], [ 2793429.586300000548363, 815813.403900001198053 ], [ 2793308.869000002741814, 815612.331199999898672 ], [ 2793304.22410000115633, 815602.705600000917912 ], [ 2793301.55349999666214, 815594.570999998599291 ], [ 2793299.997000001370907, 815577.343199998140335 ], [ 2793300.636, 815564.752099998295307 ], [ 2793305.887100003659725, 815551.104200001806021 ], [ 2793316.905299998819828, 815542.420699998736382 ], [ 2793331.429700002074242, 815541.249200001358986 ], [ 2793345.290600001811981, 815541.191899999976158 ], [ 2793365.795199997723103, 815538.726100001484156 ], [ 2793372.315999999642372, 815535.285500001162291 ], [ 2793378.648400001227856, 815532.918000001460314 ], [ 2793387.634999997913837, 815531.910300001502037 ], [ 2793386.684799998998642, 815520.244899999350309 ], [ 2793352.818999998271465, 815480.718499999493361 ], [ 2793341.022600002586842, 815467.635899998247623 ], [ 2793325.556100003421307, 815451.178199999034405 ], [ 2793238.2949, 815358.002399999648333 ], [ 2793148.05179999768734, 815261.639899998903275 ], [ 2793041.236299999058247, 815145.420000001788139 ], [ 2792892.912000000476837, 814993.433800000697374 ], [ 2792885.113200001418591, 814987.158700000494719 ], [ 2792878.051700003445148, 814986.052799999713898 ], [ 2792871.07209999859333, 814989.141199998557568 ], [ 2792866.042199999094009, 814997.988600000739098 ], [ 2792862.37219999730587, 815012.840700000524521 ], [ 2792858.226999998092651, 815013.405900001525879 ], [ 2792836.501900002360344, 814874.403999999165535 ], [ 2792691.822999998927116, 814901.642400000244379 ], [ 2792565.182800002396107, 814928.413899999111891 ], [ 2792391.651699997484684, 814955.840700000524521 ], [ 2792231.645499996840954, 814978.516199998557568 ], [ 2792038.519100002944469, 815010.219200000166893 ], [ 2791908.356499999761581, 815032.231100000441074 ], [ 2791813.919100001454353, 815073.666299998760223 ], [ 2791771.910499997437, 815093.523699998855591 ], [ 2791710.13459999859333, 815127.758000001311302 ], [ 2791648.08839999884367, 815176.303800001740456 ], [ 2791601.549699999392033, 815217.353900000452995 ], [ 2791559.647600002586842, 815259.550900001078844 ], [ 2791515.664700001478195, 815320.401099998503923 ], [ 2791433.539899997413158, 815426.716899998486042 ], [ 2791408.333200000226498, 815459.730599999427795 ], [ 2791390.122299998998642, 815483.602099999785423 ], [ 2791359.312200002372265, 815529.264299999922514 ], [ 2791339.594099998474121, 815562.802400000393391 ], [ 2791331.942800000309944, 815575.762099999934435 ], [ 2791334.760799996554852, 815581.086899999529123 ], [ 2791359.525200001895428, 815592.924400001764297 ], [ 2791331.991899996995926, 815645.205699998885393 ], [ 2791311.200599998235703, 815692.702899999916553 ], [ 2791299.289399996399879, 815727.174899999052286 ], [ 2791291.834700003266335, 815755.519200000911951 ], [ 2791277.1300999969244, 815824.381099998950958 ], [ 2791257.469300001859665, 815929.017499998211861 ], [ 2791246.614900000393391, 816016.2787000015378 ], [ 2791237.300599999725819, 816081.945799998939037 ], [ 2791224.177000001072884, 816129.107099998742342 ], [ 2791218.17230000346899, 816150.709499999880791 ], [ 2791200.190800003707409, 816239.338700000196695 ], [ 2791191.163199998438358, 816280.519900001585484 ], [ 2791186.542900003492832, 816306.906300000846386 ], [ 2791184.142700001597404, 816329.770199999213219 ], [ 2791185.576300002634525, 816377.824499998241663 ], [ 2791189.279100000858307, 816409.404599998146296 ], [ 2791199.510899998247623, 816446.997699998319149 ], [ 2791223.865699999034405, 816490.366200000047684 ], [ 2791238.439300000667572, 816509.478100001811981 ], [ 2791255.8882, 816530.564300000667572 ], [ 2791282.81530000269413, 816556.36089999973774 ], [ 2791325.815099999308586, 816588.014800000935793 ], [ 2791422.128499999642372, 816660.636900000274181 ], [ 2791517.89299999922514, 816735.003899998962879 ], [ 2791589.187899999320507, 816788.071600001305342 ], [ 2791752.331600002944469, 816911.017200000584126 ], [ 2791921.906000003218651, 817038.796000000089407 ], [ 2791958.9912, 817070.998700000345707 ], [ 2791996.076399996876717, 817103.201499998569489 ], [ 2792037.724500000476837, 817154.688200000673532 ], [ 2792079.372599996626377, 817206.166700001806021 ], [ 2792088.924500003457069, 817220.551899999380112 ], [ 2792095.035800002515316, 817232.102600000798702 ], [ 2792128.868699997663498, 817291.371700000017881 ], [ 2792146.735500000417233, 817323.787500001490116 ], [ 2792177.185099996626377, 817391.215799998492002 ], [ 2792229.105999998748302, 817505.748199999332428 ], [ 2792311.181699998676777, 817686.791400000452995 ], [ 2792328.319300003349781, 817733.493999999016523 ], [ 2792361.931100003421307, 817811.686599999666214 ], [ 2792416.940399996936321, 817931.568300001323223 ], [ 2792461.324600003659725, 817999.512800000607967 ], [ 2792495.059299997985363, 818047.403200000524521 ], [ 2792534.741400003433228, 818100.987100001424551 ], [ 2792612.540799997746944, 818180.015299998223782 ], [ 2792626.270599998533726, 818193.278200000524521 ], [ 2792677.462399996817112, 818241.758400000631809 ], [ 2792696.721799999475479, 818254.505199998617172 ], [ 2792684.401000000536442, 818264.286400001496077 ], [ 2792631.996799997985363, 818305.025199998170137 ], [ 2792469.524800002574921, 818238.350499998778105 ], [ 2792478.781800001859665, 818260.092099998146296 ], [ 2792517.423500001430511, 818323.006700001657009 ], [ 2792558.162299998104572, 818392.409299999475479 ], [ 2792586.907999999821186, 818443.568300001323223 ], [ 2792551.584100000560284, 818447.541499998420477 ], [ 2792520.175999999046326, 818448.909499999135733 ], [ 2792496.165200002491474, 818447.93470000103116 ], [ 2792447.275399997830391, 818421.073100000619888 ], [ 2792383.238499999046326, 818387.870900001376867 ], [ 2792352.412000000476837, 818363.74549999833107 ], [ 2792325.419399999082088, 818338.071800000965595 ], [ 2792274.9485, 818310.046900000423193 ], [ 2792200.70440000295639, 818261.697700001299381 ], [ 2792111.468900002539158, 818271.54450000077486 ], [ 2792083.968400001525879, 818265.130199998617172 ], [ 2791974.351199999451637, 818295.243999999016523 ], [ 2791929.196900002658367, 818291.295400001108646 ], [ 2791896.863099999725819, 818282.038499999791384 ], [ 2791864.684900000691414, 818281.448699999600649 ], [ 2791829.156199999153614, 818276.861099999397993 ], [ 2791818.596699997782707, 818274.190499998629093 ], [ 2791791.317400000989437, 818258.953400000929832 ], [ 2791772.262800000607967, 818243.298500001430511 ], [ 2791762.94030000269413, 818211.398899998515844 ], [ 2791757.12389999628067, 818194.556099999696016 ], [ 2791744.827799998223782, 818169.488600000739098 ], [ 2791708.61089999973774, 818150.409400001168251 ], [ 2791694.750100001692772, 818145.608899999409914 ], [ 2791669.887299999594688, 818142.127300001680851 ], [ 2791645.786499999463558, 818143.470800001174212 ], [ 2791619.0641999989748, 818129.806499999016523 ], [ 2791604.752700001001358, 818113.315999999642372 ], [ 2791595.012500002980232, 818097.186000000685453 ], [ 2791583.289700001478195, 818083.972300000488758 ], [ 2791543.255400002002716, 818075.370700001716614 ], [ 2791505.432899996638298, 818069.398699998855591 ], [ 2791436.005699999630451, 818047.534299999475479 ], [ 2791377.260899998247623, 817997.890799999237061 ], [ 2791360.778599999845028, 817994.409200001507998 ], [ 2791281.627499997615814, 817995.343100000172853 ], [ 2791213.1587999984622, 817985.725600000470877 ], [ 2791149.71169999986887, 817978.516699999570847 ], [ 2791115.788599997758865, 817971.905699998140335 ], [ 2791076.925800003111362, 817962.026200000196695 ], [ 2791039.07880000025034, 817947.165899999439716 ], [ 2791022.064000003039837, 817935.459499999880791 ], [ 2790969.045299999415874, 817904.010400000959635 ], [ 2790952.030599996447563, 817898.267900001257658 ], [ 2790845.378899998962879, 817854.825699999928474 ], [ 2790860.607799999415874, 817824.056499999016523 ], [ 2790848.803199999034405, 817807.820000000298023 ], [ 2790648.041799999773502, 817723.638999998569489 ], [ 2790635.401600003242493, 817715.471599999815226 ], [ 2790594.17119999974966, 817720.83729999884963 ], [ 2790544.175499998033047, 817720.100000001490116 ], [ 2790493.557099997997284, 817693.525199998170137 ], [ 2790359.372100003063679, 817630.881000000983477 ], [ 2790321.353100001811981, 817593.705699998885393 ], [ 2790280.270199999213219, 817577.518300000578165 ], [ 2790236.156300000846386, 817570.0636 ], [ 2790192.091499999165535, 817550.083299998193979 ], [ 2790125.162900000810623, 817514.210499998182058 ], [ 2790095.999300003051758, 817459.22580000013113 ], [ 2790081.564999997615814, 817439.614199999719858 ], [ 2790050.918799996376038, 817417.782499998807907 ], [ 2790025.892200000584126, 817360.1435999982059 ], [ 2789888.971100002527237, 817224.262899998575449 ], [ 2789827.350900001823902, 817174.766800001263618 ], [ 2789674.652000002563, 817097.065699998289347 ], [ 2789633.708400003612041, 817073.013999998569489 ], [ 2789613.29389999806881, 817051.436200000345707 ], [ 2789591.535999998450279, 817023.665399998426437 ], [ 2789583.581500001251698, 816995.599599998444319 ], [ 2789534.95380000025034, 816958.6864 ], [ 2789493.23200000077486, 816937.370799999684095 ], [ 2789397.189000003039837, 816916.579500000923872 ], [ 2789352.591700002551079, 816917.095600001513958 ], [ 2789333.160300001502037, 816909.001899998635054 ], [ 2789293.584700003266335, 816927.769799999892712 ], [ 2789282.631999999284744, 816928.154800001531839 ], [ 2789237.772600002586842, 816910.967999998480082 ], [ 2789224.223099999129772, 816907.101399999111891 ], [ 2789203.751299999654293, 816903.693500000983477 ], [ 2789176.668499998748302, 816898.491599999368191 ], [ 2789154.435400001704693, 816924.189899999648333 ], [ 2789097.918799996376038, 816980.043000001460314 ], [ 2789091.627400003373623, 816996.058299999684095 ], [ 2788986.360200002789497, 817189.00450000166893 ], [ 2788930.941299997270107, 817264.297200001776218 ], [ 2788917.260600000619888, 817281.71339999884367 ], [ 2788884.427100002765656, 817314.66160000115633 ], [ 2788852.076899997889996, 817334.994100000709295 ], [ 2788820.996500000357628, 817341.080800000578165 ], [ 2788800.786799997091293, 817342.014699999243021 ], [ 2788770.468199998140335, 817349.674199998378754 ], [ 2788760.85080000013113, 817347.78999999910593 ], [ 2788720.677199997007847, 817336.681699998676777 ], [ 2788676.00620000064373, 817332.266199998557568 ], [ 2788661.154100000858307, 817313.15430000051856 ], [ 2788643.336499996483326, 817296.082100000232458 ], [ 2788623.511900000274181, 817296.082100000232458 ], [ 2788588.466499999165535, 817296.51630000025034 ], [ 2788564.963699996471405, 817293.9358000010252 ], [ 2788534.939999997615814, 817290.519799999892712 ], [ 2788501.402000002563, 817286.096099998801947 ], [ 2788363.88289999961853, 817263.912099998444319 ], [ 2788326.117700003087521, 817253.909699998795986 ], [ 2788301.369699999690056, 817241.384100001305342 ], [ 2788295.274899996817112, 817229.620400000363588 ], [ 2788247.155000001192093, 817203.414200000464916 ], [ 2788226.011500000953674, 817190.732999999076128 ], [ 2788198.986100003123283, 817178.97749999910593 ], [ 2788119.220600001513958, 817163.633900001645088 ], [ 2788085.059900000691414, 817164.60869999974966 ], [ 2788042.830200001597404, 817165.124800000339746 ], [ 2788014.141800001263618, 817169.974500000476837 ], [ 2787989.115199998021126, 817172.694200001657009 ], [ 2787922.88289999961853, 817168.254200000315905 ], [ 2787857.273199997842312, 817162.462400000542402 ], [ 2787833.860500000417233, 817157.522599998861551 ], [ 2787821.031800001859665, 817150.756000000983477 ], [ 2787808.022900000214577, 817142.375599998980761 ], [ 2787778.122100003063679, 817141.826799999922514 ], [ 2787752.980800002813339, 817149.682900000363588 ], [ 2787741.110600002110004, 817150.665899999439716 ], [ 2787724.603699997067451, 817148.2820999994874 ], [ 2787694.252400003373623, 817137.116399999707937 ], [ 2787667.251599997282028, 817128.907999999821186 ], [ 2787646.1162, 817118.76630000025034 ], [ 2787629.576499998569489, 817111.139499999582767 ], [ 2787618.337099999189377, 817104.692400000989437 ], [ 2787600.462200000882149, 817086.883000001311302 ], [ 2787579.113799996674061, 817053.779100000858307 ], [ 2787573.371200002729893, 817042.662599999457598 ], [ 2787551.916400000452995, 817010.934999998658895 ], [ 2787541.3733000010252, 817010.222300000488758 ], [ 2787533.459799997508526, 816999.474399998784065 ], [ 2787520.860500000417233, 816979.33839999884367 ], [ 2787507.032399997115135, 816955.081900000572205 ], [ 2787502.797200001776218, 816926.401700001209974 ], [ 2787497.529700003564358, 816904.217799998819828 ], [ 2787491.164499998092651, 816880.084199998527765 ], [ 2787434.221900001168251, 816793.699499998241663 ], [ 2787396.022600002586842, 816722.961599998176098 ], [ 2787369.955700002610683, 816682.1081000007689 ], [ 2787338.473800003528595, 816650.372299998998642 ], [ 2787319.402900002896786, 816638.969000000506639 ], [ 2787286.55290000140667, 816627.049699999392033 ], [ 2787273.322899997234344, 816616.367300000041723 ], [ 2787237.835100002586842, 816587.932900000363588 ], [ 2787216.757100000977516, 816570.557599999010563 ], [ 2787194.851700000464916, 816542.97520000115037 ], [ 2787163.369800001382828, 816516.539599999785423 ], [ 2787134.8125, 816485.860599998384714 ], [ 2787085.611400000751019, 816433.104100000113249 ], [ 2787078.443400003015995, 816419.333299998193979 ], [ 2787042.3412000015378, 816357.319899998605251 ], [ 2787018.821999996900558, 816319.939800001680851 ], [ 2786976.657799996435642, 816228.312300000339746 ], [ 2786956.579199999570847, 816179.012800000607967 ], [ 2786950.328699998557568, 816144.041200000792742 ], [ 2786930.250100001692772, 816101.008600000292063 ], [ 2786899.079499997198582, 816069.837999999523163 ], [ 2786874.962300002574921, 816051.127500001341105 ], [ 2786858.815800003707409, 816032.949499998241663 ], [ 2786841.26860000193119, 816010.626299999654293 ], [ 2786809.024899996817112, 815972.541600000113249 ], [ 2786797.810000002384186, 815958.5168999992311 ], [ 2786732.110200002789497, 815907.792100001126528 ], [ 2786687.570299997925758, 815862.998199999332428 ], [ 2786662.887800000607967, 815844.771000001579523 ], [ 2786650.591600000858307, 815825.691899999976158 ], [ 2786649.100599996745586, 815812.740299999713898 ], [ 2786621.591899998486042, 815790.925000000745058 ], [ 2786593.2804000005126, 815753.381099998950958 ], [ 2786558.267700001597404, 815704.925400000065565 ], [ 2786540.941699996590614, 815671.0760000012815 ], [ 2786516.291900001466274, 815635.358899999409914 ], [ 2786504.749399997293949, 815634.982099998742342 ], [ 2786429.292900003492832, 815641.937100000679493 ], [ 2786380.394799999892712, 815667.676399998366833 ], [ 2786364.117299996316433, 815671.452899999916553 ], [ 2786352.279899999499321, 815671.207100000232458 ], [ 2786334.86370000243187, 815697.036499999463558 ], [ 2786333.847900003194809, 815700.763900000602007 ], [ 2786338.181500002741814, 815711.290600001811981 ], [ 2786331.136399999260902, 815718.417599998414516 ], [ 2786311.614799998700619, 815713.821899998933077 ], [ 2786254.86879999935627, 815697.192099999636412 ], [ 2786196.451700001955032, 815667.021000001579523 ], [ 2786156.179799996316433, 815652.94709999859333 ], [ 2786139.353399999439716, 815641.732299998402596 ], [ 2786130.203000001609325, 815627.216099999845028 ], [ 2786125.459799997508526, 815604.417700000107288 ], [ 2786111.394100002944469, 815579.554999999701977 ], [ 2786097.42679999768734, 815553.2668999992311 ], [ 2786082.656599998474121, 815526.659299999475479 ], [ 2786066.91160000115633, 815498.691799998283386 ], [ 2786033.750399999320507, 815454.831799998879433 ], [ 2786041.770300000905991, 815419.23759999871254 ], [ 2786059.907399997115135, 815445.771499998867512 ], [ 2786090.275200001895428, 815415.772399999201298 ], [ 2786071.802199997007847, 815389.713599998503923 ], [ 2786069.205300003290176, 815376.983199998736382 ], [ 2786056.589699998497963, 815335.4087999984622 ], [ 2786043.269500002264977, 815299.142900001257658 ], [ 2785987.490099996328354, 815170.290899999439716 ], [ 2785978.372400000691414, 815143.052499998360872 ], [ 2786013.74549999833107, 815120.524500001221895 ], [ 2785962.119499996304512, 815055.332600001245737 ], [ 2785978.298699997365475, 814940.251299999654293 ], [ 2785984.713100001215935, 814926.619899999350309 ], [ 2785990.472000002861023, 814917.313700001686811 ], [ 2786009.780599996447563, 814894.474399998784065 ], [ 2786014.630199998617172, 814890.697900000959635 ], [ 2786018.144599996507168, 814889.288899999111891 ], [ 2786044.416400000452995, 814875.640999998897314 ], [ 2786059.792700000107288, 814861.984999999403954 ], [ 2786073.514300003647804, 814841.767099998891354 ], [ 2786088.276299998164177, 814810.375399999320507 ], [ 2786103.120200000703335, 814786.798799999058247 ], [ 2786107.355499997735023, 814780.687600001692772 ], [ 2786112.147799998521805, 814778.516699999570847 ], [ 2786120.978799998760223, 814776.550599999725819 ], [ 2786130.219400003552437, 814776.6570999994874 ], [ 2786167.525700002908707, 814763.3614999987185 ], [ 2786178.2654, 814758.864100001752377 ], [ 2786195.354000002145767, 814752.82660000026226 ], [ 2786238.239100001752377, 814737.851599998772144 ], [ 2786260.603200003504753, 814724.940999999642372 ], [ 2786275.275100000202656, 814710.973600000143051 ], [ 2786213.294399999082088, 814670.292199999094009 ], [ 2786182.697300001978874, 814656.791799999773502 ], [ 2786175.537500001490116, 814653.621399998664856 ], [ 2786135.503200002014637, 814635.631799999624491 ], [ 2786069.713200002908707, 814600.815799999982119 ], [ 2786047.02139999717474, 814580.917399998754263 ], [ 2786027.573600001633167, 814553.343199998140335 ], [ 2786008.453500002622604, 814528.070900000631809 ], [ 2785957.409100003540516, 814472.856800001114607 ], [ 2785898.795400001108646, 814423.40989999845624 ], [ 2785864.716600000858307, 814400.717999998480082 ], [ 2785917.645199999213219, 814401.193199999630451 ], [ 2785952.338299997150898, 814401.512600000947714 ], [ 2785966.649700000882149, 814386.04619999974966 ], [ 2786062.209399998188019, 814321.583299998193979 ], [ 2786073.932099997997284, 814302.028999999165535 ], [ 2786140.336499996483326, 814267.254000000655651 ], [ 2786110.501199997961521, 814203.602099999785423 ], [ 2786085.261699996888638, 814149.911800000816584 ], [ 2786062.962999999523163, 814107.550900001078844 ], [ 2785967.698299996554852, 814050.002099998295307 ], [ 2785949.405500002205372, 813957.6537000015378 ], [ 2785968.746799997985363, 813919.929499998688698 ], [ 2785963.495800003409386, 813891.708099998533726 ], [ 2785947.021700002253056, 813790.430399999022484 ], [ 2785934.160199999809265, 813711.254700001329184 ], [ 2785908.879699997603893, 813643.752599999308586 ], [ 2785886.2533999979496, 813624.444099999964237 ], [ 2785882.599799998104572, 813588.931800000369549 ], [ 2785869.713799998164177, 813549.413600001484156 ], [ 2785874.514300003647804, 813500.16330000013113 ], [ 2785803.178300000727177, 813381.584100000560284 ], [ 2785642.336599998176098, 813177.480399999767542 ], [ 2785496.674699999392033, 812928.418999999761581 ], [ 2785624.674699999392033, 812750.357700001448393 ], [ 2785774.530900001525879, 812542.723299998790026 ], [ 2785803.424099996685982, 812502.688999999314547 ], [ 2785467.412799999117851, 812294.947999998927116 ], [ 2785330.131300002336502, 812207.072500001639128 ], [ 2785330.6228, 812177.556699998676777 ], [ 2785330.131300002336502, 812134.270199999213219 ], [ 2785327.665500000119209, 812108.694699998944998 ], [ 2785320.284500002861023, 812091.974899999797344 ], [ 2785306.505599997937679, 812084.102299999445677 ], [ 2785297.396099999547005, 812076.246199999004602 ], [ 2785287.901500001549721, 812074.34569999948144 ], [ 2785271.968099996447563, 812081.849500000476837 ], [ 2785251.578199997544289, 812098.307300001382828 ], [ 2785213.313400000333786, 812107.957400001585484 ], [ 2785194.5537, 812102.599899999797344 ], [ 2785168.904500000178814, 812071.609499998390675 ], [ 2785149.759800001978874, 812044.821699999272823 ], [ 2785106.538800001144409, 812019.238099999725819 ], [ 2785089.786200001835823, 812006.835400000214577 ], [ 2785064.464699998497963, 811999.397100001573563 ], [ 2785027.912000000476837, 811998.651599999517202 ], [ 2784993.464699998497963, 811982.783700000494719 ], [ 2784976.70380000025034, 811938.170099999755621 ], [ 2784957.125, 811857.429699998348951 ], [ 2784900.534599997103214, 811827.004599999636412 ], [ 2784875.024700000882149, 811805.336800001561642 ], [ 2784800.002400003373623, 811664.319699998944998 ], [ 2784755.6919, 811608.974500000476837 ], [ 2784704.958800002932549, 811573.372099999338388 ], [ 2784710.521200001239777, 811543.774399999529123 ], [ 2784729.133400000631809, 811492.680900000035763 ], [ 2784775.680399999022484, 811468.268699999898672 ], [ 2784790.008199997246265, 811439.727800000458956 ], [ 2784787.14919999986887, 811409.138900000602007 ], [ 2784775.344499997794628, 811368.866999998688698 ], [ 2784733.540700003504753, 811330.512099999934435 ], [ 2784701.116800002753735, 811311.695000000298023 ], [ 2784677.990800000727177, 811273.659600000828505 ], [ 2784654.979400001466274, 811235.534000001847744 ], [ 2784633.278800003230572, 811196.105900000780821 ], [ 2784610.259300000965595, 811164.558499999344349 ], [ 2784578.695500001311302, 811145.495799999684095 ], [ 2784562.868600003421307, 811044.799699999392033 ], [ 2784561.353100001811981, 811003.643100000917912 ], [ 2784540.152199998497963, 810959.004900000989437 ], [ 2784484.962700001895428, 810875.741399999707937 ], [ 2784420.835699997842312, 810845.1114999987185 ], [ 2784345.698700003325939, 810816.881900001317263 ], [ 2784304.140600003302097, 810814.407900001853704 ], [ 2784268.611900001764297, 810815.407299999147654 ], [ 2784189.845899999141693, 810827.490499999374151 ], [ 2784156.5371999964118, 810833.126600001007318 ], [ 2784125.088100001215935, 810825.36879999935627 ], [ 2784091.418999999761581, 810801.784000001847744 ], [ 2784071.733599998056889, 810781.05009999871254 ], [ 2784033.935699999332428, 810744.464600000530481 ], [ 2783992.115599997341633, 810703.160500001162291 ], [ 2783957.487999998033047, 810682.860700000077486 ], [ 2783917.904200002551079, 810654.401700001209974 ], [ 2783855.554899998009205, 810628.392099998891354 ], [ 2783820.214599996805191, 810601.24379999935627 ], [ 2783815.979400001466274, 810581.222600001841784 ], [ 2783804.428599998354912, 810526.950599998235703 ], [ 2783724.54839999973774, 810441.917599998414516 ], [ 2783697.990000002086163, 810384.418000001460314 ], [ 2783674.388800002634525, 810346.112199999392033 ], [ 2783671.071099996566772, 810295.477400001138449 ], [ 2783678.910800002515316, 810264.061099998652935 ], [ 2783658.635600000619888, 810220.872900001704693 ], [ 2783654.170999996364117, 810188.145899999886751 ], [ 2783625.843000002205372, 810155.410599999129772 ], [ 2783596.908900000154972, 810126.370000001043081 ], [ 2783564.878200002014637, 810098.853100001811981 ], [ 2783496.507700003683567, 810065.642700001597404 ], [ 2783447.13459999859333, 810041.722100000828505 ], [ 2783387.652400001883507, 810019.341499999165535 ], [ 2783372.054899998009205, 809974.858899999409914 ], [ 2783339.032899998128414, 809927.386300001293421 ], [ 2783290.929499998688698, 809881.707699999213219 ], [ 2783267.959100000560284, 809833.972899999469519 ], [ 2783225.541000001132488, 809818.555599998682737 ], [ 2783167.213899999856949, 809806.275800000876188 ], [ 2783081.35360000282526, 809767.773400001227856 ], [ 2783033.119099996984005, 809772.557500001043081 ], [ 2782997.92620000243187, 809789.449400000274181 ], [ 2782965.559600003063679, 809783.084199998527765 ], [ 2782951.928199999034405, 809764.611299999058247 ], [ 2782903.677299998700619, 809722.111200001090765 ], [ 2782879.830399997532368, 809670.452399998903275 ], [ 2782860.276100002229214, 809611.961500000208616 ], [ 2782834.348399996757507, 809594.13569999858737 ], [ 2782813.368699997663498, 809546.556600000709295 ], [ 2782745.219400003552437, 809516.483800001442432 ], [ 2782694.887800000607967, 809515.500700000673532 ], [ 2782655.328599996864796, 809483.453600000590086 ], [ 2782508.306800000369549, 809432.00789999961853 ], [ 2782410.625399999320507, 809408.333000000566244 ], [ 2782341.321099996566772, 809410.503899998962879 ], [ 2782272.524599999189377, 809423.512800000607967 ], [ 2782205.5878000035882, 809433.42509999871254 ], [ 2782143.811899997293949, 809442.264299999922514 ], [ 2782095.356299996376038, 809411.994800001382828 ], [ 2782044.041599996387959, 809384.461500000208616 ], [ 2781995.708800002932549, 809348.613299999386072 ], [ 2781936.881999999284744, 809337.382100000977516 ], [ 2781890.64639999717474, 809324.676300000399351 ], [ 2781779.792199999094009, 809323.586800001561642 ], [ 2781751.669100001454353, 809307.915500000119209 ], [ 2781724.635499998927116, 809280.349399998784065 ], [ 2781647.335799999535084, 809272.788199998438358 ], [ 2781623.914800003170967, 809273.500900000333786 ], [ 2781601.419600002467632, 809285.739700000733137 ], [ 2781590.909299999475479, 809289.827500000596046 ], [ 2781577.580899998545647, 809291.023600000888109 ], [ 2781557.48589999973774, 809289.475299999117851 ], [ 2781536.440700002014637, 809280.546000000089407 ], [ 2781518.336300000548363, 809255.609499998390675 ], [ 2781491.016000002622604, 809251.693799998611212 ], [ 2781468.061999998986721, 809244.017900001257658 ], [ 2781456.724299997091293, 809237.406899999827147 ], [ 2781446.517099998891354, 809212.814500000327826 ], [ 2781445.091700002551079, 809204.114599999040365 ], [ 2781446.205799996852875, 809196.75 ], [ 2781449.916799999773502, 809188.156599998474121 ], [ 2781468.709200002253056, 809172.804800000041723 ], [ 2781479.457099996507168, 809158.632599998265505 ], [ 2781491.155299998819828, 809145.361600000411272 ], [ 2781500.264799997210503, 809136.268500000238419 ], [ 2781510.431100003421307, 809126.495400000363588 ], [ 2781520.0320999994874, 809112.593600001186132 ], [ 2781521.768799997866154, 809086.215399999171495 ], [ 2781509.898599997162819, 809070.314699999988079 ], [ 2781493.686599999666214, 809039.897799998521805 ], [ 2781478.752599999308586, 809016.993000000715256 ], [ 2781472.453000001609325, 808972.379299998283386 ], [ 2781448.016199998557568, 808900.215999998152256 ], [ 2781438.734700001776218, 808885.691599998623133 ], [ 2781424.8574, 808866.882800001651049 ], [ 2781410.201899997889996, 808856.396999999880791 ], [ 2781404.082500003278255, 808843.904199998825788 ], [ 2781403.083099998533726, 808824.259799998253584 ], [ 2781413.101899996399879, 808804.942999999970198 ], [ 2781411.08669999986887, 808793.154800001531839 ], [ 2781402.116400003433228, 808774.427799999713898 ], [ 2781392.752999998629093, 808763.843800000846386 ], [ 2781390.311800003051758, 808756.520100001245737 ], [ 2781392.752999998629093, 808748.377300001680851 ], [ 2781402.116400003433228, 808736.17119999974966 ], [ 2781409.235299997031689, 808716.5185999982059 ], [ 2781406.572899997234344, 808702.772399999201298 ], [ 2781404.590400002896786, 808676.410599999129772 ], [ 2781408.014700002968311, 808651.834600001573563 ], [ 2781409.710400000214577, 808642.798799999058247 ], [ 2781409.898800000548363, 808635.516100000590086 ], [ 2781405.851999998092651, 808629.347500000149012 ], [ 2781401.706799998879433, 808627.192999999970198 ], [ 2781397.332299999892712, 808626.496700000017881 ], [ 2781393.375600002706051, 808626.635999999940395 ], [ 2781389.631800003349781, 808626.496700000017881 ], [ 2781386.576200000941753, 808627.053800001740456 ], [ 2781382.578500002622604, 808627.872999999672174 ], [ 2781366.833499997854233, 808647.632100000977516 ], [ 2781360.124300003051758, 808649.3114 ], [ 2781354.545500002801418, 808647.353500001132488 ], [ 2781350.351199999451637, 808640.095400001853704 ], [ 2781339.734399996697903, 808619.992300000041723 ], [ 2781335.556400001049042, 808614.478999998420477 ], [ 2781328.626000002026558, 808618.697900000959635 ], [ 2781320.704300001263618, 808618.747099999338388 ], [ 2781315.871100001037121, 808612.693199999630451 ], [ 2781289.836900003254414, 808566.146200001239777 ], [ 2781298.274700000882149, 808491.697299998253584 ], [ 2781300.437299996614456, 808438.138099998235703 ], [ 2781287.01070000231266, 808372.471000000834465 ], [ 2781271.98650000244379, 808316.80629999935627 ], [ 2781248.344400003552437, 808267.523299999535084 ], [ 2781223.457099996507168, 808239.695000000298023 ], [ 2781218.673000000417233, 808229.364900000393391 ], [ 2781215.281499996781349, 808213.136599998921156 ], [ 2781216.240000002086163, 808202.773699998855591 ], [ 2781230.805299997329712, 808133.977299999445677 ], [ 2781245.305200003087521, 808107.787500001490116 ], [ 2781247.181100003421307, 808098.866399999707937 ], [ 2781245.165899999439716, 808091.075800001621246 ], [ 2781233.443199999630451, 808083.817699998617172 ], [ 2781230.928199999034405, 808080.844000000506639 ], [ 2781223.883100003004074, 808052.827300000935793 ], [ 2781254.840700000524521, 808012.366999998688698 ], [ 2781253.939499996602535, 807979.926699999719858 ], [ 2781246.296400003135204, 807934.780600000172853 ], [ 2781242.880300000309944, 807923.10700000077486 ], [ 2781235.843400001525879, 807909.63120000064373 ], [ 2781177.270599998533726, 807837.582499999552965 ], [ 2781165.89190000295639, 807809.746100001037121 ], [ 2781145.076099999248981, 807787.693300001323223 ], [ 2781131.714900001883507, 807779.452100001275539 ], [ 2781124.579700000584126, 807777.395899999886751 ], [ 2781115.535700000822544, 807781.967000000178814 ], [ 2781090.935099996626377, 807796.671700000762939 ], [ 2781074.829700000584126, 807804.191899999976158 ], [ 2781061.353799998760223, 807802.9386 ], [ 2781046.17400000244379, 807798.555799998342991 ], [ 2781017.05969999730587, 807785.170099999755621 ], [ 2780991.721799999475479, 807769.498799998313189 ], [ 2780978.131300002336502, 807755.342999998480082 ], [ 2780961.583499997854233, 807738.115299999713898 ], [ 2780943.004000000655651, 807709.279399998486042 ], [ 2780916.961599998176098, 807673.668800000101328 ], [ 2780868.710699997842312, 807620.895899999886751 ], [ 2780779.712899997830391, 807519.937699999660254 ], [ 2780723.900799997150898, 807451.256000000983477 ], [ 2780701.618500001728535, 807396.836500000208616 ], [ 2780674.19990000128746, 807331.595499999821186 ], [ 2780674.568499997258186, 807313.655000001192093 ], [ 2780659.855700001120567, 807256.646899998188019 ], [ 2780661.428599998354912, 807245.464800000190735 ], [ 2780664.123700000345707, 807238.2804000005126 ], [ 2780668.252499997615814, 807229.842599999159575 ], [ 2780673.093999996781349, 807223.559399999678135 ], [ 2780681.056599996984005, 807217.980599999427795 ], [ 2780700.28320000320673, 807208.567999999970198 ], [ 2780707.426700003445148, 807198.377199999988079 ], [ 2780709.245300002396107, 807186.826400000602007 ], [ 2780709.720399998128414, 807170.106600001454353 ], [ 2780713.914700001478195, 807160.939699999988079 ], [ 2780719.813000001013279, 807154.050200000405312 ], [ 2780723.302699998021126, 807142.614199999719858 ], [ 2780712.194399997591972, 807054.410900000482798 ], [ 2780703.9695999994874, 807023.551699999719858 ], [ 2780698.759499996900558, 806965.159099999815226 ], [ 2780726.415700003504753, 806937.519299998879433 ], [ 2780724.007299996912479, 806899.057900000363588 ], [ 2780730.03660000115633, 806829.565099999308586 ], [ 2780740.579700000584126, 806764.168400000780821 ], [ 2780749.099399998784065, 806749.226199999451637 ], [ 2780749.615500003099442, 806736.372900001704693 ], [ 2780750.131499998271465, 806725.158100001513958 ], [ 2780783.120700001716614, 806606.693599998950958 ], [ 2780566.647100001573563, 806598.452399998903275 ], [ 2780559.413599997758865, 806785.729699999094009 ], [ 2780564.500799998641014, 807230.899399999529123 ], [ 2780613.234999999403954, 808601.535700000822544 ], [ 2780611.834200002253056, 808673.109200000762939 ], [ 2780568.768899999558926, 810094.798000000417233 ], [ 2780570.743100002408028, 810184.516800001263618 ], [ 2781063.229800000786781, 811092.296900000423193 ], [ 2781165.20380000025034, 811216.864500001072884 ], [ 2781206.671700000762939, 811276.690600000321865 ], [ 2781225.406800001859665, 811365.713100001215935 ], [ 2781231.747400000691414, 811420.763300001621246 ], [ 2781226.111299999058247, 811517.265099998563528 ], [ 2781256.987000003457069, 811585.660100001841784 ], [ 2781248.172399997711182, 811650.204900000244379 ], [ 2781268.996399998664856, 811767.473400000482798 ], [ 2781313.118600003421307, 811819.410599999129772 ], [ 2781325.709700003266335, 811931.894999999552965 ], [ 2781364.924800001084805, 812088.829100001603365 ], [ 2781363.212600000202656, 812165.268699999898672 ], [ 2781352.571199998259544, 812255.397100001573563 ], [ 2781305.852300003170967, 812330.296500001102686 ], [ 2781257.798000000417233, 812521.522399999201298 ], [ 2781265.465700000524521, 812637.127900000661612 ], [ 2781304.42679999768734, 812694.955200001597404 ], [ 2781318.902099996805191, 812805.588199999183416 ], [ 2781348.401500001549721, 812939.101399999111891 ], [ 2781304.877400003373623, 812983.223499998450279 ], [ 2781260.19820000231266, 813045.064899999648333 ], [ 2781245.509999997913837, 813137.175799999386072 ], [ 2781215.011200003325939, 813203.891399998217821 ], [ 2781205.565800003707409, 813234.914500001817942 ], [ 2781198.004600003361702, 813290.800299998372793 ], [ 2781195.751800000667572, 813322.781899999827147 ], [ 2781200.806199997663498, 813349.307599999010563 ], [ 2781204.877700001001358, 813385.417899999767542 ], [ 2781195.424099996685982, 813416.440999999642372 ], [ 2781210.784100003540516, 813460.342000000178814 ], [ 2781188.985200002789497, 813508.429000001400709 ], [ 2781186.838899999856949, 813588.989100001752377 ], [ 2781207.220600001513958, 813662.102699998766184 ], [ 2781225.062700003385544, 813722.182900000363588 ], [ 2781256.479099996387959, 813767.189699999988079 ], [ 2781266.784599997103214, 813803.881700001657009 ], [ 2781279.187299996614456, 813844.317400000989437 ], [ 2781278.753100000321865, 813869.417700000107288 ], [ 2781291.04110000282526, 813902.267599999904633 ], [ 2781300.896099999547005, 813921.699000000953674 ], [ 2781308.514700002968311, 813941.081300001591444 ], [ 2781312.659800000488758, 813961.987300001084805 ], [ 2781306.622299998998642, 813984.244899999350309 ], [ 2781284.970799997448921, 814007.985399998724461 ], [ 2781270.069600000977516, 814022.747299998998642 ], [ 2781258.125699996948242, 814038.484200000762939 ], [ 2781254.07880000025034, 814046.954700000584126 ], [ 2781253.980499997735023, 814051.837099999189377 ], [ 2781256.905100002884865, 814058.210499998182058 ], [ 2781288.214900001883507, 814081.303800001740456 ], [ 2781322.285400003194809, 814112.244899999350309 ], [ 2781357.117799997329712, 814151.353500001132488 ], [ 2781386.912100002169609, 814196.638900000602007 ], [ 2781422.825800001621246, 814213.022900000214577 ], [ 2781433.975100003182888, 814215.906500000506639 ], [ 2781463.531900003552437, 814208.3125 ], [ 2781491.720499999821186, 814208.894200000911951 ], [ 2781507.555699996650219, 814215.947500001639128 ], [ 2781514.789200000464916, 814232.495299998670816 ], [ 2781518.745899997651577, 814271.669399999082088 ], [ 2781513.01969999819994, 814335.550700001418591 ], [ 2781515.10869999974966, 814395.819200001657009 ], [ 2781543.395700000226498, 814454.219999998807907 ], [ 2781578.269000001251698, 814492.411100000143051 ], [ 2781595.734399996697903, 814509.974700000137091 ], [ 2781618.4425999969244, 814520.304800000041723 ], [ 2781680.947499997913837, 814520.378600001335144 ], [ 2781700.36259999871254, 814520.780000001192093 ], [ 2781712.839000001549721, 814539.842799998819828 ], [ 2781706.678599998354912, 814563.337400000542402 ], [ 2781694.071099996566772, 814604.363000001758337 ], [ 2781678.7029, 814637.507800001651049 ], [ 2781683.495300002396107, 814673.069299999624491 ], [ 2781700.919600002467632, 814718.739700000733137 ], [ 2781712.953699998557568, 814766.941399998962879 ], [ 2781727.666500002145767, 814785.791200000792742 ], [ 2781749.744000002741814, 814812.7837999984622 ], [ 2781766.308200001716614, 814823.335099998861551 ], [ 2781774.680399999022484, 814824.121500000357628 ], [ 2781788.139899998903275, 814821.352600000798702 ], [ 2781812.568400003015995, 814812.882100000977516 ], [ 2781821.980999998748302, 814807.458999998867512 ], [ 2781830.140299998223782, 814806.459600001573563 ], [ 2781836.087600000202656, 814809.490600001066923 ], [ 2781842.559299997985363, 814815.044799998402596 ], [ 2781847.908699996769428, 814824.039599999785423 ], [ 2781864.464699998497963, 814877.959399998188019 ], [ 2781869.412699997425079, 814886.888700000941753 ], [ 2781874.270599998533726, 814891.795699998736382 ], [ 2781878.473099999129772, 814895.654100000858307 ], [ 2781883.896200001239777, 814898.816199999302626 ], [ 2781890.326899997889996, 814901.019900001585484 ], [ 2781896.733000002801418, 814900.929699998348951 ], [ 2781901.476199999451637, 814897.906899999827147 ], [ 2781965.80799999833107, 814833.697999998927116 ], [ 2781975.089500002563, 814814.127300001680851 ], [ 2781982.617899999022484, 814781.613299999386072 ], [ 2781985.706299997866154, 814749.009100001305342 ], [ 2781983.609200000762939, 814713.881799999624491 ], [ 2781975.196000002324581, 814684.013799998909235 ], [ 2781975.638400003314018, 814674.912500001490116 ], [ 2781978.0878000035882, 814668.186799999326468 ], [ 2781983.3716000020504, 814658.995400000363588 ], [ 2781991.670100003480911, 814647.657699998468161 ], [ 2782000.804200001060963, 814640.252099998295307 ], [ 2782009.692500002682209, 814633.977000001817942 ], [ 2782018.531700000166893, 814630.012099999934435 ], [ 2782026.862899996340275, 814628.111600000411272 ], [ 2782034.46509999781847, 814628.267200000584126 ], [ 2782044.58219999819994, 814629.635299999266863 ], [ 2782061.687100000679493, 814636.63120000064373 ], [ 2782088.581500001251698, 814653.719799999147654 ], [ 2782109.741400003433228, 814668.571800000965595 ], [ 2782128.7632, 814682.981600001454353 ], [ 2782142.296400003135204, 814703.355099998414516 ], [ 2782151.995700001716614, 814724.678899999707937 ], [ 2782170.902900002896786, 814786.577599998563528 ], [ 2782187.63910000026226, 814830.208200000226498 ], [ 2782185.44370000064373, 814933.386399999260902 ], [ 2782188.990800000727177, 814938.727600000798702 ], [ 2782193.906000003218651, 814943.896800000220537 ], [ 2782199.796099998056889, 814947.976399999111891 ], [ 2782207.398199997842312, 814949.516499999910593 ], [ 2782215.319899998605251, 814951.31870000064373 ], [ 2782224.306500002741814, 814950.114500001072884 ], [ 2782230.425899997353554, 814946.837699998170137 ], [ 2782288.261500000953674, 814875.985100001096725 ], [ 2782293.635399997234344, 814870.930599998682737 ], [ 2782300.533100001513958, 814867.301600001752377 ], [ 2782307.299699999392033, 814865.507500000298023 ], [ 2782313.034100003540516, 814864.426199998706579 ], [ 2782318.858599998056889, 814863.672499999403954 ], [ 2782323.863899998366833, 814864.008400000631809 ], [ 2782329.696599997580051, 814865.695900000631809 ], [ 2782336.463200002908707, 814868.407499998807907 ], [ 2782342.361400000751019, 814872.708299998193979 ], [ 2782348.333400003612041, 814880.900299999862909 ], [ 2782354.633100003004074, 814889.731300000101328 ], [ 2782357.385600000619888, 814895.621300000697374 ], [ 2782372.942199997603893, 814933.705899998545647 ], [ 2782393.831799998879433, 814983.759100001305342 ], [ 2782426.739, 815065.580699998885393 ], [ 2782430.712200000882149, 815074.903200000524521 ], [ 2782438.011200003325939, 815083.218100000172853 ], [ 2782442.508599996566772, 815086.920899998396635 ], [ 2782447.800700001418591, 815090.083000000566244 ], [ 2782452.035899996757507, 815090.705600000917912 ], [ 2782463.209799997508526, 815091.156199999153614 ], [ 2782483.992899999022484, 815103.231199998408556 ], [ 2782489.4324000030756, 815110.202599998563528 ], [ 2782497.435999996960163, 815112.848600000143051 ], [ 2782507.291000001132488, 815115.83049999922514 ], [ 2782541.0337999984622, 815182.300400000065565 ], [ 2782570.729800000786781, 815249.474800001829863 ], [ 2782591.824199996888638, 815293.646000001579523 ], [ 2782595.256700001657009, 815298.77419999986887 ], [ 2782601.023800000548363, 815303.6239 ], [ 2782607.348099999129772, 815307.941100001335144 ], [ 2782611.76349999755621, 815308.948699999600649 ], [ 2782616.719700001180172, 815308.915899999439716 ], [ 2782622.486900001764297, 815307.596999999135733 ], [ 2782626.304300002753735, 815305.983199998736382 ], [ 2782628.696400001645088, 815304.074400000274181 ], [ 2782632.939900003373623, 815300.764899998903275 ], [ 2782636.593500003218651, 815297.193199999630451 ], [ 2782664.118600003421307, 815269.127399999648333 ], [ 2782685.303099997341633, 815246.812399998307228 ], [ 2782744.203599996864796, 815171.273899998515844 ], [ 2782777.307499997317791, 815130.928300000727177 ], [ 2782787.6294, 815127.856300000101328 ], [ 2782801.547600001096725, 815124.120799999684095 ], [ 2782804.37389999628067, 815123.293400000780821 ], [ 2782810.681699998676777, 815123.424499999731779 ], [ 2782817.497400000691414, 815125.767400000244379 ], [ 2782821.544299997389317, 815131.501800000667572 ], [ 2782824.001900002360344, 815138.850000001490116 ], [ 2782824.542599998414516, 815149.737199999392033 ], [ 2782822.060400001704693, 815296.546000000089407 ], [ 2782820.200800001621246, 815335.384300000965595 ], [ 2782828.851599998772144, 815395.710200000554323 ], [ 2782834.545000001788139, 815418.639600001275539 ], [ 2782836.887900002300739, 815429.649599999189377 ], [ 2782843.08110000193119, 815436.620999999344349 ], [ 2782848.700800001621246, 815439.660199999809265 ], [ 2782854.983999997377396, 815442.363600000739098 ], [ 2782894.281099997460842, 815454.979299999773502 ], [ 2782899.237199999392033, 815457.961199998855591 ], [ 2782901.088600002229214, 815462.46680000051856 ], [ 2782916.120899997651577, 815504.221400000154972 ], [ 2782934.020400002598763, 815556.887800000607967 ], [ 2782940.369199998676777, 815579.505899999290705 ], [ 2782942.990699999034405, 815602.263199999928474 ], [ 2782943.58049999922514, 815626.585299998521805 ], [ 2782935.880000002682209, 815668.82319999858737 ], [ 2782921.978200003504753, 815693.759700000286102 ], [ 2782899.237199999392033, 815748.334800001233816 ], [ 2782878.314800001680851, 815804.818599998950958 ], [ 2782866.125200003385544, 815857.157299999147654 ], [ 2782822.101300001144409, 815948.301500000059605 ], [ 2782822.166900001466274, 815964.243099998682737 ], [ 2782819.782999999821186, 815977.833700001239777 ], [ 2782815.457599997520447, 816009.741500001400709 ], [ 2782807.773500002920628, 816036.938999999314547 ], [ 2782800.933200001716614, 816047.342799998819828 ], [ 2782795.116899996995926, 816053.732599999755621 ], [ 2782754.361699998378754, 816089.1875 ], [ 2782751.068499997258186, 816095.290600001811981 ], [ 2782749.26630000025034, 816101.197000000625849 ], [ 2782750.151000000536442, 816113.116399999707937 ], [ 2782752.002400003373623, 816121.890000000596046 ], [ 2782755.229999996721745, 816127.714499998837709 ], [ 2782760.710500001907349, 816133.448899999260902 ], [ 2782769.041799999773502, 816135.300299998372793 ], [ 2782779.8141999989748, 816136.070300001651049 ], [ 2782797.009199999272823, 816136.840399999171495 ], [ 2782806.659400001168251, 816147.719399999827147 ], [ 2782812.680500000715256, 816164.300000000745058 ], [ 2782814.122299998998642, 816176.301300000399351 ], [ 2782817.636699996888638, 816187.221200000494719 ], [ 2782820.921700000762939, 816205.661400001496077 ], [ 2782819.782999999821186, 816228.754599999636412 ], [ 2782825.148800000548363, 816252.306600000709295 ], [ 2782831.808899998664856, 816266.708200000226498 ], [ 2782846.3169, 816280.913100000470877 ], [ 2782851.256700001657009, 816293.962999999523163 ], [ 2782858.023299999535084, 816305.325300000607967 ], [ 2782864.437600001692772, 816314.066100001335144 ], [ 2782871.409000001847744, 816340.272300001233816 ], [ 2782871.3926, 816358.024399999529123 ], [ 2782867.09179999679327, 816392.029399998486042 ], [ 2782871.023999996483326, 816416.679099999368191 ], [ 2782873.5471, 816436.495600000023842 ], [ 2782879.46169999986887, 816454.165699999779463 ], [ 2782879.101300001144409, 816471.794900000095367 ], [ 2782873.801100000739098, 816487.392499998211861 ], [ 2782872.031599998474121, 816501.662900000810623 ], [ 2782870.802799999713898, 816514.811099998652935 ], [ 2782870.622599996626377, 816525.812899999320507 ], [ 2782871.3926, 816532.415699999779463 ], [ 2782874.759499996900558, 816539.608300000429153 ], [ 2782881.272200003266335, 816545.252599999308586 ], [ 2782887.203199997544289, 816547.964099999517202 ], [ 2782893.871500000357628, 816549.364900000393391 ], [ 2782907.445600003004074, 816548.021499998867512 ], [ 2782912.5574000030756, 816545.4983000010252 ], [ 2782919.143799997866154, 816540.525800000876188 ], [ 2782925.910400003194809, 816531.899599999189377 ], [ 2782951.076200000941753, 816501.654699999839067 ], [ 2782958.342500001192093, 816484.852899998426437 ], [ 2782974.161200001835823, 816461.120700001716614 ], [ 2783007.240500003099442, 816437.085400000214577 ], [ 2783029.006700001657009, 816424.748199999332428 ], [ 2783035.175300002098083, 816415.294700000435114 ], [ 2783044.669799998402596, 816364.856499999761581 ], [ 2783048.962399996817112, 816342.221999999135733 ], [ 2783071.211900003254414, 816303.817899998277426 ], [ 2783077.577100001275539, 816275.776700001209974 ], [ 2783088.923000000417233, 816256.992499999701977 ], [ 2783103.283600002527237, 816233.243900001049042 ], [ 2783118.258500002324581, 816220.849399998784065 ], [ 2783131.119999997317791, 816205.800700001418591 ], [ 2783149.224299997091293, 816196.191399998962879 ], [ 2783176.569200001657009, 816190.252199999988079 ], [ 2783195.926899999380112, 816184.771800000220537 ], [ 2783217.053999997675419, 816180.782299999147654 ], [ 2783237.542199999094009, 816175.752399999648333 ], [ 2783265.116499997675419, 816161.760499998927116 ], [ 2783285.309799998998642, 816139.617499999701977 ], [ 2783303.627099998295307, 816113.0016999989748 ], [ 2783311.081799998879433, 816102.221000000834465 ], [ 2783315.906900003552437, 816090.547400001436472 ], [ 2783316.890000000596046, 816078.152899999171495 ], [ 2783313.031499996781349, 816054.535399999469519 ], [ 2783307.280699998140335, 816034.579700000584126 ], [ 2783302.390100002288818, 816017.605799999088049 ], [ 2783300.718900002539158, 816012.125399999320507 ], [ 2783301.579099997878075, 816005.571800000965595 ], [ 2783308.755300000309944, 815994.406100001186132 ], [ 2783324.598600000143051, 815987.803300000727177 ], [ 2783345.053999997675419, 815989.441700000315905 ], [ 2783368.892800003290176, 816003.753199998289347 ], [ 2783386.530100002884865, 816019.514600001275539 ], [ 2783399.440700002014637, 816029.484200000762939 ], [ 2783412.154700003564358, 816031.761599998921156 ], [ 2783426.302299998700619, 816029.082800000905991 ], [ 2783436.083599999547005, 816019.752099998295307 ], [ 2783447.863600000739098, 816004.826299998909235 ], [ 2783457.505599997937679, 815982.6587999984622 ], [ 2783472.439599998295307, 815963.333799999207258 ], [ 2783481.328000001609325, 815961.982200000435114 ], [ 2783492.444499999284744, 815961.703600000590086 ], [ 2783509.074299998581409, 815969.70719999819994 ], [ 2783517.167999997735023, 815984.477400001138449 ], [ 2783529.480499997735023, 816020.38289999961853 ], [ 2783546.241400003433228, 816064.300200000405312 ], [ 2783577.207099996507168, 816138.298599999397993 ], [ 2783584.514399997889996, 816152.659099999815226 ], [ 2783591.297399997711182, 816170.247400000691414 ], [ 2783595.51630000025034, 816189.424800001084805 ], [ 2783603.421499997377396, 816256.320700000971556 ], [ 2783610.835299998521805, 816290.071800000965595 ], [ 2783622.066500000655651, 816318.481600001454353 ], [ 2783633.871200002729893, 816342.582499999552965 ], [ 2783651.410300001502037, 816364.643500000238419 ], [ 2783659.962700001895428, 816371.770599998533726 ], [ 2783669.727600000798702, 816379.905200000852346 ], [ 2783687.045500002801418, 816393.520300000905991 ], [ 2783709.163900002837181, 816407.61879999935627 ], [ 2783730.258299998939037, 816414.860500000417233 ], [ 2783751.246200002729893, 816421.627099998295307 ], [ 2783754.039599999785423, 816422.528200000524521 ], [ 2783762.444600000977516, 816423.666900001466274 ], [ 2783773.159800000488758, 816425.116900000721216 ], [ 2783796.122000001370907, 816429.901000000536442 ], [ 2783825.62950000166893, 816434.873500000685453 ], [ 2783844.26630000025034, 816439.174300000071526 ], [ 2783874.519400000572205, 816446.104800000786781 ], [ 2783879.713100001215935, 816448.054499998688698 ], [ 2783902.298500001430511, 816456.508600000292063 ], [ 2783919.681900002062321, 816471.074000000953674 ], [ 2783928.693099997937679, 816483.878100000321865 ], [ 2783931.937100000679493, 816494.191799998283386 ], [ 2783934.1162, 816505.218299999833107 ], [ 2783932.920199997723103, 816520.512699998915195 ], [ 2783930.7246999964118, 816532.522199999541044 ], [ 2783923.818800002336502, 816544.859299998730421 ], [ 2783916.700000002980232, 816554.804400000721216 ], [ 2783906.29619999974966, 816564.331700000911951 ], [ 2783886.791000001132488, 816572.843199998140335 ], [ 2783855.554899998009205, 816587.98200000077486 ], [ 2783840.809299997985363, 816597.82880000025034 ], [ 2783834.075499996542931, 816603.636900000274181 ], [ 2783827.636600002646446, 816611.271899998188019 ], [ 2783821.476199999451637, 816622.552299998700619 ], [ 2783819.321699999272823, 816627.43470000103116 ], [ 2783810.310500003397465, 816680.101100001484156 ], [ 2783807.574400000274181, 816692.0614 ], [ 2783802.560900002717972, 816713.942200001329184 ], [ 2783800.553800001740456, 816724.624600000679493 ], [ 2783798.44030000269413, 816735.905000001192093 ], [ 2783795.540299996733665, 816751.355099998414516 ], [ 2783792.132399998605251, 816769.484000001102686 ], [ 2783789.846900001168251, 816789.423300001770258 ], [ 2783789.388099998235703, 816809.7804000005126 ], [ 2783791.026500001549721, 816825.40260000154376 ], [ 2783793.852799996733665, 816845.137099999934435 ], [ 2783798.898999996483326, 816864.060600001364946 ], [ 2783806.206299997866154, 816880.682199999690056 ], [ 2783815.741800002753735, 816899.40089999884367 ], [ 2783830.847800001502037, 816924.402899999171495 ], [ 2783884.243299998342991, 817035.986099999397993 ], [ 2783885.095299996435642, 817041.392799999564886 ], [ 2783887.184199996292591, 817059.669199999421835 ], [ 2783887.028599999845028, 817078.002900000661612 ], [ 2783884.267899997532368, 817089.217700000852346 ], [ 2783878.427000001072884, 817103.201499998569489 ], [ 2783871.496500000357628, 817119.847600001841784 ], [ 2783863.370099999010563, 817139.320000000298023 ], [ 2783851.2212999984622, 817168.35249999910593 ], [ 2783832.87950000166893, 817212.417199999094009 ], [ 2783823.70440000295639, 817242.891499999910593 ], [ 2783821.222199998795986, 817267.999899998307228 ], [ 2783822.418300002813339, 817285.883099999278784 ], [ 2783827.7676, 817309.451499998569489 ], [ 2783833.411899998784065, 817326.138599999248981 ], [ 2783842.029899999499321, 817340.155099999159575 ], [ 2783876.305200003087521, 817388.938400000333786 ], [ 2783894.925700001418591, 817420.723400000482798 ], [ 2783899.595100000500679, 817428.702399998903275 ], [ 2783919.714699998497963, 817463.035100001841784 ], [ 2783926.333800002932549, 817474.348200000822544 ], [ 2783933.026699997484684, 817485.767900001257658 ], [ 2783942.267200000584126, 817501.52930000051856 ], [ 2783954.743600003421307, 817530.840300001204014 ], [ 2783981.023599997162819, 817592.575199998915195 ], [ 2783985.881399996578693, 817604.019400000572205 ], [ 2784001.937799997627735, 817628.824799999594688 ], [ 2784014.430600002408028, 817648.125100001692772 ], [ 2784040.194399997591972, 817680.893100000917912 ], [ 2784074.797399997711182, 817724.908700000494719 ], [ 2784107.909500002861023, 817758.8564000017941 ], [ 2784127.340899996459484, 817779.532999999821186 ], [ 2784143.520099997520447, 817793.467599999159575 ], [ 2784156.668300002813339, 817799.6689000017941 ], [ 2784166.515000000596046, 817802.069200001657009 ], [ 2784175.255900003015995, 817801.848000001162291 ], [ 2784182.20269999653101, 817800.160500001162291 ], [ 2784190.058799996972084, 817796.023499999195337 ], [ 2784193.06530000269413, 817791.771899998188019 ], [ 2784196.415799997746944, 817785.04619999974966 ], [ 2784199.127400003373623, 817776.485599998384714 ], [ 2784201.445699997246265, 817764.754599999636412 ], [ 2784199.405900001525879, 817748.427999999374151 ], [ 2784190.57490000128746, 817724.67119999974966 ], [ 2784180.924800001084805, 817696.646299999207258 ], [ 2784166.572400003671646, 817663.567099999636412 ], [ 2784157.004100002348423, 817641.530600000172853 ], [ 2784149.836099997162819, 817620.821199998259544 ], [ 2784144.290100000798702, 817607.820500001311302 ], [ 2784137.802100002765656, 817592.632500000298023 ], [ 2784131.092799998819828, 817563.657400000840425 ], [ 2784128.954700000584126, 817543.537900000810623 ], [ 2784130.560400001704693, 817518.757100000977516 ], [ 2784132.952399998903275, 817505.805500000715256 ], [ 2784135.115099996328354, 817494.09910000115633 ], [ 2784149.631300002336502, 817473.062100000679493 ], [ 2784161.3213, 817459.594399999827147 ], [ 2784180.760899998247623, 817443.177700001746416 ], [ 2784202.994000002741814, 817432.47069999948144 ], [ 2784229.798199996352196, 817419.576499998569489 ], [ 2784254.914899997413158, 817407.091899998486042 ], [ 2784260.526399999856949, 817404.29839999973774 ], [ 2784263.2544, 817403.0287000015378 ], [ 2784278.671700000762939, 817395.926199998706579 ], [ 2784298.586499996483326, 817389.749499998986721 ], [ 2784303.616400003433228, 817396.442299999296665 ], [ 2784295.080300003290176, 817408.558299999684095 ], [ 2784277.3445999994874, 817426.269400000572205 ], [ 2784262.779200002551079, 817440.818399999290705 ], [ 2784251.597199998795986, 817451.984099999070168 ], [ 2784234.238300003111362, 817473.741999998688698 ], [ 2784225.210699997842312, 817493.861600000411272 ], [ 2784221.851999998092651, 817512.408300001174212 ], [ 2784221.245800003409386, 817530.061999998986721 ], [ 2784224.719200000166893, 817546.593499999493361 ], [ 2784230.02759999781847, 817562.641600001603365 ], [ 2784235.811200000345707, 817574.642900001257658 ], [ 2784245.182800002396107, 817594.352800000458956 ], [ 2784282.300800003111362, 817677.231300000101328 ], [ 2784300.585299998521805, 817714.685100000351667 ], [ 2784321.8108000010252, 817765.139699999243021 ], [ 2784351.940999999642372, 817832.305900000035763 ], [ 2784376.549699999392033, 817893.336300000548363 ], [ 2784389.460299998521805, 817928.397999998182058 ], [ 2784405.279100000858307, 817971.405999999493361 ], [ 2784419.393899999558926, 818010.883299998939037 ], [ 2784447.353200003504753, 818083.800299998372793 ], [ 2784454.390100002288818, 818102.658300001174212 ], [ 2784462.631300002336502, 818122.466499999165535 ], [ 2784475.533699996769428, 818133.779699999839067 ], [ 2784492.605800002813339, 818146.116799999028444 ], [ 2784504.942900002002716, 818152.219900000840425 ], [ 2784524.628300003707409, 818157.429999999701977 ], [ 2784540.5044, 818157.708500001579523 ], [ 2784571.756899997591972, 818155.160799998790026 ], [ 2784594.989399999380112, 818152.359099999070168 ], [ 2784621.29389999806881, 818144.5439000017941 ], [ 2784638.824799999594688, 818137.433299999684095 ], [ 2784681.660800002515316, 818112.603300001472235 ], [ 2784705.548600003123283, 818095.088799998164177 ], [ 2784755.913099996745586, 818062.206199999898672 ], [ 2784767.045999996364117, 818056.750300001353025 ], [ 2784779.645300000905991, 818050.950300000607967 ], [ 2784788.713799998164177, 818047.468699999153614 ], [ 2784804.188500002026558, 818042.004700001329184 ], [ 2784929.780100002884865, 818005.001400001347065 ], [ 2784946.041199997067451, 818001.749200001358986 ], [ 2784960.426299996674061, 818001.782000001519918 ], [ 2784968.847699999809265, 818004.526299998164177 ], [ 2784977.506700001657009, 818008.556699998676777 ], [ 2784985.248099997639656, 818016.732400000095367 ], [ 2784990.425399996340275, 818022.958299998193979 ], [ 2784994.128200002014637, 818057.831599999219179 ], [ 2784993.554799996316433, 818073.912500001490116 ], [ 2784995.26690000295639, 818102.723799999803305 ], [ 2784990.9087999984622, 818126.341299999505281 ], [ 2784979.53830000013113, 818147.28830000013113 ], [ 2784961.704300001263618, 818159.961300000548363 ], [ 2784931.721600003540516, 818172.249299999326468 ], [ 2784895.717699997127056, 818191.42680000141263 ], [ 2784878.571900002658367, 818211.4070999994874 ], [ 2784872.9358000010252, 818228.839600000530481 ], [ 2784873.755000002682209, 818254.881999999284744 ], [ 2784881.8158999979496, 818293.327100001275539 ], [ 2784989.262199997901917, 818265.171100001782179 ], [ 2784998.306100003421307, 818279.441599998623133 ], [ 2785061.49099999666214, 818279.957699999213219 ], [ 2785143.24719999730587, 818290.50899999961257 ], [ 2785229.574500001966953, 818332.558499999344349 ], [ 2785265.63570000231266, 818357.183699999004602 ], [ 2785393.979699999094009, 818429.666499998420477 ], [ 2785474.244999997317791, 818456.241399999707937 ], [ 2785515.934000000357628, 818474.534099999815226 ], [ 2785600.999799996614456, 818504.041700001806021 ], [ 2785640.558899998664856, 818533.057700000703335 ], [ 2785677.635899998247623, 818555.6266999989748 ], [ 2785697.722699999809265, 818560.443599998950958 ], [ 2785725.321599997580051, 818562.467000000178814 ], [ 2785743.3766999989748, 818576.221400000154972 ], [ 2785751.363899998366833, 818597.897399999201298 ], [ 2785758.482799999415874, 818605.606100000441074 ], [ 2785778.209100000560284, 818608.628899998962879 ], [ 2785797.52589999884367, 818608.538800001144409 ], [ 2785821.880699999630451, 818606.007500000298023 ], [ 2785841.639799997210503, 818615.91160000115633 ], [ 2785855.754600003361702, 818622.997699998319149 ], [ 2785877.528899997472763, 818633.917599998414516 ], [ 2785901.629799999296665, 818650.088700000196695 ], [ 2785915.9003000035882, 818661.03319999948144 ], [ 2785928.130900003015995, 818672.182500001043081 ], [ 2785955.98369999974966, 818680.800500001758337 ], [ 2785975.644500002264977, 818699.199700001627207 ], [ 2785989.718400001525879, 818712.388799998909235 ], [ 2786000.736599996685982, 818729.313499998301268 ], [ 2786015.392099998891354, 818732.065999999642372 ], [ 2786029.80179999768734, 818738.218199998140335 ], [ 2786045.759800001978874, 818754.520300000905991 ], [ 2786060.325199998915195, 818769.41330000013113 ], [ 2786074.497400000691414, 818783.888599999248981 ], [ 2786093.74040000140667, 818795.725999999791384 ], [ 2786115.219800002872944, 818805.793999999761581 ], [ 2786138.214800000190735, 818814.452899999916553 ], [ 2786151.526799999177456, 818814.739700000733137 ], [ 2786163.020099997520447, 818814.985399998724461 ], [ 2786176.209200002253056, 818815.272100001573563 ], [ 2786193.789300002157688, 818816.263399999588728 ], [ 2786206.970200002193451, 818818.196699999272823 ], [ 2786220.192100003361702, 818820.670699998736382 ], [ 2786237.452600002288818, 818826.470600001513958 ], [ 2786253.5581, 818832.622800000011921 ], [ 2786277.446000002324581, 818856.363200001418591 ], [ 2786295.173500001430511, 818877.318300001323223 ], [ 2786321.322300001978874, 818922.398899998515844 ], [ 2786352.550200000405312, 818985.649399999529123 ], [ 2786377.937200002372265, 819005.318300001323223 ], [ 2786398.146899998188019, 819011.331300001591444 ], [ 2786421.592399999499321, 819014.050999999046326 ], [ 2786468.942199997603893, 819012.076699998229742 ], [ 2786487.005500003695488, 819022.881999999284744 ], [ 2786489.119099996984005, 819057.894600000232458 ], [ 2786506.191200003027916, 819071.47690000012517 ], [ 2786529.235299997031689, 819075.679400000721216 ], [ 2786562.650499999523163, 819074.688200000673532 ], [ 2786584.334700003266335, 819118.425299998372793 ], [ 2786609.107299998402596, 819129.033900000154972 ], [ 2786632.085900001227856, 819141.928100001066923 ], [ 2786640.572800002992153, 819176.457400001585484 ], [ 2786663.264600001275539, 819192.161499999463558 ], [ 2786688.684399999678135, 819213.894900001585484 ], [ 2786707.935599997639656, 819232.466099999845028 ], [ 2786723.172700002789497, 819247.170800000429153 ], [ 2786740.146499998867512, 819310.707899998873472 ], [ 2786767.52419999986887, 819323.225299999117851 ], [ 2786793.697599999606609, 819316.18019999936223 ], [ 2786813.235600002110004, 819298.231499999761581 ], [ 2786827.276600003242493, 819299.329199999570847 ], [ 2786843.685199998319149, 819318.563999999314547 ], [ 2786859.389300003647804, 819332.940999999642372 ], [ 2786872.78320000320673, 819340.059900000691414 ], [ 2786894.123400002717972, 819345.007800001651049 ], [ 2786921.271600000560284, 819345.409200001507998 ], [ 2786942.087499998509884, 819347.45719999819994 ], [ 2786956.177799999713898, 819353.240800000727177 ], [ 2786967.023999996483326, 819360.253100000321865 ], [ 2786985.537900000810623, 819389.531300000846386 ], [ 2786993.205600000917912, 819400.107200000435114 ], [ 2787001.422200001776218, 819404.334300000220537 ], [ 2787013.431699998676777, 819404.907699998468161 ], [ 2787020.509499996900558, 819401.909499999135733 ], [ 2787029.307700000703335, 819398.141100000590086 ], [ 2787038.802299998700619, 819399.304400000721216 ], [ 2787048.247699998319149, 819403.285700000822544 ], [ 2787057.160499997437, 819408.954599998891354 ], [ 2787062.202799998223782, 819415.897300001233816 ], [ 2787064.877400003373623, 819419.587799999862909 ], [ 2787067.457900002598763, 819423.134899999946356 ], [ 2787076.379000000655651, 819426.854100000113249 ], [ 2787087.175999999046326, 819431.351500000804663 ], [ 2787098.669399999082088, 819434.710200000554323 ], [ 2787110.687100000679493, 819439.98589999973774 ], [ 2787127.882100000977516, 819444.229299999773502 ], [ 2787140.931900002062321, 819452.986600000411272 ], [ 2787155.005800001323223, 819457.107200000435114 ], [ 2787163.009400002658367, 819463.603399999439716 ], [ 2787164.189000003039837, 819472.106699999421835 ], [ 2787161.903499998152256, 819478.185199998319149 ], [ 2787155.587399996817112, 819482.23200000077486 ], [ 2787148.460400000214577, 819482.543299999088049 ], [ 2787138.285899996757507, 819478.340799998492002 ], [ 2787111.751999996602535, 819463.292100001126528 ], [ 2787101.421899996697903, 819459.441899999976158 ], [ 2787095.187799997627735, 819459.065000001341105 ], [ 2787086.143799997866154, 819459.720400001853704 ], [ 2787076.002099998295307, 819462.423799999058247 ], [ 2787057.840499997138977, 819467.2652000002563 ], [ 2787047.281000003218651, 819468.895399998873472 ], [ 2787032.486199997365475, 819468.256499998271465 ], [ 2787007.181199997663498, 819461.83390000090003 ], [ 2786991.9358000010252, 819453.494500000029802 ], [ 2786978.558300003409386, 819444.393199998885393 ], [ 2786967.122299998998642, 819435.422899998724461 ], [ 2786963.255699999630451, 819433.022700000554323 ], [ 2786958.397799998521805, 819432.400100000202656 ], [ 2786952.425800003111362, 819434.513599999248981 ], [ 2786950.721900001168251, 819440.526500001549721 ], [ 2786954.113399997353554, 819448.235199999064207 ], [ 2786960.413000002503395, 819454.395599998533726 ], [ 2787006.820699997246265, 819483.600099999457598 ], [ 2787028.619599997997284, 819489.137899998575449 ], [ 2787044.315499998629093, 819491.210400000214577 ], [ 2787068.195200003683567, 819491.447999998927116 ], [ 2787076.976999998092651, 819493.201099999248981 ], [ 2787085.111699998378754, 819497.624800000339746 ], [ 2787096.334700003266335, 819507.266800001263618 ], [ 2787105.968500003218651, 819517.236400000751019 ], [ 2787114.660199999809265, 819527.11600000038743 ], [ 2787120.279899999499321, 819537.331399999558926 ], [ 2787125.637500002980232, 819551.462600000202656 ], [ 2787135.590800002217293, 819568.231600001454353 ], [ 2787145.67509999871254, 819580.257500000298023 ], [ 2787158.176100000739098, 819589.465300001204014 ], [ 2787174.183300003409386, 819599.181000001728535 ], [ 2787234.820500001311302, 819629.630699999630451 ], [ 2787247.485299997031689, 819638.281399998813868 ], [ 2787254.931800000369549, 819644.703999999910593 ], [ 2787260.633400000631809, 819652.019400000572205 ], [ 2787263.197499997913837, 819660.03940000012517 ], [ 2787265.221000000834465, 819669.886199999600649 ], [ 2787263.615299999713898, 819681.772799998521805 ], [ 2787258.962300002574921, 819691.89809999987483 ], [ 2787252.392300002276897, 819698.337000001221895 ], [ 2787244.052799999713898, 819703.768300000578165 ], [ 2787232.002400003373623, 819707.258099999278784 ], [ 2787215.528300002217293, 819708.036299999803305 ], [ 2787198.914899997413158, 819703.473400000482798 ], [ 2787139.907899998128414, 819683.468499999493361 ], [ 2787021.828500002622604, 819643.442400000989437 ], [ 2786899.644799999892712, 819602.023600000888109 ], [ 2786878.697800002992153, 819625.510099999606609 ], [ 2786885.013899996876717, 819641.681099999696016 ], [ 2786895.876400001347065, 819649.9386 ], [ 2786915.864900000393391, 819662.349500000476837 ], [ 2786930.094400003552437, 819680.412900000810623 ], [ 2786937.852300003170967, 819705.652399998158216 ], [ 2786958.446900002658367, 819714.761900000274181 ], [ 2786993.484099999070168, 819728.336100000888109 ], [ 2787018.256700001657009, 819742.91780000180006 ], [ 2787045.781900003552437, 819764.962499998509884 ], [ 2787057.316200003027916, 819792.430300001055002 ], [ 2787049.632100000977516, 819814.63060000166297 ], [ 2787036.606799997389317, 819838.05970000103116 ], [ 2787046.379900000989437, 819869.353199999779463 ], [ 2787047.747900001704693, 819898.213599998503923 ], [ 2787034.632500000298023, 819931.522300001233816 ], [ 2787036.778899997472763, 819947.996399998664856 ], [ 2787026.661700002849102, 819990.922400001436472 ], [ 2786983.6537000015378, 820018.431200001388788 ], [ 2786930.504000000655651, 820038.968499999493361 ], [ 2786892.059000000357628, 820047.578299999237061 ], [ 2786841.661799997091293, 820046.840999998152256 ], [ 2786797.965700000524521, 820027.262200001627207 ], [ 2786752.115000002086163, 820006.724800001829863 ], [ 2786693.861699998378754, 820004.308200001716614 ], [ 2786615.374200001358986, 820010.878199998289347 ], [ 2786607.534400001168251, 820067.861699998378754 ], [ 2786611.868000000715256, 820079.805599998682737 ], [ 2786621.534599997103214, 820089.111800000071526 ], [ 2786635.7804000005126, 820102.81700000166893 ], [ 2786646.454599998891354, 820115.285199999809265 ], [ 2786656.891199998557568, 820127.474899999797344 ], [ 2786663.453000001609325, 820135.396600000560284 ], [ 2786672.349500000476837, 820146.128100000321865 ], [ 2786689.536399997770786, 820163.634399998933077 ], [ 2786712.261, 820182.451400000602007 ], [ 2786733.035899996757507, 820195.001600001007318 ], [ 2786750.681400001049042, 820206.183600001037121 ], [ 2786701.840700000524521, 820201.932000000029802 ], [ 2786665.591099999845028, 820195.501299999654293 ], [ 2786634.592600002884865, 820188.620000001043081 ], [ 2786605.5929000005126, 820179.289299998432398 ], [ 2786580.115800000727177, 820170.695900000631809 ], [ 2786563.150200001895428, 820181.4847999997437 ], [ 2786552.164700001478195, 820191.536299999803305 ], [ 2786542.252400003373623, 820196.500700000673532 ], [ 2786525.696400001645088, 820194.411800000816584 ], [ 2786519.265600003302097, 820193.600699998438358 ], [ 2786508.788099996745586, 820192.273600000888109 ], [ 2786480.001400001347065, 820188.644600000232458 ], [ 2786461.389200001955032, 820185.867499999701977 ], [ 2786431.086900003254414, 820192.371899999678135 ], [ 2786410.492299996316433, 820189.291700001806021 ], [ 2786392.707400001585484, 820181.755100000649691 ], [ 2786370.843000002205372, 820175.381700001657009 ], [ 2786292.437299996614456, 820160.873700000345707 ], [ 2786285.465999998152256, 820160.291999999433756 ], [ 2786278.822200000286102, 820161.709300000220537 ], [ 2786276.733300000429153, 820164.35530000180006 ], [ 2786275.840400002896786, 820167.87779999896884 ], [ 2786276.094300001859665, 820171.449599999934435 ], [ 2786278.437200002372265, 820174.292199999094009 ], [ 2786285.048199996352196, 820178.388199999928474 ], [ 2786373.300599999725819, 820216.562899999320507 ], [ 2786408.378700003027916, 820237.419700000435114 ], [ 2786469.130599997937679, 820262.569200001657009 ], [ 2786511.10639999806881, 820277.814500000327826 ], [ 2786580.902199998497963, 820300.178599998354912 ], [ 2786607.198600001633167, 820310.918400000780821 ], [ 2786613.113200001418591, 820316.69370000064373 ], [ 2786614.497599996626377, 820320.855200000107288 ], [ 2786610.581900000572205, 820327.687399998307228 ], [ 2786645.995899997651577, 820336.25620000064373 ], [ 2786687.406400002539158, 820338.222300000488758 ], [ 2786748.387699998915195, 820346.307799998670816 ], [ 2786790.68299999833107, 820350.796999998390675 ], [ 2786850.558300003409386, 820357.153999999165535 ], [ 2786910.76129999756813, 820367.156399998813868 ], [ 2786989.625699996948242, 820388.873399998992682 ], [ 2787007.156599998474121, 820391.724199999123812 ], [ 2787014.635899998247623, 820392.94480000063777 ], [ 2787020.771700002253056, 820393.952500000596046 ], [ 2787036.033399999141693, 820396.434599999338388 ], [ 2787017.699699997901917, 820478.567600000649691 ], [ 2787000.496500000357628, 820559.103199999779463 ], [ 2786987.700599998235703, 820619.142400000244379 ], [ 2786971.570500001311302, 820694.75450000166893 ], [ 2786962.8706, 820735.558899998664856 ], [ 2786954.981700003147125, 820772.594900000840425 ], [ 2786940.612999998033047, 820847.404199998825788 ], [ 2786921.247100003063679, 820874.855599999427795 ], [ 2786904.363399997353554, 820895.30290000140667 ], [ 2786887.152000002563, 820916.077799998223782 ], [ 2786862.469499997794628, 820940.39979999884963 ], [ 2786844.291400000452995, 820954.686700001358986 ], [ 2786829.136200003325939, 820966.057199999690056 ], [ 2786803.446099996566772, 820984.145100001245737 ], [ 2786773.840199999511242, 821001.880800001323223 ], [ 2786742.120800003409386, 821017.093299999833107 ], [ 2786699.522399999201298, 821033.141499999910593 ], [ 2786644.636, 821050.16440000012517 ], [ 2786589.4956, 821064.320199999958277 ], [ 2786528.588100001215935, 821080.999099999666214 ], [ 2786500.997500002384186, 821089.486000001430511 ], [ 2786482.745700001716614, 821103.518899999558926 ], [ 2786473.275700002908707, 821109.392599999904633 ], [ 2786464.780599996447563, 821116.257500000298023 ], [ 2786450.715000003576279, 821127.636199999600649 ], [ 2786418.856299996376038, 821139.588300000876188 ], [ 2786348.151100002229214, 821158.331599999219179 ], [ 2786334.13459999859333, 821170.80799999833107 ], [ 2786320.101700000464916, 821183.300799999386072 ], [ 2786297.983300000429153, 821202.978000000119209 ], [ 2786311.7212999984622, 821230.3310999982059 ], [ 2786319.356299996376038, 821255.922899998724461 ], [ 2786322.58389999717474, 821285.913800001144409 ], [ 2786325.90990000218153, 821316.904100000858307 ], [ 2786323.116400003433228, 821353.686200000345707 ], [ 2786314.866999998688698, 821402.854600001126528 ], [ 2786312.753499999642372, 821415.208099998533726 ], [ 2786306.822499997913837, 821449.843899998813868 ], [ 2786288.521600000560284, 821518.320799998939037 ], [ 2786272.14580000191927, 821583.856800001114607 ], [ 2786270.450000002980232, 821600.093400001525879 ], [ 2786271.965499997138977, 821620.024500001221895 ], [ 2786279.928199999034405, 821648.2787000015378 ], [ 2786298.417499996721745, 821694.571699999272823 ], [ 2786330.497400000691414, 821761.238200001418591 ], [ 2786369.122699998319149, 821846.058200001716614 ], [ 2786393.002300001680851, 821906.138300001621246 ], [ 2786422.673799999058247, 822000.444600000977516 ], [ 2786454.352200001478195, 822081.676500000059605 ], [ 2786445.111599996685982, 822088.901799999177456 ], [ 2786434.781499996781349, 822090.024099998176098 ], [ 2786417.8158999979496, 822088.647900000214577 ], [ 2786408.812899999320507, 822083.077300000935793 ], [ 2786400.096600003540516, 822077.678800001740456 ], [ 2786382.180699996650219, 822060.909800000488758 ], [ 2786367.762800000607967, 822045.246700000017881 ], [ 2786357.686599999666214, 822031.434999998658895 ], [ 2786354.663800001144409, 822015.386799998581409 ], [ 2786352.68129999935627, 821992.57209999859333 ], [ 2786345.23480000346899, 821966.030000001192093 ], [ 2786340.991300001740456, 821950.915800001472235 ], [ 2786317.504900000989437, 821907.645599998533726 ], [ 2786301.464900001883507, 821872.616700001060963 ], [ 2786275.709299996495247, 821820.982500001788139 ], [ 2786267.533699996769428, 821804.991700001060963 ], [ 2786254.967100001871586, 821790.40989999845624 ], [ 2786235.994499996304512, 821774.738600000739098 ], [ 2786220.044600002467632, 821760.763099998235703 ], [ 2786208.231799997389317, 821752.054999999701977 ], [ 2786192.462200000882149, 821739.963599998503923 ], [ 2786177.937799997627735, 821732.566199999302626 ], [ 2786162.086199998855591, 821727.249600000679493 ], [ 2786148.151600003242493, 821726.651599999517202 ], [ 2786132.677000001072884, 821728.929000001400709 ], [ 2786114.720100000500679, 821735.007399998605251 ], [ 2786063.479099996387959, 821754.889400001615286 ], [ 2786063.855999998748302, 821761.189100001007318 ], [ 2786084.884800001978874, 821787.985100001096725 ], [ 2786116.596100002527237, 821829.076200000941753 ], [ 2786128.400700002908707, 821852.521699998527765 ], [ 2786141.376900002360344, 821878.3429000005126 ], [ 2786149.216600000858307, 821901.067499998956919 ], [ 2786153.640299998223782, 821919.179999999701977 ], [ 2786156.032399997115135, 821937.308899998664856 ], [ 2786153.869699999690056, 821962.2043999992311 ], [ 2786150.314300000667572, 821996.225699998438358 ], [ 2786148.323700003325939, 822007.350499998778105 ], [ 2786143.408500000834465, 822027.642099998891354 ], [ 2786132.087099999189377, 822067.889400001615286 ], [ 2786085.114200003445148, 822051.0793999992311 ], [ 2786011.40259999781847, 822035.948800001293421 ], [ 2785985.827200002968311, 822031.639800000935793 ], [ 2785956.909400001168251, 822101.959899999201298 ], [ 2785948.307800002396107, 822129.108199998736382 ], [ 2785944.932700000703335, 822156.092599999159575 ], [ 2785945.416000001132488, 822165.595300000160933 ], [ 2785946.882399998605251, 822174.942400000989437 ], [ 2785949.315399996936321, 822184.109299998730421 ], [ 2785952.690499998629093, 822192.964800000190735 ], [ 2785956.98309999704361, 822201.410799998790026 ], [ 2785962.127700001001358, 822209.365200001746416 ], [ 2785968.075099997222424, 822216.738000001758337 ], [ 2785974.759800001978874, 822223.447200000286102 ], [ 2785982.1162, 822229.427400000393391 ], [ 2785990.054200001060963, 822234.604800000786781 ], [ 2786007.871799997985363, 822243.312800001353025 ], [ 2786017.350000001490116, 822247.163100000470877 ], [ 2786027.024700000882149, 822250.505399998277426 ], [ 2786036.855099998414516, 822253.339899998158216 ], [ 2786046.824799999594688, 822255.65819999948144 ], [ 2786056.901000000536442, 822257.452199999243021 ], [ 2786080.649599999189377, 822260.409600000828505 ], [ 2786086.515000000596046, 822261.056699998676777 ], [ 2786092.437899999320507, 822261.392599999904633 ], [ 2786098.344300001859665, 822261.433600001037121 ], [ 2786104.258900001645088, 822261.146800000220537 ], [ 2786110.148999996483326, 822260.557000000029802 ], [ 2786116.00620000064373, 822259.655900001525879 ], [ 2786121.798000000417233, 822258.451699998229742 ], [ 2786127.540600001811981, 822256.944299999624491 ], [ 2786178.593099996447563, 822238.971099998801947 ], [ 2786184.868199996650219, 822237.463799998164177 ], [ 2786191.274300001561642, 822236.611800000071526 ], [ 2786197.729599997401237, 822236.447999998927116 ], [ 2786204.168499998748302, 822236.955899998545647 ], [ 2786210.517300002276897, 822238.135499998927116 ], [ 2786216.710500001907349, 822239.96229999884963 ], [ 2786222.6743, 822242.436299998313189 ], [ 2786228.351300001144409, 822245.516499999910593 ], [ 2786233.676100000739098, 822249.170099999755621 ], [ 2786238.591300003230572, 822253.364399999380112 ], [ 2786242.244999997317791, 822257.157299999147654 ], [ 2786279.240000002086163, 822319.768800001591444 ], [ 2786283.36879999935627, 822325.331199999898672 ], [ 2786287.759700000286102, 822330.647799998521805 ], [ 2786292.420999996364117, 822335.726799998432398 ], [ 2786297.35249999910593, 822340.551899999380112 ], [ 2786302.521700002253056, 822345.114799998700619 ], [ 2786307.920199997723103, 822349.39919999986887 ], [ 2786313.539899997413158, 822353.388799998909235 ], [ 2786319.364399999380112, 822357.099700000137091 ], [ 2786325.369199998676777, 822360.482999999076128 ], [ 2786331.545999996364117, 822363.554999999701977 ], [ 2786337.870200000703335, 822366.291200000792742 ], [ 2786344.333700001239777, 822368.699599999934435 ], [ 2786350.969200000166893, 822370.7804000005126 ], [ 2786418.831699997186661, 822380.643500000238419 ], [ 2786482.139499999582767, 822389.843199998140335 ], [ 2786616.062299996614456, 822415.074499998241663 ], [ 2786648.207699999213219, 822421.136599998921156 ], [ 2786670.383500002324581, 822427.018399998545647 ], [ 2786691.150200001895428, 822435.333299998193979 ], [ 2786698.056000001728535, 822438.102200001478195 ], [ 2786750.222699999809265, 822462.719200000166893 ], [ 2786802.389300003647804, 822487.328000001609325 ], [ 2786836.132200002670288, 822504.277199998497963 ], [ 2786868.982100002467632, 822525.584600001573563 ], [ 2786896.376199997961521, 822547.514600001275539 ], [ 2786946.756999999284744, 822585.984200000762939 ], [ 2787026.28490000218153, 822665.495799999684095 ], [ 2787119.657300002872944, 822758.286499999463558 ], [ 2787217.592699997127056, 822856.656100001186132 ], [ 2787245.183300003409386, 822884.222199998795986 ], [ 2787299.529100000858307, 822933.767400000244379 ], [ 2787324.039499998092651, 822956.704999998211861 ], [ 2787409.703299999237061, 823020.225699998438358 ], [ 2787438.350699998438358, 823041.459399998188019 ], [ 2787445.48589999973774, 823046.432000000029802 ], [ 2787523.760499998927116, 823101.007100000977516 ], [ 2787556.241800002753735, 823123.657900001853704 ], [ 2787575.280000001192093, 823136.929000001400709 ], [ 2787617.067400000989437, 823165.953200001269579 ], [ 2787782.832500003278255, 823280.469200000166893 ], [ 2787914.223999999463558, 823373.939899999648333 ], [ 2787959.39469999819994, 823403.177200000733137 ], [ 2787968.332099996507168, 823408.960700001567602 ], [ 2788002.443599998950958, 823432.717500001192093 ], [ 2788064.358800001442432, 823481.681099999696016 ], [ 2788162.875699996948242, 823573.153000000864267 ], [ 2788280.881499998271465, 823672.603900000452995 ], [ 2788324.995399996638298, 823710.622900001704693 ], [ 2788392.915299996733665, 823776.068799998611212 ], [ 2788425.290100000798702, 823802.979499999433756 ], [ 2788451.946900002658367, 823818.970300000160933 ], [ 2788480.520499996840954, 823829.177600000053644 ], [ 2788502.704499997198582, 823835.21510000154376 ], [ 2788531.62219999730587, 823836.509399998933077 ], [ 2788554.641800001263618, 823835.944099999964237 ], [ 2788578.5050999969244, 823833.011399999260902 ], [ 2788697.485699996352196, 823794.705600000917912 ], [ 2788722.880900003015995, 823790.839000001549721 ], [ 2788776.563000001013279, 823799.252199999988079 ], [ 2788844.286300003528595, 823829.398699998855591 ], [ 2788936.749399997293949, 823908.484299998730421 ], [ 2788988.137800000607967, 823944.291499998420477 ], [ 2789035.81530000269413, 823973.561599999666214 ], [ 2789087.990099996328354, 824003.765500001609325 ], [ 2789112.410499997437, 824033.854699999094009 ], [ 2789129.818499997258186, 824072.447200000286102 ], [ 2789149.921599999070168, 824118.781100001186132 ], [ 2789164.216700002551079, 824178.910399999469519 ], [ 2789176.299900002777576, 824218.567899998277426 ], [ 2789177.733499996364117, 824252.9989 ], [ 2789177.545100003480911, 824313.545899998396635 ], [ 2789177.348499998450279, 824376.190200001001358 ], [ 2789182.468500003218651, 824406.033599998801947 ], [ 2789196.779899999499321, 824441.783500000834465 ], [ 2789225.1897, 824471.405799999833107 ], [ 2789257.507200002670288, 824503.239900000393391 ], [ 2789292.23309999704361, 824522.228900000452995 ], [ 2789323.903300002217293, 824530.4864999987185 ], [ 2789352.509800001978874, 824533.943500000983477 ], [ 2789396.984200000762939, 824531.99379999935627 ], [ 2789437.935999996960163, 824526.74269999936223 ], [ 2789469.376900002360344, 824531.698899999260902 ], [ 2789503.283600002527237, 824538.490100000053644 ], [ 2789645.578599996864796, 824602.510499998927116 ], [ 2789722.56700000166893, 824636.974300000816584 ], [ 2789782.270300000905991, 824662.033599998801947 ], [ 2789839.810900002717972, 824687.232200000435114 ], [ 2789861.257600001990795, 824689.468600001186132 ], [ 2789883.146600000560284, 824688.125100001692772 ], [ 2789941.285199999809265, 824683.594999998807907 ], [ 2789976.04389999806881, 824683.947200000286102 ], [ 2789996.728699997067451, 824688.682199999690056 ], [ 2790020.592000000178814, 824695.629000000655651 ], [ 2790037.320000000298023, 824701.764800000935793 ], [ 2790050.681199997663498, 824706.245799999684095 ], [ 2790103.634300000965595, 824727.971000000834465 ], [ 2790134.264200001955032, 824738.555100001394749 ], [ 2790154.48200000077486, 824744.666299998760223 ], [ 2790295.351700000464916, 824779.71169999986887 ], [ 2790352.490900002419949, 824790.656199999153614 ], [ 2790390.223200000822544, 824793.859299998730421 ], [ 2790414.962999999523163, 824798.028999999165535 ], [ 2790438.965599998831749, 824798.119100000709295 ], [ 2790464.016699999570847, 824794.752199999988079 ], [ 2790559.568199999630451, 824790.033599998801947 ], [ 2790614.987099997699261, 824785.8885000012815 ], [ 2790636.581200003623962, 824787.821800000965595 ], [ 2790700.208499997854233, 824794.58839999884367 ], [ 2790790.066500000655651, 824817.18189999833703 ], [ 2790894.375299997627735, 824849.44200000166893 ], [ 2790941.585799999535084, 824868.324599999934435 ], [ 2791195.718000002205372, 824965.121199999004602 ], [ 2791316.427100002765656, 825010.218199998140335 ], [ 2791333.982600003480911, 825016.673500001430511 ], [ 2791446.393200002610683, 825054.94649999961257 ], [ 2791476.171099998056889, 825064.768699999898672 ], [ 2791538.4221, 825089.598700001835823 ], [ 2791586.787699997425079, 825106.334899999201298 ], [ 2791616.909699998795986, 825114.682599999010563 ], [ 2791683.723600000143051, 825144.624299999326468 ], [ 2791786.377599999308586, 825191.032000001519918 ], [ 2791871.770999997854233, 825240.372400000691414 ], [ 2791926.378899998962879, 825269.691599998623133 ], [ 2791979.880800001323223, 825290.54839999973774 ], [ 2792036.553099997341633, 825308.00560000166297 ], [ 2792088.449400000274181, 825324.233899999409914 ], [ 2792141.009300000965595, 825336.079599998891354 ], [ 2792182.010200001299381, 825346.434300001710653 ], [ 2792292.954499997198582, 825373.730000000447035 ], [ 2792357.531999997794628, 825385.804999999701977 ], [ 2792418.627899996936321, 825395.324099998921156 ], [ 2792594.534800000488758, 825424.766199998557568 ], [ 2792714.006899997591972, 825439.921399999409914 ], [ 2792766.738799996674061, 825447.70380000025034 ], [ 2792844.97240000218153, 825460.630699999630451 ], [ 2792914.874700002372265, 825463.334100000560284 ], [ 2792975.831399999558926, 825470.403799999505281 ], [ 2792998.179200001060963, 825472.631999999284744 ], [ 2793038.320000000298023, 825478.48930000141263 ], [ 2793076.035899996757507, 825488.377000000327826 ], [ 2793091.543399997055531, 825492.972800001502037 ], [ 2793130.652000002563, 825512.396000001579523 ], [ 2793186.9966000020504, 825537.209600001573563 ], [ 2793250.1897, 825570.698499999940395 ], [ 2793279.541599996387959, 825582.265599999576807 ], [ 2793342.103900000452995, 825607.505100000649691 ], [ 2793394.491800002753735, 825631.220899999141693 ], [ 2793421.795699998736382, 825647.318199999630451 ], [ 2793481.744699999690056, 825659.786499999463558 ], [ 2793571.824000000953674, 825675.678899999707937 ], [ 2793580.572999998927116, 825678.038199998438358 ], [ 2793659.674999997019768, 825687.303399998694658 ], [ 2793705.558399997651577, 825693.480099998414516 ], [ 2793787.347300000488758, 825707.48030000180006 ], [ 2793805.353299997746944, 825709.929699998348951 ], [ 2793827.324299998581409, 825711.174899999052286 ], [ 2793844.134199999272823, 825714.484400000423193 ], [ 2793874.084200002253056, 825718.326499998569489 ], [ 2793888.493900001049042, 825720.0304000005126 ], [ 2793967.145300000905991, 825734.849700000137091 ], [ 2794015.510899998247623, 825742.5011 ], [ 2794023.1294, 825746.580699998885393 ], [ 2794035.728699997067451, 825747.662000000476837 ], [ 2794049.548600003123283, 825748.825300000607967 ], [ 2794093.465999998152256, 825753.289900001138449 ], [ 2794068.316500000655651, 825642.042599998414516 ], [ 2794060.099899999797344, 825600.386300001293421 ], [ 2794051.703100003302097, 825527.198899999260902 ], [ 2794052.465000003576279, 825491.031300000846386 ], [ 2794053.030199997127056, 825483.896000001579523 ], [ 2794066.309500001370907, 825452.938499998301268 ], [ 2794088.796499997377396, 825428.821199998259544 ], [ 2794136.727899998426437, 825395.586300000548363 ], [ 2794167.472499996423721, 825372.378299999982119 ], [ 2794213.929300002753735, 825299.035300001502037 ], [ 2794218.869099996984005, 825291.8918999992311 ], [ 2794256.183700002729893, 825224.258799999952316 ], [ 2794275.328400000929832, 825175.860399998724461 ], [ 2794304.688500002026558, 825104.1886 ], [ 2794313.200000002980232, 825083.200699999928474 ], [ 2794340.225400000810623, 825020.728500001132488 ], [ 2794351.997299998998642, 824992.1385000012815 ], [ 2794387.910999998450279, 824906.540199998766184 ], [ 2794402.025799997150898, 824872.617199998348951 ], [ 2794407.735699996352196, 824854.160599999129772 ], [ 2794436.948299996554852, 824790.582499999552965 ] ] ] ] } },
{ "type": "Feature", "properties": { "CVE_ENT": "09", "CVE_MUN": "009", "NOM_MUN": "Milpa Alta", "OID": 2114 }, "geometry": { "type": "MultiPolygon", "coordinates": [ [ [ [ 2814847.94709999859333, 806710.248599998652935 ], [ 2814849.905000001192093, 806597.969099998474121 ], [ 2814911.091099999845028, 806590.301399998366833 ], [ 2814932.04619999974966, 806585.107700001448393 ], [ 2814958.833999998867512, 806570.657000001519918 ], [ 2814976.012699998915195, 806547.473600000143051 ], [ 2814981.624200001358986, 806538.151099998503923 ], [ 2814961.938799999654293, 806467.331300001591444 ], [ 2814997.467500001192093, 806453.814500000327826 ], [ 2815028.359499998390675, 806444.918000001460314 ], [ 2815061.152099996805191, 806583.706799998879433 ], [ 2815062.553000003099442, 806589.990100000053644 ], [ 2815077.880199998617172, 806719.407299999147654 ], [ 2815169.196400001645088, 806713.926899999380112 ], [ 2815189.193099997937679, 806711.927999999374151 ], [ 2815211.770199999213219, 806713.779399998486042 ], [ 2815234.34740000218153, 806715.630800001323223 ], [ 2815248.683399997651577, 806658.671799998730421 ], [ 2815283.917199999094009, 806439.404699999839067 ], [ 2815437.853100001811981, 806431.925400000065565 ], [ 2815499.530599996447563, 806427.043000001460314 ], [ 2815518.691699996590614, 806516.655299998819828 ], [ 2815576.174999997019768, 806538.634399998933077 ], [ 2815827.636600002646446, 806316.319899998605251 ], [ 2815854.858599998056889, 806290.949299998581409 ], [ 2815887.225199997425079, 806260.794599998742342 ], [ 2815908.663699999451637, 806240.814300000667572 ], [ 2815931.617700003087521, 806219.433200001716614 ], [ 2815948.747100003063679, 806203.458799999207258 ], [ 2815972.1925999969244, 806181.610700000077486 ], [ 2815985.36540000140667, 806169.339099999517202 ], [ 2816000.463200002908707, 806155.2652000002563 ], [ 2816014.184799998998642, 806142.485700000077486 ], [ 2816036.524400003254414, 806121.669799998402596 ], [ 2816054.325599998235703, 806105.081000000238419 ], [ 2816074.707299999892712, 806086.083799999207258 ], [ 2816092.721500001847744, 806069.29839999973774 ], [ 2816102.494599997997284, 806061.008099999278784 ], [ 2816126.054799996316433, 806041.011399999260902 ], [ 2816170.488200001418591, 806003.303599998354912 ], [ 2816201.109899997711182, 805977.318599998950958 ], [ 2816227.275100000202656, 805955.118299998342991 ], [ 2816244.920699998736382, 805940.143300000578165 ], [ 2816332.443999998271465, 805865.874600000679493 ], [ 2816344.560000002384186, 805855.593699999153614 ], [ 2816358.134099997580051, 805844.075699999928474 ], [ 2816373.97749999910593, 805830.632599998265505 ], [ 2816382.677400000393391, 805823.251600001007318 ], [ 2816394.998099997639656, 805812.806800000369549 ], [ 2816412.815700002014637, 805797.684399999678135 ], [ 2816425.8574, 805786.616999998688698 ], [ 2816438.145400002598763, 805776.196800000965595 ], [ 2816455.233900003135204, 805761.688799999654293 ], [ 2816470.6266999989748, 805748.630699999630451 ], [ 2816491.295100003480911, 805731.099800001829863 ], [ 2816501.313900001347065, 805722.604699999094009 ], [ 2816512.610699996352196, 805713.003699999302626 ], [ 2816528.159100003540516, 805699.814599998295307 ], [ 2816547.213699996471405, 805683.635400000959635 ], [ 2816566.02250000089407, 805667.669199999421835 ], [ 2816582.619499996304512, 805653.587099999189377 ], [ 2816600.297899998724461, 805638.587600000202656 ], [ 2816652.865900002419949, 805593.982099998742342 ], [ 2816901.132700003683567, 805383.300299998372793 ], [ 2816927.666599996387959, 805385.413800001144409 ], [ 2817122.799999997019768, 805353.464999999850988 ], [ 2817225.634199999272823, 805336.949999999254942 ], [ 2817235.226999998092651, 805335.000300001353025 ], [ 2817300.762999996542931, 805317.985500000417233 ], [ 2817377.366400003433228, 805284.742300000041723 ], [ 2817408.938400000333786, 805256.127700001001358 ], [ 2817460.048299998044968, 805183.562899999320507 ], [ 2817506.333099998533726, 805135.336599998176098 ], [ 2817529.08219999819994, 805115.3564000017941 ], [ 2817556.484499998390675, 805096.695000000298023 ], [ 2817585.852799996733665, 805076.460700001567602 ], [ 2817607.24210000038147, 805058.798799999058247 ], [ 2817628.05799999833107, 805047.690400000661612 ], [ 2817658.57320000231266, 805033.157800000160933 ], [ 2817769.181599996984005, 804987.454700000584126 ], [ 2817786.179999999701977, 804979.401900000870228 ], [ 2817822.8800999969244, 804954.85869999974966 ], [ 2817851.347300000488758, 804936.582299999892712 ], [ 2817872.048500001430511, 804926.424300000071526 ], [ 2817920.545199997723103, 804908.205200001597404 ], [ 2817936.765299998223782, 804899.767499998211861 ], [ 2818101.424500003457069, 804739.261599998921156 ], [ 2818102.866300001740456, 804734.600400000810623 ], [ 2818082.222499996423721, 804586.882199998944998 ], [ 2818043.883900001645088, 804552.598700001835823 ], [ 2818069.991800002753735, 804521.69029999896884 ], [ 2818072.473999999463558, 804475.143399998545647 ], [ 2818066.903399996459484, 804434.510999999940395 ], [ 2818037.870999999344349, 804420.068500000983477 ], [ 2817828.704700000584126, 804222.575800001621246 ], [ 2818024.681900002062321, 804088.882399998605251 ], [ 2818035.233199998736382, 804040.311999998986721 ], [ 2818102.94820000231266, 803734.766800001263618 ], [ 2818112.680299997329712, 803515.720899999141693 ], [ 2818056.769900001585484, 802611.381400000303984 ], [ 2818197.557599999010563, 802314.642599999904633 ], [ 2818904.084899999201298, 801461.200100000947714 ], [ 2819258.995099999010563, 801189.045400001108646 ], [ 2819295.089000001549721, 801203.938499998301268 ], [ 2819322.226300001144409, 801146.044300001114607 ], [ 2819433.460100002586842, 800908.739799998700619 ], [ 2819406.672600001096725, 800834.940799999982119 ], [ 2819398.889899998903275, 800813.499600000679493 ], [ 2819510.702500000596046, 800744.604899998754263 ], [ 2819552.432499997317791, 800718.881999999284744 ], [ 2819576.426899999380112, 800674.66160000115633 ], [ 2819564.638599999248981, 800629.531800001859665 ], [ 2819541.152099996805191, 800539.608300000429153 ], [ 2819521.56700000166893, 800464.63459999859333 ], [ 2819502.027099996805191, 800389.83390000090003 ], [ 2819434.581799998879433, 800367.356800001114607 ], [ 2819311.193000003695488, 800326.235800001770258 ], [ 2819192.574400000274181, 800286.704599998891354 ], [ 2819130.690800003707409, 800266.081000000238419 ], [ 2819056.904700003564358, 800241.490800000727177 ], [ 2819005.122000001370907, 800224.233500000089407 ], [ 2818949.458700001239777, 800205.68299999833107 ], [ 2818885.488399997353554, 800184.364000000059605 ], [ 2818788.831399999558926, 800152.151799999177456 ], [ 2818681.483599998056889, 800116.3766999989748 ], [ 2818529.276399999856949, 800065.651599999517202 ], [ 2818400.465999998152256, 800022.723799999803305 ], [ 2818334.119199998676777, 800000.612900000065565 ], [ 2818095.32150000333786, 799921.030299998819828 ], [ 2818189.112800002098083, 799814.477899998426437 ], [ 2818289.527000002563, 799700.401500001549721 ], [ 2818344.94820000231266, 799637.439800001680851 ], [ 2818392.265699997544289, 799583.684300001710653 ], [ 2818439.360699996352196, 799530.181600000709295 ], [ 2818506.686099998652935, 799453.695999998599291 ], [ 2818555.93639999628067, 799397.744699999690056 ], [ 2818619.6908999979496, 799325.315900001674891 ], [ 2818719.085199996829033, 799212.39809999987483 ], [ 2818749.976999998092651, 799177.303199999034405 ], [ 2818767.756700001657009, 799157.104499999433756 ], [ 2818785.931000001728535, 799136.457400001585484 ], [ 2818805.881399996578693, 799113.792599998414516 ], [ 2818825.348499998450279, 799091.67680000141263 ], [ 2818888.880500003695488, 799019.500700000673532 ], [ 2819048.296800002455711, 798758.814899999648333 ], [ 2819521.204599998891354, 798200.824999999254942 ], [ 2818693.132700003683567, 797779.494100000709295 ], [ 2818293.567900002002716, 797550.25730000063777 ], [ 2818442.555799998342991, 797171.7787000015378 ], [ 2818497.352099999785423, 797105.013900000602007 ], [ 2818590.380400002002716, 796901.295299999415874 ], [ 2818740.801899999380112, 796654.42119999974966 ], [ 2818881.8108000010252, 796365.72690000012517 ], [ 2819146.494300000369549, 795577.525400001555681 ], [ 2819282.817400000989437, 795198.522599998861551 ], [ 2819273.67509999871254, 794894.370000001043081 ], [ 2819234.87780000269413, 794666.997000001370907 ], [ 2819177.95160000026226, 794230.531300000846386 ], [ 2819181.506899997591972, 794112.083099998533726 ], [ 2819213.922700002789497, 793973.769400000572205 ], [ 2819212.851899996399879, 793968.034600000828505 ], [ 2819188.773199997842312, 793839.076499998569489 ], [ 2819161.985399998724461, 793722.635400000959635 ], [ 2819161.840700000524521, 793350.661299999803305 ], [ 2819161.780599996447563, 793196.111000001430511 ], [ 2819067.735200002789497, 792760.000199999660254 ], [ 2819050.097800001502037, 792678.211300000548363 ], [ 2819014.149999998509884, 792511.512600000947714 ], [ 2818953.752999998629093, 792231.4375 ], [ 2818931.007799997925758, 792187.690099999308586 ], [ 2818749.354400001466274, 791838.303399998694658 ], [ 2818550.887999996542931, 791275.242300000041723 ], [ 2818506.117499999701977, 791148.225699998438358 ], [ 2818243.563900001347065, 790842.229899998754263 ], [ 2817923.871100001037121, 790623.151299998164177 ], [ 2817683.796400003135204, 790434.178199999034405 ], [ 2817609.428599998354912, 790355.691500000655651 ], [ 2817139.495300002396107, 789859.730599999427795 ], [ 2816778.868199996650219, 790200.3141999989748 ], [ 2816646.762900002300739, 790325.077199999243021 ], [ 2811866.56700000166893, 790954.820799998939037 ], [ 2811742.344300001859665, 790862.536899998784065 ], [ 2810396.488099999725819, 789862.712499998509884 ], [ 2809837.907799996435642, 788840.195500001311302 ], [ 2809036.149099998176098, 787372.524700000882149 ], [ 2808717.308300003409386, 786788.861099999397993 ], [ 2808476.275100000202656, 786837.161100000143051 ], [ 2807290.515799999237061, 787074.778299998492002 ], [ 2804106.48200000077486, 787712.836800001561642 ], [ 2804008.398100003600121, 787732.491900000721216 ], [ 2803937.241700001060963, 787746.750999998301268 ], [ 2801796.264300003647804, 788175.783100001513958 ], [ 2800710.619499996304512, 791111.247000001370907 ], [ 2800692.146499998867512, 791161.185499999672174 ], [ 2800576.262500002980232, 791167.919300001114607 ], [ 2799467.540799997746944, 792383.300799999386072 ], [ 2798616.547700002789497, 793277.891800001263618 ], [ 2798474.137999996542931, 793423.709399998188019 ], [ 2798167.281999997794628, 793737.938099998980761 ], [ 2798158.729599997401237, 793746.687199998646975 ], [ 2798127.550800003111362, 793778.603199999779463 ], [ 2797973.336400002241135, 793936.520399998873472 ], [ 2797832.303000003099442, 794080.937100000679493 ], [ 2797700.911499999463558, 794215.474399998784065 ], [ 2797788.369300000369549, 794424.50959999859333 ], [ 2797835.186499997973442, 794536.404199998825788 ], [ 2797910.004100002348423, 794715.243700001388788 ], [ 2797985.976700000464916, 794896.827599998563528 ], [ 2798062.416199997067451, 795079.525600001215935 ], [ 2798134.595899999141693, 795252.057300001382828 ], [ 2798211.838299997150898, 795436.696800000965595 ], [ 2798292.193599998950958, 795628.758200000971556 ], [ 2798369.632600001990795, 795813.8564000017941 ], [ 2798451.683700002729893, 796009.972899999469519 ], [ 2798527.271300002932549, 796190.64750000089407 ], [ 2798531.096900001168251, 796199.781599998474121 ], [ 2798590.218599997460842, 796385.88740000128746 ], [ 2798630.38400000333786, 796512.273600000888109 ], [ 2798648.193400003015995, 796565.349599998444319 ], [ 2798710.763899996876717, 796751.799499999731779 ], [ 2798772.629900000989437, 796936.144099999219179 ], [ 2798779.486599996685982, 796956.583099998533726 ], [ 2798787.113300003111362, 797148.562600001692772 ], [ 2798795.370899997651577, 797356.467399999499321 ], [ 2798803.702100001275539, 797566.256299998611212 ], [ 2798812.393799997866154, 797785.09739999845624 ], [ 2798817.419699996709824, 797911.520500000566244 ], [ 2798831.907200001180172, 797983.835299998521805 ], [ 2798862.815600000321865, 798128.448699999600649 ], [ 2798899.581299997866154, 798300.439699999988079 ], [ 2799022.51860000193119, 798875.559099998325109 ], [ 2799031.824699997901917, 798919.107799999415874 ], [ 2799040.360799998044968, 798959.199400000274181 ], [ 2799042.892099998891354, 798971.102400001138449 ], [ 2799061.848399996757507, 798970.594500001519918 ], [ 2799137.829199999570847, 798968.587499998509884 ], [ 2799144.522100001573563, 798968.186000000685453 ], [ 2799190.790500000119209, 798965.441700000315905 ], [ 2799256.19539999961853, 798956.315799999982119 ], [ 2799275.733400002121925, 798951.22859999909997 ], [ 2799279.157600000500679, 798950.343899998813868 ], [ 2799295.271300002932549, 798946.149599999189377 ], [ 2799337.886100001633167, 798936.302799999713898 ], [ 2799369.031999997794628, 798922.228900000452995 ], [ 2799415.013700000941753, 798894.490800000727177 ], [ 2799480.697200000286102, 798858.42960000038147 ], [ 2799537.51690000295639, 798828.045499999076128 ], [ 2799549.993299998342991, 798821.188799999654293 ], [ 2799582.990699999034405, 798799.922400001436472 ], [ 2799611.285899996757507, 798771.061900001019239 ], [ 2799625.711999997496605, 798755.767499998211861 ], [ 2799640.146300002932549, 798740.473000001162291 ], [ 2799658.873199999332428, 798721.639600001275539 ], [ 2799670.5304000005126, 798709.916900001466274 ], [ 2799695.442299999296665, 798677.746899999678135 ], [ 2799706.763599999248981, 798656.128199998289347 ], [ 2799718.08500000089407, 798634.517700001597404 ], [ 2799737.893200002610683, 798599.038100000470877 ], [ 2799750.926700003445148, 798565.672100000083447 ], [ 2799761.306000001728535, 798541.939899999648333 ], [ 2799771.685199998319149, 798518.199499998241663 ], [ 2799796.998499996960163, 798460.978399999439716 ], [ 2799822.639499999582767, 798414.972100000828505 ], [ 2799842.3904, 798383.662300001829863 ], [ 2799849.68129999935627, 798372.103399999439716 ], [ 2799861.060000002384186, 798357.80009999871254 ], [ 2799872.454999998211861, 798343.488699998706579 ], [ 2799904.698700003325939, 798297.711800001561642 ], [ 2799923.286399997770786, 798271.579300001263618 ], [ 2799946.920299999415874, 798238.352600000798702 ], [ 2799978.008900001645088, 798173.136100001633167 ], [ 2799995.040100000798702, 798126.900400001555681 ], [ 2800026.218900002539158, 798096.229600001126528 ], [ 2800041.120099999010563, 798086.268100000917912 ], [ 2800061.526399999856949, 798072.620200000703335 ], [ 2800067.072400003671646, 798068.917399998754263 ], [ 2800093.212999999523163, 798052.738200001418591 ], [ 2800130.076999999582767, 798035.789000000804663 ], [ 2800180.629900000989437, 798014.293200001120567 ], [ 2800224.538999997079372, 798003.561700001358986 ], [ 2800304.902500003576279, 797967.320300001651049 ], [ 2800364.401000000536442, 797941.425299998372793 ], [ 2800577.892700001597404, 797846.578400000929832 ], [ 2800752.964000001549721, 797768.795299999415874 ], [ 2800873.230700001120567, 797715.36710000038147 ], [ 2800911.937899999320507, 797793.322200000286102 ], [ 2800991.719800002872944, 797953.959100000560284 ], [ 2801078.038900002837181, 798127.350999999791384 ], [ 2801091.326300002634525, 798154.048700001090765 ], [ 2801125.691799998283386, 798223.574200000613928 ], [ 2801268.863300003111362, 798513.194200001657009 ], [ 2801498.181999996304512, 798977.090700000524521 ], [ 2801651.757399998605251, 799287.747800000011921 ], [ 2801740.984700001776218, 799468.258499998599291 ], [ 2801793.462600000202656, 799574.410399999469519 ], [ 2801810.895199999213219, 799609.677000001072884 ], [ 2801827.688799999654293, 799643.64919999986887 ], [ 2801840.869699999690056, 799670.3141999989748 ], [ 2802055.139700002968311, 800103.777499999850988 ], [ 2802068.549999997019768, 800130.909400001168251 ], [ 2802212.1721, 800421.446800000965595 ], [ 2802260.169100001454353, 800518.448300000280142 ], [ 2802353.648000001907349, 800707.232999999076128 ], [ 2802396.680600002408028, 800794.150100000202656 ], [ 2802402.029899999499321, 800804.963500000536442 ], [ 2802472.620399996638298, 800947.537099998444319 ], [ 2802508.026199996471405, 801019.053199999034405 ], [ 2802526.261600002646446, 801055.884500000625849 ], [ 2802540.11429999768734, 801083.860199999064207 ], [ 2802602.74210000038147, 801210.352800000458956 ], [ 2802620.436800003051758, 801246.078099999576807 ], [ 2802677.019000001251698, 801360.372900001704693 ], [ 2802704.38849999755621, 801415.652499999850988 ], [ 2802709.311899997293949, 801425.589400000870228 ], [ 2802788.10249999910593, 801584.727200001478195 ], [ 2802832.109899997711182, 801674.077399998903275 ], [ 2802864.484700001776218, 801739.793600000441074 ], [ 2802897.760600000619888, 801807.033500000834465 ], [ 2802899.054999999701977, 801809.663199998438358 ], [ 2802965.123400002717972, 801942.8733000010252 ], [ 2802983.113099999725819, 801978.664099998772144 ], [ 2802989.445500001311302, 801991.492800001055002 ], [ 2803092.861299999058247, 802200.913100000470877 ], [ 2803104.86259999871254, 802225.202399998903275 ], [ 2803155.554700002074242, 802327.70890000090003 ], [ 2803195.163000002503395, 802407.785700000822544 ], [ 2803222.819200001657009, 802463.696100000292063 ], [ 2803242.029399998486042, 802502.542500000447035 ], [ 2803249.861000001430511, 802518.385899998247623 ], [ 2803265.515900000929832, 802550.023400001227856 ], [ 2803275.846000000834465, 802570.929299999028444 ], [ 2803288.543600000441074, 802596.594900000840425 ], [ 2803300.299099996685982, 802620.368099998682737 ], [ 2803311.718800000846386, 802643.461300000548363 ], [ 2803318.509900003671646, 802657.182900000363588 ], [ 2803324.744000002741814, 802669.798599999397993 ], [ 2803345.338699996471405, 802711.430300001055002 ], [ 2803364.344200000166893, 802749.859000001102686 ], [ 2803384.340800002217293, 802790.286499999463558 ], [ 2803399.233900003135204, 802820.400299999862909 ], [ 2803405.992299996316433, 802834.072799999266863 ], [ 2803425.137000001966953, 802872.780000001192093 ], [ 2803439.120800003409386, 802901.050599999725819 ], [ 2803443.872100003063679, 802910.668000001460314 ], [ 2803446.165899999439716, 802915.312800001353025 ], [ 2803463.614799998700619, 802950.603999998420477 ], [ 2803494.465899996459484, 803012.961500000208616 ], [ 2803515.355499997735023, 803055.215799998492002 ], [ 2803538.104699999094009, 803101.205699998885393 ], [ 2803556.593999996781349, 803138.585799999535084 ], [ 2803562.508699998259544, 803150.5625 ], [ 2803565.793600000441074, 803156.214999999850988 ], [ 2803590.754699997603893, 803199.223000001162291 ], [ 2803609.022799998521805, 803230.704799998551607 ], [ 2803622.097300000488758, 803263.407299999147654 ], [ 2803676.647799998521805, 803262.735599998384714 ], [ 2803681.538400001823902, 803267.740899998694658 ], [ 2803681.6941, 803278.865600001066923 ], [ 2803672.895900003612041, 803280.331999998539686 ], [ 2803664.458099998533726, 803283.084499999880791 ], [ 2803654.898000001907349, 803288.065200001001358 ], [ 2803647.025499999523163, 803299.738800000399351 ], [ 2803641.086300000548363, 803312.460999999195337 ], [ 2803638.636900000274181, 803325.330600000917912 ], [ 2803642.757500000298023, 803336.537300001829863 ], [ 2803653.415299996733665, 803346.71169999986887 ], [ 2803711.3081, 803383.6739999987185 ], [ 2803877.630300000309944, 803487.294700000435114 ], [ 2803896.586599998176098, 803501.94200000166893 ], [ 2803915.739500001072884, 803525.346500001847744 ], [ 2803923.398999996483326, 803543.827599998563528 ], [ 2803924.832599997520447, 803566.388399999588728 ], [ 2803925.88120000064373, 803587.630300000309944 ], [ 2803928.142200000584126, 803633.784000001847744 ], [ 2803929.29730000346899, 803657.401500001549721 ], [ 2803933.016400001943111, 803704.374499998986721 ], [ 2803938.177400000393391, 803746.620600000023842 ], [ 2803939.791199997067451, 803778.790600001811981 ], [ 2803942.453599996864796, 803832.013999998569489 ], [ 2803944.37049999833107, 803876.553899999707937 ], [ 2803944.304999999701977, 803897.287900000810623 ], [ 2803944.2804000005126, 803904.6689000017941 ], [ 2803944.231299996376038, 803918.021800000220537 ], [ 2803945.0669, 803942.63060000166297 ], [ 2803946.737999998033047, 803965.977800000458956 ], [ 2803950.719300001859665, 803976.807599999010563 ], [ 2803955.47070000320673, 803986.465999998152256 ], [ 2803961.688400000333786, 803995.460799999535084 ], [ 2803972.403599999845028, 804012.590300001204014 ], [ 2804016.378200002014637, 804071.777499999850988 ], [ 2804042.756499998271465, 804103.095499999821186 ], [ 2804046.655900001525879, 804107.117800001055002 ], [ 2804053.619099996984005, 804114.310300000011921 ], [ 2804063.031700000166893, 804122.633400000631809 ], [ 2804075.69650000333786, 804127.433899998664856 ], [ 2804092.358999997377396, 804132.406500000506639 ], [ 2804107.620700001716614, 804137.550999999046326 ], [ 2804113.666400000452995, 804142.548200000077486 ], [ 2804120.244599997997284, 804151.0760000012815 ], [ 2804124.340599998831749, 804158.17850000038743 ], [ 2804127.347099997103214, 804167.419100001454353 ], [ 2804128.453000001609325, 804181.54619999974966 ], [ 2804131.008900001645088, 804229.334199998527765 ], [ 2804131.197300001978874, 804250.37950000166893 ], [ 2804135.8175999969244, 804262.405299998819828 ], [ 2804141.994400002062321, 804273.997000001370907 ], [ 2804150.874499998986721, 804287.571100000292063 ], [ 2804194.9966000020504, 804347.249899998307228 ], [ 2804207.178099997341633, 804356.65430000051856 ], [ 2804214.296899996697903, 804360.807599999010563 ], [ 2804220.35080000013113, 804362.92119999974966 ], [ 2804227.682700000703335, 804365.42790000140667 ], [ 2804235.645300000905991, 804368.360599998384714 ], [ 2804245.066100001335144, 804369.409200001507998 ], [ 2804253.86429999768734, 804370.244800001382828 ], [ 2804265.177500002086163, 804370.662599999457598 ], [ 2804294.07880000025034, 804370.662599999457598 ], [ 2804303.090000003576279, 804371.703000001609325 ], [ 2804310.20889999717474, 804372.964499998837709 ], [ 2804318.589299999177456, 804374.643899999558926 ], [ 2804328.993100002408028, 804379.403499998152256 ], [ 2804432.089500002563, 804417.668299999088049 ], [ 2804448.080200001597404, 804423.197900000959635 ], [ 2804460.327299997210503, 804426.908900000154972 ], [ 2804470.395300000905991, 804428.145899999886751 ], [ 2804482.175300002098083, 804427.064500000327826 ], [ 2804496.273800000548363, 804424.426699999719858 ], [ 2804510.224799998104572, 804421.797100000083447 ], [ 2804524.421499997377396, 804418.405600000172853 ], [ 2804541.862300001084805, 804414.456999998539686 ], [ 2804555.903300002217293, 804412.155099999159575 ], [ 2804567.994699999690056, 804412.499099999666214 ], [ 2804576.137599997222424, 804414.170299999415874 ], [ 2804585.009499996900558, 804419.208399999886751 ], [ 2804593.561999998986721, 804428.63740000128746 ], [ 2804626.31360000371933, 804495.033500000834465 ], [ 2804636.750200003385544, 804514.866399999707937 ], [ 2804643.47580000013113, 804531.324099998921156 ], [ 2804646.261100001633167, 804548.600999999791384 ], [ 2804647.596400000154972, 804586.390700001269579 ], [ 2804653.101400002837181, 804693.877999998629093 ], [ 2804655.051100000739098, 804702.405799999833107 ], [ 2804658.074000000953674, 804710.155499998480082 ], [ 2804662.710600003600121, 804717.159600000828505 ], [ 2804669.436300002038479, 804725.843100000172853 ], [ 2804678.824299998581409, 804733.994199998676777 ], [ 2804687.974799998104572, 804740.81810000166297 ], [ 2804697.690499998629093, 804746.061000000685453 ], [ 2804705.620300002396107, 804747.822299998253584 ], [ 2804714.910099998116493, 804748.01069999858737 ], [ 2804730.638700000941753, 804740.424899999052286 ], [ 2804740.27250000089407, 804735.059099998325109 ], [ 2804761.08839999884367, 804717.184200000017881 ], [ 2804795.584899999201298, 804692.550799999386072 ], [ 2804810.084700003266335, 804688.413899999111891 ], [ 2804826.247500002384186, 804683.859099999070168 ], [ 2804848.144799999892712, 804680.492199998348951 ], [ 2804874.539399996399879, 804679.78770000115037 ], [ 2804930.55629999935627, 804680.524999998509884 ], [ 2805001.244999997317791, 804685.006000000983477 ], [ 2805079.847300000488758, 804697.556200001388788 ], [ 2805087.343000002205372, 804698.072299998253584 ], [ 2805103.423900000751019, 804699.399399999529123 ], [ 2805282.664800003170967, 804741.9239999987185 ], [ 2805354.197400003671646, 804758.889699999243021 ], [ 2805366.64919999986887, 804761.846999999135733 ], [ 2805566.558600001037121, 804809.2787000015378 ], [ 2805765.28830000013113, 804856.423599999397993 ], [ 2805832.053099997341633, 804872.2668999992311 ], [ 2805908.640100002288818, 804890.436799999326468 ], [ 2805963.6985, 804903.781599998474121 ], [ 2806020.379000000655651, 804917.511399999260902 ], [ 2806084.505999997258186, 804933.059799998998642 ], [ 2806132.109700001776218, 804944.585900001227856 ], [ 2806188.487000003457069, 804958.119100000709295 ], [ 2806291.173699997365475, 804982.752399999648333 ], [ 2806347.272600002586842, 804996.220100000500679 ], [ 2806360.895900003612041, 804999.480500001460314 ], [ 2806421.033299997448921, 805013.914799999445677 ], [ 2806463.516999997198582, 805024.113899998366833 ], [ 2806564.508000001311302, 805048.345800001174212 ], [ 2806665.072999998927116, 805072.479400001466274 ], [ 2806895.104400001466274, 805127.685300000011921 ], [ 2807028.658500000834465, 805159.732400000095367 ], [ 2807158.395300000905991, 805190.870200000703335 ], [ 2807366.422899998724461, 805240.784099999815226 ], [ 2807502.098800003528595, 805273.339099999517202 ], [ 2807548.686700001358986, 805284.521200001239777 ], [ 2807654.83049999922514, 805309.9983000010252 ], [ 2807707.529600001871586, 805322.646699998527765 ], [ 2807861.35080000013113, 805359.551699999719858 ], [ 2807978.512800000607967, 805387.666600000113249 ], [ 2808256.639300003647804, 805454.292199999094009 ], [ 2808296.943999998271465, 805463.950500000268221 ], [ 2808397.975900001823902, 805488.157900001853704 ], [ 2808505.086300000548363, 805513.815200001001358 ], [ 2808656.138599999248981, 805550.007500000298023 ], [ 2808694.034800000488758, 805559.084199998527765 ], [ 2808732.602700002491474, 805568.324799999594688 ], [ 2808956.449100002646446, 805622.064300000667572 ], [ 2809033.863499999046326, 805640.643800001591444 ], [ 2809111.400799997150898, 805659.264199998229742 ], [ 2809446.576499998569489, 805739.725999999791384 ], [ 2809538.2368, 805761.737900000065565 ], [ 2809579.819399997591972, 805771.715799998492002 ], [ 2809707.602300003170967, 805802.390700001269579 ], [ 2809833.35360000282526, 805832.582299999892712 ], [ 2810085.495200000703335, 805893.113000001758337 ], [ 2810110.25959999859333, 805899.060400001704693 ], [ 2810143.379799999296665, 805907.014800000935793 ], [ 2810174.607699997723103, 805914.518699999898672 ], [ 2810214.519199997186661, 805924.103399999439716 ], [ 2810283.585900001227856, 805940.692200001329184 ], [ 2810390.0, 805966.251200001686811 ], [ 2810605.547899998724461, 806018.049199998378754 ], [ 2810651.84910000115633, 806029.1739999987185 ], [ 2810720.41610000282526, 806045.639899998903275 ], [ 2810742.124899998307228, 806050.858199998736382 ], [ 2810774.770000003278255, 806058.689699999988079 ], [ 2810788.884900003671646, 806062.081199999898672 ], [ 2810840.789399996399879, 806074.533100001513958 ], [ 2810901.082500003278255, 806089.000100001692772 ], [ 2811020.874099999666214, 806117.745900001376867 ], [ 2811144.753499999642372, 806147.474599998444319 ], [ 2811424.600400000810623, 806214.632599998265505 ], [ 2811834.716499999165535, 806261.548200000077486 ], [ 2811933.733199998736382, 806272.869600001722574 ], [ 2811966.140799999237061, 806276.572399999946356 ], [ 2812176.912799999117851, 806300.656800001859665 ], [ 2812207.460699997842312, 806304.146600000560284 ], [ 2812309.3445999994874, 806315.795699998736382 ], [ 2812366.672200001776218, 806322.349300000816584 ], [ 2812492.5669, 806336.742600001394749 ], [ 2812530.577799998223782, 806341.092500001192093 ], [ 2812679.21339999884367, 806358.082800000905991 ], [ 2812722.565499998629093, 806363.047100000083447 ], [ 2812754.604400001466274, 806366.725299999117851 ], [ 2812892.795299999415874, 806382.58500000089407 ], [ 2812922.3684, 806385.976500000804663 ], [ 2812992.352600000798702, 806394.004700001329184 ], [ 2813003.034999996423721, 806395.233500000089407 ], [ 2813207.245200000703335, 806418.670800000429153 ], [ 2813257.912699997425079, 806424.487100001424551 ], [ 2813276.680600002408028, 806426.641600001603365 ], [ 2813322.105200000107288, 806431.859900001436472 ], [ 2813369.790799997746944, 806437.33219999819994 ], [ 2813490.983300000429153, 806451.242199998348951 ], [ 2813653.324199996888638, 806469.879000000655651 ], [ 2813691.531599998474121, 806474.351799998432398 ], [ 2813793.063299998641014, 806486.213799998164177 ], [ 2813835.694499999284744, 806491.194600000977516 ], [ 2813977.153899997472763, 806507.725999999791384 ], [ 2813983.576399996876717, 806508.471500001847744 ], [ 2814071.73870000243187, 806518.768800001591444 ], [ 2814119.252300001680851, 806524.322999998927116 ], [ 2814159.770000003278255, 806529.05799999833107 ], [ 2814168.592799998819828, 806530.081999998539686 ], [ 2814268.158299997448921, 806541.714600000530481 ], [ 2814360.121699996292591, 806552.462499998509884 ], [ 2814410.1503000035882, 806558.311599999666214 ], [ 2814428.377499997615814, 806560.441500000655651 ], [ 2814563.17679999768734, 806576.186599999666214 ], [ 2814600.810900002717972, 806577.824999999254942 ], [ 2814609.674599997699261, 806617.760999999940395 ], [ 2814657.933700002729893, 806604.973299998790026 ], [ 2814702.014799997210503, 806731.596999999135733 ], [ 2814775.521700002253056, 806714.950899999588728 ], [ 2814847.94709999859333, 806710.248599998652935 ] ] ] ] } },
{ "type": "Feature", "properties": { "CVE_ENT": "09", "CVE_MUN": "008", "NOM_MUN": "La Magdalena Contreras", "OID": 2115 }, "geometry": { "type": "MultiPolygon", "coordinates": [ [ [ [ 2792517.423500001430511, 818323.006700001657009 ], [ 2792478.781800001859665, 818260.092099998146296 ], [ 2792469.524800002574921, 818238.350499998778105 ], [ 2792631.996799997985363, 818305.025199998170137 ], [ 2792684.401000000536442, 818264.286400001496077 ], [ 2792696.721799999475479, 818254.505199998617172 ], [ 2792677.462399996817112, 818241.758400000631809 ], [ 2792626.270599998533726, 818193.278200000524521 ], [ 2792612.540799997746944, 818180.015299998223782 ], [ 2792534.741400003433228, 818100.987100001424551 ], [ 2792495.059299997985363, 818047.403200000524521 ], [ 2792461.324600003659725, 817999.512800000607967 ], [ 2792416.940399996936321, 817931.568300001323223 ], [ 2792361.931100003421307, 817811.686599999666214 ], [ 2792328.319300003349781, 817733.493999999016523 ], [ 2792311.181699998676777, 817686.791400000452995 ], [ 2792229.105999998748302, 817505.748199999332428 ], [ 2792177.185099996626377, 817391.215799998492002 ], [ 2792146.735500000417233, 817323.787500001490116 ], [ 2792128.868699997663498, 817291.371700000017881 ], [ 2792095.035800002515316, 817232.102600000798702 ], [ 2792088.924500003457069, 817220.551899999380112 ], [ 2792079.372599996626377, 817206.166700001806021 ], [ 2792037.724500000476837, 817154.688200000673532 ], [ 2791996.076399996876717, 817103.201499998569489 ], [ 2791958.9912, 817070.998700000345707 ], [ 2791921.906000003218651, 817038.796000000089407 ], [ 2791752.331600002944469, 816911.017200000584126 ], [ 2791589.187899999320507, 816788.071600001305342 ], [ 2791517.89299999922514, 816735.003899998962879 ], [ 2791422.128499999642372, 816660.636900000274181 ], [ 2791325.815099999308586, 816588.014800000935793 ], [ 2791282.81530000269413, 816556.36089999973774 ], [ 2791255.8882, 816530.564300000667572 ], [ 2791238.439300000667572, 816509.478100001811981 ], [ 2791223.865699999034405, 816490.366200000047684 ], [ 2791199.510899998247623, 816446.997699998319149 ], [ 2791189.279100000858307, 816409.404599998146296 ], [ 2791185.576300002634525, 816377.824499998241663 ], [ 2791184.142700001597404, 816329.770199999213219 ], [ 2791186.542900003492832, 816306.906300000846386 ], [ 2791191.163199998438358, 816280.519900001585484 ], [ 2791200.190800003707409, 816239.338700000196695 ], [ 2791218.17230000346899, 816150.709499999880791 ], [ 2791224.177000001072884, 816129.107099998742342 ], [ 2791237.300599999725819, 816081.945799998939037 ], [ 2791246.614900000393391, 816016.2787000015378 ], [ 2791257.469300001859665, 815929.017499998211861 ], [ 2791277.1300999969244, 815824.381099998950958 ], [ 2791291.834700003266335, 815755.519200000911951 ], [ 2791299.289399996399879, 815727.174899999052286 ], [ 2791311.200599998235703, 815692.702899999916553 ], [ 2791331.991899996995926, 815645.205699998885393 ], [ 2791359.525200001895428, 815592.924400001764297 ], [ 2791334.760799996554852, 815581.086899999529123 ], [ 2791331.942800000309944, 815575.762099999934435 ], [ 2791328.248199999332428, 815568.774300001561642 ], [ 2791321.629000000655651, 815556.248799998313189 ], [ 2791287.918999999761581, 815492.433100000023842 ], [ 2791277.400399997830391, 815480.317099999636412 ], [ 2791271.575900003314018, 815476.286699999123812 ], [ 2791266.865500003099442, 815473.616099998354912 ], [ 2791261.950300000607967, 815471.617199998348951 ], [ 2791255.314800001680851, 815470.044399999082088 ], [ 2791234.441600002348423, 815465.424100000411272 ], [ 2791199.289700001478195, 815462.8108000010252 ], [ 2791153.946999996900558, 815459.378400001674891 ], [ 2791103.533399999141693, 815454.717099998146296 ], [ 2791022.285199999809265, 815447.205099999904633 ], [ 2790931.378499999642372, 815440.15989999845624 ], [ 2790912.028999999165535, 815435.097300000488758 ], [ 2790853.251400001347065, 815417.640099998563528 ], [ 2790820.31139999628067, 815404.319899998605251 ], [ 2790812.053900003433228, 815375.230200000107288 ], [ 2790796.816699996590614, 815333.139699999243021 ], [ 2790617.133400000631809, 815185.257699999958277 ], [ 2790583.341399997472763, 815157.945500001311302 ], [ 2790565.4419, 815140.308200001716614 ], [ 2790555.5132, 815129.96169999986887 ], [ 2790544.56870000064373, 815118.419100001454353 ], [ 2790536.843599997460842, 815104.779500000178814 ], [ 2790533.591399997472763, 815083.848900001496077 ], [ 2790535.344499997794628, 815068.833000000566244 ], [ 2790546.477399997413158, 815043.994800001382828 ], [ 2790548.976000003516674, 815023.072500001639128 ], [ 2790546.829700000584126, 815018.542300000786781 ], [ 2790540.480899997055531, 815005.164700001478195 ], [ 2790535.573899999260902, 814997.308600001037121 ], [ 2790518.190399996936321, 814985.462999999523163 ], [ 2790461.239699997007847, 814959.436999998986721 ], [ 2790437.720399998128414, 814949.868700001388788 ], [ 2790408.262000001966953, 814942.127300001680851 ], [ 2790365.024599999189377, 814940.7511 ], [ 2790345.642300002276897, 814929.659099999815226 ], [ 2790327.046499997377396, 814901.978300001472235 ], [ 2790309.810500003397465, 814885.897399999201298 ], [ 2790300.52080000191927, 814877.115600001066923 ], [ 2790293.4265, 814870.471900001168251 ], [ 2790287.544699996709824, 814864.958700001239777 ], [ 2790262.870399996638298, 814854.5793999992311 ], [ 2790241.497400000691414, 814843.896999999880791 ], [ 2790210.761100001633167, 814836.114599999040365 ], [ 2790195.581299997866154, 814825.047200001776218 ], [ 2790180.827500000596046, 814814.29109999909997 ], [ 2790146.068800002336502, 814796.022999998182058 ], [ 2790129.078599996864796, 814786.782400000840425 ], [ 2790101.676399998366833, 814777.050299998372793 ], [ 2790094.901600003242493, 814692.361400000751019 ], [ 2790089.732500001788139, 814648.599800001829863 ], [ 2790068.326800003647804, 814637.999299999326468 ], [ 2790060.601700000464916, 814547.461300000548363 ], [ 2790038.663500003516674, 814549.214400000870228 ], [ 2790029.431100003421307, 814492.910799998790026 ], [ 2789994.852700002491474, 814414.390500001609325 ], [ 2790074.994999997317791, 814380.901599999517202 ], [ 2790057.98030000180006, 814365.836500000208616 ], [ 2790041.366899996995926, 814351.525100000202656 ], [ 2790020.231499999761581, 814334.47749999910593 ], [ 2790002.159999996423721, 814320.321699999272823 ], [ 2789968.441699996590614, 814301.119699999690056 ], [ 2789956.555100001394749, 814307.779800001531839 ], [ 2789959.18469999730587, 814243.161299999803305 ], [ 2789975.183700002729893, 814228.391100000590086 ], [ 2789990.609300002455711, 814229.005499999970198 ], [ 2790017.724799998104572, 814215.677099999040365 ], [ 2790029.177199997007847, 814207.091899998486042 ], [ 2790026.768700003623962, 814196.737199999392033 ], [ 2790019.6908999979496, 814187.676899999380112 ], [ 2790014.456200003623962, 814172.652699999511242 ], [ 2790016.430399999022484, 814158.627999998629093 ], [ 2790018.634099997580051, 814143.825100000947714 ], [ 2790021.837200000882149, 814129.21059999987483 ], [ 2790026.80969999730587, 814114.497699998319149 ], [ 2790028.906900003552437, 814100.129000000655651 ], [ 2790029.30009999871254, 814080.894200000911951 ], [ 2790029.80799999833107, 814056.342700000852346 ], [ 2790033.559900000691414, 814040.671399999409914 ], [ 2790039.35980000346899, 814026.884300000965595 ], [ 2790045.217100001871586, 814013.105399999767542 ], [ 2790052.098399996757507, 813999.826099999248981 ], [ 2790056.341899998486042, 813984.99040000140667 ], [ 2790055.440700002014637, 813969.376499999314547 ], [ 2790041.61259999871254, 813943.088300000876188 ], [ 2790017.634700000286102, 813905.126600001007318 ], [ 2790001.8158999979496, 813880.083700001239777 ], [ 2789994.549599997699261, 813868.582100000232458 ], [ 2789985.096000000834465, 813853.623500000685453 ], [ 2789973.3158999979496, 813841.917100001126528 ], [ 2789957.185900002717972, 813827.105999998748302 ], [ 2789938.762100003659725, 813815.391399998217821 ], [ 2789918.339400000870228, 813803.767000000923872 ], [ 2789902.045500002801418, 813792.953499998897314 ], [ 2789891.8301, 813782.000799998641014 ], [ 2789881.704800002276897, 813770.999000001698732 ], [ 2789861.626199997961521, 813745.759399998933077 ], [ 2789854.851400002837181, 813739.730099998414516 ], [ 2789846.241599999368191, 813736.879299998283386 ], [ 2789837.00110000371933, 813735.453899998217821 ], [ 2789829.628300003707409, 813733.037300001829863 ], [ 2789822.099799998104572, 813728.343199998140335 ], [ 2789807.911300003528595, 813705.888999998569489 ], [ 2789788.26690000295639, 813692.085400000214577 ], [ 2789783.581000000238419, 813689.054400000721216 ], [ 2789770.596699997782707, 813681.018100000917912 ], [ 2789757.637000001966953, 813673.530600000172853 ], [ 2789749.764499999582767, 813659.702500000596046 ], [ 2789738.582400001585484, 813657.531599998474121 ], [ 2789726.712200000882149, 813668.066500000655651 ], [ 2789711.368500001728535, 813674.374299999326468 ], [ 2789696.450900003314018, 813675.603100001811981 ], [ 2789683.483000002801418, 813672.137899998575449 ], [ 2789675.381099998950958, 813660.472500000149012 ], [ 2789679.092100001871586, 813649.036499999463558 ], [ 2789692.084600001573563, 813641.606300000101328 ], [ 2789702.119800001382828, 813630.194899998605251 ], [ 2789710.213500000536442, 813619.651799999177456 ], [ 2789709.828500002622604, 813605.364900000393391 ], [ 2789699.056000001728535, 813598.803100001066923 ], [ 2789684.687200002372265, 813594.576099999248981 ], [ 2789654.810999996960163, 813592.773800000548363 ], [ 2789640.024400003254414, 813589.660900000482798 ], [ 2789612.401000000536442, 813578.224800001829863 ], [ 2789597.606200002133846, 813576.013000000268221 ], [ 2789582.696800000965595, 813574.710499998182058 ], [ 2789568.352600000798702, 813572.760800000280142 ], [ 2789552.68129999935627, 813576.873199999332428 ], [ 2789538.394500002264977, 813580.616900000721216 ], [ 2789523.58330000191927, 813582.779599998146296 ], [ 2789509.280100002884865, 813587.170499999076128 ], [ 2789495.288199998438358, 813592.462499998509884 ], [ 2789487.968599997460842, 813596.620000001043081 ], [ 2789483.2787000015378, 813599.249600000679493 ], [ 2789461.758299998939037, 813607.478500001132488 ], [ 2789440.188799999654293, 813615.522999998182058 ], [ 2789426.18860000371933, 813620.798700001090765 ], [ 2789418.946900002658367, 813622.322399999946356 ], [ 2789412.237700000405312, 813621.740699999034405 ], [ 2789396.205899998545647, 813615.768800001591444 ], [ 2789365.240199998021126, 813604.226199999451637 ], [ 2789340.574100002646446, 813595.034800000488758 ], [ 2789313.1554000005126, 813583.041700001806021 ], [ 2789299.671400003135204, 813576.553700000047684 ], [ 2789276.971400000154972, 813566.035100001841784 ], [ 2789260.005800001323223, 813555.479800000786781 ], [ 2789246.210400000214577, 813549.298900000751019 ], [ 2789237.608800001442432, 813545.546999998390675 ], [ 2789225.95160000026226, 813549.855900000780821 ], [ 2789217.358199998736382, 813555.975400000810623 ], [ 2789209.764200001955032, 813560.653000000864267 ], [ 2789205.04559999704361, 813562.668200001120567 ], [ 2789195.534699998795986, 813561.685199998319149 ], [ 2789189.75110000371933, 813559.137499999254942 ], [ 2789177.749899998307228, 813548.594399999827147 ], [ 2789162.906000003218651, 813546.669300001114607 ], [ 2789148.168499998748302, 813544.072399999946356 ], [ 2789131.678099997341633, 813541.205200001597404 ], [ 2789122.027900002896786, 813531.44029999896884 ], [ 2789119.422799997031689, 813516.03940000012517 ], [ 2789115.957599997520447, 813501.482200000435114 ], [ 2789108.568400003015995, 813488.473299998790026 ], [ 2789091.815800003707409, 813463.676100000739098 ], [ 2789082.648900002241135, 813451.83049999922514 ], [ 2789077.274999998509884, 813443.622099999338388 ], [ 2789116.776799999177456, 813411.918999999761581 ], [ 2789043.130699999630451, 813416.465599998831749 ], [ 2789037.224299997091293, 813410.649300001561642 ], [ 2789011.714400000870228, 813368.714400000870228 ], [ 2788985.950599998235703, 813300.794599998742342 ], [ 2788978.14360000193119, 813279.790300000458956 ], [ 2788968.214900001883507, 813253.067999999970198 ], [ 2788976.611699998378754, 813200.36879999935627 ], [ 2788990.382399998605251, 813113.984200000762939 ], [ 2788997.263700000941753, 813024.273600000888109 ], [ 2789002.21169999986887, 813015.016600001603365 ], [ 2789025.829199999570847, 813012.714699998497963 ], [ 2789038.141800001263618, 813011.190999999642372 ], [ 2789049.176399998366833, 813004.686500001698732 ], [ 2789069.140299998223782, 812988.130499999970198 ], [ 2789088.702799998223782, 812975.318199999630451 ], [ 2789100.073299996554852, 812966.60190000012517 ], [ 2789124.059500001370907, 812943.60700000077486 ], [ 2789131.718999996781349, 812934.39919999986887 ], [ 2789151.04389999806881, 812911.158500000834465 ], [ 2789176.668499998748302, 812885.566700000315905 ], [ 2789183.312200002372265, 812876.530900001525879 ], [ 2789183.418700002133846, 812852.429999999701977 ], [ 2789183.525200001895428, 812829.05009999871254 ], [ 2789188.768100000917912, 812816.901299998164177 ], [ 2789206.372699998319149, 812804.162799999117851 ], [ 2789207.363899998366833, 812785.910999998450279 ], [ 2789207.200099997222424, 812766.889199998229742 ], [ 2789192.954199999570847, 812736.832699999213219 ], [ 2789177.05349999666214, 812736.914599999785423 ], [ 2789165.404500000178814, 812735.390900000929832 ], [ 2789151.3716000020504, 812730.279100000858307 ], [ 2789124.8213, 812708.013300001621246 ], [ 2789115.834700003266335, 812689.835200000554323 ], [ 2789106.987400002777576, 812664.472800001502037 ], [ 2789102.833999998867512, 812648.293600000441074 ], [ 2789099.63910000026226, 812623.389899998903275 ], [ 2789086.589299999177456, 812596.126899998635054 ], [ 2789004.464500002563, 812459.558100000023842 ], [ 2788994.920800000429153, 812446.31980000063777 ], [ 2788983.337300002574921, 812440.151200000196695 ], [ 2788986.106200002133846, 812420.277399998158216 ], [ 2788994.036100000143051, 812404.253899998962879 ], [ 2789047.701899997889996, 812360.017099998891354 ], [ 2789072.466300003230572, 812355.814599998295307 ], [ 2789080.445299997925758, 812350.866599999368191 ], [ 2789086.7449000030756, 812344.607900001108646 ], [ 2789091.332500003278255, 812333.933800000697374 ], [ 2789090.783600002527237, 812323.603700000792742 ], [ 2789081.903499998152256, 812312.167599998414516 ], [ 2789068.837200000882149, 812303.246500000357628 ], [ 2789002.826099999248981, 812268.029100000858307 ], [ 2788931.703100003302097, 812241.265900000929832 ], [ 2788930.548100002110004, 812235.072700001299381 ], [ 2788919.947599999606609, 812218.893500000238419 ], [ 2788919.464299999177456, 812204.524700000882149 ], [ 2788925.772100001573563, 812185.863400001078844 ], [ 2788941.476199999451637, 812163.851500000804663 ], [ 2788950.651199996471405, 812149.6875 ], [ 2788953.116999998688698, 812138.0793999992311 ], [ 2788953.231700003147125, 812125.357299998402596 ], [ 2788948.095299996435642, 812108.9814000017941 ], [ 2788909.625699996948242, 812067.857599999755621 ], [ 2788899.402099996805191, 812056.929499998688698 ], [ 2788887.753100000321865, 812044.559599999338388 ], [ 2788868.264300003647804, 812024.915100000798702 ], [ 2788853.289300002157688, 812015.297699999064207 ], [ 2788824.89580000191927, 812010.087600000202656 ], [ 2788787.245399996638298, 812007.236800000071526 ], [ 2788789.219700001180172, 811994.596599999815226 ], [ 2788798.165299996733665, 811934.778599999845028 ], [ 2788805.82490000128746, 811888.206999998539686 ], [ 2788803.342699997127056, 811878.237399999052286 ], [ 2788799.590800002217293, 811863.1722999997437 ], [ 2788783.477099999785423, 811813.545200001448393 ], [ 2788774.14639999717474, 811775.657200001180172 ], [ 2788760.482100002467632, 811720.20549999922514 ], [ 2788749.521300002932549, 811662.943399999290705 ], [ 2788751.241599999368191, 811631.07660000026226 ], [ 2788766.159199997782707, 811596.604600001126528 ], [ 2788796.076399996876717, 811566.499000001698732 ], [ 2788814.95889999717474, 811579.3277000002563 ], [ 2788832.711000002920628, 811577.132199998944998 ], [ 2788846.260600000619888, 811568.022700000554323 ], [ 2788860.801399998366833, 811561.002199999988079 ], [ 2788870.132100000977516, 811556.504799999296665 ], [ 2788897.214800000190735, 811532.600499998778105 ], [ 2788909.568400003015995, 811538.867400001734495 ], [ 2788947.374499998986721, 811504.039200000464916 ], [ 2788952.87950000166893, 811490.919599998742342 ], [ 2788951.789899997413158, 811478.762699998915195 ], [ 2788947.95610000193119, 811464.2956000007689 ], [ 2788945.408399999141693, 811457.889499999582767 ], [ 2788938.322300001978874, 811428.316399998962879 ], [ 2788926.787900000810623, 811402.061000000685453 ], [ 2788911.08389999717474, 811360.45380000025034 ], [ 2788907.454800002276897, 811353.875700000673532 ], [ 2788895.035700000822544, 811339.859099999070168 ], [ 2788884.41889999806881, 811320.493299998342991 ], [ 2788870.983999997377396, 811287.585999999195337 ], [ 2788864.209299996495247, 811265.844399999827147 ], [ 2788857.426299996674061, 811244.094700001180172 ], [ 2788837.159299999475479, 811205.928100001066923 ], [ 2788841.378100000321865, 811196.630199998617172 ], [ 2788845.506899997591972, 811181.974700000137091 ], [ 2788871.475599996745586, 811155.326200000941753 ], [ 2788895.170900002121925, 811141.682399999350309 ], [ 2788907.75789999961853, 811118.126299999654293 ], [ 2788922.929499998688698, 811082.720499999821186 ], [ 2788928.295299999415874, 811066.746100001037121 ], [ 2788933.742899999022484, 811047.077100001275539 ], [ 2788939.649400003254414, 811016.692899998277426 ], [ 2788946.686300002038479, 810991.117499999701977 ], [ 2788944.245099999010563, 810982.278299998492002 ], [ 2788944.171400003135204, 810962.355399999767542 ], [ 2788948.701499998569489, 810931.184799998998642 ], [ 2788950.028599999845028, 810909.222100000828505 ], [ 2788960.989500001072884, 810883.024099998176098 ], [ 2788963.74210000038147, 810865.870000001043081 ], [ 2788961.636699996888638, 810851.411100000143051 ], [ 2788952.396099999547005, 810833.609900001436472 ], [ 2788935.627099998295307, 810811.254000000655651 ], [ 2788857.385300002992153, 810746.7010000012815 ], [ 2788779.135300002992153, 810682.147999998182058 ], [ 2788759.77759999781847, 810662.470899999141693 ], [ 2788740.4199, 810642.793699998408556 ], [ 2788707.488099999725819, 810605.58559999987483 ], [ 2788700.311899997293949, 810590.479600001126528 ], [ 2788698.280299998819828, 810568.615100000053644 ], [ 2788700.459399998188019, 810553.083099998533726 ], [ 2788710.240599997341633, 810532.709600001573563 ], [ 2788705.472900003194809, 810494.583999998867512 ], [ 2788707.299699999392033, 810487.497900001704693 ], [ 2788707.307899996638298, 810480.657600000500679 ], [ 2788705.8169, 810473.784499999135733 ], [ 2788701.458800002932549, 810466.30519999936223 ], [ 2788668.338500000536442, 810419.299499999731779 ], [ 2788638.51969999819994, 810407.888099998235703 ], [ 2788607.742299996316433, 810397.713599998503923 ], [ 2788603.761, 810392.765599999576807 ], [ 2788601.377099998295307, 810385.319099999964237 ], [ 2788598.0675999969244, 810333.324499998241663 ], [ 2788595.74099999666214, 810299.155699998140335 ], [ 2788606.25959999859333, 810271.474899999797344 ], [ 2788671.516999997198582, 810216.129700001329184 ], [ 2788722.291000001132488, 810175.407299999147654 ], [ 2788751.438199996948242, 810150.315200001001358 ], [ 2788761.498000003397465, 810119.013599999248981 ], [ 2788763.332999996840954, 810101.86769999936223 ], [ 2788760.629600003361702, 810059.2364999987185 ], [ 2788755.534199997782707, 810023.511199999600649 ], [ 2788752.724299997091293, 809967.682799998670816 ], [ 2788746.031499996781349, 809950.905499998480082 ], [ 2788723.847499996423721, 809909.757100000977516 ], [ 2788694.225299999117851, 809874.859200000762939 ], [ 2788687.262100003659725, 809859.253400001674891 ], [ 2788668.592500001192093, 809848.464600000530481 ], [ 2788630.802799999713898, 809834.767599999904633 ], [ 2788593.848700001835823, 809810.896099999547005 ], [ 2788589.900100000202656, 809805.292700000107288 ], [ 2788594.88910000026226, 809796.994199998676777 ], [ 2788635.04619999974966, 809744.770199999213219 ], [ 2788684.992899999022484, 809704.375500001013279 ], [ 2788724.838799998164177, 809671.263399999588728 ], [ 2788735.635799996554852, 809666.258099999278784 ], [ 2788749.996399998664856, 809660.859600000083447 ], [ 2788766.322999998927116, 809657.83669999986887 ], [ 2788785.156499996781349, 809657.83669999986887 ], [ 2788800.30349999666214, 809657.042100001126528 ], [ 2788817.310099996626377, 809662.670000001788139 ], [ 2788836.094300001859665, 809669.264600001275539 ], [ 2788852.035899996757507, 809679.529199998825788 ], [ 2788867.649899996817112, 809690.719399999827147 ], [ 2788891.005300000309944, 809711.715500000864267 ], [ 2788896.567699998617172, 809716.1064000017941 ], [ 2788924.854599997401237, 809721.62779999896884 ], [ 2788931.596600003540516, 809715.926199998706579 ], [ 2788943.155599996447563, 809693.20160000026226 ], [ 2788945.236299999058247, 809677.669599998742342 ], [ 2788944.35980000346899, 809665.078499998897314 ], [ 2788943.188299998641014, 809655.82149999961257 ], [ 2788894.355800002813339, 809590.580400001257658 ], [ 2788886.204800002276897, 809577.686200000345707 ], [ 2788831.539599999785423, 809532.253400001674891 ], [ 2788800.352600000798702, 809504.605399999767542 ], [ 2788790.11259999871254, 809485.042899999767542 ], [ 2788789.776699997484684, 809466.55350000038743 ], [ 2788800.917900003492832, 809437.258900001645088 ], [ 2788807.029100000858307, 809426.355399999767542 ], [ 2788817.441100001335144, 809414.69819999858737 ], [ 2788834.906499996781349, 809396.602099999785423 ], [ 2788851.9868, 809377.506499998271465 ], [ 2788851.544399999082088, 809369.4864999987185 ], [ 2788846.924099996685982, 809360.032999999821186 ], [ 2788840.534400001168251, 809344.140500001609325 ], [ 2788829.933899998664856, 809333.294300001114607 ], [ 2788827.468099996447563, 809323.750599998980761 ], [ 2788824.22410000115633, 809315.337400000542402 ], [ 2788817.064300000667572, 809294.316700000315905 ], [ 2788811.895099997520447, 809272.714400000870228 ], [ 2788809.1426, 809254.683800000697374 ], [ 2788813.77929999679327, 809241.494699999690056 ], [ 2788816.326999999582767, 809230.2635000012815 ], [ 2788823.699799999594688, 809220.98200000077486 ], [ 2788842.86089999973774, 809191.539900001138449 ], [ 2788850.1272, 809179.235500000417233 ], [ 2788857.565499998629093, 809160.484000001102686 ], [ 2788862.1858000010252, 809121.146099999547005 ], [ 2788867.527000002563, 809082.160300001502037 ], [ 2788875.2029, 809046.328499998897314 ], [ 2788879.241599999368191, 809030.714600000530481 ], [ 2788880.814400002360344, 809016.493299998342991 ], [ 2788883.837300002574921, 808977.876200001686811 ], [ 2788881.199500001966953, 808967.095499999821186 ], [ 2788870.164800003170967, 808956.945599999278784 ], [ 2788863.381899997591972, 808945.894600000232458 ], [ 2788865.7820999994874, 808932.713700000196695 ], [ 2788841.755000002682209, 808874.7060999982059 ], [ 2788820.644199997186661, 808818.042100001126528 ], [ 2788817.703299999237061, 808789.476500000804663 ], [ 2788821.020999997854233, 808764.974300000816584 ], [ 2788822.528399996459484, 808741.979299999773502 ], [ 2788824.199500001966953, 808726.832299999892712 ], [ 2788821.020999997854233, 808716.575899999588728 ], [ 2788815.589699998497963, 808704.918699998408556 ], [ 2788809.666900001466274, 808695.506099998950958 ], [ 2788763.644299998879433, 808647.746800001710653 ], [ 2788748.308799996972084, 808635.868400000035763 ], [ 2788727.451999999582767, 808625.202399998903275 ], [ 2788710.650200001895428, 808618.7635000012815 ], [ 2788692.62780000269413, 808613.414099998772144 ], [ 2788682.854800000786781, 808609.793200001120567 ], [ 2788672.196999996900558, 808599.88910000026226 ], [ 2788655.796599999070168, 808580.596900001168251 ], [ 2788638.249300003051758, 808568.399000000208616 ], [ 2788598.428000003099442, 808544.011500000953674 ], [ 2788590.416199997067451, 808530.625700000673532 ], [ 2788585.95160000026226, 808507.819200001657009 ], [ 2788578.545999996364117, 808483.153099998831749 ], [ 2788578.66889999806881, 808458.445999998599291 ], [ 2788572.860799998044968, 808433.468600001186132 ], [ 2788574.081399999558926, 808410.612900000065565 ], [ 2788578.136399999260902, 808390.657200001180172 ], [ 2788573.901199996471405, 808376.41950000077486 ], [ 2788563.013999998569489, 808350.221500001847744 ], [ 2788554.871100001037121, 808335.5168999992311 ], [ 2788546.384199999272823, 808323.712200000882149 ], [ 2788537.758100003004074, 808308.85190000012517 ], [ 2788519.293300002813339, 808313.357500001788139 ], [ 2788507.324799999594688, 808317.297899998724461 ], [ 2788474.450300000607967, 808319.649000000208616 ], [ 2788444.123499996960163, 808307.647700000554323 ], [ 2788421.857600003480911, 808290.63289999961853 ], [ 2788408.348999999463558, 808282.195099998265505 ], [ 2788390.613300003111362, 808272.48759999871254 ], [ 2788372.07490000128746, 808261.256400000303984 ], [ 2788370.772299997508526, 808247.16609999909997 ], [ 2788370.338100001215935, 808233.993400000035763 ], [ 2788367.258000001311302, 808218.027199998497963 ], [ 2788349.235600002110004, 808195.687600001692772 ], [ 2788337.414499998092651, 808191.04280000180006 ], [ 2788313.354599997401237, 808193.164500001817942 ], [ 2788294.299999997019768, 808189.297899998724461 ], [ 2788284.9529, 808156.570799998939037 ], [ 2788282.044799998402596, 808135.591099999845028 ], [ 2788311.609700001776218, 808103.535799998790026 ], [ 2788318.974299997091293, 808091.043000001460314 ], [ 2788317.8684, 808078.804200001060963 ], [ 2788309.512500002980232, 808064.345300000160933 ], [ 2788296.061300002038479, 808059.790500000119209 ], [ 2788272.091499999165535, 808033.682599999010563 ], [ 2788244.558200001716614, 807997.867199998348951 ], [ 2788229.312899999320507, 807976.166600000113249 ], [ 2788209.398100003600121, 807930.537200000137091 ], [ 2788199.01070000231266, 807906.96059999987483 ], [ 2788184.846699997782707, 807881.671900000423193 ], [ 2788152.586599998176098, 807826.597100000828505 ], [ 2788150.02250000089407, 807781.491900000721216 ], [ 2788171.977099999785423, 807742.932199999690056 ], [ 2788194.636100001633167, 807721.084100000560284 ], [ 2788216.467799998819828, 807699.096799999475479 ], [ 2788231.975299999117851, 807660.364999998360872 ], [ 2788238.012800000607967, 807609.918699998408556 ], [ 2788188.631399996578693, 807566.5912000015378 ], [ 2788157.05120000243187, 807502.587099999189377 ], [ 2788148.252999998629093, 807444.604100000113249 ], [ 2788134.449500001966953, 807406.535900000482798 ], [ 2788117.082500003278255, 807380.329700000584126 ], [ 2788094.415200002491474, 807354.017000000923872 ], [ 2788063.408500000834465, 807315.760299999266863 ], [ 2788047.475000001490116, 807289.824499998241663 ], [ 2788055.241099998354912, 807246.095600001513958 ], [ 2788071.166299998760223, 807185.982700001448393 ], [ 2788070.895999997854233, 807125.107900001108646 ], [ 2788055.789899997413158, 807086.474399998784065 ], [ 2788047.745399996638298, 807055.434900000691414 ], [ 2788025.430399999022484, 807014.474899999797344 ], [ 2787994.251599997282028, 806982.010099999606609 ], [ 2787937.178000003099442, 806940.107999999076128 ], [ 2787896.717699997127056, 806897.968299999833107 ], [ 2787858.395499996840954, 806882.116799999028444 ], [ 2787817.943400003015995, 806856.484000001102686 ], [ 2787765.219700001180172, 806802.064599998295307 ], [ 2787732.558200001716614, 806752.232599999755621 ], [ 2787719.688500002026558, 806725.911699999123812 ], [ 2787692.44200000166893, 806724.740299999713898 ], [ 2787629.986100003123283, 806724.740299999713898 ], [ 2787596.751199997961521, 806715.909299999475479 ], [ 2787578.646899998188019, 806670.197999998927116 ], [ 2787559.649599999189377, 806640.469200000166893 ], [ 2787532.026199996471405, 806613.271699998527765 ], [ 2787513.389399997889996, 806582.969500001519918 ], [ 2787482.530100002884865, 806549.185699999332428 ], [ 2787458.961800001561642, 806525.175000000745058 ], [ 2787430.428999997675419, 806496.412900000810623 ], [ 2787319.017800003290176, 806422.39809999987483 ], [ 2787284.767099998891354, 806404.867300000041723 ], [ 2787219.468599997460842, 806371.075300000607967 ], [ 2787183.612300001084805, 806361.785500001162291 ], [ 2787147.755900003015995, 806353.8310999982059 ], [ 2787105.263999998569489, 806343.869600001722574 ], [ 2787060.879699997603893, 806336.365800000727177 ], [ 2787032.609099999070168, 806319.817899998277426 ], [ 2786969.424199998378754, 806280.668400000780821 ], [ 2786923.467100001871586, 806263.932100001722574 ], [ 2786896.6875, 806233.785500001162291 ], [ 2786788.26630000025034, 806143.968400001525879 ], [ 2786783.089000001549721, 806120.522900000214577 ], [ 2786770.587999999523163, 806108.947599999606609 ], [ 2786738.098499998450279, 806106.154199998825788 ], [ 2786717.11879999935627, 806094.406800001859665 ], [ 2786691.518799997866154, 806089.295000001788139 ], [ 2786668.974399998784065, 806084.887699998915195 ], [ 2786640.671099998056889, 806070.854800000786781 ], [ 2786603.970899999141693, 806040.995000001043081 ], [ 2786516.04619999974966, 805974.443199999630451 ], [ 2786461.413699999451637, 805934.351599998772144 ], [ 2786425.196900002658367, 805880.808600001037121 ], [ 2786367.754600003361702, 805835.875500001013279 ], [ 2786332.750200003385544, 805810.423000000417233 ], [ 2786300.604800000786781, 805800.248500000685453 ], [ 2786223.493500001728535, 805786.616999998688698 ], [ 2786208.444799996912479, 805776.508099999278784 ], [ 2786199.155000001192093, 805749.114000000059605 ], [ 2786183.762299999594688, 805720.868000000715256 ], [ 2786164.150600001215935, 805703.419100001454353 ], [ 2786143.408500000834465, 805690.295499999076128 ], [ 2786127.090000003576279, 805682.373799998313189 ], [ 2786098.508100003004074, 805657.806000001728535 ], [ 2786076.832099996507168, 805634.245799999684095 ], [ 2786046.497100003063679, 805603.091600000858307 ], [ 2786016.080200001597404, 805544.887499999254942 ], [ 2785971.147100001573563, 805507.949799999594688 ], [ 2785912.680799998342991, 805480.490200001746416 ], [ 2785888.719200000166893, 805457.962200000882149 ], [ 2785871.458700001239777, 805441.766600001603365 ], [ 2785850.36429999768734, 805420.311700001358986 ], [ 2785849.323899999260902, 805383.054499998688698 ], [ 2785857.335600003600121, 805349.97520000115037 ], [ 2785864.659299999475479, 805317.035199999809265 ], [ 2785867.911499999463558, 805273.5439000017941 ], [ 2785871.688000001013279, 805253.874899998307228 ], [ 2785865.134400002658367, 805178.950800001621246 ], [ 2785858.17119999974966, 805154.890900000929832 ], [ 2785857.843599997460842, 805135.467700000852346 ], [ 2785856.30349999666214, 805119.050900001078844 ], [ 2785851.167099997401237, 805101.593800000846386 ], [ 2785834.74210000038147, 805093.901500001549721 ], [ 2785826.009400002658367, 805071.840399999171495 ], [ 2785809.584499999880791, 805030.790300000458956 ], [ 2785738.379600003361702, 804978.32880000025034 ], [ 2785702.072700001299381, 804944.929999999701977 ], [ 2785679.258000001311302, 804924.67119999974966 ], [ 2785662.939499996602535, 804914.406599998474121 ], [ 2785641.410899996757507, 804906.665199998766184 ], [ 2785637.659000001847744, 804899.030200000852346 ], [ 2785632.071999996900558, 804859.921599999070168 ], [ 2785630.433600001037121, 804837.090500000864267 ], [ 2785625.0515, 804827.276500001549721 ], [ 2785619.0304000005126, 804822.074599999934435 ], [ 2785610.207599997520447, 804818.936999998986721 ], [ 2785604.014399997889996, 804811.408599998801947 ], [ 2785598.706000000238419, 804802.421999998390675 ], [ 2785593.815399996936321, 804793.443500000983477 ], [ 2785587.597699999809265, 804782.023899998515844 ], [ 2785545.425200000405312, 804729.857200000435114 ], [ 2785529.762100003659725, 804716.045499999076128 ], [ 2785517.908299997448921, 804711.7939000017941 ], [ 2785512.411499999463558, 804712.228000000119209 ], [ 2785509.470600001513958, 804711.539900001138449 ], [ 2785506.595200002193451, 804708.353199999779463 ], [ 2785502.646600000560284, 804701.652199998497963 ], [ 2785496.289599999785423, 804697.195700000971556 ], [ 2785487.393100000917912, 804692.960400000214577 ], [ 2785467.355499997735023, 804690.199700001627207 ], [ 2785462.997299998998642, 804688.462999999523163 ], [ 2785459.499399997293949, 804685.374699998646975 ], [ 2785455.722800001502037, 804682.286299999803305 ], [ 2785439.543600000441074, 804666.033300001174212 ], [ 2785398.436200000345707, 804655.080600000917912 ], [ 2785376.50620000064373, 804642.407600000500679 ], [ 2785318.261100001633167, 804631.72520000115037 ], [ 2785297.019199997186661, 804623.836399998515844 ], [ 2785266.790799997746944, 804614.309099998325109 ], [ 2785236.660599999129772, 804600.923300001770258 ], [ 2785219.4983000010252, 804592.395500000566244 ], [ 2785190.744400002062321, 804592.551100000739098 ], [ 2785173.467500001192093, 804589.470899999141693 ], [ 2785159.229800000786781, 804595.115200001746416 ], [ 2785150.996799997985363, 804597.671100001782179 ], [ 2785143.280000001192093, 804599.252199999988079 ], [ 2785133.220200002193451, 804596.089999999850988 ], [ 2785112.617299996316433, 804590.068900000303984 ], [ 2785087.115599997341633, 804576.945300001651049 ], [ 2785055.494499996304512, 804561.257699999958277 ], [ 2785029.591399997472763, 804542.014699999243021 ], [ 2785003.327799998223782, 804525.565099999308586 ], [ 2784929.288500003516674, 804521.313499998301268 ], [ 2784908.390799999237061, 804532.585700001567602 ], [ 2784897.429899998009205, 804537.804000001400709 ], [ 2784882.774400003254414, 804561.077399998903275 ], [ 2784864.432499997317791, 804573.512899998575449 ], [ 2784840.159599997103214, 804580.23030000180006 ], [ 2784822.587700001895428, 804585.088199999183416 ], [ 2784790.384999997913837, 804582.786200001835823 ], [ 2784773.132600001990795, 804587.390099998563528 ], [ 2784766.800200000405312, 804588.250300001353025 ], [ 2784757.739900000393391, 804582.155499998480082 ], [ 2784747.254100002348423, 804573.840599998831749 ], [ 2784732.893500000238419, 804565.058800000697374 ], [ 2784723.825000002980232, 804561.208500001579523 ], [ 2784713.470299996435642, 804553.000100001692772 ], [ 2784702.189900003373623, 804545.217700000852346 ], [ 2784688.304499998688698, 804542.186700001358986 ], [ 2784669.602099999785423, 804539.516100000590086 ], [ 2784621.580600000917912, 804543.612100001424551 ], [ 2784595.022200003266335, 804545.856699999421835 ], [ 2784569.823600001633167, 804539.114700000733137 ], [ 2784539.218299999833107, 804530.111699998378754 ], [ 2784509.063500002026558, 804525.171900000423193 ], [ 2784466.301299996674061, 804522.927299998700619 ], [ 2784433.852799996733665, 804519.28999999910593 ], [ 2784410.17790000140667, 804524.885200001299381 ], [ 2784394.400100000202656, 804538.934500001370907 ], [ 2784353.898800000548363, 804571.276500001549721 ], [ 2784337.056100003421307, 804583.089299999177456 ], [ 2784315.355499997735023, 804589.274300001561642 ], [ 2784303.092100001871586, 804593.648800000548363 ], [ 2784291.770700000226498, 804592.518300000578165 ], [ 2784264.180100001394749, 804583.294100001454353 ], [ 2784215.494999997317791, 804602.7010000012815 ], [ 2784176.623999997973442, 804619.756700001657009 ], [ 2784137.490800000727177, 804639.401200000196695 ], [ 2784091.541900001466274, 804659.831999998539686 ], [ 2784051.76969999819994, 804675.052700001746416 ], [ 2784017.830200001597404, 804639.597800001502037 ], [ 2783953.178999997675419, 804587.897999998182058 ], [ 2783915.462999999523163, 804581.434599999338388 ], [ 2783873.536399997770786, 804595.320000000298023 ], [ 2783846.8059, 804620.969200000166893 ], [ 2783829.651799999177456, 804633.72410000115633 ], [ 2783820.542300000786781, 804640.0810999982059 ], [ 2783812.784500002861023, 804648.199400000274181 ], [ 2783805.878600001335144, 804661.798099998384714 ], [ 2783801.70889999717474, 804666.860700000077486 ], [ 2783788.683600001037121, 804675.159200001507998 ], [ 2783769.9485, 804690.404500000178814 ], [ 2783761.363300003111362, 804701.570199999958277 ], [ 2783749.919100001454353, 804716.537000000476837 ], [ 2783735.992700003087521, 804726.95719999819994 ], [ 2783710.16330000013113, 804732.904599998146296 ], [ 2783694.065999999642372, 804739.794100001454353 ], [ 2783682.490699999034405, 804749.665500000119209 ], [ 2783670.571400001645088, 804765.32039999961853 ], [ 2783647.019400000572205, 804817.511599998921156 ], [ 2783623.573899999260902, 804854.613200001418591 ], [ 2783586.267499998211861, 804905.264299999922514 ], [ 2783554.695500001311302, 804943.086800001561642 ], [ 2783522.648400001227856, 804988.552400000393391 ], [ 2783492.804999999701977, 805013.996700000017881 ], [ 2783459.389799997210503, 805020.984499998390675 ], [ 2783424.041299998760223, 805029.815499998629093 ], [ 2783377.40429999679327, 805051.409600000828505 ], [ 2783341.29389999806881, 805046.265000000596046 ], [ 2783291.748700000345707, 805028.578499998897314 ], [ 2783228.776799999177456, 805003.08500000089407 ], [ 2783167.500600002706051, 805005.42790000140667 ], [ 2783119.446400001645088, 805004.649700000882149 ], [ 2783089.938799999654293, 805029.127399999648333 ], [ 2783044.30120000243187, 805053.613200001418591 ], [ 2782996.713799998164177, 805055.169700000435114 ], [ 2782988.726599998772144, 805062.599899999797344 ], [ 2782935.757200002670288, 805098.923200000077486 ], [ 2782887.334200002253056, 805135.69709999859333 ], [ 2782857.924999997019768, 805167.121599998325109 ], [ 2782819.234099999070168, 805202.846900001168251 ], [ 2782803.480899997055531, 805228.266699999570847 ], [ 2782782.222699999809265, 805257.651399999856949 ], [ 2782754.64019999653101, 805283.857599999755621 ], [ 2782724.985200002789497, 805310.121199999004602 ], [ 2782645.924199998378754, 805392.221400000154972 ], [ 2782569.124200001358986, 805465.892000000923872 ], [ 2782539.960699997842312, 805489.960099998861551 ], [ 2782503.678300000727177, 805503.403200000524521 ], [ 2782457.057599999010563, 805507.556499999016523 ], [ 2782392.570200003683567, 805545.337999999523163 ], [ 2782319.210799999535084, 805591.721200000494719 ], [ 2782290.964800000190735, 805617.370299998670816 ], [ 2782254.51860000193119, 805623.989399999380112 ], [ 2782230.835500001907349, 805635.810499999672174 ], [ 2782196.502899996936321, 805670.487199999392033 ], [ 2782170.231100000441074, 805710.14469999819994 ], [ 2782144.500100001692772, 805738.431699998676777 ], [ 2782123.700599998235703, 805759.591600000858307 ], [ 2782085.165399998426437, 805764.302000001072884 ], [ 2782031.319399997591972, 805809.153200000524521 ], [ 2781996.077399998903275, 805803.672800000756979 ], [ 2781975.425399996340275, 805828.437199998646975 ], [ 2781960.778099998831749, 805841.577199999243021 ], [ 2781948.014899998903275, 805853.963500000536442 ], [ 2781931.36879999935627, 805865.071800000965595 ], [ 2781901.943099997937679, 805879.366799999028444 ], [ 2781873.123700000345707, 805886.600400000810623 ], [ 2781843.067199997603893, 805894.702300000935793 ], [ 2781803.409800000488758, 805887.059099998325109 ], [ 2781770.371399998664856, 805869.544599998742342 ], [ 2781740.945799998939037, 805888.017599999904633 ], [ 2781708.759400002658367, 805912.945900000631809 ], [ 2781660.205399997532368, 805941.650600001215935 ], [ 2781613.6503000035882, 805956.748500000685453 ], [ 2781591.138700000941753, 805965.554900001734495 ], [ 2781549.719899997115135, 805986.125 ], [ 2781496.373599998652935, 806040.061099998652935 ], [ 2781514.895700000226498, 806239.290600001811981 ], [ 2780883.562799997627735, 806610.527399998158216 ], [ 2780783.120700001716614, 806606.693599998950958 ], [ 2780750.131499998271465, 806725.158100001513958 ], [ 2780749.615500003099442, 806736.372900001704693 ], [ 2780749.099399998784065, 806749.226199999451637 ], [ 2780740.579700000584126, 806764.168400000780821 ], [ 2780730.03660000115633, 806829.565099999308586 ], [ 2780724.007299996912479, 806899.057900000363588 ], [ 2780726.415700003504753, 806937.519299998879433 ], [ 2780698.759499996900558, 806965.159099999815226 ], [ 2780703.9695999994874, 807023.551699999719858 ], [ 2780712.194399997591972, 807054.410900000482798 ], [ 2780723.302699998021126, 807142.614199999719858 ], [ 2780719.813000001013279, 807154.050200000405312 ], [ 2780713.914700001478195, 807160.939699999988079 ], [ 2780709.720399998128414, 807170.106600001454353 ], [ 2780709.245300002396107, 807186.826400000602007 ], [ 2780707.426700003445148, 807198.377199999988079 ], [ 2780700.28320000320673, 807208.567999999970198 ], [ 2780681.056599996984005, 807217.980599999427795 ], [ 2780673.093999996781349, 807223.559399999678135 ], [ 2780668.252499997615814, 807229.842599999159575 ], [ 2780664.123700000345707, 807238.2804000005126 ], [ 2780661.428599998354912, 807245.464800000190735 ], [ 2780659.855700001120567, 807256.646899998188019 ], [ 2780674.568499997258186, 807313.655000001192093 ], [ 2780674.19990000128746, 807331.595499999821186 ], [ 2780701.618500001728535, 807396.836500000208616 ], [ 2780723.900799997150898, 807451.256000000983477 ], [ 2780779.712899997830391, 807519.937699999660254 ], [ 2780868.710699997842312, 807620.895899999886751 ], [ 2780916.961599998176098, 807673.668800000101328 ], [ 2780943.004000000655651, 807709.279399998486042 ], [ 2780961.583499997854233, 807738.115299999713898 ], [ 2780978.131300002336502, 807755.342999998480082 ], [ 2780991.721799999475479, 807769.498799998313189 ], [ 2781017.05969999730587, 807785.170099999755621 ], [ 2781046.17400000244379, 807798.555799998342991 ], [ 2781061.353799998760223, 807802.9386 ], [ 2781074.829700000584126, 807804.191899999976158 ], [ 2781090.935099996626377, 807796.671700000762939 ], [ 2781115.535700000822544, 807781.967000000178814 ], [ 2781124.579700000584126, 807777.395899999886751 ], [ 2781131.714900001883507, 807779.452100001275539 ], [ 2781145.076099999248981, 807787.693300001323223 ], [ 2781165.89190000295639, 807809.746100001037121 ], [ 2781177.270599998533726, 807837.582499999552965 ], [ 2781235.843400001525879, 807909.63120000064373 ], [ 2781242.880300000309944, 807923.10700000077486 ], [ 2781246.296400003135204, 807934.780600000172853 ], [ 2781253.939499996602535, 807979.926699999719858 ], [ 2781254.840700000524521, 808012.366999998688698 ], [ 2781223.883100003004074, 808052.827300000935793 ], [ 2781230.928199999034405, 808080.844000000506639 ], [ 2781233.443199999630451, 808083.817699998617172 ], [ 2781245.165899999439716, 808091.075800001621246 ], [ 2781247.181100003421307, 808098.866399999707937 ], [ 2781245.305200003087521, 808107.787500001490116 ], [ 2781230.805299997329712, 808133.977299999445677 ], [ 2781216.240000002086163, 808202.773699998855591 ], [ 2781215.281499996781349, 808213.136599998921156 ], [ 2781218.673000000417233, 808229.364900000393391 ], [ 2781223.457099996507168, 808239.695000000298023 ], [ 2781248.344400003552437, 808267.523299999535084 ], [ 2781271.98650000244379, 808316.80629999935627 ], [ 2781287.01070000231266, 808372.471000000834465 ], [ 2781300.437299996614456, 808438.138099998235703 ], [ 2781298.274700000882149, 808491.697299998253584 ], [ 2781289.836900003254414, 808566.146200001239777 ], [ 2781315.871100001037121, 808612.693199999630451 ], [ 2781320.704300001263618, 808618.747099999338388 ], [ 2781328.626000002026558, 808618.697900000959635 ], [ 2781335.556400001049042, 808614.478999998420477 ], [ 2781339.734399996697903, 808619.992300000041723 ], [ 2781350.351199999451637, 808640.095400001853704 ], [ 2781354.545500002801418, 808647.353500001132488 ], [ 2781360.124300003051758, 808649.3114 ], [ 2781366.833499997854233, 808647.632100000977516 ], [ 2781382.578500002622604, 808627.872999999672174 ], [ 2781386.576200000941753, 808627.053800001740456 ], [ 2781389.631800003349781, 808626.496700000017881 ], [ 2781393.375600002706051, 808626.635999999940395 ], [ 2781397.332299999892712, 808626.496700000017881 ], [ 2781401.706799998879433, 808627.192999999970198 ], [ 2781405.851999998092651, 808629.347500000149012 ], [ 2781409.898800000548363, 808635.516100000590086 ], [ 2781409.710400000214577, 808642.798799999058247 ], [ 2781408.014700002968311, 808651.834600001573563 ], [ 2781404.590400002896786, 808676.410599999129772 ], [ 2781406.572899997234344, 808702.772399999201298 ], [ 2781409.235299997031689, 808716.5185999982059 ], [ 2781402.116400003433228, 808736.17119999974966 ], [ 2781392.752999998629093, 808748.377300001680851 ], [ 2781390.311800003051758, 808756.520100001245737 ], [ 2781392.752999998629093, 808763.843800000846386 ], [ 2781402.116400003433228, 808774.427799999713898 ], [ 2781411.08669999986887, 808793.154800001531839 ], [ 2781413.101899996399879, 808804.942999999970198 ], [ 2781403.083099998533726, 808824.259799998253584 ], [ 2781404.082500003278255, 808843.904199998825788 ], [ 2781410.201899997889996, 808856.396999999880791 ], [ 2781424.8574, 808866.882800001651049 ], [ 2781438.734700001776218, 808885.691599998623133 ], [ 2781448.016199998557568, 808900.215999998152256 ], [ 2781472.453000001609325, 808972.379299998283386 ], [ 2781478.752599999308586, 809016.993000000715256 ], [ 2781493.686599999666214, 809039.897799998521805 ], [ 2781509.898599997162819, 809070.314699999988079 ], [ 2781521.768799997866154, 809086.215399999171495 ], [ 2781520.0320999994874, 809112.593600001186132 ], [ 2781510.431100003421307, 809126.495400000363588 ], [ 2781500.264799997210503, 809136.268500000238419 ], [ 2781491.155299998819828, 809145.361600000411272 ], [ 2781479.457099996507168, 809158.632599998265505 ], [ 2781468.709200002253056, 809172.804800000041723 ], [ 2781449.916799999773502, 809188.156599998474121 ], [ 2781446.205799996852875, 809196.75 ], [ 2781445.091700002551079, 809204.114599999040365 ], [ 2781446.517099998891354, 809212.814500000327826 ], [ 2781456.724299997091293, 809237.406899999827147 ], [ 2781468.061999998986721, 809244.017900001257658 ], [ 2781491.016000002622604, 809251.693799998611212 ], [ 2781518.336300000548363, 809255.609499998390675 ], [ 2781536.440700002014637, 809280.546000000089407 ], [ 2781557.48589999973774, 809289.475299999117851 ], [ 2781577.580899998545647, 809291.023600000888109 ], [ 2781590.909299999475479, 809289.827500000596046 ], [ 2781601.419600002467632, 809285.739700000733137 ], [ 2781623.914800003170967, 809273.500900000333786 ], [ 2781647.335799999535084, 809272.788199998438358 ], [ 2781724.635499998927116, 809280.349399998784065 ], [ 2781751.669100001454353, 809307.915500000119209 ], [ 2781779.792199999094009, 809323.586800001561642 ], [ 2781890.64639999717474, 809324.676300000399351 ], [ 2781936.881999999284744, 809337.382100000977516 ], [ 2781995.708800002932549, 809348.613299999386072 ], [ 2782044.041599996387959, 809384.461500000208616 ], [ 2782095.356299996376038, 809411.994800001382828 ], [ 2782143.811899997293949, 809442.264299999922514 ], [ 2782205.5878000035882, 809433.42509999871254 ], [ 2782272.524599999189377, 809423.512800000607967 ], [ 2782341.321099996566772, 809410.503899998962879 ], [ 2782410.625399999320507, 809408.333000000566244 ], [ 2782508.306800000369549, 809432.00789999961853 ], [ 2782655.328599996864796, 809483.453600000590086 ], [ 2782694.887800000607967, 809515.500700000673532 ], [ 2782745.219400003552437, 809516.483800001442432 ], [ 2782813.368699997663498, 809546.556600000709295 ], [ 2782834.348399996757507, 809594.13569999858737 ], [ 2782860.276100002229214, 809611.961500000208616 ], [ 2782879.830399997532368, 809670.452399998903275 ], [ 2782903.677299998700619, 809722.111200001090765 ], [ 2782951.928199999034405, 809764.611299999058247 ], [ 2782965.559600003063679, 809783.084199998527765 ], [ 2782997.92620000243187, 809789.449400000274181 ], [ 2783033.119099996984005, 809772.557500001043081 ], [ 2783081.35360000282526, 809767.773400001227856 ], [ 2783167.213899999856949, 809806.275800000876188 ], [ 2783225.541000001132488, 809818.555599998682737 ], [ 2783267.959100000560284, 809833.972899999469519 ], [ 2783290.929499998688698, 809881.707699999213219 ], [ 2783339.032899998128414, 809927.386300001293421 ], [ 2783372.054899998009205, 809974.858899999409914 ], [ 2783387.652400001883507, 810019.341499999165535 ], [ 2783447.13459999859333, 810041.722100000828505 ], [ 2783496.507700003683567, 810065.642700001597404 ], [ 2783564.878200002014637, 810098.853100001811981 ], [ 2783596.908900000154972, 810126.370000001043081 ], [ 2783625.843000002205372, 810155.410599999129772 ], [ 2783654.170999996364117, 810188.145899999886751 ], [ 2783658.635600000619888, 810220.872900001704693 ], [ 2783678.910800002515316, 810264.061099998652935 ], [ 2783671.071099996566772, 810295.477400001138449 ], [ 2783674.388800002634525, 810346.112199999392033 ], [ 2783697.990000002086163, 810384.418000001460314 ], [ 2783724.54839999973774, 810441.917599998414516 ], [ 2783804.428599998354912, 810526.950599998235703 ], [ 2783815.979400001466274, 810581.222600001841784 ], [ 2783820.214599996805191, 810601.24379999935627 ], [ 2783855.554899998009205, 810628.392099998891354 ], [ 2783917.904200002551079, 810654.401700001209974 ], [ 2783957.487999998033047, 810682.860700000077486 ], [ 2783992.115599997341633, 810703.160500001162291 ], [ 2784033.935699999332428, 810744.464600000530481 ], [ 2784071.733599998056889, 810781.05009999871254 ], [ 2784091.418999999761581, 810801.784000001847744 ], [ 2784125.088100001215935, 810825.36879999935627 ], [ 2784156.5371999964118, 810833.126600001007318 ], [ 2784189.845899999141693, 810827.490499999374151 ], [ 2784268.611900001764297, 810815.407299999147654 ], [ 2784304.140600003302097, 810814.407900001853704 ], [ 2784345.698700003325939, 810816.881900001317263 ], [ 2784420.835699997842312, 810845.1114999987185 ], [ 2784484.962700001895428, 810875.741399999707937 ], [ 2784540.152199998497963, 810959.004900000989437 ], [ 2784561.353100001811981, 811003.643100000917912 ], [ 2784562.868600003421307, 811044.799699999392033 ], [ 2784578.695500001311302, 811145.495799999684095 ], [ 2784610.259300000965595, 811164.558499999344349 ], [ 2784633.278800003230572, 811196.105900000780821 ], [ 2784654.979400001466274, 811235.534000001847744 ], [ 2784677.990800000727177, 811273.659600000828505 ], [ 2784701.116800002753735, 811311.695000000298023 ], [ 2784733.540700003504753, 811330.512099999934435 ], [ 2784775.344499997794628, 811368.866999998688698 ], [ 2784787.14919999986887, 811409.138900000602007 ], [ 2784790.008199997246265, 811439.727800000458956 ], [ 2784775.680399999022484, 811468.268699999898672 ], [ 2784729.133400000631809, 811492.680900000035763 ], [ 2784710.521200001239777, 811543.774399999529123 ], [ 2784704.958800002932549, 811573.372099999338388 ], [ 2784755.6919, 811608.974500000476837 ], [ 2784800.002400003373623, 811664.319699998944998 ], [ 2784875.024700000882149, 811805.336800001561642 ], [ 2784900.534599997103214, 811827.004599999636412 ], [ 2784957.125, 811857.429699998348951 ], [ 2784976.70380000025034, 811938.170099999755621 ], [ 2784993.464699998497963, 811982.783700000494719 ], [ 2785027.912000000476837, 811998.651599999517202 ], [ 2785064.464699998497963, 811999.397100001573563 ], [ 2785089.786200001835823, 812006.835400000214577 ], [ 2785106.538800001144409, 812019.238099999725819 ], [ 2785149.759800001978874, 812044.821699999272823 ], [ 2785168.904500000178814, 812071.609499998390675 ], [ 2785194.5537, 812102.599899999797344 ], [ 2785213.313400000333786, 812107.957400001585484 ], [ 2785251.578199997544289, 812098.307300001382828 ], [ 2785271.968099996447563, 812081.849500000476837 ], [ 2785287.901500001549721, 812074.34569999948144 ], [ 2785297.396099999547005, 812076.246199999004602 ], [ 2785306.505599997937679, 812084.102299999445677 ], [ 2785320.284500002861023, 812091.974899999797344 ], [ 2785327.665500000119209, 812108.694699998944998 ], [ 2785330.131300002336502, 812134.270199999213219 ], [ 2785330.6228, 812177.556699998676777 ], [ 2785330.131300002336502, 812207.072500001639128 ], [ 2785467.412799999117851, 812294.947999998927116 ], [ 2785803.424099996685982, 812502.688999999314547 ], [ 2785774.530900001525879, 812542.723299998790026 ], [ 2785624.674699999392033, 812750.357700001448393 ], [ 2785496.674699999392033, 812928.418999999761581 ], [ 2785642.336599998176098, 813177.480399999767542 ], [ 2785803.178300000727177, 813381.584100000560284 ], [ 2785874.514300003647804, 813500.16330000013113 ], [ 2785869.713799998164177, 813549.413600001484156 ], [ 2785882.599799998104572, 813588.931800000369549 ], [ 2785886.2533999979496, 813624.444099999964237 ], [ 2785908.879699997603893, 813643.752599999308586 ], [ 2785934.160199999809265, 813711.254700001329184 ], [ 2785947.021700002253056, 813790.430399999022484 ], [ 2785963.495800003409386, 813891.708099998533726 ], [ 2785968.746799997985363, 813919.929499998688698 ], [ 2785949.405500002205372, 813957.6537000015378 ], [ 2785967.698299996554852, 814050.002099998295307 ], [ 2786062.962999999523163, 814107.550900001078844 ], [ 2786085.261699996888638, 814149.911800000816584 ], [ 2786110.501199997961521, 814203.602099999785423 ], [ 2786140.336499996483326, 814267.254000000655651 ], [ 2786073.932099997997284, 814302.028999999165535 ], [ 2786062.209399998188019, 814321.583299998193979 ], [ 2785966.649700000882149, 814386.04619999974966 ], [ 2785952.338299997150898, 814401.512600000947714 ], [ 2785917.645199999213219, 814401.193199999630451 ], [ 2785864.716600000858307, 814400.717999998480082 ], [ 2785898.795400001108646, 814423.40989999845624 ], [ 2785957.409100003540516, 814472.856800001114607 ], [ 2786008.453500002622604, 814528.070900000631809 ], [ 2786027.573600001633167, 814553.343199998140335 ], [ 2786047.02139999717474, 814580.917399998754263 ], [ 2786069.713200002908707, 814600.815799999982119 ], [ 2786135.503200002014637, 814635.631799999624491 ], [ 2786175.537500001490116, 814653.621399998664856 ], [ 2786182.697300001978874, 814656.791799999773502 ], [ 2786213.294399999082088, 814670.292199999094009 ], [ 2786275.275100000202656, 814710.973600000143051 ], [ 2786260.603200003504753, 814724.940999999642372 ], [ 2786238.239100001752377, 814737.851599998772144 ], [ 2786195.354000002145767, 814752.82660000026226 ], [ 2786178.2654, 814758.864100001752377 ], [ 2786167.525700002908707, 814763.3614999987185 ], [ 2786130.219400003552437, 814776.6570999994874 ], [ 2786120.978799998760223, 814776.550599999725819 ], [ 2786112.147799998521805, 814778.516699999570847 ], [ 2786107.355499997735023, 814780.687600001692772 ], [ 2786103.120200000703335, 814786.798799999058247 ], [ 2786088.276299998164177, 814810.375399999320507 ], [ 2786073.514300003647804, 814841.767099998891354 ], [ 2786059.792700000107288, 814861.984999999403954 ], [ 2786044.416400000452995, 814875.640999998897314 ], [ 2786018.144599996507168, 814889.288899999111891 ], [ 2786014.630199998617172, 814890.697900000959635 ], [ 2786009.780599996447563, 814894.474399998784065 ], [ 2785990.472000002861023, 814917.313700001686811 ], [ 2785984.713100001215935, 814926.619899999350309 ], [ 2785978.298699997365475, 814940.251299999654293 ], [ 2785962.119499996304512, 815055.332600001245737 ], [ 2786013.74549999833107, 815120.524500001221895 ], [ 2785978.372400000691414, 815143.052499998360872 ], [ 2785987.490099996328354, 815170.290899999439716 ], [ 2786043.269500002264977, 815299.142900001257658 ], [ 2786056.589699998497963, 815335.4087999984622 ], [ 2786069.205300003290176, 815376.983199998736382 ], [ 2786071.802199997007847, 815389.713599998503923 ], [ 2786090.275200001895428, 815415.772399999201298 ], [ 2786059.907399997115135, 815445.771499998867512 ], [ 2786041.770300000905991, 815419.23759999871254 ], [ 2786033.750399999320507, 815454.831799998879433 ], [ 2786066.91160000115633, 815498.691799998283386 ], [ 2786082.656599998474121, 815526.659299999475479 ], [ 2786097.42679999768734, 815553.2668999992311 ], [ 2786111.394100002944469, 815579.554999999701977 ], [ 2786125.459799997508526, 815604.417700000107288 ], [ 2786130.203000001609325, 815627.216099999845028 ], [ 2786139.353399999439716, 815641.732299998402596 ], [ 2786156.179799996316433, 815652.94709999859333 ], [ 2786196.451700001955032, 815667.021000001579523 ], [ 2786254.86879999935627, 815697.192099999636412 ], [ 2786311.614799998700619, 815713.821899998933077 ], [ 2786331.136399999260902, 815718.417599998414516 ], [ 2786338.181500002741814, 815711.290600001811981 ], [ 2786333.847900003194809, 815700.763900000602007 ], [ 2786334.86370000243187, 815697.036499999463558 ], [ 2786352.279899999499321, 815671.207100000232458 ], [ 2786364.117299996316433, 815671.452899999916553 ], [ 2786380.394799999892712, 815667.676399998366833 ], [ 2786429.292900003492832, 815641.937100000679493 ], [ 2786504.749399997293949, 815634.982099998742342 ], [ 2786516.291900001466274, 815635.358899999409914 ], [ 2786540.941699996590614, 815671.0760000012815 ], [ 2786558.267700001597404, 815704.925400000065565 ], [ 2786593.2804000005126, 815753.381099998950958 ], [ 2786621.591899998486042, 815790.925000000745058 ], [ 2786649.100599996745586, 815812.740299999713898 ], [ 2786650.591600000858307, 815825.691899999976158 ], [ 2786662.887800000607967, 815844.771000001579523 ], [ 2786687.570299997925758, 815862.998199999332428 ], [ 2786732.110200002789497, 815907.792100001126528 ], [ 2786797.810000002384186, 815958.5168999992311 ], [ 2786809.024899996817112, 815972.541600000113249 ], [ 2786841.26860000193119, 816010.626299999654293 ], [ 2786858.815800003707409, 816032.949499998241663 ], [ 2786874.962300002574921, 816051.127500001341105 ], [ 2786899.079499997198582, 816069.837999999523163 ], [ 2786930.250100001692772, 816101.008600000292063 ], [ 2786950.328699998557568, 816144.041200000792742 ], [ 2786956.579199999570847, 816179.012800000607967 ], [ 2786976.657799996435642, 816228.312300000339746 ], [ 2787018.821999996900558, 816319.939800001680851 ], [ 2787042.3412000015378, 816357.319899998605251 ], [ 2787078.443400003015995, 816419.333299998193979 ], [ 2787085.611400000751019, 816433.104100000113249 ], [ 2787134.8125, 816485.860599998384714 ], [ 2787163.369800001382828, 816516.539599999785423 ], [ 2787194.851700000464916, 816542.97520000115037 ], [ 2787216.757100000977516, 816570.557599999010563 ], [ 2787237.835100002586842, 816587.932900000363588 ], [ 2787273.322899997234344, 816616.367300000041723 ], [ 2787286.55290000140667, 816627.049699999392033 ], [ 2787319.402900002896786, 816638.969000000506639 ], [ 2787338.473800003528595, 816650.372299998998642 ], [ 2787369.955700002610683, 816682.1081000007689 ], [ 2787396.022600002586842, 816722.961599998176098 ], [ 2787434.221900001168251, 816793.699499998241663 ], [ 2787491.164499998092651, 816880.084199998527765 ], [ 2787497.529700003564358, 816904.217799998819828 ], [ 2787502.797200001776218, 816926.401700001209974 ], [ 2787507.032399997115135, 816955.081900000572205 ], [ 2787520.860500000417233, 816979.33839999884367 ], [ 2787533.459799997508526, 816999.474399998784065 ], [ 2787541.3733000010252, 817010.222300000488758 ], [ 2787551.916400000452995, 817010.934999998658895 ], [ 2787573.371200002729893, 817042.662599999457598 ], [ 2787579.113799996674061, 817053.779100000858307 ], [ 2787600.462200000882149, 817086.883000001311302 ], [ 2787618.337099999189377, 817104.692400000989437 ], [ 2787629.576499998569489, 817111.139499999582767 ], [ 2787646.1162, 817118.76630000025034 ], [ 2787667.251599997282028, 817128.907999999821186 ], [ 2787694.252400003373623, 817137.116399999707937 ], [ 2787724.603699997067451, 817148.2820999994874 ], [ 2787741.110600002110004, 817150.665899999439716 ], [ 2787752.980800002813339, 817149.682900000363588 ], [ 2787778.122100003063679, 817141.826799999922514 ], [ 2787808.022900000214577, 817142.375599998980761 ], [ 2787821.031800001859665, 817150.756000000983477 ], [ 2787833.860500000417233, 817157.522599998861551 ], [ 2787857.273199997842312, 817162.462400000542402 ], [ 2787922.88289999961853, 817168.254200000315905 ], [ 2787989.115199998021126, 817172.694200001657009 ], [ 2788014.141800001263618, 817169.974500000476837 ], [ 2788042.830200001597404, 817165.124800000339746 ], [ 2788085.059900000691414, 817164.60869999974966 ], [ 2788119.220600001513958, 817163.633900001645088 ], [ 2788198.986100003123283, 817178.97749999910593 ], [ 2788226.011500000953674, 817190.732999999076128 ], [ 2788247.155000001192093, 817203.414200000464916 ], [ 2788295.274899996817112, 817229.620400000363588 ], [ 2788301.369699999690056, 817241.384100001305342 ], [ 2788326.117700003087521, 817253.909699998795986 ], [ 2788363.88289999961853, 817263.912099998444319 ], [ 2788501.402000002563, 817286.096099998801947 ], [ 2788534.939999997615814, 817290.519799999892712 ], [ 2788564.963699996471405, 817293.9358000010252 ], [ 2788588.466499999165535, 817296.51630000025034 ], [ 2788623.511900000274181, 817296.082100000232458 ], [ 2788643.336499996483326, 817296.082100000232458 ], [ 2788661.154100000858307, 817313.15430000051856 ], [ 2788676.00620000064373, 817332.266199998557568 ], [ 2788720.677199997007847, 817336.681699998676777 ], [ 2788760.85080000013113, 817347.78999999910593 ], [ 2788770.468199998140335, 817349.674199998378754 ], [ 2788800.786799997091293, 817342.014699999243021 ], [ 2788820.996500000357628, 817341.080800000578165 ], [ 2788852.076899997889996, 817334.994100000709295 ], [ 2788884.427100002765656, 817314.66160000115633 ], [ 2788917.260600000619888, 817281.71339999884367 ], [ 2788930.941299997270107, 817264.297200001776218 ], [ 2788986.360200002789497, 817189.00450000166893 ], [ 2789091.627400003373623, 816996.058299999684095 ], [ 2789097.918799996376038, 816980.043000001460314 ], [ 2789154.435400001704693, 816924.189899999648333 ], [ 2789176.668499998748302, 816898.491599999368191 ], [ 2789203.751299999654293, 816903.693500000983477 ], [ 2789224.223099999129772, 816907.101399999111891 ], [ 2789237.772600002586842, 816910.967999998480082 ], [ 2789282.631999999284744, 816928.154800001531839 ], [ 2789293.584700003266335, 816927.769799999892712 ], [ 2789333.160300001502037, 816909.001899998635054 ], [ 2789352.591700002551079, 816917.095600001513958 ], [ 2789397.189000003039837, 816916.579500000923872 ], [ 2789493.23200000077486, 816937.370799999684095 ], [ 2789534.95380000025034, 816958.6864 ], [ 2789583.581500001251698, 816995.599599998444319 ], [ 2789591.535999998450279, 817023.665399998426437 ], [ 2789613.29389999806881, 817051.436200000345707 ], [ 2789633.708400003612041, 817073.013999998569489 ], [ 2789674.652000002563, 817097.065699998289347 ], [ 2789827.350900001823902, 817174.766800001263618 ], [ 2789888.971100002527237, 817224.262899998575449 ], [ 2790025.892200000584126, 817360.1435999982059 ], [ 2790050.918799996376038, 817417.782499998807907 ], [ 2790081.564999997615814, 817439.614199999719858 ], [ 2790095.999300003051758, 817459.22580000013113 ], [ 2790125.162900000810623, 817514.210499998182058 ], [ 2790192.091499999165535, 817550.083299998193979 ], [ 2790236.156300000846386, 817570.0636 ], [ 2790280.270199999213219, 817577.518300000578165 ], [ 2790321.353100001811981, 817593.705699998885393 ], [ 2790359.372100003063679, 817630.881000000983477 ], [ 2790493.557099997997284, 817693.525199998170137 ], [ 2790544.175499998033047, 817720.100000001490116 ], [ 2790594.17119999974966, 817720.83729999884963 ], [ 2790635.401600003242493, 817715.471599999815226 ], [ 2790648.041799999773502, 817723.638999998569489 ], [ 2790848.803199999034405, 817807.820000000298023 ], [ 2790860.607799999415874, 817824.056499999016523 ], [ 2790845.378899998962879, 817854.825699999928474 ], [ 2790952.030599996447563, 817898.267900001257658 ], [ 2790969.045299999415874, 817904.010400000959635 ], [ 2791022.064000003039837, 817935.459499999880791 ], [ 2791039.07880000025034, 817947.165899999439716 ], [ 2791076.925800003111362, 817962.026200000196695 ], [ 2791115.788599997758865, 817971.905699998140335 ], [ 2791149.71169999986887, 817978.516699999570847 ], [ 2791213.1587999984622, 817985.725600000470877 ], [ 2791281.627499997615814, 817995.343100000172853 ], [ 2791360.778599999845028, 817994.409200001507998 ], [ 2791377.260899998247623, 817997.890799999237061 ], [ 2791436.005699999630451, 818047.534299999475479 ], [ 2791505.432899996638298, 818069.398699998855591 ], [ 2791543.255400002002716, 818075.370700001716614 ], [ 2791583.289700001478195, 818083.972300000488758 ], [ 2791595.012500002980232, 818097.186000000685453 ], [ 2791604.752700001001358, 818113.315999999642372 ], [ 2791619.0641999989748, 818129.806499999016523 ], [ 2791645.786499999463558, 818143.470800001174212 ], [ 2791669.887299999594688, 818142.127300001680851 ], [ 2791694.750100001692772, 818145.608899999409914 ], [ 2791708.61089999973774, 818150.409400001168251 ], [ 2791744.827799998223782, 818169.488600000739098 ], [ 2791757.12389999628067, 818194.556099999696016 ], [ 2791762.94030000269413, 818211.398899998515844 ], [ 2791772.262800000607967, 818243.298500001430511 ], [ 2791791.317400000989437, 818258.953400000929832 ], [ 2791818.596699997782707, 818274.190499998629093 ], [ 2791829.156199999153614, 818276.861099999397993 ], [ 2791864.684900000691414, 818281.448699999600649 ], [ 2791896.863099999725819, 818282.038499999791384 ], [ 2791929.196900002658367, 818291.295400001108646 ], [ 2791974.351199999451637, 818295.243999999016523 ], [ 2792083.968400001525879, 818265.130199998617172 ], [ 2792111.468900002539158, 818271.54450000077486 ], [ 2792200.70440000295639, 818261.697700001299381 ], [ 2792274.9485, 818310.046900000423193 ], [ 2792325.419399999082088, 818338.071800000965595 ], [ 2792352.412000000476837, 818363.74549999833107 ], [ 2792383.238499999046326, 818387.870900001376867 ], [ 2792447.275399997830391, 818421.073100000619888 ], [ 2792496.165200002491474, 818447.93470000103116 ], [ 2792520.175999999046326, 818448.909499999135733 ], [ 2792551.584100000560284, 818447.541499998420477 ], [ 2792586.907999999821186, 818443.568300001323223 ], [ 2792558.162299998104572, 818392.409299999475479 ], [ 2792517.423500001430511, 818323.006700001657009 ] ] ] ] } },
{ "type": "Feature", "properties": { "CVE_ENT": "09", "CVE_MUN": "007", "NOM_MUN": "Iztapalapa", "OID": 2116 }, "geometry": { "type": "MultiPolygon", "coordinates": [ [ [ [ 2815117.046099998056889, 822172.427499998360872 ], [ 2815122.772299997508526, 822122.054900001734495 ], [ 2815111.467399999499321, 822087.730399999767542 ], [ 2815017.292199999094009, 821639.603399999439716 ], [ 2814958.760300002992153, 821387.715799998492002 ], [ 2814887.72749999910593, 821238.768800001591444 ], [ 2814859.645300000905991, 821215.880399998277426 ], [ 2814849.872299998998642, 821184.791799999773502 ], [ 2814849.872299998998642, 821137.8597999997437 ], [ 2814880.354699999094009, 821106.541799999773502 ], [ 2814935.937399998307228, 821055.59569999948144 ], [ 2815179.649400003254414, 820849.198300000280142 ], [ 2815540.539800003170967, 820501.406899999827147 ], [ 2815926.596000000834465, 820124.419300001114607 ], [ 2816245.969300001859665, 819817.202899999916553 ], [ 2816535.531900003552437, 819533.489399999380112 ], [ 2816641.413500003516674, 819407.062199998646975 ], [ 2816711.65990000218153, 819288.130800001323223 ], [ 2816788.361599996685982, 819158.320300001651049 ], [ 2816894.193999998271465, 818993.464499998837709 ], [ 2817018.179999999701977, 818852.193500000983477 ], [ 2817182.208400003612041, 818712.651000000536442 ], [ 2817305.32599999755621, 818613.413100000470877 ], [ 2817420.398999996483326, 818513.904800001531839 ], [ 2817808.839000001549721, 818179.892400000244379 ], [ 2818120.4463, 817918.756000000983477 ], [ 2818498.908500000834465, 817596.974300000816584 ], [ 2817885.753700003027916, 817623.508200000971556 ], [ 2817663.726000003516674, 817617.912999998778105 ], [ 2817598.837099999189377, 817507.026099998503923 ], [ 2817550.848399996757507, 817547.601100001484156 ], [ 2817465.348499998450279, 817547.879599999636412 ], [ 2817428.861299999058247, 817539.646699998527765 ], [ 2817416.04900000244379, 817533.609200000762939 ], [ 2817402.1554000005126, 817528.653000000864267 ], [ 2817390.612899996340275, 817528.653000000864267 ], [ 2817379.471699997782707, 817533.822200000286102 ], [ 2817369.125200003385544, 817540.973799999803305 ], [ 2817359.974799998104572, 817550.517499998211861 ], [ 2817353.208200000226498, 817560.855799999088049 ], [ 2817350.422899998724461, 817571.194099999964237 ], [ 2817349.25959999859333, 817580.737700000405312 ], [ 2817004.401000000536442, 817597.703400000929832 ], [ 2816940.069200001657009, 817593.73030000180006 ], [ 2816875.401600003242493, 817515.439300000667572 ], [ 2816788.935000002384186, 817515.807900000363588 ], [ 2816772.952399998903275, 817468.974300000816584 ], [ 2816742.781300000846386, 817481.745600000023842 ], [ 2816762.835299998521805, 817529.062600001692772 ], [ 2816723.784100003540516, 817543.005399998277426 ], [ 2816714.740099996328354, 817492.378800000995398 ], [ 2816673.821099996566772, 817508.844700001180172 ], [ 2816656.413099996745586, 817515.857099998742342 ], [ 2816668.201300002634525, 817548.436700001358986 ], [ 2816639.119699999690056, 817552.893100000917912 ], [ 2816619.229599997401237, 817474.602200001478195 ], [ 2816603.558300003409386, 817473.471700001507998 ], [ 2816592.605599999427795, 817395.172600001096725 ], [ 2816517.960100002586842, 817399.596200000494719 ], [ 2816484.520300000905991, 817401.578699998557568 ], [ 2816430.641500003635883, 817415.120099999010563 ], [ 2816423.604599997401237, 817419.609299998730421 ], [ 2816388.796800002455711, 817473.152199998497963 ], [ 2816493.27759999781847, 817605.018800001591444 ], [ 2816462.786899998784065, 817638.442200001329184 ], [ 2816355.365199998021126, 817641.424100000411272 ], [ 2815463.8462999984622, 817666.131099998950958 ], [ 2815460.438400000333786, 817666.2212999984622 ], [ 2815091.839400000870228, 817676.436700001358986 ], [ 2815081.582999996840954, 817676.723400000482798 ], [ 2814815.58049999922514, 817684.104400001466274 ], [ 2814564.1925999969244, 817691.067600000649691 ], [ 2814503.317900002002716, 817692.755100000649691 ], [ 2814209.421700000762939, 817700.91440000012517 ], [ 2813564.711300000548363, 817470.727400001138449 ], [ 2813435.531599998474121, 817424.622800000011921 ], [ 2813368.635799996554852, 817400.743099998682737 ], [ 2812400.603500001132488, 817055.212699998170137 ], [ 2812395.360600002110004, 817053.336800001561642 ], [ 2811995.722099997103214, 816910.640299998223782 ], [ 2811647.660400003194809, 816786.36769999936223 ], [ 2811585.892700001597404, 816766.559399999678135 ], [ 2810716.729699999094009, 816487.752900000661612 ], [ 2810559.205799996852875, 816437.322999998927116 ], [ 2810442.469800002872944, 816399.951099999248981 ], [ 2810392.932700000703335, 816384.091299999505281 ], [ 2810319.303000003099442, 816360.514800000935793 ], [ 2810303.492499999701977, 816352.666799999773502 ], [ 2810286.281099997460842, 816327.189699999988079 ], [ 2810268.471699997782707, 816293.479600001126528 ], [ 2810259.697999998927116, 816276.874400001019239 ], [ 2810229.027199998497963, 816240.116900000721216 ], [ 2810201.862499997019768, 816260.5641999989748 ], [ 2810170.7820999994874, 816285.631700001657009 ], [ 2810135.679399996995926, 816319.75959999859333 ], [ 2810023.481700003147125, 816213.378299999982119 ], [ 2810009.915799997746944, 816199.132399998605251 ], [ 2810000.80629999935627, 816205.440200001001358 ], [ 2809985.823100000619888, 816184.878299999982119 ], [ 2809981.735299997031689, 816182.617300000041723 ], [ 2809961.230700001120567, 816155.419900000095367 ], [ 2809956.774300001561642, 816149.292199999094009 ], [ 2809939.284299999475479, 816125.576400000602007 ], [ 2809926.996299996972084, 816109.421799998730421 ], [ 2809917.296999998390675, 816096.060600001364946 ], [ 2809900.388700000941753, 816074.597600001841784 ], [ 2809896.063400000333786, 816070.599899999797344 ], [ 2809871.692199997603893, 816042.771699998527765 ], [ 2809847.419299997389317, 816011.609299998730421 ], [ 2809821.901199996471405, 815978.546399999409914 ], [ 2809807.843699999153614, 815964.587200000882149 ], [ 2809669.693800002336502, 816067.421399999409914 ], [ 2809657.954700000584126, 816053.306600000709295 ], [ 2809642.029399998486042, 816084.731100000441074 ], [ 2809577.869699999690056, 815996.46229999884963 ], [ 2809505.13289999961853, 815898.027199998497963 ], [ 2809476.624799996614456, 815919.154399998486042 ], [ 2809445.134700000286102, 815940.551899999380112 ], [ 2809441.710500001907349, 815943.058600001037121 ], [ 2809418.42059999704361, 815960.040699999779463 ], [ 2809406.624099999666214, 815968.740600001066923 ], [ 2809380.524400003254414, 815986.869500000029802 ], [ 2809374.298500001430511, 815992.759500000625849 ], [ 2809341.51410000026226, 816016.2787000015378 ], [ 2809218.28999999910593, 815845.000399999320507 ], [ 2809198.490000002086163, 815859.295400001108646 ], [ 2809187.570000000298023, 815866.660000000149012 ], [ 2809178.722699999809265, 815871.763700000941753 ], [ 2809131.602300003170967, 815902.655699998140335 ], [ 2809101.537699997425079, 815923.012800000607967 ], [ 2809091.707299999892712, 815929.222300000488758 ], [ 2809082.138999998569489, 815935.964400000870228 ], [ 2809061.126500003039837, 815950.005499999970198 ], [ 2809038.295400001108646, 815965.824200000613928 ], [ 2808932.372900001704693, 815810.3564000017941 ], [ 2808817.12780000269413, 815653.962999999523163 ], [ 2808655.778200000524521, 815774.532800000160933 ], [ 2808637.288800001144409, 815749.498100001364946 ], [ 2808606.970200002193451, 815709.570300001651049 ], [ 2808577.585500001907349, 815670.084800001233816 ], [ 2808547.733900003135204, 815629.919399999082088 ], [ 2808427.860299997031689, 815469.978799998760223 ], [ 2808280.682899996638298, 815271.142599999904633 ], [ 2808179.028300002217293, 815136.22859999909997 ], [ 2808125.231499999761581, 815061.329100001603365 ], [ 2808057.884999997913837, 815088.133299998939037 ], [ 2808018.743699997663498, 815104.271600000560284 ], [ 2807832.43299999833107, 815164.376299999654293 ], [ 2807755.518299996852875, 815191.278799999505281 ], [ 2807726.289300002157688, 815098.217700000852346 ], [ 2807715.737999998033047, 815062.090999998152256 ], [ 2807694.578000001609325, 814998.799600001424551 ], [ 2807682.01969999819994, 814954.095800001174212 ], [ 2807663.849799998104572, 814894.310600001364946 ], [ 2807649.915299996733665, 814855.079100001603365 ], [ 2807648.309600003063679, 814847.419599998742342 ], [ 2807621.595499999821186, 814744.044700000435114 ], [ 2807642.747299998998642, 814687.225000001490116 ], [ 2807661.580700002610683, 814636.246199999004602 ], [ 2807664.45610000193119, 814625.613000001758337 ], [ 2807712.289099998772144, 814513.456300001591444 ], [ 2807751.283100001513958, 814423.549100000411272 ], [ 2807770.550599999725819, 814395.720899999141693 ], [ 2807818.21169999986887, 814332.95380000025034 ], [ 2807836.528999999165535, 814305.912000000476837 ], [ 2807850.242399998009205, 814273.864900000393391 ], [ 2807857.090899996459484, 814221.26410000026226 ], [ 2807860.474200002849102, 814209.71339999884367 ], [ 2807869.862300001084805, 814166.885600000619888 ], [ 2807874.73650000244379, 814149.371100001037121 ], [ 2807876.931999996304512, 814142.350499998778105 ], [ 2807880.782200001180172, 814128.325800001621246 ], [ 2807883.026799999177456, 814121.026799999177456 ], [ 2807888.572800002992153, 814097.958099998533726 ], [ 2807889.391999997198582, 814095.017200000584126 ], [ 2807913.451899997889996, 814004.724899999797344 ], [ 2807919.808899998664856, 813976.724700000137091 ], [ 2807928.410499997437, 813957.153999999165535 ], [ 2807939.174800001084805, 813947.602099999785423 ], [ 2807945.924999997019768, 813942.129900000989437 ], [ 2807957.918099999427795, 813933.331700000911951 ], [ 2807971.705200001597404, 813922.27250000089407 ], [ 2807974.38400000333786, 813918.29109999909997 ], [ 2807974.121799997985363, 813863.814300000667572 ], [ 2807972.7128000035882, 813810.681000001728535 ], [ 2807971.0253000035882, 813763.011799998581409 ], [ 2807964.406099997460842, 813749.437600001692772 ], [ 2807925.281099997460842, 813702.538400001823902 ], [ 2807882.813799999654293, 813651.789000000804663 ], [ 2807850.750299997627735, 813611.861200001090765 ], [ 2807789.154700003564358, 813541.54109999909997 ], [ 2807778.201999999582767, 813527.950500000268221 ], [ 2807702.909299999475479, 813444.187300000339746 ], [ 2807626.969499997794628, 813360.604400001466274 ], [ 2807591.268700003623962, 813322.011799998581409 ], [ 2807576.359300002455711, 813304.079599998891354 ], [ 2807557.6897, 813282.469099998474121 ], [ 2807549.989200003445148, 813273.253100000321865 ], [ 2807528.378700003027916, 813254.321400001645088 ], [ 2807521.890699997544289, 813246.555300001055002 ], [ 2807503.9912, 813229.1064000017941 ], [ 2807487.32039999961853, 813209.314500000327826 ], [ 2807453.151600003242493, 813170.0011 ], [ 2807420.694899998605251, 813136.888999998569489 ], [ 2807416.205700002610683, 813131.998399998992682 ], [ 2807402.11540000140667, 813115.016399998217821 ], [ 2807384.191299997270107, 813095.150800000876188 ], [ 2807363.80969999730587, 813072.049400001764297 ], [ 2807343.280500002205372, 813048.997099999338388 ], [ 2807327.641999997198582, 813029.778599999845028 ], [ 2807311.307099997997284, 813011.936500001698732 ], [ 2807309.283699996769428, 813007.783100001513958 ], [ 2807290.450300000607967, 812985.148600000888109 ], [ 2807271.666000001132488, 812962.039000000804663 ], [ 2807262.794100001454353, 812950.193399999290705 ], [ 2807255.609700001776218, 812939.936999998986721 ], [ 2807236.8091000020504, 812917.531800001859665 ], [ 2807220.973899997770786, 812899.361999999731779 ], [ 2807199.666500002145767, 812872.336599998176098 ], [ 2807184.527699999511242, 812887.074000000953674 ], [ 2807105.409400001168251, 812964.070599999278784 ], [ 2806945.640799999237061, 813111.952599998563528 ], [ 2806873.616800002753735, 813179.454700000584126 ], [ 2806854.463899999856949, 813195.887800000607967 ], [ 2806773.846400000154972, 813251.904699999839067 ], [ 2806677.885300002992153, 813315.556600000709295 ], [ 2806621.499799996614456, 813354.61600000038743 ], [ 2806609.949000000953674, 813363.774700000882149 ], [ 2806559.805799998342991, 813401.982200000435114 ], [ 2806549.483900003135204, 813412.041900001466274 ], [ 2806533.042499996721745, 813429.417199999094009 ], [ 2806447.690099999308586, 813534.741700001060963 ], [ 2806367.539599999785423, 813631.718600001186132 ], [ 2806281.204099997878075, 813739.074799999594688 ], [ 2806193.09910000115633, 813845.406899999827147 ], [ 2806109.851999998092651, 813948.896499998867512 ], [ 2806051.361100003123283, 814021.616799999028444 ], [ 2805883.883900001645088, 814222.828699998557568 ], [ 2805777.084799997508526, 814353.687800001353025 ], [ 2805682.966899998486042, 814469.547200001776218 ], [ 2805665.026399999856949, 814491.640999998897314 ], [ 2805505.225100003182888, 814690.673900000751019 ], [ 2805369.033100001513958, 814853.940400000661612 ], [ 2805268.484499998390675, 814978.909400001168251 ], [ 2805267.321199998259544, 814981.801199998706579 ], [ 2805239.034199997782707, 815012.603100001811981 ], [ 2805217.685900002717972, 815036.638399999588728 ], [ 2805163.9054000005126, 815085.708500001579523 ], [ 2805143.359899997711182, 815114.011900000274181 ], [ 2805116.006800003349781, 815149.663400001823902 ], [ 2805089.292700000107288, 815178.040500000119209 ], [ 2805049.586000002920628, 815223.342300001531839 ], [ 2805024.756099998950958, 815259.288800001144409 ], [ 2804983.828900001943111, 815320.179900001734495 ], [ 2804970.492299996316433, 815343.895799998193979 ], [ 2804964.700499996542931, 815353.144499998539686 ], [ 2804912.3618, 815409.923300001770258 ], [ 2804892.17679999768734, 815432.484000001102686 ], [ 2804869.484899997711182, 815468.291299998760223 ], [ 2804796.019100002944469, 815553.340599998831749 ], [ 2804760.187299996614456, 815598.650600001215935 ], [ 2804739.551600001752377, 815623.857400000095367 ], [ 2804707.144100002944469, 815665.800400000065565 ], [ 2804670.476700000464916, 815710.135499998927116 ], [ 2804646.752599999308586, 815739.684000000357628 ], [ 2804602.499399997293949, 815794.922699999064207 ], [ 2804523.749700002372265, 815888.778400000184774 ], [ 2804509.602200001478195, 815911.036100000143051 ], [ 2804426.199400000274181, 816011.166900001466274 ], [ 2804328.4934, 816132.629700001329184 ], [ 2804232.081799998879433, 816256.427200000733137 ], [ 2804159.918499998748302, 816352.724199999123812 ], [ 2804129.599899999797344, 816392.955099999904633 ], [ 2804060.737899996340275, 816492.364999998360872 ], [ 2804034.072899997234344, 816536.96229999884963 ], [ 2804019.696000002324581, 816571.991200000047684 ], [ 2803985.07660000026226, 816746.931400001049042 ], [ 2803980.562799997627735, 816775.423200000077486 ], [ 2803971.338600002229214, 816803.93129999935627 ], [ 2803961.352600000798702, 816823.960799999535084 ], [ 2803890.852200001478195, 816912.999600000679493 ], [ 2803851.694399997591972, 816956.032200001180172 ], [ 2803821.531499996781349, 816986.735800001770258 ], [ 2803795.669399999082088, 817012.622499998658895 ], [ 2803773.370700001716614, 817029.596400000154972 ], [ 2803756.8147, 817041.048799999058247 ], [ 2803740.848499998450279, 817051.395300000905991 ], [ 2803704.328599996864796, 817075.3733000010252 ], [ 2803639.36599999666214, 817114.490100000053644 ], [ 2803589.820799998939037, 817142.695099998265505 ], [ 2803518.124399997293949, 817181.115600001066923 ], [ 2803479.769500002264977, 817199.187100000679493 ], [ 2803462.132100000977516, 817208.378600001335144 ], [ 2803443.265900000929832, 817222.599899999797344 ], [ 2803433.099600002169609, 817230.513399999588728 ], [ 2803363.721600003540516, 817294.935199998319149 ], [ 2803332.919699996709824, 817324.721400000154972 ], [ 2803301.306699998676777, 817356.670200001448393 ], [ 2803275.977099999785423, 817384.252599999308586 ], [ 2803261.518200002610683, 817403.053300000727177 ], [ 2803241.89019999653101, 817426.826400000602007 ], [ 2803214.872900001704693, 817454.3761 ], [ 2803181.793600000441074, 817490.076900001615286 ], [ 2803137.499499998986721, 817536.378100000321865 ], [ 2803111.039300002157688, 817564.501200001686811 ], [ 2803095.548299998044968, 817578.230999998748302 ], [ 2803079.999899998307228, 817595.335900001227856 ], [ 2803040.08839999884367, 817647.346900001168251 ], [ 2802984.808799996972084, 817735.29619999974966 ], [ 2802930.168200001120567, 817819.043000001460314 ], [ 2802891.1824000030756, 817880.859900001436472 ], [ 2802856.178000003099442, 817929.34010000154376 ], [ 2802846.265699997544289, 817945.99439999833703 ], [ 2802837.361000001430511, 817968.293099999427795 ], [ 2802825.785700000822544, 818010.776799999177456 ], [ 2802820.36259999871254, 818028.094700001180172 ], [ 2802815.58669999986887, 818041.259199999272823 ], [ 2802810.237300001084805, 818054.866099998354912 ], [ 2802804.896099999547005, 818068.243700001388788 ], [ 2802796.753300003707409, 818080.777399998158216 ], [ 2802788.118900001049042, 818090.157299999147654 ], [ 2802780.016999997198582, 818100.667599998414516 ], [ 2802768.581000000238419, 818109.990100000053644 ], [ 2802757.136799998581409, 818118.747299998998642 ], [ 2802739.515799999237061, 818127.373500000685453 ], [ 2802708.476300001144409, 818143.667399998754263 ], [ 2802696.46679999679327, 818149.999800000339746 ], [ 2802679.714199997484684, 818158.847199998795986 ], [ 2802663.223700001835823, 818170.19310000166297 ], [ 2802642.604400001466274, 818184.83219999819994 ], [ 2802615.849299997091293, 818209.391800001263618 ], [ 2802584.793499998748302, 818244.527300000190735 ], [ 2802554.532200001180172, 818290.476199999451637 ], [ 2802497.753499999642372, 818376.492199998348951 ], [ 2802491.314499996602535, 818390.631599999964237 ], [ 2802462.527900002896786, 818437.227699998766184 ], [ 2802428.719499997794628, 818509.653200000524521 ], [ 2802408.886600002646446, 818544.010400000959635 ], [ 2802394.632600001990795, 818584.945900000631809 ], [ 2802389.111199997365475, 818610.30009999871254 ], [ 2802381.41889999806881, 818653.52930000051856 ], [ 2802375.741800002753735, 818685.428899999707937 ], [ 2802366.050700001418591, 818737.718499999493361 ], [ 2802362.085699997842312, 818769.593499999493361 ], [ 2802352.460100002586842, 818825.839800000190735 ], [ 2802342.728000000119209, 818885.911800000816584 ], [ 2802336.526699997484684, 818924.315900001674891 ], [ 2802330.677599996328354, 818952.692899998277426 ], [ 2802327.450000002980232, 818964.980900000780821 ], [ 2802319.380800001323223, 818984.699099998921156 ], [ 2802257.244499996304512, 819122.988200001418591 ], [ 2802236.158299997448921, 819170.223299998790026 ], [ 2802205.233499996364117, 819239.511199999600649 ], [ 2802187.88289999961853, 819268.77309999987483 ], [ 2802174.406999997794628, 819283.739900000393391 ], [ 2802135.519599996507168, 819332.089000001549721 ], [ 2802117.374300003051758, 819358.614700000733137 ], [ 2802083.328400000929832, 819418.539200000464916 ], [ 2802045.350299999117851, 819488.507100000977516 ], [ 2802024.255900003015995, 819527.927000001072884 ], [ 2802010.026399999856949, 819554.518199998885393 ], [ 2801990.398299999535084, 819591.201999999582767 ], [ 2801935.290700003504753, 819685.03319999948144 ], [ 2801870.893399998545647, 819781.633200000971556 ], [ 2801795.854699999094009, 819898.393800001591444 ], [ 2801775.235399998724461, 819928.155299998819828 ], [ 2801746.735500000417233, 819969.279199998825788 ], [ 2801714.614600002765656, 820015.62950000166893 ], [ 2801702.14639999717474, 820033.619199998676777 ], [ 2801695.347099997103214, 820037.77250000089407 ], [ 2801679.397200003266335, 820042.499299999326468 ], [ 2801678.504299998283386, 820055.26240000128746 ], [ 2801676.358000002801418, 820069.942499998956919 ], [ 2801673.55629999935627, 820086.457600001245737 ], [ 2801670.287699997425079, 820101.850299999117851 ], [ 2801662.390600003302097, 820123.133099999278784 ], [ 2801655.222599998116493, 820140.713199999183416 ], [ 2801642.778999999165535, 820171.326699998229742 ], [ 2801624.903999999165535, 820223.304900001734495 ], [ 2801588.711800001561642, 820335.699200000613928 ], [ 2801567.347099997103214, 820399.293600000441074 ], [ 2801551.6184, 820478.067899998277426 ], [ 2801515.671899996697903, 820735.624400001019239 ], [ 2801503.646099999547005, 820806.231199998408556 ], [ 2801451.790700003504753, 820810.38459999859333 ], [ 2801401.7949, 820814.202100001275539 ], [ 2801334.456699997186661, 820820.149500001221895 ], [ 2801314.648400001227856, 820821.861600000411272 ], [ 2801225.961800001561642, 820830.348499998450279 ], [ 2801175.228799998760223, 820835.026099998503923 ], [ 2801122.160999998450279, 820839.949499998241663 ], [ 2801092.84179999679327, 820843.234499998390675 ], [ 2801070.412100002169609, 820845.536499999463558 ], [ 2801050.644799999892712, 820847.502500001341105 ], [ 2801020.875100001692772, 820850.132199998944998 ], [ 2801004.425599999725819, 820852.073699999600649 ], [ 2800958.763400003314018, 820856.390900000929832 ], [ 2800915.951999999582767, 820860.609700001776218 ], [ 2800908.775799997150898, 820861.388000000268221 ], [ 2800881.414499998092651, 820864.345300000160933 ], [ 2800841.388400003314018, 820867.810499999672174 ], [ 2800830.083400003612041, 820868.793600000441074 ], [ 2800798.216600000858307, 820872.021200001239777 ], [ 2800775.45099999755621, 820874.339499998837709 ], [ 2800754.807199999690056, 820876.018899999558926 ], [ 2800723.0713, 820878.599399998784065 ], [ 2800711.405900001525879, 820879.565999999642372 ], [ 2800675.770700000226498, 820882.531500000506639 ], [ 2800625.889600001275539, 820888.323300000280142 ], [ 2800567.54619999974966, 820893.492400001734495 ], [ 2800561.459600001573563, 820893.517000000923872 ], [ 2800541.102399997413158, 820859.184300001710653 ], [ 2800521.408900000154972, 820821.935300000011921 ], [ 2800515.936599999666214, 820812.96510000154376 ], [ 2800510.832999996840954, 820803.470499999821186 ], [ 2800496.80009999871254, 820781.46680000051856 ], [ 2800481.898900002241135, 820759.864500001072884 ], [ 2800450.285899996757507, 820725.86769999936223 ], [ 2800435.229000002145767, 820712.531199999153614 ], [ 2800403.558799996972084, 820688.209100000560284 ], [ 2800379.253100000321865, 820675.290300000458956 ], [ 2800360.100199997425079, 820665.107700001448393 ], [ 2800315.699600003659725, 820646.593699999153614 ], [ 2800295.98139999806881, 820639.917300000786781 ], [ 2800272.24099999666214, 820632.63459999859333 ], [ 2800248.656199999153614, 820627.334399998188019 ], [ 2800209.064300000667572, 820625.417399998754263 ], [ 2800088.625500001013279, 820629.54619999974966 ], [ 2799968.293200001120567, 820635.640999998897314 ], [ 2799843.299699999392033, 820643.267799999564886 ], [ 2799629.57039999961853, 820653.229299999773502 ], [ 2799633.379699997603893, 820673.389800000935793 ], [ 2799636.009300000965595, 820688.659699998795986 ], [ 2799643.144599996507168, 820725.605599999427795 ], [ 2799665.7871999964118, 820846.486699998378754 ], [ 2799709.80290000140667, 821080.237300001084805 ], [ 2799738.212700001895428, 821229.58559999987483 ], [ 2799751.508299998939037, 821300.208799999207258 ], [ 2799763.960199996829033, 821365.712099999189377 ], [ 2799777.378700003027916, 821436.703999999910593 ], [ 2799802.536300003528595, 821571.626200001686811 ], [ 2799827.317100003361702, 821704.451299998909235 ], [ 2799879.909699998795986, 821984.94539999961853 ], [ 2799902.118299998342991, 822096.348400000482798 ], [ 2799942.365599997341633, 822320.22749999910593 ], [ 2799967.744400002062321, 822455.7314000017941 ], [ 2799987.790200002491474, 822562.759899999946356 ], [ 2800009.679200001060963, 822676.866300001740456 ], [ 2800017.1503000035882, 822715.802799999713898 ], [ 2800030.224799998104572, 822783.517900001257658 ], [ 2800038.408600002527237, 822822.978799998760223 ], [ 2800063.074699997901917, 822946.342099998146296 ], [ 2800090.558799996972084, 822954.19819999858737 ], [ 2800184.996200002729893, 822964.667599998414516 ], [ 2800217.796999998390675, 822962.185400001704693 ], [ 2800317.125, 822954.4358000010252 ], [ 2800363.376999996602535, 822950.348000001162291 ], [ 2800410.915200002491474, 822946.104499999433756 ], [ 2800530.944399997591972, 822935.1435999982059 ], [ 2800561.910099998116493, 822931.907800000160933 ], [ 2800596.668799996376038, 822928.770300000905991 ], [ 2800652.161399997770786, 822923.117800001055002 ], [ 2800848.425300002098083, 822892.258499998599291 ], [ 2800889.000299997627735, 822885.647599998861551 ], [ 2800956.043600000441074, 822874.08049999922514 ], [ 2801002.008900001645088, 822866.035900000482798 ], [ 2801043.386699996888638, 822858.925299998372793 ], [ 2801096.503700003027916, 822849.68470000103116 ], [ 2801141.23200000077486, 822841.787599999457598 ], [ 2801191.383400000631809, 822833.153200000524521 ], [ 2801205.162399999797344, 822831.088799998164177 ], [ 2801242.6162, 822824.27309999987483 ], [ 2801252.864399999380112, 822822.92960000038147 ], [ 2801294.954899996519089, 822815.204599998891354 ], [ 2801336.955200001597404, 822807.930100001394749 ], [ 2801390.5801, 822799.221999999135733 ], [ 2801401.033100001513958, 822797.1739999987185 ], [ 2801416.548699997365475, 822794.151099998503923 ], [ 2801407.406400002539158, 823018.530000001192093 ], [ 2801399.443800002336502, 823291.528400000184774 ], [ 2801405.276500001549721, 823437.837499998509884 ], [ 2801409.503600001335144, 823544.218800000846386 ], [ 2801540.600199997425079, 823538.754799999296665 ], [ 2801566.405000001192093, 823537.681600000709295 ], [ 2801603.342699997127056, 823536.207100000232458 ], [ 2801615.417700000107288, 823535.633600000292063 ], [ 2801644.417400002479553, 823534.511300001293421 ], [ 2801677.013400003314018, 823533.16780000180006 ], [ 2801720.840599998831749, 823531.357400000095367 ], [ 2801748.406599998474121, 823530.218699999153614 ], [ 2801782.182300001382828, 823528.678599998354912 ], [ 2801821.348200000822544, 823526.605999998748302 ], [ 2801879.847300000488758, 823523.509500000625849 ], [ 2801890.275700002908707, 823522.952399998903275 ], [ 2801902.571900002658367, 823525.262499999254942 ], [ 2801931.735399998724461, 823526.032600000500679 ], [ 2801950.527900002896786, 823524.164799999445677 ], [ 2801980.748099997639656, 823522.223299998790026 ], [ 2801996.059000000357628, 823521.232099998742342 ], [ 2802025.640299998223782, 823519.331500001251698 ], [ 2802037.420400001108646, 823518.577899999916553 ], [ 2802060.947800002992153, 823517.070500001311302 ], [ 2802072.9983000010252, 823516.292300000786781 ], [ 2802095.452500000596046, 823514.236099999397993 ], [ 2802108.207500003278255, 823512.704199999570847 ], [ 2802120.601999998092651, 823511.671999998390675 ], [ 2802140.713299997150898, 823509.370099999010563 ], [ 2802149.421400003135204, 823508.731100000441074 ], [ 2802168.123800002038479, 823506.822399999946356 ], [ 2802178.118000000715256, 823505.552600000053644 ], [ 2802206.486900001764297, 823502.65260000154376 ], [ 2802244.399499997496605, 823498.163400001823902 ], [ 2802296.844700001180172, 823491.855599999427795 ], [ 2802350.625100001692772, 823485.646000001579523 ], [ 2802378.068300001323223, 823482.852600000798702 ], [ 2802384.294299997389317, 823483.221200000494719 ], [ 2802422.780299998819828, 823477.396699998527765 ], [ 2802434.789700001478195, 823476.020399998873472 ], [ 2802473.718099996447563, 823469.671599999070168 ], [ 2802499.703199997544289, 823465.428199999034405 ], [ 2802561.266000002622604, 823455.384799998253584 ], [ 2802608.468299999833107, 823447.684300001710653 ], [ 2802647.945600003004074, 823441.327300000935793 ], [ 2802764.263800002634525, 823429.047499999403954 ], [ 2802817.208700001239777, 823423.46059999987483 ], [ 2802834.600299999117851, 823421.625599998980761 ], [ 2802914.701700001955032, 823416.136900000274181 ], [ 2802952.114500001072884, 823413.785799998790026 ], [ 2802977.739100001752377, 823412.409600000828505 ], [ 2803016.659299999475479, 823410.140399999916553 ], [ 2803035.3125, 823409.09180000051856 ], [ 2803065.631099998950958, 823406.068900000303984 ], [ 2803094.32769999653101, 823401.284800000488758 ], [ 2803114.021200001239777, 823400.187100000679493 ], [ 2803159.617899999022484, 823394.665699999779463 ], [ 2803219.714400000870228, 823388.36600000038743 ], [ 2803256.447300001978874, 823382.795499999076128 ], [ 2803315.880300000309944, 823378.502900000661612 ], [ 2803402.027400001883507, 823369.721000000834465 ], [ 2803439.325599998235703, 823365.731499999761581 ], [ 2803595.825499996542931, 823349.544100001454353 ], [ 2803624.9070999994874, 823346.545899998396635 ], [ 2803674.378600001335144, 823348.765900000929832 ], [ 2803807.170900002121925, 823333.479600001126528 ], [ 2803847.115099996328354, 823330.202799998223782 ], [ 2803889.975699998438358, 823326.688499998301268 ], [ 2803968.0371999964118, 823320.282299999147654 ], [ 2804004.917599998414516, 823317.251299999654293 ], [ 2804067.479900002479553, 823312.123100001364946 ], [ 2804104.384900003671646, 823309.911200001835823 ], [ 2804140.224899999797344, 823307.764899998903275 ], [ 2804175.458700001239777, 823305.651399999856949 ], [ 2804226.67509999871254, 823269.229800000786781 ], [ 2804312.232299998402596, 823419.143399998545647 ], [ 2804468.1587999984622, 823692.346599999815226 ], [ 2804504.154500000178814, 823752.778999999165535 ], [ 2804506.0878000035882, 823767.704799998551607 ], [ 2804507.652500003576279, 823783.105700001120567 ], [ 2804563.923299998044968, 823879.328999999910593 ], [ 2804640.149899996817112, 824006.812899999320507 ], [ 2804679.708999998867512, 824073.692400000989437 ], [ 2804706.300300002098083, 824119.428300000727177 ], [ 2804751.388999998569489, 824196.5641999989748 ], [ 2804844.998999997973442, 824356.709600001573563 ], [ 2804921.364900000393391, 824487.396600000560284 ], [ 2804964.282700002193451, 824480.187600001692772 ], [ 2805003.718999996781349, 824474.240200001746416 ], [ 2805042.458999998867512, 824468.38289999961853 ], [ 2805080.73200000077486, 824462.607599999755621 ], [ 2805101.769100002944469, 824458.92119999974966 ], [ 2805118.906700000166893, 824456.848600000143051 ], [ 2805129.400700002908707, 824455.759100001305342 ], [ 2805142.655299998819828, 824457.725099999457598 ], [ 2805152.584100000560284, 824461.550799999386072 ], [ 2805296.0669, 824420.746500000357628 ], [ 2805348.626800000667572, 824401.92119999974966 ], [ 2805354.934600003063679, 824442.348799999803305 ], [ 2805367.968099996447563, 824525.997299998998642 ], [ 2805375.709600001573563, 824575.681699998676777 ], [ 2805382.984099999070168, 824622.351599998772144 ], [ 2805390.365000002086163, 824669.701299998909235 ], [ 2805400.645999997854233, 824735.696100000292063 ], [ 2805401.973099999129772, 824744.117499999701977 ], [ 2805441.48309999704361, 824725.750999998301268 ], [ 2805446.832500003278255, 824723.498199999332428 ], [ 2805484.704099997878075, 824702.092500001192093 ], [ 2805493.887299999594688, 824699.151599999517202 ], [ 2805529.112899996340275, 824679.539900001138449 ], [ 2805569.032600000500679, 824660.755699999630451 ], [ 2805602.931100003421307, 824643.347699999809265 ], [ 2805623.6404, 824632.714499998837709 ], [ 2805638.37780000269413, 824625.144999999552965 ], [ 2805674.144100002944469, 824606.786800000816584 ], [ 2805678.559600003063679, 824603.640999998897314 ], [ 2805714.719099998474121, 824585.954500000923872 ], [ 2805731.012999996542931, 824577.008900001645088 ], [ 2805753.418099999427795, 824566.088899999856949 ], [ 2805778.608499996364117, 824552.834300000220537 ], [ 2805787.988300003111362, 824548.328699998557568 ], [ 2805829.947800002992153, 824526.759100001305342 ], [ 2805889.708400003612041, 824495.269099999219179 ], [ 2805895.000399999320507, 824493.253800000995398 ], [ 2805947.699600003659725, 824464.69649999961257 ], [ 2805952.6721, 824463.418600000441074 ], [ 2806000.914800003170967, 824437.245099999010563 ], [ 2806052.827500000596046, 824410.457299999892712 ], [ 2806117.298500001430511, 824378.008799999952316 ], [ 2806168.261, 824353.203400000929832 ], [ 2806216.503700003027916, 824326.546599999070168 ], [ 2806261.100900001823902, 824302.994600001722574 ], [ 2806372.823399998247623, 824245.347500000149012 ], [ 2806469.063000001013279, 824194.417899999767542 ], [ 2806515.487099997699261, 824169.858300000429153 ], [ 2806561.730899997055531, 824145.388799998909235 ], [ 2806610.4324000030756, 824119.616700001060963 ], [ 2806657.241499997675419, 824097.105099998414516 ], [ 2806697.47240000218153, 824074.167500000447035 ], [ 2806738.424199998378754, 824053.122299998998642 ], [ 2806784.18469999730587, 824029.611200001090765 ], [ 2806807.908699996769428, 824017.339600000530481 ], [ 2806835.310999996960163, 824003.339499998837709 ], [ 2806885.273999996483326, 823977.592000000178814 ], [ 2806940.250500001013279, 823949.280499998480082 ], [ 2806994.514300003647804, 823921.313000001013279 ], [ 2807138.832800000905991, 823846.954199999570847 ], [ 2807177.728399999439716, 823826.900199998170137 ], [ 2807237.177699998021126, 823798.219999998807907 ], [ 2807326.151000000536442, 823782.859999999403954 ], [ 2807413.772699996829033, 823767.098600000143051 ], [ 2807505.588600002229214, 823751.050500001758337 ], [ 2807554.52759999781847, 823744.447700001299381 ], [ 2807598.199199996888638, 823735.395500000566244 ], [ 2807688.88459999859333, 823720.756400000303984 ], [ 2807778.931100003421307, 823706.223799999803305 ], [ 2807837.839699998497963, 823696.794799998402596 ], [ 2807845.884300000965595, 823750.542500000447035 ], [ 2807849.783699996769428, 823774.348499998450279 ], [ 2807865.651600003242493, 823888.504000000655651 ], [ 2807879.856499999761581, 823989.904599998146296 ], [ 2807886.000500001013279, 824033.821899998933077 ], [ 2807893.422499999403954, 824086.791400000452995 ], [ 2807901.901199996471405, 824147.330299999564886 ], [ 2807911.559500001370907, 824216.265900000929832 ], [ 2807922.037100002169609, 824291.058899998664856 ], [ 2807944.597900003194809, 824470.529199998825788 ], [ 2808023.781700000166893, 825075.901700001209974 ], [ 2808058.638700000941753, 825459.85249999910593 ], [ 2808072.761699996888638, 825613.862100001424551 ], [ 2808093.946199998259544, 825695.560899998992682 ], [ 2808434.929999999701977, 825556.354299999773502 ], [ 2808646.652300000190735, 825459.262699998915195 ], [ 2808900.178300000727177, 825344.541900001466274 ], [ 2809188.200800001621246, 825212.740800000727177 ], [ 2809538.359700001776218, 825055.192299999296665 ], [ 2809841.488200001418591, 824917.492899999022484 ], [ 2810381.636, 824669.152499999850988 ], [ 2810983.788900002837181, 824392.44310000166297 ], [ 2812120.764799997210503, 823881.581799998879433 ], [ 2812592.296300001442432, 823635.428599998354912 ], [ 2813168.570699997246265, 823331.136700000613928 ], [ 2813738.291599996387959, 822988.629200000315905 ], [ 2814238.355800002813339, 822698.640599999576807 ], [ 2815102.144900001585484, 822187.312300000339746 ], [ 2815117.046099998056889, 822172.427499998360872 ] ] ] ] } },
{ "type": "Feature", "properties": { "CVE_ENT": "09", "CVE_MUN": "006", "NOM_MUN": "Iztacalco", "OID": 2117 }, "geometry": { "type": "MultiPolygon", "coordinates": [ [ [ [ 2808093.946199998259544, 825695.560899998992682 ], [ 2808072.761699996888638, 825613.862100001424551 ], [ 2808058.638700000941753, 825459.85249999910593 ], [ 2808023.781700000166893, 825075.901700001209974 ], [ 2807944.597900003194809, 824470.529199998825788 ], [ 2807922.037100002169609, 824291.058899998664856 ], [ 2807911.559500001370907, 824216.265900000929832 ], [ 2807901.901199996471405, 824147.330299999564886 ], [ 2807893.422499999403954, 824086.791400000452995 ], [ 2807886.000500001013279, 824033.821899998933077 ], [ 2807879.856499999761581, 823989.904599998146296 ], [ 2807865.651600003242493, 823888.504000000655651 ], [ 2807849.783699996769428, 823774.348499998450279 ], [ 2807845.884300000965595, 823750.542500000447035 ], [ 2807837.839699998497963, 823696.794799998402596 ], [ 2807778.931100003421307, 823706.223799999803305 ], [ 2807688.88459999859333, 823720.756400000303984 ], [ 2807598.199199996888638, 823735.395500000566244 ], [ 2807554.52759999781847, 823744.447700001299381 ], [ 2807505.588600002229214, 823751.050500001758337 ], [ 2807413.772699996829033, 823767.098600000143051 ], [ 2807326.151000000536442, 823782.859999999403954 ], [ 2807237.177699998021126, 823798.219999998807907 ], [ 2807177.728399999439716, 823826.900199998170137 ], [ 2807138.832800000905991, 823846.954199999570847 ], [ 2806994.514300003647804, 823921.313000001013279 ], [ 2806940.250500001013279, 823949.280499998480082 ], [ 2806885.273999996483326, 823977.592000000178814 ], [ 2806835.310999996960163, 824003.339499998837709 ], [ 2806807.908699996769428, 824017.339600000530481 ], [ 2806784.18469999730587, 824029.611200001090765 ], [ 2806738.424199998378754, 824053.122299998998642 ], [ 2806697.47240000218153, 824074.167500000447035 ], [ 2806657.241499997675419, 824097.105099998414516 ], [ 2806610.4324000030756, 824119.616700001060963 ], [ 2806561.730899997055531, 824145.388799998909235 ], [ 2806515.487099997699261, 824169.858300000429153 ], [ 2806469.063000001013279, 824194.417899999767542 ], [ 2806372.823399998247623, 824245.347500000149012 ], [ 2806261.100900001823902, 824302.994600001722574 ], [ 2806216.503700003027916, 824326.546599999070168 ], [ 2806168.261, 824353.203400000929832 ], [ 2806117.298500001430511, 824378.008799999952316 ], [ 2806052.827500000596046, 824410.457299999892712 ], [ 2806000.914800003170967, 824437.245099999010563 ], [ 2805952.6721, 824463.418600000441074 ], [ 2805947.699600003659725, 824464.69649999961257 ], [ 2805895.000399999320507, 824493.253800000995398 ], [ 2805889.708400003612041, 824495.269099999219179 ], [ 2805829.947800002992153, 824526.759100001305342 ], [ 2805787.988300003111362, 824548.328699998557568 ], [ 2805778.608499996364117, 824552.834300000220537 ], [ 2805753.418099999427795, 824566.088899999856949 ], [ 2805731.012999996542931, 824577.008900001645088 ], [ 2805714.719099998474121, 824585.954500000923872 ], [ 2805678.559600003063679, 824603.640999998897314 ], [ 2805674.144100002944469, 824606.786800000816584 ], [ 2805638.37780000269413, 824625.144999999552965 ], [ 2805623.6404, 824632.714499998837709 ], [ 2805602.931100003421307, 824643.347699999809265 ], [ 2805569.032600000500679, 824660.755699999630451 ], [ 2805529.112899996340275, 824679.539900001138449 ], [ 2805493.887299999594688, 824699.151599999517202 ], [ 2805484.704099997878075, 824702.092500001192093 ], [ 2805446.832500003278255, 824723.498199999332428 ], [ 2805441.48309999704361, 824725.750999998301268 ], [ 2805401.973099999129772, 824744.117499999701977 ], [ 2805400.645999997854233, 824735.696100000292063 ], [ 2805390.365000002086163, 824669.701299998909235 ], [ 2805382.984099999070168, 824622.351599998772144 ], [ 2805375.709600001573563, 824575.681699998676777 ], [ 2805367.968099996447563, 824525.997299998998642 ], [ 2805354.934600003063679, 824442.348799999803305 ], [ 2805348.626800000667572, 824401.92119999974966 ], [ 2805296.0669, 824420.746500000357628 ], [ 2805152.584100000560284, 824461.550799999386072 ], [ 2805142.655299998819828, 824457.725099999457598 ], [ 2805129.400700002908707, 824455.759100001305342 ], [ 2805118.906700000166893, 824456.848600000143051 ], [ 2805101.769100002944469, 824458.92119999974966 ], [ 2805080.73200000077486, 824462.607599999755621 ], [ 2805042.458999998867512, 824468.38289999961853 ], [ 2805003.718999996781349, 824474.240200001746416 ], [ 2804964.282700002193451, 824480.187600001692772 ], [ 2804921.364900000393391, 824487.396600000560284 ], [ 2804844.998999997973442, 824356.709600001573563 ], [ 2804751.388999998569489, 824196.5641999989748 ], [ 2804706.300300002098083, 824119.428300000727177 ], [ 2804679.708999998867512, 824073.692400000989437 ], [ 2804640.149899996817112, 824006.812899999320507 ], [ 2804563.923299998044968, 823879.328999999910593 ], [ 2804507.652500003576279, 823783.105700001120567 ], [ 2804506.0878000035882, 823767.704799998551607 ], [ 2804504.154500000178814, 823752.778999999165535 ], [ 2804468.1587999984622, 823692.346599999815226 ], [ 2804312.232299998402596, 823419.143399998545647 ], [ 2804226.67509999871254, 823269.229800000786781 ], [ 2804175.458700001239777, 823305.651399999856949 ], [ 2804140.224899999797344, 823307.764899998903275 ], [ 2804104.384900003671646, 823309.911200001835823 ], [ 2804067.479900002479553, 823312.123100001364946 ], [ 2804004.917599998414516, 823317.251299999654293 ], [ 2803968.0371999964118, 823320.282299999147654 ], [ 2803889.975699998438358, 823326.688499998301268 ], [ 2803847.115099996328354, 823330.202799998223782 ], [ 2803807.170900002121925, 823333.479600001126528 ], [ 2803674.378600001335144, 823348.765900000929832 ], [ 2803624.9070999994874, 823346.545899998396635 ], [ 2803595.825499996542931, 823349.544100001454353 ], [ 2803439.325599998235703, 823365.731499999761581 ], [ 2803402.027400001883507, 823369.721000000834465 ], [ 2803315.880300000309944, 823378.502900000661612 ], [ 2803256.447300001978874, 823382.795499999076128 ], [ 2803219.714400000870228, 823388.36600000038743 ], [ 2803159.617899999022484, 823394.665699999779463 ], [ 2803114.021200001239777, 823400.187100000679493 ], [ 2803094.32769999653101, 823401.284800000488758 ], [ 2803065.631099998950958, 823406.068900000303984 ], [ 2803035.3125, 823409.09180000051856 ], [ 2803016.659299999475479, 823410.140399999916553 ], [ 2802977.739100001752377, 823412.409600000828505 ], [ 2802952.114500001072884, 823413.785799998790026 ], [ 2802914.701700001955032, 823416.136900000274181 ], [ 2802834.600299999117851, 823421.625599998980761 ], [ 2802817.208700001239777, 823423.46059999987483 ], [ 2802764.263800002634525, 823429.047499999403954 ], [ 2802647.945600003004074, 823441.327300000935793 ], [ 2802608.468299999833107, 823447.684300001710653 ], [ 2802561.266000002622604, 823455.384799998253584 ], [ 2802499.703199997544289, 823465.428199999034405 ], [ 2802473.718099996447563, 823469.671599999070168 ], [ 2802434.789700001478195, 823476.020399998873472 ], [ 2802422.780299998819828, 823477.396699998527765 ], [ 2802384.294299997389317, 823483.221200000494719 ], [ 2802378.068300001323223, 823482.852600000798702 ], [ 2802350.625100001692772, 823485.646000001579523 ], [ 2802296.844700001180172, 823491.855599999427795 ], [ 2802244.399499997496605, 823498.163400001823902 ], [ 2802206.486900001764297, 823502.65260000154376 ], [ 2802178.118000000715256, 823505.552600000053644 ], [ 2802168.123800002038479, 823506.822399999946356 ], [ 2802149.421400003135204, 823508.731100000441074 ], [ 2802140.713299997150898, 823509.370099999010563 ], [ 2802120.601999998092651, 823511.671999998390675 ], [ 2802108.207500003278255, 823512.704199999570847 ], [ 2802095.452500000596046, 823514.236099999397993 ], [ 2802072.9983000010252, 823516.292300000786781 ], [ 2802060.947800002992153, 823517.070500001311302 ], [ 2802037.420400001108646, 823518.577899999916553 ], [ 2802025.640299998223782, 823519.331500001251698 ], [ 2801996.059000000357628, 823521.232099998742342 ], [ 2801980.748099997639656, 823522.223299998790026 ], [ 2801950.527900002896786, 823524.164799999445677 ], [ 2801931.735399998724461, 823526.032600000500679 ], [ 2801902.571900002658367, 823525.262499999254942 ], [ 2801890.275700002908707, 823522.952399998903275 ], [ 2801879.847300000488758, 823523.509500000625849 ], [ 2801821.348200000822544, 823526.605999998748302 ], [ 2801782.182300001382828, 823528.678599998354912 ], [ 2801748.406599998474121, 823530.218699999153614 ], [ 2801720.840599998831749, 823531.357400000095367 ], [ 2801677.013400003314018, 823533.16780000180006 ], [ 2801644.417400002479553, 823534.511300001293421 ], [ 2801615.417700000107288, 823535.633600000292063 ], [ 2801603.342699997127056, 823536.207100000232458 ], [ 2801566.405000001192093, 823537.681600000709295 ], [ 2801540.600199997425079, 823538.754799999296665 ], [ 2801409.503600001335144, 823544.218800000846386 ], [ 2801405.276500001549721, 823437.837499998509884 ], [ 2801399.443800002336502, 823291.528400000184774 ], [ 2801407.406400002539158, 823018.530000001192093 ], [ 2801416.548699997365475, 822794.151099998503923 ], [ 2801401.033100001513958, 822797.1739999987185 ], [ 2801390.5801, 822799.221999999135733 ], [ 2801336.955200001597404, 822807.930100001394749 ], [ 2801294.954899996519089, 822815.204599998891354 ], [ 2801252.864399999380112, 822822.92960000038147 ], [ 2801242.6162, 822824.27309999987483 ], [ 2801205.162399999797344, 822831.088799998164177 ], [ 2801191.383400000631809, 822833.153200000524521 ], [ 2801141.23200000077486, 822841.787599999457598 ], [ 2801096.503700003027916, 822849.68470000103116 ], [ 2801043.386699996888638, 822858.925299998372793 ], [ 2801002.008900001645088, 822866.035900000482798 ], [ 2800956.043600000441074, 822874.08049999922514 ], [ 2800889.000299997627735, 822885.647599998861551 ], [ 2800848.425300002098083, 822892.258499998599291 ], [ 2800652.161399997770786, 822923.117800001055002 ], [ 2800596.668799996376038, 822928.770300000905991 ], [ 2800561.910099998116493, 822931.907800000160933 ], [ 2800530.944399997591972, 822935.1435999982059 ], [ 2800410.915200002491474, 822946.104499999433756 ], [ 2800363.376999996602535, 822950.348000001162291 ], [ 2800317.125, 822954.4358000010252 ], [ 2800217.796999998390675, 822962.185400001704693 ], [ 2800184.996200002729893, 822964.667599998414516 ], [ 2800090.558799996972084, 822954.19819999858737 ], [ 2800063.074699997901917, 822946.342099998146296 ], [ 2800069.882200002670288, 822980.633799999952316 ], [ 2800074.068300001323223, 823001.711800001561642 ], [ 2800078.2544, 823022.781599998474121 ], [ 2800107.499899998307228, 823170.2212999984622 ], [ 2800134.484300002455711, 823311.975600000470877 ], [ 2800149.787000000476837, 823392.363699998706579 ], [ 2800164.082000002264977, 823467.476199999451637 ], [ 2800174.223700001835823, 823525.115100000053644 ], [ 2800187.552100002765656, 823600.981199998408556 ], [ 2800213.315999999642372, 823747.511500000953674 ], [ 2800240.906599998474121, 823886.32490000128746 ], [ 2800256.258400000631809, 823963.542700000107288 ], [ 2800264.393100000917912, 823996.818599998950958 ], [ 2800281.211199998855591, 824091.411699999123812 ], [ 2800297.513300001621246, 824175.478000000119209 ], [ 2800313.987400002777576, 824267.310300000011921 ], [ 2800324.555100001394749, 824326.194400001317263 ], [ 2800333.238600000739098, 824374.609099999070168 ], [ 2800353.063299998641014, 824485.0945999994874 ], [ 2800359.829899996519089, 824522.433699999004602 ], [ 2800380.015000000596046, 824633.107700001448393 ], [ 2800383.570299997925758, 824652.055799998342991 ], [ 2800401.109399996697903, 824744.60080000013113 ], [ 2800405.000600002706051, 824765.588700000196695 ], [ 2800422.547799997031689, 824858.616999998688698 ], [ 2800443.183499999344349, 824970.282200001180172 ], [ 2800454.922600001096725, 825033.794799998402596 ], [ 2800463.425899997353554, 825057.969399999827147 ], [ 2800470.577500000596046, 825075.221700001507998 ], [ 2800474.050899997353554, 825081.136300001293421 ], [ 2800474.124700002372265, 825115.362500000745058 ], [ 2800474.157399997115135, 825132.606699999421835 ], [ 2800474.272100001573563, 825205.040300000458956 ], [ 2800474.468699999153614, 825326.42119999974966 ], [ 2800411.718000002205372, 825326.757100000977516 ], [ 2800375.280000001192093, 825326.961899999529123 ], [ 2800315.248999997973442, 825327.281399998813868 ], [ 2800261.534100003540516, 825327.584499999880791 ], [ 2800207.958400003612041, 825327.863000001758337 ], [ 2800145.920400001108646, 825329.337600000202656 ], [ 2800077.132100000977516, 825331.049699999392033 ], [ 2800018.436499997973442, 825332.516100000590086 ], [ 2799957.455200001597404, 825334.031599998474121 ], [ 2799907.80349999666214, 825335.2685999982059 ], [ 2799832.617299996316433, 825337.144499998539686 ], [ 2799844.880800001323223, 825433.973999999463558 ], [ 2799865.442699998617172, 825598.764199998229742 ], [ 2799885.218199998140335, 825752.339699998497963 ], [ 2799907.033500000834465, 825755.526399999856949 ], [ 2799933.919600002467632, 825765.119199998676777 ], [ 2799948.5669, 825791.480999998748302 ], [ 2799958.38910000026226, 825798.395100001245737 ], [ 2799970.062700003385544, 825803.072700001299381 ], [ 2799995.744599997997284, 825801.761999998241663 ], [ 2800019.886399999260902, 825800.541400000452995 ], [ 2800045.986199997365475, 825799.197900000959635 ], [ 2800072.085900001227856, 825797.870799999684095 ], [ 2800113.4309, 825794.888900000602007 ], [ 2800163.860799998044968, 825792.84910000115633 ], [ 2800225.07150000333786, 825789.49040000140667 ], [ 2800279.916900001466274, 825785.73030000180006 ], [ 2800334.573899999260902, 825781.249200001358986 ], [ 2800356.888899996876717, 825779.594500001519918 ], [ 2800394.047899998724461, 825778.423000000417233 ], [ 2800446.968199998140335, 825777.915100000798702 ], [ 2800475.107699997723103, 825779.651799999177456 ], [ 2800502.337899997830391, 825783.4037000015378 ], [ 2800527.151500001549721, 825786.467500001192093 ], [ 2800559.485299997031689, 825790.104800000786781 ], [ 2800586.789200000464916, 825798.157499998807907 ], [ 2800615.297399997711182, 825804.956900000572205 ], [ 2800672.256399996578693, 825823.995099999010563 ], [ 2800690.843999996781349, 825829.704900000244379 ], [ 2800740.954499997198582, 825846.989999998360872 ], [ 2800782.430600002408028, 825862.620400000363588 ], [ 2800826.257799997925758, 825877.7837999984622 ], [ 2800866.799999997019768, 825892.275400001555681 ], [ 2800880.275799997150898, 825896.117499999701977 ], [ 2800939.15990000218153, 825911.3136 ], [ 2801006.30969999730587, 825925.436599999666214 ], [ 2801020.236100003123283, 825927.410900000482798 ], [ 2801015.542099997401237, 825946.645700000226498 ], [ 2801013.436800003051758, 825960.498399998992682 ], [ 2801012.085100002586842, 825968.174300000071526 ], [ 2801010.741599999368191, 825975.842000000178814 ], [ 2801021.260099999606609, 825977.078999999910593 ], [ 2801115.427199997007847, 825993.258200000971556 ], [ 2801226.625399999320507, 826004.71059999987483 ], [ 2801268.781400002539158, 826013.148400001227856 ], [ 2801326.920000001788139, 826024.715500000864267 ], [ 2801356.902800001204014, 826030.769400000572205 ], [ 2801434.374499998986721, 826046.383299998939037 ], [ 2801441.001800000667572, 826047.816899999976158 ], [ 2801494.921599999070168, 826059.465900000184774 ], [ 2801560.613200001418591, 826073.69539999961853 ], [ 2801617.580399997532368, 826086.008000001311302 ], [ 2801638.912399999797344, 826089.448699999600649 ], [ 2801753.166199997067451, 826107.839699998497963 ], [ 2801895.77250000089407, 826112.6402000002563 ], [ 2802071.92509999871254, 826117.9814000017941 ], [ 2802127.622500002384186, 826121.733300000429153 ], [ 2802190.04559999704361, 826133.153000000864267 ], [ 2802202.931599996984005, 826135.512299999594688 ], [ 2802252.575099997222424, 826147.620099999010563 ], [ 2802329.555299997329712, 826165.879999998956919 ], [ 2802534.1096, 826214.688000001013279 ], [ 2802645.291400000452995, 826241.115299999713898 ], [ 2802988.601700000464916, 826322.953400000929832 ], [ 2803189.190999999642372, 826370.737399999052286 ], [ 2803319.337300002574921, 826401.367300000041723 ], [ 2803422.466399997472763, 826426.205400001257658 ], [ 2803495.711099997162819, 826443.842799998819828 ], [ 2803585.823100000619888, 826465.600699998438358 ], [ 2803757.207900002598763, 826504.586500000208616 ], [ 2803794.04730000346899, 826511.090900000184774 ], [ 2803858.985299997031689, 826525.271299999207258 ], [ 2803868.406099997460842, 826532.054200001060963 ], [ 2803881.243000000715256, 826541.294799998402596 ], [ 2803899.593099996447563, 826552.640700001269579 ], [ 2803919.606100000441074, 826564.879599999636412 ], [ 2803946.000799998641014, 826572.801199998706579 ], [ 2803975.606600001454353, 826577.069299999624491 ], [ 2803991.015799999237061, 826578.273499999195337 ], [ 2803998.904700003564358, 826578.035900000482798 ], [ 2804021.735799998044968, 826574.644400000572205 ], [ 2804067.537299998104572, 826565.920000001788139 ], [ 2804136.530299998819828, 826556.310699999332428 ], [ 2804160.795000001788139, 826552.927400000393391 ], [ 2804247.949699997901917, 826541.819099999964237 ], [ 2804292.227399997413158, 826536.707299999892712 ], [ 2804337.324400000274181, 826531.489000000059605 ], [ 2804379.464100003242493, 826526.631099998950958 ], [ 2804426.133900001645088, 826521.232599999755621 ], [ 2804502.475100003182888, 826512.418000001460314 ], [ 2804553.232799999415874, 826507.347199998795986 ], [ 2804573.188500002026558, 826503.947500001639128 ], [ 2804636.545400001108646, 826496.353500001132488 ], [ 2804715.409800000488758, 826486.776999998837709 ], [ 2804757.410199999809265, 826481.861800000071526 ], [ 2804824.150399997830391, 826473.858300000429153 ], [ 2804865.823100000619888, 826468.877500001341105 ], [ 2804933.710199996829033, 826460.128499999642372 ], [ 2805017.751900002360344, 826449.298599999397993 ], [ 2805078.839699998497963, 826441.442499998956919 ], [ 2805094.273400001227856, 826439.451900001615286 ], [ 2805133.267300002276897, 826434.43019999936223 ], [ 2805192.274300001561642, 826427.254000000655651 ], [ 2805251.117399998009205, 826420.094200000166893 ], [ 2805309.927799999713898, 826412.942499998956919 ], [ 2805367.968099996447563, 826405.897399999201298 ], [ 2805379.297700002789497, 826404.504799999296665 ], [ 2805424.451999999582767, 826397.99210000038147 ], [ 2805481.615699999034405, 826389.750999998301268 ], [ 2805596.361100003123283, 826373.203200001269579 ], [ 2805656.367499999701977, 826364.871899999678135 ], [ 2805706.068300001323223, 826359.039200000464916 ], [ 2805710.475599996745586, 826358.52309999987483 ], [ 2805732.110699996352196, 826356.622499998658895 ], [ 2805772.882299996912479, 826354.189500000327826 ], [ 2805785.489799998700619, 826353.632500000298023 ], [ 2805798.097300000488758, 826353.075399998575449 ], [ 2805815.923100002110004, 826353.583299998193979 ], [ 2805833.740699999034405, 826354.0912000015378 ], [ 2805850.624399997293949, 826354.566399998962879 ], [ 2805867.508100003004074, 826355.049699999392033 ], [ 2805879.148900002241135, 826355.377399999648333 ], [ 2805897.646499998867512, 826352.6739999987185 ], [ 2805945.463200002908707, 826345.686200000345707 ], [ 2805995.163999997079372, 826347.193599998950958 ], [ 2806102.569300003349781, 826494.469300001859665 ], [ 2806052.581699997186661, 826522.543299999088049 ], [ 2806090.117499999701977, 826602.194099999964237 ], [ 2806122.820000000298023, 826655.401200000196695 ], [ 2806128.087399996817112, 826663.969999998807907 ], [ 2806155.702600002288818, 826696.402100000530481 ], [ 2806179.140000000596046, 826726.925500001758337 ], [ 2806198.997400000691414, 826757.637299999594688 ], [ 2806223.737199999392033, 826799.875300001353025 ], [ 2806241.366400003433228, 826829.989100001752377 ], [ 2806261.043600000441074, 826863.584499999880791 ], [ 2806288.1919, 826910.287099998444319 ], [ 2806309.54839999973774, 826947.323100000619888 ], [ 2806341.49719999730587, 827002.750199999660254 ], [ 2806383.546700000762939, 827075.675299998372793 ], [ 2806407.762299999594688, 827117.356199998408556 ], [ 2806442.389899998903275, 827178.79619999974966 ], [ 2806468.465000003576279, 827220.813000001013279 ], [ 2806547.362199999392033, 827353.597100000828505 ], [ 2806558.380400002002716, 827372.455099999904633 ], [ 2806566.932899996638298, 827387.094200000166893 ], [ 2806649.016699999570847, 827527.570599999278784 ], [ 2806660.1824000030756, 827546.682599999010563 ], [ 2806681.776500001549721, 827583.571199998259544 ], [ 2806697.578900001943111, 827610.629299998283386 ], [ 2806731.25620000064373, 827668.219099998474121 ], [ 2806763.753799997270107, 827723.785399999469519 ], [ 2806801.690999999642372, 827788.657900001853704 ], [ 2806808.572300001978874, 827800.413400001823902 ], [ 2806825.169299997389317, 827818.837200000882149 ], [ 2806854.922600001096725, 827842.815200001001358 ], [ 2806876.361100003123283, 827858.109700001776218 ], [ 2806906.286499999463558, 827873.035500001162291 ], [ 2806933.090700000524521, 827885.241599999368191 ], [ 2806969.979299999773502, 827897.095400001853704 ], [ 2806990.958999998867512, 827902.305500000715256 ], [ 2807024.759199999272823, 827904.263399999588728 ], [ 2807252.169100001454353, 827910.014199998229742 ], [ 2807468.167499996721745, 827915.199700001627207 ], [ 2807679.914399996399879, 827920.286899998784065 ], [ 2807868.576099999248981, 827924.825300000607967 ], [ 2807875.596699997782707, 827925.021899998188019 ], [ 2808069.468500003218651, 827930.4695999994874 ], [ 2808073.88400000333786, 827936.040199998766184 ], [ 2808077.013400003314018, 827940.005100000649691 ], [ 2808097.19030000269413, 827947.156700000166893 ], [ 2808119.062899999320507, 827955.291400000452995 ], [ 2808132.030799999833107, 827961.033900000154972 ], [ 2808146.350500002503395, 827968.185600001364946 ], [ 2808158.810500003397465, 827975.87779999896884 ], [ 2808168.870300002396107, 827982.939399998635054 ], [ 2808187.761, 827996.710099998861551 ], [ 2808196.714900001883507, 828005.098700001835823 ], [ 2808206.250399999320507, 828014.716099999845028 ], [ 2808222.085500001907349, 828033.11540000140667 ], [ 2808237.134199999272823, 828055.610599998384714 ], [ 2808241.058200001716614, 828063.114500001072884 ], [ 2808242.508199997246265, 828066.87049999833107 ], [ 2808268.173699997365475, 828064.007399998605251 ], [ 2808291.348899997770786, 828067.570900000631809 ], [ 2808286.540100000798702, 828047.615200001746416 ], [ 2808237.494599997997284, 827554.915500000119209 ], [ 2808216.916299998760223, 827255.547100000083447 ], [ 2808172.220799997448921, 826701.29280000180006 ], [ 2808093.946199998259544, 825695.560899998992682 ] ] ] ] } },
{ "type": "Feature", "properties": { "CVE_ENT": "09", "CVE_MUN": "005", "NOM_MUN": "Gustavo A. Madero", "OID": 2118 }, "geometry": { "type": "MultiPolygon", "coordinates": [ [ [ [ 2801415.967100001871586, 846522.844399999827147 ], [ 2801355.338100001215935, 845844.972800001502037 ], [ 2801523.10419999808073, 845543.983500000089407 ], [ 2801538.912600003182888, 845515.621599998325109 ], [ 2801777.275200001895428, 845338.486000001430511 ], [ 2801968.107900001108646, 844674.024700000882149 ], [ 2801980.633500002324581, 844621.399300001561642 ], [ 2802097.950900003314018, 844128.609400000423193 ], [ 2802099.253600001335144, 844123.137299999594688 ], [ 2802496.934299997985363, 843707.467000000178814 ], [ 2802175.660400003194809, 843326.719200000166893 ], [ 2801975.084799997508526, 843088.614100001752377 ], [ 2801718.096199996769428, 842783.540500000119209 ], [ 2801720.970799997448921, 842731.537599999457598 ], [ 2801723.609499998390675, 842683.80290000140667 ], [ 2801734.07880000025034, 842494.592199999839067 ], [ 2801439.183200001716614, 842283.967700000852346 ], [ 2801178.636699996888638, 841941.714099999517202 ], [ 2801085.002099998295307, 841690.4983000010252 ], [ 2801009.283399999141693, 841531.196600001305342 ], [ 2800857.493900001049042, 841371.796700000762939 ], [ 2800739.692900002002716, 841188.631799999624491 ], [ 2800677.843299999833107, 841104.737500000745058 ], [ 2800456.388999998569489, 840852.055300001055002 ], [ 2800209.670500002801418, 840482.825399998575449 ], [ 2800547.369300000369549, 840378.385600000619888 ], [ 2800553.750900000333786, 840006.165699999779463 ], [ 2800482.349399998784065, 839361.2668999992311 ], [ 2800504.058200001716614, 839212.655799999833107 ], [ 2800532.951399996876717, 839189.046500001102686 ], [ 2800557.904200002551079, 839173.956799998879433 ], [ 2800569.97919999808073, 839162.815699998289347 ], [ 2800573.649300001561642, 839156.769999999552965 ], [ 2800731.746699996292591, 838850.413800001144409 ], [ 2800798.396799996495247, 838773.572799999266863 ], [ 2801253.585299998521805, 838318.171399999409914 ], [ 2801692.750200003385544, 837989.786800000816584 ], [ 2801792.889200001955032, 837971.371199999004602 ], [ 2801956.516199998557568, 837754.889400001615286 ], [ 2802355.720600001513958, 837775.320300001651049 ], [ 2802393.412000000476837, 837761.557700000703335 ], [ 2802429.653399996459484, 837697.9222999997437 ], [ 2802478.608800001442432, 837682.734299998730421 ], [ 2802499.531099997460842, 837712.9054000005126 ], [ 2802507.829599998891354, 837730.845899999141693 ], [ 2802524.852600000798702, 837771.805900000035763 ], [ 2802547.716499999165535, 837732.656399998813868 ], [ 2802558.09570000320673, 837712.5614 ], [ 2802560.60249999910593, 837704.181000001728535 ], [ 2802645.103000000119209, 837702.706399999558926 ], [ 2802658.742600001394749, 837746.32880000025034 ], [ 2802665.099600002169609, 837765.375199999660254 ], [ 2802678.780299998819828, 837728.478399999439716 ], [ 2802686.923100002110004, 837684.274399999529123 ], [ 2802693.157200001180172, 837655.241999998688698 ], [ 2802702.741899996995926, 837618.050299998372793 ], [ 2802723.909999996423721, 837660.288199998438358 ], [ 2802729.046400003135204, 837673.043200001120567 ], [ 2802740.285800002515316, 837683.405999999493361 ], [ 2802760.134999997913837, 837703.107799999415874 ], [ 2802776.666500002145767, 837701.354699999094009 ], [ 2802792.812899999320507, 837690.090700000524521 ], [ 2802814.488899998366833, 837681.906899999827147 ], [ 2802825.310599997639656, 837672.396000001579523 ], [ 2802835.722599998116493, 837654.742199998348951 ], [ 2802845.913500003516674, 837643.166900001466274 ], [ 2802888.4463, 837692.785900000482798 ], [ 2803104.461199998855591, 837802.910900000482798 ], [ 2803400.585600003600121, 837870.888199999928474 ], [ 2803732.500799998641014, 837964.080400001257658 ], [ 2804473.385300002992153, 837630.870799999684095 ], [ 2804487.049599997699261, 837624.726799998432398 ], [ 2804583.281000003218651, 837591.893199998885393 ], [ 2804999.115099996328354, 837420.811500001698732 ], [ 2805608.968599997460842, 837153.203400000929832 ], [ 2805791.764899998903275, 837075.428599998354912 ], [ 2805863.969099998474121, 837041.857799999415874 ], [ 2805987.094899997115135, 836995.155200000852346 ], [ 2806710.350199997425079, 836718.634199999272823 ], [ 2807272.657300002872944, 836507.002099998295307 ], [ 2807066.390900000929832, 835985.458399999886751 ], [ 2806862.508400000631809, 835428.328699998557568 ], [ 2806877.557099997997284, 835412.460799999535084 ], [ 2807207.293300002813339, 834635.351300001144409 ], [ 2807223.726499997079372, 834615.862500000745058 ], [ 2807238.709600001573563, 834604.459199998527765 ], [ 2807373.410700000822544, 834576.016600001603365 ], [ 2807341.543799996376038, 834432.066799998283386 ], [ 2807406.072200000286102, 834416.805100001394749 ], [ 2807370.715499997138977, 834282.49720000103116 ], [ 2807538.618699997663498, 833906.468100000172853 ], [ 2807799.845200002193451, 833301.136599998921156 ], [ 2807969.067400000989437, 832925.869300000369549 ], [ 2808048.906599998474121, 832756.737199999392033 ], [ 2808118.784400001168251, 832602.907900001853704 ], [ 2808257.122699998319149, 832273.818799998611212 ], [ 2808559.481200002133846, 831586.485500000417233 ], [ 2808715.276699997484684, 831222.375599998980761 ], [ 2808739.959200002253056, 831177.2212999984622 ], [ 2808714.973600000143051, 831142.16780000180006 ], [ 2808675.774800002574921, 831097.10359999909997 ], [ 2808631.570799998939037, 831046.468800000846386 ], [ 2808598.884700000286102, 831010.047200001776218 ], [ 2808553.68129999935627, 830959.690999999642372 ], [ 2808494.567800000309944, 830935.5 ], [ 2808432.783699996769428, 830910.23589999973774 ], [ 2808352.280900001525879, 830877.287599999457598 ], [ 2808264.929700002074242, 830841.537799999117851 ], [ 2808207.569300003349781, 830818.067699998617172 ], [ 2808072.901000000536442, 830762.968299999833107 ], [ 2808004.89919999986887, 830735.140099998563528 ], [ 2807930.417499996721745, 830704.665800001472235 ], [ 2807857.852799996733665, 830674.969799999147654 ], [ 2807774.794100001454353, 830640.989399999380112 ], [ 2807666.266500003635883, 830596.580600000917912 ], [ 2807574.270300000905991, 830558.938299998641014 ], [ 2807559.754100002348423, 830552.999099999666214 ], [ 2807524.135300002992153, 830565.3935999982059 ], [ 2807504.736599996685982, 830572.143800001591444 ], [ 2807438.635399997234344, 830595.146999999880791 ], [ 2807376.228699997067451, 830616.87220000103116 ], [ 2807309.832599997520447, 830639.981800001114607 ], [ 2807247.155599996447563, 830661.788899999111891 ], [ 2807038.406999997794628, 830734.44370000064373 ], [ 2807032.238499999046326, 830736.589999999850988 ], [ 2806982.095200002193451, 830717.11769999936223 ], [ 2806949.917000003159046, 830709.105900000780821 ], [ 2806936.695200003683567, 830708.204799998551607 ], [ 2806919.975299999117851, 830708.974800001829863 ], [ 2806903.886200003325939, 830710.408399999141693 ], [ 2806895.1699, 830712.202500000596046 ], [ 2806268.178800001740456, 830925.702399998903275 ], [ 2806178.402699999511242, 830954.595499999821186 ], [ 2806136.377700001001358, 830968.12049999833107 ], [ 2805863.076200000941753, 831056.061700001358986 ], [ 2805846.593900002539158, 831058.969799999147654 ], [ 2805828.48139999806881, 831062.181099999696016 ], [ 2805807.272299997508526, 831063.557300001382828 ], [ 2805787.054499998688698, 831064.868099998682737 ], [ 2805764.051299996674061, 831067.448499999940395 ], [ 2805738.426700003445148, 831074.256099998950958 ], [ 2805712.146799996495247, 831081.243900001049042 ], [ 2805660.823899999260902, 831094.891699999570847 ], [ 2805622.313299998641014, 831095.121100001037121 ], [ 2805605.593500003218651, 831094.842599999159575 ], [ 2805572.940099999308586, 831088.7314000017941 ], [ 2805531.218299999833107, 831069.504700001329184 ], [ 2805348.258199997246265, 830928.577799998223782 ], [ 2805268.189599998295307, 830867.063999999314547 ], [ 2805130.236299999058247, 830760.232200000435114 ], [ 2804961.333599999547005, 830629.430500000715256 ], [ 2804947.349899999797344, 830656.021699998527765 ], [ 2804923.732299998402596, 830693.950699999928474 ], [ 2804907.602300003170967, 830713.201900001615286 ], [ 2804844.85980000346899, 830769.530099999159575 ], [ 2804798.034299999475479, 830811.563200000673532 ], [ 2804760.25280000269413, 830845.388000000268221 ], [ 2804717.03999999910593, 830884.070599999278784 ], [ 2804684.640600003302097, 830913.078499998897314 ], [ 2804646.285700000822544, 830949.491900000721216 ], [ 2804607.955300003290176, 830985.888999998569489 ], [ 2804567.290200002491474, 831024.489700000733137 ], [ 2804532.556100003421307, 831057.47069999948144 ], [ 2804464.365900002419949, 831121.900800000876188 ], [ 2804425.773400001227856, 831158.510800000280142 ], [ 2804388.573600001633167, 831193.892099998891354 ], [ 2804374.761799998581409, 831207.032000001519918 ], [ 2804346.884499996900558, 831227.610300000756979 ], [ 2804340.96169999986887, 831231.976700000464916 ], [ 2804312.9121999964118, 831247.926500000059605 ], [ 2804283.928900003433228, 831257.617600001394749 ], [ 2804254.290299996733665, 831264.957699999213219 ], [ 2804221.42400000244379, 831268.947200000286102 ], [ 2804193.808799996972084, 831269.315799999982119 ], [ 2804168.118600003421307, 831266.7516999989748 ], [ 2804144.902500003576279, 831262.770399998873472 ], [ 2804124.553599998354912, 831257.756900001317263 ], [ 2804089.704800002276897, 831245.239500001072884 ], [ 2804077.810000002384186, 831240.184999998658895 ], [ 2804011.585900001227856, 831212.070099998265505 ], [ 2803944.263999998569489, 831183.488200001418591 ], [ 2803869.348200000822544, 831151.686900001019239 ], [ 2803809.440099999308586, 831126.660300001502037 ], [ 2803747.844499997794628, 831100.921000000089407 ], [ 2803702.296899996697903, 831081.89919999986887 ], [ 2803690.311999998986721, 831076.893899999558926 ], [ 2803622.588799998164177, 831048.615100000053644 ], [ 2803602.985299997031689, 831043.618000000715256 ], [ 2803573.182800002396107, 831038.399700000882149 ], [ 2803555.299699999392033, 831037.048000000417233 ], [ 2803542.323600001633167, 831037.097199998795986 ], [ 2803517.862300001084805, 831038.260400000959635 ], [ 2803490.058600001037121, 831041.406199999153614 ], [ 2803463.016800001263618, 831047.869699999690056 ], [ 2803448.090999998152256, 831052.809399999678135 ], [ 2803397.505400002002716, 831069.578499998897314 ], [ 2803371.585900001227856, 831078.163699999451637 ], [ 2803333.042499996721745, 831092.270300000905991 ], [ 2803284.848999999463558, 831109.883099999278784 ], [ 2803237.753200002014637, 831127.078099999576807 ], [ 2803169.677699998021126, 831151.965399999171495 ], [ 2803104.583999998867512, 831175.746800001710653 ], [ 2803035.64019999653101, 831200.937199998646975 ], [ 2802969.112899996340275, 831225.259199999272823 ], [ 2802902.487400002777576, 831249.581300001591444 ], [ 2802834.616700001060963, 831274.386599998921156 ], [ 2802768.35980000346899, 831298.602200001478195 ], [ 2802697.114, 831324.636399999260902 ], [ 2802699.858300000429153, 831333.03319999948144 ], [ 2802663.068000003695488, 831346.361600000411272 ], [ 2802658.840899996459484, 831335.105799999088049 ], [ 2802403.668300002813339, 831426.176199998706579 ], [ 2802384.228699997067451, 831435.703499998897314 ], [ 2802363.863399997353554, 831445.681400001049042 ], [ 2802337.796499997377396, 831464.776900000870228 ], [ 2802271.801700003445148, 831517.787399999797344 ], [ 2802084.204899996519089, 831668.495600000023842 ], [ 2802065.772900000214577, 831683.306699998676777 ], [ 2801813.655900001525879, 831883.445500001311302 ], [ 2801788.023199997842312, 831903.99100000038743 ], [ 2801751.683399997651577, 831919.482099998742342 ], [ 2801646.383500002324581, 831952.05350000038743 ], [ 2801321.021799996495247, 832059.843800000846386 ], [ 2801268.052299998700619, 832077.399300001561642 ], [ 2801243.197800002992153, 832086.688999999314547 ], [ 2801231.376800000667572, 832090.547400001436472 ], [ 2800824.725900001823902, 832223.478999998420477 ], [ 2800805.114200003445148, 832229.885099999606609 ], [ 2800710.201700001955032, 832260.908300001174212 ], [ 2800695.51349999755621, 832267.699400000274181 ], [ 2800684.487000003457069, 832273.196299999952316 ], [ 2800384.864600002765656, 832436.962499998509884 ], [ 2800280.179099999368191, 832499.6722999997437 ], [ 2800179.999099999666214, 832559.670499999076128 ], [ 2800167.473499998450279, 832567.174400001764297 ], [ 2800146.485600002110004, 832579.740899998694658 ], [ 2800133.845399998128414, 832586.736900001764297 ], [ 2800116.90429999679327, 832595.592399999499321 ], [ 2800100.069700002670288, 832604.611800000071526 ], [ 2800071.0537, 832615.515399999916553 ], [ 2800046.141800001263618, 832620.75 ], [ 2800024.818000003695488, 832623.846599999815226 ], [ 2799907.844499997794628, 832626.287799999117851 ], [ 2799785.791900001466274, 832629.6875 ], [ 2799641.768299996852875, 832633.70160000026226 ], [ 2799526.252899996936321, 832636.912900000810623 ], [ 2799522.140500001609325, 832637.027499999850988 ], [ 2799460.987199999392033, 832640.500999998301268 ], [ 2799399.440700002014637, 832646.202599998563528 ], [ 2799294.861699998378754, 832655.893699999898672 ], [ 2799265.960299998521805, 832658.572500001639128 ], [ 2799252.017499998211861, 832665.63399999961257 ], [ 2799242.236299999058247, 832676.300000000745058 ], [ 2799240.311099998652935, 832678.397100001573563 ], [ 2799227.564400002360344, 832688.719099998474121 ], [ 2799216.923000000417233, 832695.616700001060963 ], [ 2799204.454800002276897, 832699.098299998790026 ], [ 2799186.088299997150898, 832702.022900000214577 ], [ 2799171.15429999679327, 832702.629099998623133 ], [ 2799155.745099999010563, 832697.885899998247623 ], [ 2799122.329999998211861, 832674.89919999986887 ], [ 2799083.303300000727177, 832639.698100000619888 ], [ 2799067.115900002419949, 832630.072500001639128 ], [ 2799053.631899997591972, 832619.0625 ], [ 2799059.456399999558926, 832660.489399999380112 ], [ 2799056.302400000393391, 832686.572799999266863 ], [ 2799044.473200000822544, 832727.549100000411272 ], [ 2798991.683899998664856, 832858.981600001454353 ], [ 2798986.539399996399879, 832872.047800000756979 ], [ 2798908.199299998581409, 833072.145599998533726 ], [ 2798896.197999998927116, 833102.808299999684095 ], [ 2798853.575000002980232, 833211.720899999141693 ], [ 2798833.36540000140667, 833266.615499999374151 ], [ 2798794.461499996483326, 833368.016100000590086 ], [ 2798748.815700002014637, 833486.972100000828505 ], [ 2798740.476300001144409, 833508.689100001007318 ], [ 2798719.398299999535084, 833563.526399999856949 ], [ 2798672.720200002193451, 833684.940000001341105 ], [ 2798653.198700003325939, 833736.377599999308586 ], [ 2798630.777199998497963, 833795.556600000709295 ], [ 2798609.273199997842312, 833852.269799999892712 ], [ 2798586.212700001895428, 833913.078999999910593 ], [ 2798561.8169, 833977.386199999600649 ], [ 2798553.928000003099442, 833997.522100001573563 ], [ 2798538.502499997615814, 834035.721400000154972 ], [ 2798514.909500002861023, 834093.409499999135733 ], [ 2798494.839100003242493, 834147.484900001436472 ], [ 2798436.733300000429153, 834303.960299998521805 ], [ 2798419.2434, 834351.056099999696016 ], [ 2798355.09179999679327, 834523.866300001740456 ], [ 2798322.774400003254414, 834610.922699999064207 ], [ 2798238.454099997878075, 834833.794300001114607 ], [ 2798193.586499996483326, 834952.684799998998642 ], [ 2798159.499600000679493, 835042.985199999064207 ], [ 2798124.626299999654293, 835135.423700001090765 ], [ 2798086.738300003111362, 835235.792100001126528 ], [ 2797957.730700001120567, 835575.334100000560284 ], [ 2797852.340599998831749, 835860.243700001388788 ], [ 2797828.731200002133846, 835924.075699999928474 ], [ 2797658.329499997198582, 836382.082299999892712 ], [ 2797587.083599999547005, 836573.758699998259544 ], [ 2797562.016099996864796, 836633.863400001078844 ], [ 2797514.387800000607967, 836744.307900000363588 ], [ 2797499.085199996829033, 836759.364799998700619 ], [ 2796859.822400003671646, 838414.927099999040365 ], [ 2796119.847300000488758, 838852.215999998152256 ], [ 2796026.523999996483326, 838888.62950000166893 ], [ 2795845.91499999910593, 838947.783900000154972 ], [ 2795675.324799999594688, 838999.123199999332428 ], [ 2795661.291900001466274, 839018.103999998420477 ], [ 2795653.189999997615814, 839029.064899999648333 ], [ 2795627.106700003147125, 839064.331500001251698 ], [ 2795670.516099996864796, 839114.71229999884963 ], [ 2795859.734899997711182, 839312.68019999936223 ], [ 2795961.725299999117851, 839415.710900001227856 ], [ 2795920.290200002491474, 839446.938799999654293 ], [ 2795831.87389999628067, 839511.901399999856949 ], [ 2795740.164499998092651, 839578.264800000935793 ], [ 2795642.614100001752377, 839651.427600000053644 ], [ 2795547.898199997842312, 839721.428199999034405 ], [ 2795537.600900001823902, 839728.129200000315905 ], [ 2795457.335699997842312, 839591.7652000002563 ], [ 2795363.012999996542931, 839640.122600000351667 ], [ 2795440.410999998450279, 839786.701999999582767 ], [ 2795432.825199998915195, 839794.705600000917912 ], [ 2795465.331000000238419, 839941.014800000935793 ], [ 2795526.951300002634525, 839935.714499998837709 ], [ 2795576.283500000834465, 839925.761199999600649 ], [ 2795621.388700000941753, 839908.238600000739098 ], [ 2795669.410199999809265, 839893.771499998867512 ], [ 2795848.536399997770786, 839819.715799998492002 ], [ 2796230.791500002145767, 839689.43019999936223 ], [ 2796343.767399996519089, 839650.886900000274181 ], [ 2796493.12389999628067, 839610.361099999397993 ], [ 2796712.636799998581409, 839550.887099999934435 ], [ 2797208.039800003170967, 839417.955600000917912 ], [ 2797239.579000003635883, 839409.493200000375509 ], [ 2797273.280900001525879, 839448.8885000012815 ], [ 2797483.929999999701977, 839545.406700000166893 ], [ 2797447.237999998033047, 839563.076799999922514 ], [ 2797293.8838, 839626.310899998992682 ], [ 2797573.894500002264977, 840027.325699999928474 ], [ 2797291.721100002527237, 840185.160900000482798 ], [ 2797337.751900002360344, 840337.073399998247623 ], [ 2797739.127099998295307, 840873.895100001245737 ], [ 2797817.64750000089407, 841003.189500000327826 ], [ 2797956.329800002276897, 841245.656300000846386 ], [ 2798044.901699997484684, 841405.990100000053644 ], [ 2797593.874799996614456, 841620.325599998235703 ], [ 2797246.411100000143051, 841773.696199998259544 ], [ 2797257.58500000089407, 841829.188799999654293 ], [ 2797181.473099999129772, 841842.517200000584126 ], [ 2797168.14469999819994, 841844.982999999076128 ], [ 2797171.216700002551079, 841856.959699999541044 ], [ 2797185.839500002563, 841865.823499999940395 ], [ 2797185.642899997532368, 841869.84569999948144 ], [ 2797178.950000002980232, 841870.976199999451637 ], [ 2797154.177400000393391, 841872.311500001698732 ], [ 2797136.507200002670288, 841870.763199999928474 ], [ 2797127.51240000128746, 841865.717000000178814 ], [ 2797104.116099998354912, 841859.859700001776218 ], [ 2797095.195000000298023, 841857.631499998271465 ], [ 2797008.564599998295307, 841872.802999999374151 ], [ 2797172.093299999833107, 842165.462200000882149 ], [ 2797203.116400003433228, 842217.4814000017941 ], [ 2797292.589400000870228, 842367.477000001817942 ], [ 2797312.778200000524521, 842426.269600000232458 ], [ 2797328.233499996364117, 842471.27760000154376 ], [ 2797344.338299997150898, 842518.177000001072884 ], [ 2797322.326399996876717, 842617.472199998795986 ], [ 2797291.172200001776218, 842676.675799999386072 ], [ 2797284.217200003564358, 842771.293400000780821 ], [ 2797437.781000003218651, 843014.297899998724461 ], [ 2797482.226000003516674, 843084.629200000315905 ], [ 2797499.732299998402596, 843096.990899998694658 ], [ 2797678.858599998056889, 843223.368900001049042 ], [ 2797773.173100002110004, 843245.274300001561642 ], [ 2797827.084700003266335, 843291.280600000172853 ], [ 2797953.061200000345707, 843229.054200001060963 ], [ 2798029.812100000679493, 843135.886599998921156 ], [ 2798205.882700003683567, 843304.125700000673532 ], [ 2798224.98650000244379, 843344.422100000083447 ], [ 2798449.168700002133846, 843598.456000000238419 ], [ 2798531.023199997842312, 843739.800799999386072 ], [ 2798538.518899999558926, 843915.379900000989437 ], [ 2798544.44990000128746, 844054.291700001806021 ], [ 2798649.373000003397465, 844285.895899999886751 ], [ 2798760.939900003373623, 844437.832899998873472 ], [ 2798782.856200002133846, 844456.704199999570847 ], [ 2799182.3445999994874, 844800.689399998635054 ], [ 2799220.191600002348423, 845140.624600000679493 ], [ 2799343.710600003600121, 845437.44539999961853 ], [ 2799378.139399997889996, 845471.681800000369549 ], [ 2799768.867200002074242, 845860.226300001144409 ], [ 2799765.754199996590614, 846009.787599999457598 ], [ 2800082.751900002360344, 846116.119800001382828 ], [ 2800297.627599999308586, 846203.922699999064207 ], [ 2800468.513099998235703, 846273.750199999660254 ], [ 2800802.771300002932549, 846749.508799999952316 ], [ 2800966.251900002360344, 846721.793000001460314 ], [ 2801109.455300003290176, 846697.515000000596046 ], [ 2801228.584299996495247, 846677.318399999290705 ], [ 2801248.23589999973774, 846673.986800000071526 ], [ 2801415.967100001871586, 846522.844399999827147 ] ] ] ] } },
{ "type": "Feature", "properties": { "CVE_ENT": "09", "CVE_MUN": "004", "NOM_MUN": "Cuajimalpa de Morelos", "OID": 2119 }, "geometry": { "type": "MultiPolygon", "coordinates": [ [ [ [ 2787229.782399997115135, 825329.280200000852346 ], [ 2787272.7412, 825254.094000000506639 ], [ 2787281.801600001752377, 825259.771099999547005 ], [ 2787304.231299996376038, 825286.51799999922514 ], [ 2787318.452600002288818, 825333.081300001591444 ], [ 2787352.359300002455711, 825432.917199999094009 ], [ 2787369.439599998295307, 825488.229600001126528 ], [ 2787364.704599998891354, 825601.377500001341105 ], [ 2787388.780900001525879, 825603.040500000119209 ], [ 2787403.5757, 825574.548700001090765 ], [ 2787414.790500000119209, 825550.881999999284744 ], [ 2787424.137599997222424, 825525.89640000090003 ], [ 2787430.428999997675419, 825509.045499999076128 ], [ 2787436.073299996554852, 825493.931200001388788 ], [ 2787437.20380000025034, 825464.726700000464916 ], [ 2787434.344800002872944, 825431.467199999839067 ], [ 2787438.244199998676777, 825416.664299998432398 ], [ 2787445.797200001776218, 825397.462200000882149 ], [ 2787453.866300001740456, 825376.933100000023842 ], [ 2787451.49889999628067, 825335.538899999111891 ], [ 2787442.176399998366833, 825285.026999998837709 ], [ 2787440.611699998378754, 825272.501499999314547 ], [ 2787437.752700001001358, 825249.67850000038743 ], [ 2787440.374099999666214, 825230.042300000786781 ], [ 2787442.225500002503395, 825216.230599999427795 ], [ 2787448.615299999713898, 825188.721900001168251 ], [ 2787456.135499998927116, 825156.388099998235703 ], [ 2787461.083499997854233, 825115.083999998867512 ], [ 2787457.479000002145767, 825063.777499999850988 ], [ 2787447.468400001525879, 825028.560100000351667 ], [ 2787442.446699999272823, 825010.873599998652935 ], [ 2787429.118299998342991, 824960.238800000399351 ], [ 2787415.126400001347065, 824906.9662000015378 ], [ 2787375.9358000010252, 824859.452599998563528 ], [ 2787360.71509999781847, 824840.996100001037121 ], [ 2787346.469200000166893, 824822.981800001114607 ], [ 2787300.331900000572205, 824787.748100001364946 ], [ 2787260.526900000870228, 824757.363899998366833 ], [ 2787215.536499999463558, 824723.006700001657009 ], [ 2787208.163699999451637, 824717.378800000995398 ], [ 2787166.990699999034405, 824685.503699999302626 ], [ 2787130.790200002491474, 824657.47069999948144 ], [ 2787072.971100002527237, 824623.064300000667572 ], [ 2787045.060999996960163, 824606.3935999982059 ], [ 2787022.4265, 824590.910700000822544 ], [ 2787014.644100002944469, 824582.407400000840425 ], [ 2787008.459100000560284, 824573.543600000441074 ], [ 2787006.755199998617172, 824569.545899998396635 ], [ 2787005.665600001811981, 824564.155600000172853 ], [ 2787005.305200003087521, 824553.424100000411272 ], [ 2787009.851700000464916, 824534.295800000429153 ], [ 2787013.947700001299381, 824513.021099999547005 ], [ 2787015.070100001990795, 824507.188400000333786 ], [ 2787035.664700001478195, 824448.697599999606609 ], [ 2787040.801100000739098, 824428.143800001591444 ], [ 2787047.616899996995926, 824400.856300000101328 ], [ 2787048.673600003123283, 824390.550700001418591 ], [ 2787051.327799998223782, 824385.184999998658895 ], [ 2787055.128899998962879, 824381.703400000929832 ], [ 2787072.463200002908707, 824374.707400001585484 ], [ 2787089.756499998271465, 824367.7195999994874 ], [ 2787099.562299996614456, 824366.965999998152256 ], [ 2787110.719800002872944, 824370.521299999207258 ], [ 2787124.113799996674061, 824384.988400001078844 ], [ 2787132.912000000476837, 824394.491099998354912 ], [ 2787142.816100001335144, 824398.65260000154376 ], [ 2787198.284100003540516, 824405.779699999839067 ], [ 2787252.433300003409386, 824411.366599999368191 ], [ 2787273.281900003552437, 824413.52930000051856 ], [ 2787288.64190000295639, 824415.110399998724461 ], [ 2787306.688900001347065, 824416.986299999058247 ], [ 2787320.877400003373623, 824419.689699999988079 ], [ 2787333.853500001132488, 824423.580899998545647 ], [ 2787352.695100001990795, 824442.103000000119209 ], [ 2787370.348899997770786, 824459.453699998557568 ], [ 2787381.621100001037121, 824470.529199998825788 ], [ 2787394.285899996757507, 824480.326900001615286 ], [ 2787405.820299997925758, 824485.971200000494719 ], [ 2787424.956799998879433, 824491.1239 ], [ 2787445.059900000691414, 824494.662900000810623 ], [ 2787462.992200002074242, 824497.53830000013113 ], [ 2787486.60980000346899, 824504.951999999582767 ], [ 2787511.005500003695488, 824516.297899998724461 ], [ 2787525.31700000166893, 824526.275800000876188 ], [ 2787539.3662, 824535.975099999457598 ], [ 2787552.047499999403954, 824547.263700000941753 ], [ 2787558.576499998569489, 824556.807399999350309 ], [ 2787560.542599998414516, 824565.728500001132488 ], [ 2787559.043399997055531, 824573.764800000935793 ], [ 2787555.365199998021126, 824581.39979999884963 ], [ 2787532.362099997699261, 824606.934200000017881 ], [ 2787511.120200000703335, 824630.510800000280142 ], [ 2787504.17339999973774, 824641.668299999088049 ], [ 2787499.078000001609325, 824654.74269999936223 ], [ 2787496.882500000298023, 824668.718299999833107 ], [ 2787500.945799998939037, 824676.344999998807907 ], [ 2787507.065200001001358, 824680.465599998831749 ], [ 2787516.764499999582767, 824683.037900000810623 ], [ 2787533.590899996459484, 824676.959399998188019 ], [ 2787549.89299999922514, 824668.144900001585484 ], [ 2787564.679499998688698, 824658.699499998241663 ], [ 2787604.566399998962879, 824625.636599998921156 ], [ 2787630.272900000214577, 824599.405799999833107 ], [ 2787654.963600002229214, 824574.199000000953674 ], [ 2787679.506800003349781, 824550.688000001013279 ], [ 2787701.084499999880791, 824524.350699998438358 ], [ 2787707.916599996387959, 824511.841499999165535 ], [ 2787716.026699997484684, 824505.304299999028444 ], [ 2787750.47410000115633, 824500.7331000007689 ], [ 2787762.475400000810623, 824499.913899999111891 ], [ 2787786.568000003695488, 824498.267299998551607 ], [ 2787819.901299998164177, 824495.989999998360872 ], [ 2787851.514200001955032, 824495.580400001257658 ], [ 2787863.785800002515316, 824495.834300000220537 ], [ 2787884.314999997615814, 824498.963700000196695 ], [ 2787910.390100002288818, 824509.76069999858737 ], [ 2787927.175499998033047, 824518.075599998235703 ], [ 2787952.349500000476837, 824523.425000000745058 ], [ 2787967.652199998497963, 824523.080899998545647 ], [ 2787980.833099998533726, 824522.777800001204014 ], [ 2787996.184900000691414, 824522.441899999976158 ], [ 2788018.59009999781847, 824520.287399999797344 ], [ 2788032.287100002169609, 824517.813499998301268 ], [ 2788060.901699997484684, 824509.596900001168251 ], [ 2788078.424400001764297, 824502.420699998736382 ], [ 2788096.790899999439716, 824496.497900001704693 ], [ 2788116.853100001811981, 824500.0614 ], [ 2788133.032300002872944, 824509.211899999529123 ], [ 2788149.94879999756813, 824525.079799998551607 ], [ 2788170.101099997758865, 824543.986900001764297 ], [ 2788187.976000003516674, 824562.615499999374151 ], [ 2788205.29389999806881, 824578.081999998539686 ], [ 2788227.035499997437, 824592.385200001299381 ], [ 2788246.081900000572205, 824596.251899998635054 ], [ 2788263.047499999403954, 824596.882599998265505 ], [ 2788286.550399996340275, 824594.056400001049042 ], [ 2788306.645300000905991, 824591.639800000935793 ], [ 2788327.231799997389317, 824584.324299998581409 ], [ 2788338.192699998617172, 824572.650699999183416 ], [ 2788346.253700003027916, 824562.066599998623133 ], [ 2788352.02080000191927, 824548.238499999046326 ], [ 2788357.829000003635883, 824532.386999998241663 ], [ 2788359.967100001871586, 824514.471099998801947 ], [ 2788353.651000000536442, 824473.871599998325109 ], [ 2788347.769199997186661, 824453.137600000947714 ], [ 2788342.698299996554852, 824435.262699998915195 ], [ 2788339.003700003027916, 824416.625900000333786 ], [ 2788315.648400001227856, 824390.206700000911951 ], [ 2788296.012100003659725, 824371.660000000149012 ], [ 2788285.2478, 824361.485500000417233 ], [ 2788260.024700000882149, 824337.646800000220537 ], [ 2788250.792300000786781, 824326.767799999564886 ], [ 2788246.171999998390675, 824319.075500000268221 ], [ 2788222.169399999082088, 824267.932900000363588 ], [ 2788216.082800000905991, 824253.90819999948144 ], [ 2788212.740500003099442, 824246.199499998241663 ], [ 2788208.873800002038479, 824237.28660000115633 ], [ 2788201.615699999034405, 824220.558499999344349 ], [ 2788195.692900002002716, 824206.902499999850988 ], [ 2788190.466399997472763, 824197.964999999850988 ], [ 2788181.168499998748302, 824182.072500001639128 ], [ 2788180.562299996614456, 824177.206500001251698 ], [ 2788179.046800002455711, 824165.000399999320507 ], [ 2788179.644799999892712, 824154.039500001817942 ], [ 2788181.520700000226498, 824141.046999998390675 ], [ 2788194.840899996459484, 823993.173200000077486 ], [ 2788195.963200002908707, 823980.156100001186132 ], [ 2788202.344800002872944, 823901.807799998670816 ], [ 2788205.38400000333786, 823864.74720000103116 ], [ 2788211.347800001502037, 823840.941300000995398 ], [ 2788227.232100002467632, 823802.709199998527765 ], [ 2788242.846100002527237, 823765.148899998515844 ], [ 2788265.177400000393391, 823736.468699999153614 ], [ 2788275.597699999809265, 823715.292399998754263 ], [ 2788281.635200001299381, 823699.203299999237061 ], [ 2788280.881499998271465, 823672.603900000452995 ], [ 2788162.875699996948242, 823573.153000000864267 ], [ 2788064.358800001442432, 823481.681099999696016 ], [ 2788002.443599998950958, 823432.717500001192093 ], [ 2787968.332099996507168, 823408.960700001567602 ], [ 2787959.39469999819994, 823403.177200000733137 ], [ 2787914.223999999463558, 823373.939899999648333 ], [ 2787782.832500003278255, 823280.469200000166893 ], [ 2787617.067400000989437, 823165.953200001269579 ], [ 2787575.280000001192093, 823136.929000001400709 ], [ 2787556.241800002753735, 823123.657900001853704 ], [ 2787523.760499998927116, 823101.007100000977516 ], [ 2787445.48589999973774, 823046.432000000029802 ], [ 2787438.350699998438358, 823041.459399998188019 ], [ 2787409.703299999237061, 823020.225699998438358 ], [ 2787324.039499998092651, 822956.704999998211861 ], [ 2787299.529100000858307, 822933.767400000244379 ], [ 2787245.183300003409386, 822884.222199998795986 ], [ 2787217.592699997127056, 822856.656100001186132 ], [ 2787119.657300002872944, 822758.286499999463558 ], [ 2787026.28490000218153, 822665.495799999684095 ], [ 2786946.756999999284744, 822585.984200000762939 ], [ 2786896.376199997961521, 822547.514600001275539 ], [ 2786868.982100002467632, 822525.584600001573563 ], [ 2786836.132200002670288, 822504.277199998497963 ], [ 2786802.389300003647804, 822487.328000001609325 ], [ 2786750.222699999809265, 822462.719200000166893 ], [ 2786698.056000001728535, 822438.102200001478195 ], [ 2786691.150200001895428, 822435.333299998193979 ], [ 2786670.383500002324581, 822427.018399998545647 ], [ 2786648.207699999213219, 822421.136599998921156 ], [ 2786616.062299996614456, 822415.074499998241663 ], [ 2786482.139499999582767, 822389.843199998140335 ], [ 2786418.831699997186661, 822380.643500000238419 ], [ 2786350.969200000166893, 822370.7804000005126 ], [ 2786344.333700001239777, 822368.699599999934435 ], [ 2786337.870200000703335, 822366.291200000792742 ], [ 2786331.545999996364117, 822363.554999999701977 ], [ 2786325.369199998676777, 822360.482999999076128 ], [ 2786319.364399999380112, 822357.099700000137091 ], [ 2786313.539899997413158, 822353.388799998909235 ], [ 2786307.920199997723103, 822349.39919999986887 ], [ 2786302.521700002253056, 822345.114799998700619 ], [ 2786297.35249999910593, 822340.551899999380112 ], [ 2786292.420999996364117, 822335.726799998432398 ], [ 2786287.759700000286102, 822330.647799998521805 ], [ 2786283.36879999935627, 822325.331199999898672 ], [ 2786279.240000002086163, 822319.768800001591444 ], [ 2786242.244999997317791, 822257.157299999147654 ], [ 2786238.591300003230572, 822253.364399999380112 ], [ 2786233.676100000739098, 822249.170099999755621 ], [ 2786228.351300001144409, 822245.516499999910593 ], [ 2786222.6743, 822242.436299998313189 ], [ 2786216.710500001907349, 822239.96229999884963 ], [ 2786210.517300002276897, 822238.135499998927116 ], [ 2786204.168499998748302, 822236.955899998545647 ], [ 2786197.729599997401237, 822236.447999998927116 ], [ 2786191.274300001561642, 822236.611800000071526 ], [ 2786184.868199996650219, 822237.463799998164177 ], [ 2786178.593099996447563, 822238.971099998801947 ], [ 2786127.540600001811981, 822256.944299999624491 ], [ 2786121.798000000417233, 822258.451699998229742 ], [ 2786116.00620000064373, 822259.655900001525879 ], [ 2786110.148999996483326, 822260.557000000029802 ], [ 2786104.258900001645088, 822261.146800000220537 ], [ 2786098.344300001859665, 822261.433600001037121 ], [ 2786092.437899999320507, 822261.392599999904633 ], [ 2786086.515000000596046, 822261.056699998676777 ], [ 2786080.649599999189377, 822260.409600000828505 ], [ 2786056.901000000536442, 822257.452199999243021 ], [ 2786046.824799999594688, 822255.65819999948144 ], [ 2786036.855099998414516, 822253.339899998158216 ], [ 2786027.024700000882149, 822250.505399998277426 ], [ 2786017.350000001490116, 822247.163100000470877 ], [ 2786007.871799997985363, 822243.312800001353025 ], [ 2785990.054200001060963, 822234.604800000786781 ], [ 2785982.1162, 822229.427400000393391 ], [ 2785974.759800001978874, 822223.447200000286102 ], [ 2785968.075099997222424, 822216.738000001758337 ], [ 2785962.127700001001358, 822209.365200001746416 ], [ 2785956.98309999704361, 822201.410799998790026 ], [ 2785952.690499998629093, 822192.964800000190735 ], [ 2785949.315399996936321, 822184.109299998730421 ], [ 2785946.882399998605251, 822174.942400000989437 ], [ 2785945.416000001132488, 822165.595300000160933 ], [ 2785944.932700000703335, 822156.092599999159575 ], [ 2785948.307800002396107, 822129.108199998736382 ], [ 2785956.909400001168251, 822101.959899999201298 ], [ 2785985.827200002968311, 822031.639800000935793 ], [ 2786011.40259999781847, 822035.948800001293421 ], [ 2786085.114200003445148, 822051.0793999992311 ], [ 2786132.087099999189377, 822067.889400001615286 ], [ 2786143.408500000834465, 822027.642099998891354 ], [ 2786148.323700003325939, 822007.350499998778105 ], [ 2786150.314300000667572, 821996.225699998438358 ], [ 2786153.869699999690056, 821962.2043999992311 ], [ 2786156.032399997115135, 821937.308899998664856 ], [ 2786153.640299998223782, 821919.179999999701977 ], [ 2786149.216600000858307, 821901.067499998956919 ], [ 2786141.376900002360344, 821878.3429000005126 ], [ 2786128.400700002908707, 821852.521699998527765 ], [ 2786116.596100002527237, 821829.076200000941753 ], [ 2786084.884800001978874, 821787.985100001096725 ], [ 2786063.855999998748302, 821761.189100001007318 ], [ 2786063.479099996387959, 821754.889400001615286 ], [ 2786114.720100000500679, 821735.007399998605251 ], [ 2786132.677000001072884, 821728.929000001400709 ], [ 2786148.151600003242493, 821726.651599999517202 ], [ 2786162.086199998855591, 821727.249600000679493 ], [ 2786177.937799997627735, 821732.566199999302626 ], [ 2786192.462200000882149, 821739.963599998503923 ], [ 2786208.231799997389317, 821752.054999999701977 ], [ 2786220.044600002467632, 821760.763099998235703 ], [ 2786235.994499996304512, 821774.738600000739098 ], [ 2786254.967100001871586, 821790.40989999845624 ], [ 2786267.533699996769428, 821804.991700001060963 ], [ 2786275.709299996495247, 821820.982500001788139 ], [ 2786301.464900001883507, 821872.616700001060963 ], [ 2786317.504900000989437, 821907.645599998533726 ], [ 2786340.991300001740456, 821950.915800001472235 ], [ 2786345.23480000346899, 821966.030000001192093 ], [ 2786352.68129999935627, 821992.57209999859333 ], [ 2786354.663800001144409, 822015.386799998581409 ], [ 2786357.686599999666214, 822031.434999998658895 ], [ 2786367.762800000607967, 822045.246700000017881 ], [ 2786382.180699996650219, 822060.909800000488758 ], [ 2786400.096600003540516, 822077.678800001740456 ], [ 2786408.812899999320507, 822083.077300000935793 ], [ 2786417.8158999979496, 822088.647900000214577 ], [ 2786434.781499996781349, 822090.024099998176098 ], [ 2786445.111599996685982, 822088.901799999177456 ], [ 2786454.352200001478195, 822081.676500000059605 ], [ 2786422.673799999058247, 822000.444600000977516 ], [ 2786393.002300001680851, 821906.138300001621246 ], [ 2786369.122699998319149, 821846.058200001716614 ], [ 2786330.497400000691414, 821761.238200001418591 ], [ 2786298.417499996721745, 821694.571699999272823 ], [ 2786279.928199999034405, 821648.2787000015378 ], [ 2786271.965499997138977, 821620.024500001221895 ], [ 2786270.450000002980232, 821600.093400001525879 ], [ 2786272.14580000191927, 821583.856800001114607 ], [ 2786288.521600000560284, 821518.320799998939037 ], [ 2786306.822499997913837, 821449.843899998813868 ], [ 2786312.753499999642372, 821415.208099998533726 ], [ 2786314.866999998688698, 821402.854600001126528 ], [ 2786323.116400003433228, 821353.686200000345707 ], [ 2786325.90990000218153, 821316.904100000858307 ], [ 2786322.58389999717474, 821285.913800001144409 ], [ 2786319.356299996376038, 821255.922899998724461 ], [ 2786311.7212999984622, 821230.3310999982059 ], [ 2786297.983300000429153, 821202.978000000119209 ], [ 2786320.101700000464916, 821183.300799999386072 ], [ 2786334.13459999859333, 821170.80799999833107 ], [ 2786348.151100002229214, 821158.331599999219179 ], [ 2786418.856299996376038, 821139.588300000876188 ], [ 2786450.715000003576279, 821127.636199999600649 ], [ 2786464.780599996447563, 821116.257500000298023 ], [ 2786473.275700002908707, 821109.392599999904633 ], [ 2786482.745700001716614, 821103.518899999558926 ], [ 2786500.997500002384186, 821089.486000001430511 ], [ 2786528.588100001215935, 821080.999099999666214 ], [ 2786589.4956, 821064.320199999958277 ], [ 2786644.636, 821050.16440000012517 ], [ 2786699.522399999201298, 821033.141499999910593 ], [ 2786742.120800003409386, 821017.093299999833107 ], [ 2786773.840199999511242, 821001.880800001323223 ], [ 2786803.446099996566772, 820984.145100001245737 ], [ 2786829.136200003325939, 820966.057199999690056 ], [ 2786844.291400000452995, 820954.686700001358986 ], [ 2786862.469499997794628, 820940.39979999884963 ], [ 2786887.152000002563, 820916.077799998223782 ], [ 2786904.363399997353554, 820895.30290000140667 ], [ 2786921.247100003063679, 820874.855599999427795 ], [ 2786940.612999998033047, 820847.404199998825788 ], [ 2786954.981700003147125, 820772.594900000840425 ], [ 2786962.8706, 820735.558899998664856 ], [ 2786971.570500001311302, 820694.75450000166893 ], [ 2786987.700599998235703, 820619.142400000244379 ], [ 2787000.496500000357628, 820559.103199999779463 ], [ 2787017.699699997901917, 820478.567600000649691 ], [ 2787036.033399999141693, 820396.434599999338388 ], [ 2787020.771700002253056, 820393.952500000596046 ], [ 2787014.635899998247623, 820392.94480000063777 ], [ 2787007.156599998474121, 820391.724199999123812 ], [ 2786989.625699996948242, 820388.873399998992682 ], [ 2786910.76129999756813, 820367.156399998813868 ], [ 2786850.558300003409386, 820357.153999999165535 ], [ 2786790.68299999833107, 820350.796999998390675 ], [ 2786748.387699998915195, 820346.307799998670816 ], [ 2786687.406400002539158, 820338.222300000488758 ], [ 2786645.995899997651577, 820336.25620000064373 ], [ 2786610.581900000572205, 820327.687399998307228 ], [ 2786614.497599996626377, 820320.855200000107288 ], [ 2786613.113200001418591, 820316.69370000064373 ], [ 2786607.198600001633167, 820310.918400000780821 ], [ 2786580.902199998497963, 820300.178599998354912 ], [ 2786511.10639999806881, 820277.814500000327826 ], [ 2786469.130599997937679, 820262.569200001657009 ], [ 2786408.378700003027916, 820237.419700000435114 ], [ 2786373.300599999725819, 820216.562899999320507 ], [ 2786285.048199996352196, 820178.388199999928474 ], [ 2786278.437200002372265, 820174.292199999094009 ], [ 2786276.094300001859665, 820171.449599999934435 ], [ 2786275.840400002896786, 820167.87779999896884 ], [ 2786276.733300000429153, 820164.35530000180006 ], [ 2786278.822200000286102, 820161.709300000220537 ], [ 2786285.465999998152256, 820160.291999999433756 ], [ 2786292.437299996614456, 820160.873700000345707 ], [ 2786370.843000002205372, 820175.381700001657009 ], [ 2786392.707400001585484, 820181.755100000649691 ], [ 2786410.492299996316433, 820189.291700001806021 ], [ 2786431.086900003254414, 820192.371899999678135 ], [ 2786461.389200001955032, 820185.867499999701977 ], [ 2786480.001400001347065, 820188.644600000232458 ], [ 2786508.788099996745586, 820192.273600000888109 ], [ 2786519.265600003302097, 820193.600699998438358 ], [ 2786525.696400001645088, 820194.411800000816584 ], [ 2786542.252400003373623, 820196.500700000673532 ], [ 2786552.164700001478195, 820191.536299999803305 ], [ 2786563.150200001895428, 820181.4847999997437 ], [ 2786580.115800000727177, 820170.695900000631809 ], [ 2786605.5929000005126, 820179.289299998432398 ], [ 2786634.592600002884865, 820188.620000001043081 ], [ 2786665.591099999845028, 820195.501299999654293 ], [ 2786701.840700000524521, 820201.932000000029802 ], [ 2786750.681400001049042, 820206.183600001037121 ], [ 2786733.035899996757507, 820195.001600001007318 ], [ 2786712.261, 820182.451400000602007 ], [ 2786689.536399997770786, 820163.634399998933077 ], [ 2786672.349500000476837, 820146.128100000321865 ], [ 2786663.453000001609325, 820135.396600000560284 ], [ 2786656.891199998557568, 820127.474899999797344 ], [ 2786646.454599998891354, 820115.285199999809265 ], [ 2786635.7804000005126, 820102.81700000166893 ], [ 2786621.534599997103214, 820089.111800000071526 ], [ 2786611.868000000715256, 820079.805599998682737 ], [ 2786607.534400001168251, 820067.861699998378754 ], [ 2786615.374200001358986, 820010.878199998289347 ], [ 2786693.861699998378754, 820004.308200001716614 ], [ 2786752.115000002086163, 820006.724800001829863 ], [ 2786797.965700000524521, 820027.262200001627207 ], [ 2786841.661799997091293, 820046.840999998152256 ], [ 2786892.059000000357628, 820047.578299999237061 ], [ 2786930.504000000655651, 820038.968499999493361 ], [ 2786983.6537000015378, 820018.431200001388788 ], [ 2787026.661700002849102, 819990.922400001436472 ], [ 2787036.778899997472763, 819947.996399998664856 ], [ 2787034.632500000298023, 819931.522300001233816 ], [ 2787047.747900001704693, 819898.213599998503923 ], [ 2787046.379900000989437, 819869.353199999779463 ], [ 2787036.606799997389317, 819838.05970000103116 ], [ 2787049.632100000977516, 819814.63060000166297 ], [ 2787057.316200003027916, 819792.430300001055002 ], [ 2787045.781900003552437, 819764.962499998509884 ], [ 2787018.256700001657009, 819742.91780000180006 ], [ 2786993.484099999070168, 819728.336100000888109 ], [ 2786958.446900002658367, 819714.761900000274181 ], [ 2786937.852300003170967, 819705.652399998158216 ], [ 2786930.094400003552437, 819680.412900000810623 ], [ 2786915.864900000393391, 819662.349500000476837 ], [ 2786895.876400001347065, 819649.9386 ], [ 2786885.013899996876717, 819641.681099999696016 ], [ 2786878.697800002992153, 819625.510099999606609 ], [ 2786899.644799999892712, 819602.023600000888109 ], [ 2787021.828500002622604, 819643.442400000989437 ], [ 2787139.907899998128414, 819683.468499999493361 ], [ 2787198.914899997413158, 819703.473400000482798 ], [ 2787215.528300002217293, 819708.036299999803305 ], [ 2787232.002400003373623, 819707.258099999278784 ], [ 2787244.052799999713898, 819703.768300000578165 ], [ 2787252.392300002276897, 819698.337000001221895 ], [ 2787258.962300002574921, 819691.89809999987483 ], [ 2787263.615299999713898, 819681.772799998521805 ], [ 2787265.221000000834465, 819669.886199999600649 ], [ 2787263.197499997913837, 819660.03940000012517 ], [ 2787260.633400000631809, 819652.019400000572205 ], [ 2787254.931800000369549, 819644.703999999910593 ], [ 2787247.485299997031689, 819638.281399998813868 ], [ 2787234.820500001311302, 819629.630699999630451 ], [ 2787174.183300003409386, 819599.181000001728535 ], [ 2787158.176100000739098, 819589.465300001204014 ], [ 2787145.67509999871254, 819580.257500000298023 ], [ 2787135.590800002217293, 819568.231600001454353 ], [ 2787125.637500002980232, 819551.462600000202656 ], [ 2787120.279899999499321, 819537.331399999558926 ], [ 2787114.660199999809265, 819527.11600000038743 ], [ 2787105.968500003218651, 819517.236400000751019 ], [ 2787096.334700003266335, 819507.266800001263618 ], [ 2787085.111699998378754, 819497.624800000339746 ], [ 2787076.976999998092651, 819493.201099999248981 ], [ 2787068.195200003683567, 819491.447999998927116 ], [ 2787044.315499998629093, 819491.210400000214577 ], [ 2787028.619599997997284, 819489.137899998575449 ], [ 2787006.820699997246265, 819483.600099999457598 ], [ 2786960.413000002503395, 819454.395599998533726 ], [ 2786954.113399997353554, 819448.235199999064207 ], [ 2786950.721900001168251, 819440.526500001549721 ], [ 2786952.425800003111362, 819434.513599999248981 ], [ 2786958.397799998521805, 819432.400100000202656 ], [ 2786963.255699999630451, 819433.022700000554323 ], [ 2786967.122299998998642, 819435.422899998724461 ], [ 2786978.558300003409386, 819444.393199998885393 ], [ 2786991.9358000010252, 819453.494500000029802 ], [ 2787007.181199997663498, 819461.83390000090003 ], [ 2787032.486199997365475, 819468.256499998271465 ], [ 2787047.281000003218651, 819468.895399998873472 ], [ 2787057.840499997138977, 819467.2652000002563 ], [ 2787076.002099998295307, 819462.423799999058247 ], [ 2787086.143799997866154, 819459.720400001853704 ], [ 2787095.187799997627735, 819459.065000001341105 ], [ 2787101.421899996697903, 819459.441899999976158 ], [ 2787111.751999996602535, 819463.292100001126528 ], [ 2787138.285899996757507, 819478.340799998492002 ], [ 2787148.460400000214577, 819482.543299999088049 ], [ 2787155.587399996817112, 819482.23200000077486 ], [ 2787161.903499998152256, 819478.185199998319149 ], [ 2787164.189000003039837, 819472.106699999421835 ], [ 2787163.009400002658367, 819463.603399999439716 ], [ 2787155.005800001323223, 819457.107200000435114 ], [ 2787140.931900002062321, 819452.986600000411272 ], [ 2787127.882100000977516, 819444.229299999773502 ], [ 2787110.687100000679493, 819439.98589999973774 ], [ 2787098.669399999082088, 819434.710200000554323 ], [ 2787087.175999999046326, 819431.351500000804663 ], [ 2787076.379000000655651, 819426.854100000113249 ], [ 2787067.457900002598763, 819423.134899999946356 ], [ 2787064.877400003373623, 819419.587799999862909 ], [ 2787062.202799998223782, 819415.897300001233816 ], [ 2787057.160499997437, 819408.954599998891354 ], [ 2787048.247699998319149, 819403.285700000822544 ], [ 2787038.802299998700619, 819399.304400000721216 ], [ 2787029.307700000703335, 819398.141100000590086 ], [ 2787020.509499996900558, 819401.909499999135733 ], [ 2787013.431699998676777, 819404.907699998468161 ], [ 2787001.422200001776218, 819404.334300000220537 ], [ 2786993.205600000917912, 819400.107200000435114 ], [ 2786985.537900000810623, 819389.531300000846386 ], [ 2786967.023999996483326, 819360.253100000321865 ], [ 2786956.177799999713898, 819353.240800000727177 ], [ 2786942.087499998509884, 819347.45719999819994 ], [ 2786921.271600000560284, 819345.409200001507998 ], [ 2786894.123400002717972, 819345.007800001651049 ], [ 2786872.78320000320673, 819340.059900000691414 ], [ 2786859.389300003647804, 819332.940999999642372 ], [ 2786843.685199998319149, 819318.563999999314547 ], [ 2786827.276600003242493, 819299.329199999570847 ], [ 2786813.235600002110004, 819298.231499999761581 ], [ 2786793.697599999606609, 819316.18019999936223 ], [ 2786767.52419999986887, 819323.225299999117851 ], [ 2786740.146499998867512, 819310.707899998873472 ], [ 2786723.172700002789497, 819247.170800000429153 ], [ 2786707.935599997639656, 819232.466099999845028 ], [ 2786688.684399999678135, 819213.894900001585484 ], [ 2786663.264600001275539, 819192.161499999463558 ], [ 2786640.572800002992153, 819176.457400001585484 ], [ 2786632.085900001227856, 819141.928100001066923 ], [ 2786609.107299998402596, 819129.033900000154972 ], [ 2786584.334700003266335, 819118.425299998372793 ], [ 2786562.650499999523163, 819074.688200000673532 ], [ 2786529.235299997031689, 819075.679400000721216 ], [ 2786506.191200003027916, 819071.47690000012517 ], [ 2786489.119099996984005, 819057.894600000232458 ], [ 2786487.005500003695488, 819022.881999999284744 ], [ 2786468.942199997603893, 819012.076699998229742 ], [ 2786421.592399999499321, 819014.050999999046326 ], [ 2786398.146899998188019, 819011.331300001591444 ], [ 2786377.937200002372265, 819005.318300001323223 ], [ 2786352.550200000405312, 818985.649399999529123 ], [ 2786321.322300001978874, 818922.398899998515844 ], [ 2786295.173500001430511, 818877.318300001323223 ], [ 2786277.446000002324581, 818856.363200001418591 ], [ 2786253.5581, 818832.622800000011921 ], [ 2786237.452600002288818, 818826.470600001513958 ], [ 2786220.192100003361702, 818820.670699998736382 ], [ 2786206.970200002193451, 818818.196699999272823 ], [ 2786193.789300002157688, 818816.263399999588728 ], [ 2786176.209200002253056, 818815.272100001573563 ], [ 2786163.020099997520447, 818814.985399998724461 ], [ 2786151.526799999177456, 818814.739700000733137 ], [ 2786138.214800000190735, 818814.452899999916553 ], [ 2786115.219800002872944, 818805.793999999761581 ], [ 2786093.74040000140667, 818795.725999999791384 ], [ 2786074.497400000691414, 818783.888599999248981 ], [ 2786060.325199998915195, 818769.41330000013113 ], [ 2786045.759800001978874, 818754.520300000905991 ], [ 2786029.80179999768734, 818738.218199998140335 ], [ 2786015.392099998891354, 818732.065999999642372 ], [ 2786000.736599996685982, 818729.313499998301268 ], [ 2785989.718400001525879, 818712.388799998909235 ], [ 2785975.644500002264977, 818699.199700001627207 ], [ 2785955.98369999974966, 818680.800500001758337 ], [ 2785928.130900003015995, 818672.182500001043081 ], [ 2785915.9003000035882, 818661.03319999948144 ], [ 2785901.629799999296665, 818650.088700000196695 ], [ 2785877.528899997472763, 818633.917599998414516 ], [ 2785855.754600003361702, 818622.997699998319149 ], [ 2785841.639799997210503, 818615.91160000115633 ], [ 2785821.880699999630451, 818606.007500000298023 ], [ 2785797.52589999884367, 818608.538800001144409 ], [ 2785778.209100000560284, 818608.628899998962879 ], [ 2785758.482799999415874, 818605.606100000441074 ], [ 2785751.363899998366833, 818597.897399999201298 ], [ 2785743.3766999989748, 818576.221400000154972 ], [ 2785725.321599997580051, 818562.467000000178814 ], [ 2785697.722699999809265, 818560.443599998950958 ], [ 2785677.635899998247623, 818555.6266999989748 ], [ 2785640.558899998664856, 818533.057700000703335 ], [ 2785600.999799996614456, 818504.041700001806021 ], [ 2785515.934000000357628, 818474.534099999815226 ], [ 2785474.244999997317791, 818456.241399999707937 ], [ 2785393.979699999094009, 818429.666499998420477 ], [ 2785265.63570000231266, 818357.183699999004602 ], [ 2785229.574500001966953, 818332.558499999344349 ], [ 2785143.24719999730587, 818290.50899999961257 ], [ 2785061.49099999666214, 818279.957699999213219 ], [ 2784998.306100003421307, 818279.441599998623133 ], [ 2784989.262199997901917, 818265.171100001782179 ], [ 2784881.8158999979496, 818293.327100001275539 ], [ 2784873.755000002682209, 818254.881999999284744 ], [ 2784872.9358000010252, 818228.839600000530481 ], [ 2784878.571900002658367, 818211.4070999994874 ], [ 2784895.717699997127056, 818191.42680000141263 ], [ 2784931.721600003540516, 818172.249299999326468 ], [ 2784961.704300001263618, 818159.961300000548363 ], [ 2784979.53830000013113, 818147.28830000013113 ], [ 2784990.9087999984622, 818126.341299999505281 ], [ 2784995.26690000295639, 818102.723799999803305 ], [ 2784993.554799996316433, 818073.912500001490116 ], [ 2784994.128200002014637, 818057.831599999219179 ], [ 2784990.425399996340275, 818022.958299998193979 ], [ 2784985.248099997639656, 818016.732400000095367 ], [ 2784977.506700001657009, 818008.556699998676777 ], [ 2784968.847699999809265, 818004.526299998164177 ], [ 2784960.426299996674061, 818001.782000001519918 ], [ 2784946.041199997067451, 818001.749200001358986 ], [ 2784929.780100002884865, 818005.001400001347065 ], [ 2784804.188500002026558, 818042.004700001329184 ], [ 2784788.713799998164177, 818047.468699999153614 ], [ 2784779.645300000905991, 818050.950300000607967 ], [ 2784767.045999996364117, 818056.750300001353025 ], [ 2784755.913099996745586, 818062.206199999898672 ], [ 2784705.548600003123283, 818095.088799998164177 ], [ 2784681.660800002515316, 818112.603300001472235 ], [ 2784638.824799999594688, 818137.433299999684095 ], [ 2784621.29389999806881, 818144.5439000017941 ], [ 2784594.989399999380112, 818152.359099999070168 ], [ 2784571.756899997591972, 818155.160799998790026 ], [ 2784540.5044, 818157.708500001579523 ], [ 2784524.628300003707409, 818157.429999999701977 ], [ 2784504.942900002002716, 818152.219900000840425 ], [ 2784492.605800002813339, 818146.116799999028444 ], [ 2784475.533699996769428, 818133.779699999839067 ], [ 2784462.631300002336502, 818122.466499999165535 ], [ 2784454.390100002288818, 818102.658300001174212 ], [ 2784447.353200003504753, 818083.800299998372793 ], [ 2784419.393899999558926, 818010.883299998939037 ], [ 2784405.279100000858307, 817971.405999999493361 ], [ 2784389.460299998521805, 817928.397999998182058 ], [ 2784376.549699999392033, 817893.336300000548363 ], [ 2784351.940999999642372, 817832.305900000035763 ], [ 2784321.8108000010252, 817765.139699999243021 ], [ 2784300.585299998521805, 817714.685100000351667 ], [ 2784282.300800003111362, 817677.231300000101328 ], [ 2784245.182800002396107, 817594.352800000458956 ], [ 2784235.811200000345707, 817574.642900001257658 ], [ 2784230.02759999781847, 817562.641600001603365 ], [ 2784224.719200000166893, 817546.593499999493361 ], [ 2784221.245800003409386, 817530.061999998986721 ], [ 2784221.851999998092651, 817512.408300001174212 ], [ 2784225.210699997842312, 817493.861600000411272 ], [ 2784234.238300003111362, 817473.741999998688698 ], [ 2784251.597199998795986, 817451.984099999070168 ], [ 2784262.779200002551079, 817440.818399999290705 ], [ 2784277.3445999994874, 817426.269400000572205 ], [ 2784295.080300003290176, 817408.558299999684095 ], [ 2784303.616400003433228, 817396.442299999296665 ], [ 2784298.586499996483326, 817389.749499998986721 ], [ 2784278.671700000762939, 817395.926199998706579 ], [ 2784263.2544, 817403.0287000015378 ], [ 2784260.526399999856949, 817404.29839999973774 ], [ 2784254.914899997413158, 817407.091899998486042 ], [ 2784229.798199996352196, 817419.576499998569489 ], [ 2784202.994000002741814, 817432.47069999948144 ], [ 2784180.760899998247623, 817443.177700001746416 ], [ 2784161.3213, 817459.594399999827147 ], [ 2784149.631300002336502, 817473.062100000679493 ], [ 2784135.115099996328354, 817494.09910000115633 ], [ 2784132.952399998903275, 817505.805500000715256 ], [ 2784130.560400001704693, 817518.757100000977516 ], [ 2784128.954700000584126, 817543.537900000810623 ], [ 2784131.092799998819828, 817563.657400000840425 ], [ 2784137.802100002765656, 817592.632500000298023 ], [ 2784144.290100000798702, 817607.820500001311302 ], [ 2784149.836099997162819, 817620.821199998259544 ], [ 2784157.004100002348423, 817641.530600000172853 ], [ 2784166.572400003671646, 817663.567099999636412 ], [ 2784180.924800001084805, 817696.646299999207258 ], [ 2784190.57490000128746, 817724.67119999974966 ], [ 2784199.405900001525879, 817748.427999999374151 ], [ 2784201.445699997246265, 817764.754599999636412 ], [ 2784199.127400003373623, 817776.485599998384714 ], [ 2784196.415799997746944, 817785.04619999974966 ], [ 2784193.06530000269413, 817791.771899998188019 ], [ 2784190.058799996972084, 817796.023499999195337 ], [ 2784182.20269999653101, 817800.160500001162291 ], [ 2784175.255900003015995, 817801.848000001162291 ], [ 2784166.515000000596046, 817802.069200001657009 ], [ 2784156.668300002813339, 817799.6689000017941 ], [ 2784143.520099997520447, 817793.467599999159575 ], [ 2784127.340899996459484, 817779.532999999821186 ], [ 2784107.909500002861023, 817758.8564000017941 ], [ 2784074.797399997711182, 817724.908700000494719 ], [ 2784040.194399997591972, 817680.893100000917912 ], [ 2784014.430600002408028, 817648.125100001692772 ], [ 2784001.937799997627735, 817628.824799999594688 ], [ 2783985.881399996578693, 817604.019400000572205 ], [ 2783981.023599997162819, 817592.575199998915195 ], [ 2783954.743600003421307, 817530.840300001204014 ], [ 2783942.267200000584126, 817501.52930000051856 ], [ 2783933.026699997484684, 817485.767900001257658 ], [ 2783926.333800002932549, 817474.348200000822544 ], [ 2783919.714699998497963, 817463.035100001841784 ], [ 2783899.595100000500679, 817428.702399998903275 ], [ 2783894.925700001418591, 817420.723400000482798 ], [ 2783876.305200003087521, 817388.938400000333786 ], [ 2783842.029899999499321, 817340.155099999159575 ], [ 2783833.411899998784065, 817326.138599999248981 ], [ 2783827.7676, 817309.451499998569489 ], [ 2783822.418300002813339, 817285.883099999278784 ], [ 2783821.222199998795986, 817267.999899998307228 ], [ 2783823.70440000295639, 817242.891499999910593 ], [ 2783832.87950000166893, 817212.417199999094009 ], [ 2783851.2212999984622, 817168.35249999910593 ], [ 2783863.370099999010563, 817139.320000000298023 ], [ 2783871.496500000357628, 817119.847600001841784 ], [ 2783878.427000001072884, 817103.201499998569489 ], [ 2783884.267899997532368, 817089.217700000852346 ], [ 2783887.028599999845028, 817078.002900000661612 ], [ 2783887.184199996292591, 817059.669199999421835 ], [ 2783885.095299996435642, 817041.392799999564886 ], [ 2783884.243299998342991, 817035.986099999397993 ], [ 2783830.847800001502037, 816924.402899999171495 ], [ 2783815.741800002753735, 816899.40089999884367 ], [ 2783806.206299997866154, 816880.682199999690056 ], [ 2783798.898999996483326, 816864.060600001364946 ], [ 2783793.852799996733665, 816845.137099999934435 ], [ 2783791.026500001549721, 816825.40260000154376 ], [ 2783789.388099998235703, 816809.7804000005126 ], [ 2783789.846900001168251, 816789.423300001770258 ], [ 2783792.132399998605251, 816769.484000001102686 ], [ 2783795.540299996733665, 816751.355099998414516 ], [ 2783798.44030000269413, 816735.905000001192093 ], [ 2783800.553800001740456, 816724.624600000679493 ], [ 2783802.560900002717972, 816713.942200001329184 ], [ 2783807.574400000274181, 816692.0614 ], [ 2783810.310500003397465, 816680.101100001484156 ], [ 2783819.321699999272823, 816627.43470000103116 ], [ 2783821.476199999451637, 816622.552299998700619 ], [ 2783827.636600002646446, 816611.271899998188019 ], [ 2783834.075499996542931, 816603.636900000274181 ], [ 2783840.809299997985363, 816597.82880000025034 ], [ 2783855.554899998009205, 816587.98200000077486 ], [ 2783886.791000001132488, 816572.843199998140335 ], [ 2783906.29619999974966, 816564.331700000911951 ], [ 2783916.700000002980232, 816554.804400000721216 ], [ 2783923.818800002336502, 816544.859299998730421 ], [ 2783930.7246999964118, 816532.522199999541044 ], [ 2783932.920199997723103, 816520.512699998915195 ], [ 2783934.1162, 816505.218299999833107 ], [ 2783931.937100000679493, 816494.191799998283386 ], [ 2783928.693099997937679, 816483.878100000321865 ], [ 2783919.681900002062321, 816471.074000000953674 ], [ 2783902.298500001430511, 816456.508600000292063 ], [ 2783879.713100001215935, 816448.054499998688698 ], [ 2783874.519400000572205, 816446.104800000786781 ], [ 2783844.26630000025034, 816439.174300000071526 ], [ 2783825.62950000166893, 816434.873500000685453 ], [ 2783796.122000001370907, 816429.901000000536442 ], [ 2783773.159800000488758, 816425.116900000721216 ], [ 2783762.444600000977516, 816423.666900001466274 ], [ 2783754.039599999785423, 816422.528200000524521 ], [ 2783751.246200002729893, 816421.627099998295307 ], [ 2783730.258299998939037, 816414.860500000417233 ], [ 2783709.163900002837181, 816407.61879999935627 ], [ 2783687.045500002801418, 816393.520300000905991 ], [ 2783669.727600000798702, 816379.905200000852346 ], [ 2783659.962700001895428, 816371.770599998533726 ], [ 2783651.410300001502037, 816364.643500000238419 ], [ 2783633.871200002729893, 816342.582499999552965 ], [ 2783622.066500000655651, 816318.481600001454353 ], [ 2783610.835299998521805, 816290.071800000965595 ], [ 2783603.421499997377396, 816256.320700000971556 ], [ 2783595.51630000025034, 816189.424800001084805 ], [ 2783591.297399997711182, 816170.247400000691414 ], [ 2783584.514399997889996, 816152.659099999815226 ], [ 2783577.207099996507168, 816138.298599999397993 ], [ 2783546.241400003433228, 816064.300200000405312 ], [ 2783529.480499997735023, 816020.38289999961853 ], [ 2783517.167999997735023, 815984.477400001138449 ], [ 2783509.074299998581409, 815969.70719999819994 ], [ 2783492.444499999284744, 815961.703600000590086 ], [ 2783481.328000001609325, 815961.982200000435114 ], [ 2783472.439599998295307, 815963.333799999207258 ], [ 2783457.505599997937679, 815982.6587999984622 ], [ 2783447.863600000739098, 816004.826299998909235 ], [ 2783436.083599999547005, 816019.752099998295307 ], [ 2783426.302299998700619, 816029.082800000905991 ], [ 2783412.154700003564358, 816031.761599998921156 ], [ 2783399.440700002014637, 816029.484200000762939 ], [ 2783386.530100002884865, 816019.514600001275539 ], [ 2783368.892800003290176, 816003.753199998289347 ], [ 2783345.053999997675419, 815989.441700000315905 ], [ 2783324.598600000143051, 815987.803300000727177 ], [ 2783308.755300000309944, 815994.406100001186132 ], [ 2783301.579099997878075, 816005.571800000965595 ], [ 2783300.718900002539158, 816012.125399999320507 ], [ 2783302.390100002288818, 816017.605799999088049 ], [ 2783307.280699998140335, 816034.579700000584126 ], [ 2783313.031499996781349, 816054.535399999469519 ], [ 2783316.890000000596046, 816078.152899999171495 ], [ 2783315.906900003552437, 816090.547400001436472 ], [ 2783311.081799998879433, 816102.221000000834465 ], [ 2783303.627099998295307, 816113.0016999989748 ], [ 2783285.309799998998642, 816139.617499999701977 ], [ 2783265.116499997675419, 816161.760499998927116 ], [ 2783237.542199999094009, 816175.752399999648333 ], [ 2783217.053999997675419, 816180.782299999147654 ], [ 2783195.926899999380112, 816184.771800000220537 ], [ 2783176.569200001657009, 816190.252199999988079 ], [ 2783149.224299997091293, 816196.191399998962879 ], [ 2783131.119999997317791, 816205.800700001418591 ], [ 2783118.258500002324581, 816220.849399998784065 ], [ 2783103.283600002527237, 816233.243900001049042 ], [ 2783088.923000000417233, 816256.992499999701977 ], [ 2783077.577100001275539, 816275.776700001209974 ], [ 2783071.211900003254414, 816303.817899998277426 ], [ 2783048.962399996817112, 816342.221999999135733 ], [ 2783044.669799998402596, 816364.856499999761581 ], [ 2783035.175300002098083, 816415.294700000435114 ], [ 2783029.006700001657009, 816424.748199999332428 ], [ 2783007.240500003099442, 816437.085400000214577 ], [ 2782974.161200001835823, 816461.120700001716614 ], [ 2782958.342500001192093, 816484.852899998426437 ], [ 2782951.076200000941753, 816501.654699999839067 ], [ 2782925.910400003194809, 816531.899599999189377 ], [ 2782919.143799997866154, 816540.525800000876188 ], [ 2782912.5574000030756, 816545.4983000010252 ], [ 2782907.445600003004074, 816548.021499998867512 ], [ 2782893.871500000357628, 816549.364900000393391 ], [ 2782887.203199997544289, 816547.964099999517202 ], [ 2782881.272200003266335, 816545.252599999308586 ], [ 2782874.759499996900558, 816539.608300000429153 ], [ 2782871.3926, 816532.415699999779463 ], [ 2782870.622599996626377, 816525.812899999320507 ], [ 2782870.802799999713898, 816514.811099998652935 ], [ 2782872.031599998474121, 816501.662900000810623 ], [ 2782873.801100000739098, 816487.392499998211861 ], [ 2782879.101300001144409, 816471.794900000095367 ], [ 2782879.46169999986887, 816454.165699999779463 ], [ 2782873.5471, 816436.495600000023842 ], [ 2782871.023999996483326, 816416.679099999368191 ], [ 2782867.09179999679327, 816392.029399998486042 ], [ 2782871.3926, 816358.024399999529123 ], [ 2782871.409000001847744, 816340.272300001233816 ], [ 2782864.437600001692772, 816314.066100001335144 ], [ 2782858.023299999535084, 816305.325300000607967 ], [ 2782851.256700001657009, 816293.962999999523163 ], [ 2782846.3169, 816280.913100000470877 ], [ 2782831.808899998664856, 816266.708200000226498 ], [ 2782825.148800000548363, 816252.306600000709295 ], [ 2782819.782999999821186, 816228.754599999636412 ], [ 2782820.921700000762939, 816205.661400001496077 ], [ 2782817.636699996888638, 816187.221200000494719 ], [ 2782814.122299998998642, 816176.301300000399351 ], [ 2782812.680500000715256, 816164.300000000745058 ], [ 2782806.659400001168251, 816147.719399999827147 ], [ 2782797.009199999272823, 816136.840399999171495 ], [ 2782779.8141999989748, 816136.070300001651049 ], [ 2782769.041799999773502, 816135.300299998372793 ], [ 2782760.710500001907349, 816133.448899999260902 ], [ 2782755.229999996721745, 816127.714499998837709 ], [ 2782752.002400003373623, 816121.890000000596046 ], [ 2782750.151000000536442, 816113.116399999707937 ], [ 2782749.26630000025034, 816101.197000000625849 ], [ 2782751.068499997258186, 816095.290600001811981 ], [ 2782754.361699998378754, 816089.1875 ], [ 2782795.116899996995926, 816053.732599999755621 ], [ 2782800.933200001716614, 816047.342799998819828 ], [ 2782807.773500002920628, 816036.938999999314547 ], [ 2782815.457599997520447, 816009.741500001400709 ], [ 2782819.782999999821186, 815977.833700001239777 ], [ 2782822.166900001466274, 815964.243099998682737 ], [ 2782822.101300001144409, 815948.301500000059605 ], [ 2782866.125200003385544, 815857.157299999147654 ], [ 2782878.314800001680851, 815804.818599998950958 ], [ 2782899.237199999392033, 815748.334800001233816 ], [ 2782921.978200003504753, 815693.759700000286102 ], [ 2782935.880000002682209, 815668.82319999858737 ], [ 2782943.58049999922514, 815626.585299998521805 ], [ 2782942.990699999034405, 815602.263199999928474 ], [ 2782940.369199998676777, 815579.505899999290705 ], [ 2782934.020400002598763, 815556.887800000607967 ], [ 2782916.120899997651577, 815504.221400000154972 ], [ 2782901.088600002229214, 815462.46680000051856 ], [ 2782899.237199999392033, 815457.961199998855591 ], [ 2782894.281099997460842, 815454.979299999773502 ], [ 2782854.983999997377396, 815442.363600000739098 ], [ 2782848.700800001621246, 815439.660199999809265 ], [ 2782843.08110000193119, 815436.620999999344349 ], [ 2782836.887900002300739, 815429.649599999189377 ], [ 2782834.545000001788139, 815418.639600001275539 ], [ 2782828.851599998772144, 815395.710200000554323 ], [ 2782820.200800001621246, 815335.384300000965595 ], [ 2782822.060400001704693, 815296.546000000089407 ], [ 2782824.542599998414516, 815149.737199999392033 ], [ 2782824.001900002360344, 815138.850000001490116 ], [ 2782821.544299997389317, 815131.501800000667572 ], [ 2782817.497400000691414, 815125.767400000244379 ], [ 2782810.681699998676777, 815123.424499999731779 ], [ 2782804.37389999628067, 815123.293400000780821 ], [ 2782801.547600001096725, 815124.120799999684095 ], [ 2782787.6294, 815127.856300000101328 ], [ 2782777.307499997317791, 815130.928300000727177 ], [ 2782744.203599996864796, 815171.273899998515844 ], [ 2782685.303099997341633, 815246.812399998307228 ], [ 2782664.118600003421307, 815269.127399999648333 ], [ 2782636.593500003218651, 815297.193199999630451 ], [ 2782632.939900003373623, 815300.764899998903275 ], [ 2782628.696400001645088, 815304.074400000274181 ], [ 2782626.304300002753735, 815305.983199998736382 ], [ 2782622.486900001764297, 815307.596999999135733 ], [ 2782616.719700001180172, 815308.915899999439716 ], [ 2782611.76349999755621, 815308.948699999600649 ], [ 2782607.348099999129772, 815307.941100001335144 ], [ 2782601.023800000548363, 815303.6239 ], [ 2782595.256700001657009, 815298.77419999986887 ], [ 2782591.824199996888638, 815293.646000001579523 ], [ 2782570.729800000786781, 815249.474800001829863 ], [ 2782541.0337999984622, 815182.300400000065565 ], [ 2782507.291000001132488, 815115.83049999922514 ], [ 2782497.435999996960163, 815112.848600000143051 ], [ 2782489.4324000030756, 815110.202599998563528 ], [ 2782483.992899999022484, 815103.231199998408556 ], [ 2782463.209799997508526, 815091.156199999153614 ], [ 2782452.035899996757507, 815090.705600000917912 ], [ 2782447.800700001418591, 815090.083000000566244 ], [ 2782442.508599996566772, 815086.920899998396635 ], [ 2782438.011200003325939, 815083.218100000172853 ], [ 2782430.712200000882149, 815074.903200000524521 ], [ 2782426.739, 815065.580699998885393 ], [ 2782393.831799998879433, 814983.759100001305342 ], [ 2782372.942199997603893, 814933.705899998545647 ], [ 2782357.385600000619888, 814895.621300000697374 ], [ 2782354.633100003004074, 814889.731300000101328 ], [ 2782348.333400003612041, 814880.900299999862909 ], [ 2782342.361400000751019, 814872.708299998193979 ], [ 2782336.463200002908707, 814868.407499998807907 ], [ 2782329.696599997580051, 814865.695900000631809 ], [ 2782323.863899998366833, 814864.008400000631809 ], [ 2782318.858599998056889, 814863.672499999403954 ], [ 2782313.034100003540516, 814864.426199998706579 ], [ 2782307.299699999392033, 814865.507500000298023 ], [ 2782300.533100001513958, 814867.301600001752377 ], [ 2782293.635399997234344, 814870.930599998682737 ], [ 2782288.261500000953674, 814875.985100001096725 ], [ 2782230.425899997353554, 814946.837699998170137 ], [ 2782224.306500002741814, 814950.114500001072884 ], [ 2782215.319899998605251, 814951.31870000064373 ], [ 2782207.398199997842312, 814949.516499999910593 ], [ 2782199.796099998056889, 814947.976399999111891 ], [ 2782193.906000003218651, 814943.896800000220537 ], [ 2782188.990800000727177, 814938.727600000798702 ], [ 2782185.44370000064373, 814933.386399999260902 ], [ 2782187.63910000026226, 814830.208200000226498 ], [ 2782170.902900002896786, 814786.577599998563528 ], [ 2782151.995700001716614, 814724.678899999707937 ], [ 2782142.296400003135204, 814703.355099998414516 ], [ 2782128.7632, 814682.981600001454353 ], [ 2782109.741400003433228, 814668.571800000965595 ], [ 2782088.581500001251698, 814653.719799999147654 ], [ 2782061.687100000679493, 814636.63120000064373 ], [ 2782044.58219999819994, 814629.635299999266863 ], [ 2782034.46509999781847, 814628.267200000584126 ], [ 2782026.862899996340275, 814628.111600000411272 ], [ 2782018.531700000166893, 814630.012099999934435 ], [ 2782009.692500002682209, 814633.977000001817942 ], [ 2782000.804200001060963, 814640.252099998295307 ], [ 2781991.670100003480911, 814647.657699998468161 ], [ 2781983.3716000020504, 814658.995400000363588 ], [ 2781978.0878000035882, 814668.186799999326468 ], [ 2781975.638400003314018, 814674.912500001490116 ], [ 2781975.196000002324581, 814684.013799998909235 ], [ 2781983.609200000762939, 814713.881799999624491 ], [ 2781985.706299997866154, 814749.009100001305342 ], [ 2781982.617899999022484, 814781.613299999386072 ], [ 2781975.089500002563, 814814.127300001680851 ], [ 2781965.80799999833107, 814833.697999998927116 ], [ 2781901.476199999451637, 814897.906899999827147 ], [ 2781896.733000002801418, 814900.929699998348951 ], [ 2781890.326899997889996, 814901.019900001585484 ], [ 2781883.896200001239777, 814898.816199999302626 ], [ 2781878.473099999129772, 814895.654100000858307 ], [ 2781874.270599998533726, 814891.795699998736382 ], [ 2781869.412699997425079, 814886.888700000941753 ], [ 2781864.464699998497963, 814877.959399998188019 ], [ 2781847.908699996769428, 814824.039599999785423 ], [ 2781842.559299997985363, 814815.044799998402596 ], [ 2781836.087600000202656, 814809.490600001066923 ], [ 2781830.140299998223782, 814806.459600001573563 ], [ 2781821.980999998748302, 814807.458999998867512 ], [ 2781812.568400003015995, 814812.882100000977516 ], [ 2781788.139899998903275, 814821.352600000798702 ], [ 2781774.680399999022484, 814824.121500000357628 ], [ 2781766.308200001716614, 814823.335099998861551 ], [ 2781749.744000002741814, 814812.7837999984622 ], [ 2781727.666500002145767, 814785.791200000792742 ], [ 2781712.953699998557568, 814766.941399998962879 ], [ 2781700.919600002467632, 814718.739700000733137 ], [ 2781683.495300002396107, 814673.069299999624491 ], [ 2781678.7029, 814637.507800001651049 ], [ 2781694.071099996566772, 814604.363000001758337 ], [ 2781706.678599998354912, 814563.337400000542402 ], [ 2781712.839000001549721, 814539.842799998819828 ], [ 2781700.36259999871254, 814520.780000001192093 ], [ 2781680.947499997913837, 814520.378600001335144 ], [ 2781618.4425999969244, 814520.304800000041723 ], [ 2781595.734399996697903, 814509.974700000137091 ], [ 2781578.269000001251698, 814492.411100000143051 ], [ 2781543.395700000226498, 814454.219999998807907 ], [ 2781515.10869999974966, 814395.819200001657009 ], [ 2781513.01969999819994, 814335.550700001418591 ], [ 2781518.745899997651577, 814271.669399999082088 ], [ 2781514.789200000464916, 814232.495299998670816 ], [ 2781507.555699996650219, 814215.947500001639128 ], [ 2781491.720499999821186, 814208.894200000911951 ], [ 2781463.531900003552437, 814208.3125 ], [ 2781433.975100003182888, 814215.906500000506639 ], [ 2781422.825800001621246, 814213.022900000214577 ], [ 2781386.912100002169609, 814196.638900000602007 ], [ 2781357.117799997329712, 814151.353500001132488 ], [ 2781322.285400003194809, 814112.244899999350309 ], [ 2781288.214900001883507, 814081.303800001740456 ], [ 2781256.905100002884865, 814058.210499998182058 ], [ 2781253.980499997735023, 814051.837099999189377 ], [ 2781254.07880000025034, 814046.954700000584126 ], [ 2781258.125699996948242, 814038.484200000762939 ], [ 2781270.069600000977516, 814022.747299998998642 ], [ 2781284.970799997448921, 814007.985399998724461 ], [ 2781306.622299998998642, 813984.244899999350309 ], [ 2781312.659800000488758, 813961.987300001084805 ], [ 2781308.514700002968311, 813941.081300001591444 ], [ 2781300.896099999547005, 813921.699000000953674 ], [ 2781291.04110000282526, 813902.267599999904633 ], [ 2781278.753100000321865, 813869.417700000107288 ], [ 2781279.187299996614456, 813844.317400000989437 ], [ 2781266.784599997103214, 813803.881700001657009 ], [ 2781256.479099996387959, 813767.189699999988079 ], [ 2781225.062700003385544, 813722.182900000363588 ], [ 2781207.220600001513958, 813662.102699998766184 ], [ 2781186.838899999856949, 813588.989100001752377 ], [ 2781188.985200002789497, 813508.429000001400709 ], [ 2781210.784100003540516, 813460.342000000178814 ], [ 2781195.424099996685982, 813416.440999999642372 ], [ 2781204.877700001001358, 813385.417899999767542 ], [ 2781200.806199997663498, 813349.307599999010563 ], [ 2781195.751800000667572, 813322.781899999827147 ], [ 2781198.004600003361702, 813290.800299998372793 ], [ 2781205.565800003707409, 813234.914500001817942 ], [ 2781215.011200003325939, 813203.891399998217821 ], [ 2781245.509999997913837, 813137.175799999386072 ], [ 2781260.19820000231266, 813045.064899999648333 ], [ 2781304.877400003373623, 812983.223499998450279 ], [ 2781348.401500001549721, 812939.101399999111891 ], [ 2781318.902099996805191, 812805.588199999183416 ], [ 2781304.42679999768734, 812694.955200001597404 ], [ 2781265.465700000524521, 812637.127900000661612 ], [ 2781257.798000000417233, 812521.522399999201298 ], [ 2781305.852300003170967, 812330.296500001102686 ], [ 2781352.571199998259544, 812255.397100001573563 ], [ 2781363.212600000202656, 812165.268699999898672 ], [ 2781364.924800001084805, 812088.829100001603365 ], [ 2781325.709700003266335, 811931.894999999552965 ], [ 2781313.118600003421307, 811819.410599999129772 ], [ 2781268.996399998664856, 811767.473400000482798 ], [ 2781248.172399997711182, 811650.204900000244379 ], [ 2781256.987000003457069, 811585.660100001841784 ], [ 2781226.111299999058247, 811517.265099998563528 ], [ 2781231.747400000691414, 811420.763300001621246 ], [ 2781225.406800001859665, 811365.713100001215935 ], [ 2781206.671700000762939, 811276.690600000321865 ], [ 2781165.20380000025034, 811216.864500001072884 ], [ 2781063.229800000786781, 811092.296900000423193 ], [ 2780570.743100002408028, 810184.516800001263618 ], [ 2780568.768899999558926, 810094.798000000417233 ], [ 2780611.834200002253056, 808673.109200000762939 ], [ 2780613.234999999403954, 808601.535700000822544 ], [ 2780564.500799998641014, 807230.899399999529123 ], [ 2780559.413599997758865, 806785.729699999094009 ], [ 2780566.647100001573563, 806598.452399998903275 ], [ 2780315.185500003397465, 806588.884199999272823 ], [ 2779911.451399996876717, 807124.059599999338388 ], [ 2779874.087300002574921, 807173.588199999183416 ], [ 2779352.207699999213219, 807317.562600001692772 ], [ 2778659.828100003302097, 807502.947500001639128 ], [ 2778675.261799998581409, 808211.752099998295307 ], [ 2778744.648000001907349, 808722.089200001209974 ], [ 2778882.28999999910593, 809553.134799998253584 ], [ 2779106.791799999773502, 810041.697500001639128 ], [ 2778938.913099996745586, 810442.38459999859333 ], [ 2778752.225599996745586, 810450.035900000482798 ], [ 2778687.361400000751019, 810481.575100000947714 ], [ 2778649.5962999984622, 810490.19310000166297 ], [ 2778613.330300003290176, 810501.964999999850988 ], [ 2778558.124399997293949, 810521.175200000405312 ], [ 2778528.403800003230572, 810528.679099999368191 ], [ 2778482.504000000655651, 810563.675299998372793 ], [ 2778459.541900001466274, 810573.153499998152256 ], [ 2778420.785499997437, 810589.422800000756979 ], [ 2778355.97860000282526, 810627.9087999984622 ], [ 2778308.612400002777576, 810684.105900000780821 ], [ 2778266.186099998652935, 810732.479699999094009 ], [ 2778231.763300001621246, 810772.62049999833107 ], [ 2778198.725000001490116, 810827.342999998480082 ], [ 2778181.996899999678135, 810905.896099999547005 ], [ 2778162.475400000810623, 810928.424100000411272 ], [ 2778052.522299997508526, 811014.415600001811981 ], [ 2777977.115000002086163, 811116.176600001752377 ], [ 2777145.446000002324581, 811214.368299998342991 ], [ 2776536.682800002396107, 811286.242499999701977 ], [ 2776217.883000001311302, 811504.231600001454353 ], [ 2777377.902900002896786, 813089.580200001597404 ], [ 2777275.093299999833107, 813237.142700001597404 ], [ 2777360.895599998533726, 813246.888799998909235 ], [ 2777386.447200000286102, 813249.791200000792742 ], [ 2777406.681400001049042, 813260.424400001764297 ], [ 2777435.500900000333786, 813279.986900001764297 ], [ 2777496.064300000667572, 813319.185600001364946 ], [ 2777543.921999998390675, 813336.225000001490116 ], [ 2777592.33669999986887, 813338.436799999326468 ], [ 2777615.429999999701977, 813428.712600000202656 ], [ 2777438.433600001037121, 813544.826099999248981 ], [ 2777375.527300000190735, 813693.207800000905991 ], [ 2777744.773500002920628, 813637.682399999350309 ], [ 2777075.175800003111362, 814196.950199998915195 ], [ 2777060.553000003099442, 814342.317299999296665 ], [ 2777033.010200001299381, 814682.653799999505281 ], [ 2777030.734200000762939, 814710.776999998837709 ], [ 2777037.328699998557568, 814718.354600001126528 ], [ 2779367.264600001275539, 817394.377900000661612 ], [ 2779409.060199998319149, 817481.344200000166893 ], [ 2779473.236299999058247, 817597.867199998348951 ], [ 2779522.085199996829033, 817720.493299998342991 ], [ 2779560.210799999535084, 817879.753899998962879 ], [ 2779568.902500003576279, 817944.282299999147654 ], [ 2779585.221000000834465, 818065.474800001829863 ], [ 2779578.1266999989748, 818193.564899999648333 ], [ 2779587.580300003290176, 818228.577500000596046 ], [ 2779600.236900001764297, 818263.868599999696016 ], [ 2779628.237099997699261, 818304.754900000989437 ], [ 2779626.795400001108646, 818374.911200001835823 ], [ 2779630.244199998676777, 818413.364399999380112 ], [ 2779680.526699997484684, 818446.050500001758337 ], [ 2779713.818999998271465, 818548.688099998980761 ], [ 2779727.139200001955032, 818564.039900001138449 ], [ 2779775.685000002384186, 818619.974899999797344 ], [ 2779799.44990000128746, 818691.875999998301268 ], [ 2779832.324400000274181, 818763.98200000077486 ], [ 2779845.3496999964118, 818815.223000001162291 ], [ 2779854.369099996984005, 818841.478300001472235 ], [ 2779873.038699999451637, 818868.471000000834465 ], [ 2779877.19200000166893, 818912.060600001364946 ], [ 2779900.023100003600121, 818963.948699999600649 ], [ 2779920.773500002920628, 819017.917599998414516 ], [ 2779856.097599998116493, 819063.293099999427795 ], [ 2779863.95380000025034, 819109.160100001841784 ], [ 2779899.113799996674061, 819196.011700000613928 ], [ 2779888.71000000089407, 819282.99439999833703 ], [ 2779870.794100001454353, 819314.435300000011921 ], [ 2779877.888300001621246, 819359.925500001758337 ], [ 2779881.214299999177456, 819381.200100000947714 ], [ 2779893.723499998450279, 819426.051300000399351 ], [ 2779899.982199996709824, 819452.126400001347065 ], [ 2779906.240900002419949, 819490.718899998813868 ], [ 2779895.812399998307228, 819514.721500001847744 ], [ 2779872.874799996614456, 819542.861000001430511 ], [ 2779849.486699998378754, 819585.590500000864267 ], [ 2779858.833800002932549, 819617.449200000613928 ], [ 2779862.184299997985363, 819657.729200001806021 ], [ 2779868.901699997484684, 819699.147999998182058 ], [ 2779848.757600001990795, 819778.610399998724461 ], [ 2779863.306599996984005, 819842.401500001549721 ], [ 2779882.320200003683567, 819888.28489999845624 ], [ 2779928.203599996864796, 819918.497000001370907 ], [ 2779962.88849999755621, 819949.839600000530481 ], [ 2779965.886799998581409, 819994.821800000965595 ], [ 2779990.4956, 820005.258400000631809 ], [ 2780100.317500002682209, 819956.303100001066923 ], [ 2780155.548000000417233, 820059.055300001055002 ], [ 2780168.8108000010252, 820104.357099998742342 ], [ 2780187.586900003254414, 820133.070000000298023 ], [ 2780210.786700002849102, 820164.019400000572205 ], [ 2780236.189999997615814, 820185.015500001609325 ], [ 2780237.246799997985363, 820218.684599999338388 ], [ 2780274.389300003647804, 820262.519999999552965 ], [ 2780328.079700000584126, 820364.993700001388788 ], [ 2780366.844300001859665, 820433.896699998527765 ], [ 2780416.086400002241135, 820477.330600000917912 ], [ 2780463.640900000929832, 820496.041200000792742 ], [ 2780527.161700002849102, 820515.087600000202656 ], [ 2780545.7820999994874, 820510.950599998235703 ], [ 2780597.031300000846386, 820499.571899998933077 ], [ 2780681.761100001633167, 820466.951400000602007 ], [ 2780750.213500000536442, 820414.825699999928474 ], [ 2780850.540899999439716, 820407.108800001442432 ], [ 2780890.673500001430511, 820431.815900001674891 ], [ 2780913.406300000846386, 820448.773299999535084 ], [ 2780956.111199997365475, 820467.410100001841784 ], [ 2780682.219899997115135, 820715.275499999523163 ], [ 2780797.276500001549721, 821067.408599998801947 ], [ 2780945.379699997603893, 821129.626800000667572 ], [ 2780951.204199999570847, 821203.092700000852346 ], [ 2780995.612999998033047, 821304.231100000441074 ], [ 2781072.56870000064373, 821369.3739 ], [ 2781227.594099998474121, 821326.111999999731779 ], [ 2781315.019100002944469, 821477.03319999948144 ], [ 2781361.320299997925758, 821605.106899999082088 ], [ 2781386.166599996387959, 821705.852099999785423 ], [ 2781459.296599999070168, 821833.925799999386072 ], [ 2781708.73480000346899, 821834.065099999308586 ], [ 2781804.491099998354912, 821920.556200001388788 ], [ 2781855.674699999392033, 821966.783700000494719 ], [ 2782014.493000000715256, 821967.152300000190735 ], [ 2782181.822800002992153, 822195.3733000010252 ], [ 2782292.594999998807907, 822554.436799999326468 ], [ 2782449.914200000464916, 822667.41270000115037 ], [ 2782653.083999998867512, 822598.239399999380112 ], [ 2782679.200099997222424, 822589.351100001484156 ], [ 2782616.031599998474121, 822441.657600000500679 ], [ 2782622.642499998211861, 822427.206900000572205 ], [ 2782657.704300001263618, 822350.537900000810623 ], [ 2782680.87950000166893, 822230.738099999725819 ], [ 2782692.880699999630451, 822140.986600000411272 ], [ 2782705.881399996578693, 822054.323399998247623 ], [ 2782722.601300001144409, 822022.620400000363588 ], [ 2782726.4679000005126, 822003.500199999660254 ], [ 2782729.589100003242493, 821943.174400001764297 ], [ 2782736.863600000739098, 821876.606199998408556 ], [ 2782726.4679000005126, 821819.401399999856949 ], [ 2782702.645599998533726, 821774.656700000166893 ], [ 2782789.587300002574921, 821687.49379999935627 ], [ 2782938.853699997067451, 821537.866999998688698 ], [ 2782968.951099999248981, 821625.250999998301268 ], [ 2782996.910400003194809, 821689.582800000905991 ], [ 2783024.755000002682209, 821723.997400000691414 ], [ 2783050.584399998188019, 821739.750599998980761 ], [ 2783096.959299996495247, 821750.457600001245737 ], [ 2783193.215300001204014, 821732.328699998557568 ], [ 2783295.123800002038479, 821717.017799999564886 ], [ 2783323.238799996674061, 821750.703299999237061 ], [ 2783347.503499999642372, 821774.075100000947714 ], [ 2783360.979299999773502, 821788.460200000554323 ], [ 2783378.952500000596046, 821805.52419999986887 ], [ 2783412.711800001561642, 821812.757699999958277 ], [ 2783470.743900001049042, 821838.447799999266863 ], [ 2783518.142800003290176, 821956.330699998885393 ], [ 2783535.780199997127056, 822035.113200001418591 ], [ 2783567.532399997115135, 822082.004200000315905 ], [ 2783599.29280000180006, 822118.311099998652935 ], [ 2783656.317299999296665, 822188.221599999815226 ], [ 2783699.038599997758865, 822211.962099999189377 ], [ 2783748.002099998295307, 822212.429000001400709 ], [ 2783751.336300000548363, 822251.562199998646975 ], [ 2783758.004600003361702, 822271.542500000447035 ], [ 2783788.839299999177456, 822304.842999998480082 ], [ 2783803.650399997830391, 822382.986400000751019 ], [ 2783897.809199996292591, 822381.896899998188019 ], [ 2783912.39919999986887, 822403.507399998605251 ], [ 2784009.720200002193451, 822397.0439000017941 ], [ 2784070.316399998962879, 822472.705200001597404 ], [ 2784108.728699997067451, 822571.975900001823902 ], [ 2784188.55969999730587, 822553.609400000423193 ], [ 2784242.446699999272823, 822547.055799998342991 ], [ 2784260.575599998235703, 822547.055799998342991 ], [ 2784315.658600002527237, 822549.054699998348951 ], [ 2784312.832400001585484, 822638.142700001597404 ], [ 2784316.14190000295639, 822680.667300000786781 ], [ 2784377.876800000667572, 822722.471099998801947 ], [ 2784371.970399998128414, 822818.391199998557568 ], [ 2784378.597699999809265, 822838.584499999880791 ], [ 2784399.241599999368191, 822845.662399999797344 ], [ 2784416.469300001859665, 822872.302799999713898 ], [ 2784427.045199997723103, 822909.87950000166893 ], [ 2784438.219099998474121, 822918.112500000745058 ], [ 2784462.172499999403954, 822921.938099998980761 ], [ 2784506.409299999475479, 822909.125799998641014 ], [ 2784509.972800001502037, 822943.425700001418591 ], [ 2784558.57599999755621, 822995.387600000947714 ], [ 2784605.50789999961853, 823102.670000001788139 ], [ 2784716.116300001740456, 823112.729800000786781 ], [ 2784896.454999998211861, 823203.595499999821186 ], [ 2784990.171499997377396, 823311.42680000141263 ], [ 2785307.603299997746944, 823577.265399999916553 ], [ 2785305.661799997091293, 823534.175400000065565 ], [ 2785551.49549999833107, 823742.481600001454353 ], [ 2785559.679300002753735, 823765.06700000166893 ], [ 2785599.566200003027916, 823804.126400001347065 ], [ 2785620.218199998140335, 823888.99549999833107 ], [ 2785622.71679999679327, 823910.859999999403954 ], [ 2785628.893500000238419, 823963.092199999839067 ], [ 2785641.804099999368191, 824002.888900000602007 ], [ 2785677.127999998629093, 824036.508900001645088 ], [ 2785739.362700000405312, 824044.070099998265505 ], [ 2785822.37219999730587, 824067.155200000852346 ], [ 2785907.536200001835823, 824088.708299998193979 ], [ 2785954.566500000655651, 824106.730700001120567 ], [ 2785975.464299999177456, 824120.059099998325109 ], [ 2785978.233199998736382, 824147.494100000709295 ], [ 2785972.400499999523163, 824164.566199999302626 ], [ 2785969.00900000333786, 824188.69990000128746 ], [ 2785983.058300003409386, 824228.234499998390675 ], [ 2786006.167900003492832, 824250.803399998694658 ], [ 2786033.045900002121925, 824264.230099998414516 ], [ 2786077.667700000107288, 824293.246199999004602 ], [ 2786103.472499996423721, 824315.815099999308586 ], [ 2786124.001599997282028, 824373.24100000038743 ], [ 2786124.083599999547005, 824408.425700001418591 ], [ 2786126.090599998831749, 824446.616799999028444 ], [ 2786127.688000001013279, 824479.179999999701977 ], [ 2786134.782300002872944, 824532.362500000745058 ], [ 2786210.197899997234344, 824624.497900001704693 ], [ 2786260.038000002503395, 824695.735500000417233 ], [ 2786291.372400000691414, 824754.980099998414516 ], [ 2786306.453900001943111, 824815.232200000435114 ], [ 2786322.559299997985363, 824895.16160000115633 ], [ 2786357.907799996435642, 824989.181099999696016 ], [ 2786396.615000002086163, 825044.419799998402596 ], [ 2786427.941200003027916, 825074.484400000423193 ], [ 2786440.532300002872944, 825075.58219999819994 ], [ 2786450.862400002777576, 825064.031399998813868 ], [ 2786465.460600003600121, 825053.963500000536442 ], [ 2786479.477099999785423, 825049.302200000733137 ], [ 2786498.9003000035882, 825046.901999998837709 ], [ 2786514.858300000429153, 825047.844099998474121 ], [ 2786531.193199999630451, 825047.942400000989437 ], [ 2786540.155199997127056, 825055.7820999994874 ], [ 2786541.515100002288818, 825070.937300000339746 ], [ 2786541.252999998629093, 825083.544799998402596 ], [ 2786532.5449, 825107.440900001674891 ], [ 2786548.502899996936321, 825129.338100001215935 ], [ 2786585.571699999272823, 825138.447599999606609 ], [ 2786624.541000001132488, 825142.748399998992682 ], [ 2786669.47410000115633, 825157.903599999845028 ], [ 2786705.510799996554852, 825163.416799999773502 ], [ 2786732.282200001180172, 825159.279800001531839 ], [ 2786741.916000001132488, 825151.464699998497963 ], [ 2786761.51129999756813, 825124.717799998819828 ], [ 2786767.696199998259544, 825119.515900000929832 ], [ 2786776.584499999880791, 825116.386500000953674 ], [ 2786789.101899996399879, 825116.460200000554323 ], [ 2786822.254900000989437, 825123.767499998211861 ], [ 2786838.688100002706051, 825159.197900000959635 ], [ 2786862.215499997138977, 825193.972899999469519 ], [ 2786909.352300003170967, 825227.199700001627207 ], [ 2786969.768299996852875, 825260.262600000947714 ], [ 2787009.66330000013113, 825304.286400001496077 ], [ 2787031.585100002586842, 825332.663499999791384 ], [ 2787051.204999998211861, 825363.686599999666214 ], [ 2787034.698100000619888, 825396.741300001740456 ], [ 2787052.401000000536442, 825476.490499999374151 ], [ 2787061.338500000536442, 825564.128499999642372 ], [ 2787072.43860000371933, 825616.475299999117851 ], [ 2787087.102300003170967, 825651.152100000530481 ], [ 2787143.111000001430511, 825729.836199998855591 ], [ 2787168.678199999034405, 825739.125999998301268 ], [ 2787188.199799999594688, 825740.027100000530481 ], [ 2787185.922399997711182, 825721.365699999034405 ], [ 2787186.168200001120567, 825702.515900000929832 ], [ 2787180.908900000154972, 825677.710499998182058 ], [ 2787157.848399996757507, 825641.903299998492002 ], [ 2787134.861699998378754, 825544.901799999177456 ], [ 2787132.993900001049042, 825500.091600000858307 ], [ 2787136.967000000178814, 825482.749099999666214 ], [ 2787145.478500001132488, 825472.025800000876188 ], [ 2787198.660999998450279, 825380.848900001496077 ], [ 2787229.782399997115135, 825329.280200000852346 ] ] ] ] } },
{ "type": "Feature", "properties": { "CVE_ENT": "09", "CVE_MUN": "003", "NOM_MUN": "Coyoacán", "OID": 2120 }, "geometry": { "type": "MultiPolygon", "coordinates": [ [ [ [ 2799629.57039999961853, 820653.229299999773502 ], [ 2799843.299699999392033, 820643.267799999564886 ], [ 2799968.293200001120567, 820635.640999998897314 ], [ 2800088.625500001013279, 820629.54619999974966 ], [ 2800209.064300000667572, 820625.417399998754263 ], [ 2800248.656199999153614, 820627.334399998188019 ], [ 2800272.24099999666214, 820632.63459999859333 ], [ 2800295.98139999806881, 820639.917300000786781 ], [ 2800315.699600003659725, 820646.593699999153614 ], [ 2800360.100199997425079, 820665.107700001448393 ], [ 2800379.253100000321865, 820675.290300000458956 ], [ 2800403.558799996972084, 820688.209100000560284 ], [ 2800435.229000002145767, 820712.531199999153614 ], [ 2800450.285899996757507, 820725.86769999936223 ], [ 2800481.898900002241135, 820759.864500001072884 ], [ 2800496.80009999871254, 820781.46680000051856 ], [ 2800510.832999996840954, 820803.470499999821186 ], [ 2800515.936599999666214, 820812.96510000154376 ], [ 2800521.408900000154972, 820821.935300000011921 ], [ 2800541.102399997413158, 820859.184300001710653 ], [ 2800561.459600001573563, 820893.517000000923872 ], [ 2800567.54619999974966, 820893.492400001734495 ], [ 2800625.889600001275539, 820888.323300000280142 ], [ 2800675.770700000226498, 820882.531500000506639 ], [ 2800711.405900001525879, 820879.565999999642372 ], [ 2800723.0713, 820878.599399998784065 ], [ 2800754.807199999690056, 820876.018899999558926 ], [ 2800775.45099999755621, 820874.339499998837709 ], [ 2800798.216600000858307, 820872.021200001239777 ], [ 2800830.083400003612041, 820868.793600000441074 ], [ 2800841.388400003314018, 820867.810499999672174 ], [ 2800881.414499998092651, 820864.345300000160933 ], [ 2800908.775799997150898, 820861.388000000268221 ], [ 2800915.951999999582767, 820860.609700001776218 ], [ 2800958.763400003314018, 820856.390900000929832 ], [ 2801004.425599999725819, 820852.073699999600649 ], [ 2801020.875100001692772, 820850.132199998944998 ], [ 2801050.644799999892712, 820847.502500001341105 ], [ 2801070.412100002169609, 820845.536499999463558 ], [ 2801092.84179999679327, 820843.234499998390675 ], [ 2801122.160999998450279, 820839.949499998241663 ], [ 2801175.228799998760223, 820835.026099998503923 ], [ 2801225.961800001561642, 820830.348499998450279 ], [ 2801314.648400001227856, 820821.861600000411272 ], [ 2801334.456699997186661, 820820.149500001221895 ], [ 2801401.7949, 820814.202100001275539 ], [ 2801451.790700003504753, 820810.38459999859333 ], [ 2801503.646099999547005, 820806.231199998408556 ], [ 2801515.671899996697903, 820735.624400001019239 ], [ 2801551.6184, 820478.067899998277426 ], [ 2801567.347099997103214, 820399.293600000441074 ], [ 2801588.711800001561642, 820335.699200000613928 ], [ 2801624.903999999165535, 820223.304900001734495 ], [ 2801642.778999999165535, 820171.326699998229742 ], [ 2801655.222599998116493, 820140.713199999183416 ], [ 2801662.390600003302097, 820123.133099999278784 ], [ 2801670.287699997425079, 820101.850299999117851 ], [ 2801673.55629999935627, 820086.457600001245737 ], [ 2801676.358000002801418, 820069.942499998956919 ], [ 2801678.504299998283386, 820055.26240000128746 ], [ 2801679.397200003266335, 820042.499299999326468 ], [ 2801695.347099997103214, 820037.77250000089407 ], [ 2801702.14639999717474, 820033.619199998676777 ], [ 2801714.614600002765656, 820015.62950000166893 ], [ 2801746.735500000417233, 819969.279199998825788 ], [ 2801775.235399998724461, 819928.155299998819828 ], [ 2801795.854699999094009, 819898.393800001591444 ], [ 2801870.893399998545647, 819781.633200000971556 ], [ 2801935.290700003504753, 819685.03319999948144 ], [ 2801990.398299999535084, 819591.201999999582767 ], [ 2802010.026399999856949, 819554.518199998885393 ], [ 2802024.255900003015995, 819527.927000001072884 ], [ 2802045.350299999117851, 819488.507100000977516 ], [ 2802083.328400000929832, 819418.539200000464916 ], [ 2802117.374300003051758, 819358.614700000733137 ], [ 2802135.519599996507168, 819332.089000001549721 ], [ 2802174.406999997794628, 819283.739900000393391 ], [ 2802187.88289999961853, 819268.77309999987483 ], [ 2802205.233499996364117, 819239.511199999600649 ], [ 2802236.158299997448921, 819170.223299998790026 ], [ 2802257.244499996304512, 819122.988200001418591 ], [ 2802319.380800001323223, 818984.699099998921156 ], [ 2802327.450000002980232, 818964.980900000780821 ], [ 2802330.677599996328354, 818952.692899998277426 ], [ 2802336.526699997484684, 818924.315900001674891 ], [ 2802342.728000000119209, 818885.911800000816584 ], [ 2802352.460100002586842, 818825.839800000190735 ], [ 2802362.085699997842312, 818769.593499999493361 ], [ 2802366.050700001418591, 818737.718499999493361 ], [ 2802375.741800002753735, 818685.428899999707937 ], [ 2802381.41889999806881, 818653.52930000051856 ], [ 2802389.111199997365475, 818610.30009999871254 ], [ 2802394.632600001990795, 818584.945900000631809 ], [ 2802408.886600002646446, 818544.010400000959635 ], [ 2802428.719499997794628, 818509.653200000524521 ], [ 2802462.527900002896786, 818437.227699998766184 ], [ 2802491.314499996602535, 818390.631599999964237 ], [ 2802497.753499999642372, 818376.492199998348951 ], [ 2802554.532200001180172, 818290.476199999451637 ], [ 2802584.793499998748302, 818244.527300000190735 ], [ 2802615.849299997091293, 818209.391800001263618 ], [ 2802642.604400001466274, 818184.83219999819994 ], [ 2802663.223700001835823, 818170.19310000166297 ], [ 2802679.714199997484684, 818158.847199998795986 ], [ 2802696.46679999679327, 818149.999800000339746 ], [ 2802708.476300001144409, 818143.667399998754263 ], [ 2802739.515799999237061, 818127.373500000685453 ], [ 2802757.136799998581409, 818118.747299998998642 ], [ 2802768.581000000238419, 818109.990100000053644 ], [ 2802780.016999997198582, 818100.667599998414516 ], [ 2802788.118900001049042, 818090.157299999147654 ], [ 2802796.753300003707409, 818080.777399998158216 ], [ 2802804.896099999547005, 818068.243700001388788 ], [ 2802810.237300001084805, 818054.866099998354912 ], [ 2802815.58669999986887, 818041.259199999272823 ], [ 2802820.36259999871254, 818028.094700001180172 ], [ 2802825.785700000822544, 818010.776799999177456 ], [ 2802837.361000001430511, 817968.293099999427795 ], [ 2802846.265699997544289, 817945.99439999833703 ], [ 2802856.178000003099442, 817929.34010000154376 ], [ 2802891.1824000030756, 817880.859900001436472 ], [ 2802930.168200001120567, 817819.043000001460314 ], [ 2802984.808799996972084, 817735.29619999974966 ], [ 2803040.08839999884367, 817647.346900001168251 ], [ 2803079.999899998307228, 817595.335900001227856 ], [ 2803095.548299998044968, 817578.230999998748302 ], [ 2803111.039300002157688, 817564.501200001686811 ], [ 2803137.499499998986721, 817536.378100000321865 ], [ 2803181.793600000441074, 817490.076900001615286 ], [ 2803214.872900001704693, 817454.3761 ], [ 2803241.89019999653101, 817426.826400000602007 ], [ 2803261.518200002610683, 817403.053300000727177 ], [ 2803275.977099999785423, 817384.252599999308586 ], [ 2803301.306699998676777, 817356.670200001448393 ], [ 2803332.919699996709824, 817324.721400000154972 ], [ 2803363.721600003540516, 817294.935199998319149 ], [ 2803433.099600002169609, 817230.513399999588728 ], [ 2803443.265900000929832, 817222.599899999797344 ], [ 2803462.132100000977516, 817208.378600001335144 ], [ 2803479.769500002264977, 817199.187100000679493 ], [ 2803518.124399997293949, 817181.115600001066923 ], [ 2803589.820799998939037, 817142.695099998265505 ], [ 2803639.36599999666214, 817114.490100000053644 ], [ 2803704.328599996864796, 817075.3733000010252 ], [ 2803740.848499998450279, 817051.395300000905991 ], [ 2803756.8147, 817041.048799999058247 ], [ 2803773.370700001716614, 817029.596400000154972 ], [ 2803795.669399999082088, 817012.622499998658895 ], [ 2803821.531499996781349, 816986.735800001770258 ], [ 2803851.694399997591972, 816956.032200001180172 ], [ 2803890.852200001478195, 816912.999600000679493 ], [ 2803961.352600000798702, 816823.960799999535084 ], [ 2803971.338600002229214, 816803.93129999935627 ], [ 2803980.562799997627735, 816775.423200000077486 ], [ 2803985.07660000026226, 816746.931400001049042 ], [ 2804019.696000002324581, 816571.991200000047684 ], [ 2803961.721199996769428, 816561.325300000607967 ], [ 2803941.626199997961521, 816313.631900001317263 ], [ 2803905.597800001502037, 815586.157800000160933 ], [ 2803887.157600000500679, 815234.163899999111891 ], [ 2803885.936999998986721, 815206.72069999948144 ], [ 2803869.806999996304512, 814983.275699999183416 ], [ 2803855.004000000655651, 814787.724500000476837 ], [ 2803837.145499996840954, 814493.107400000095367 ], [ 2803836.539200000464916, 814479.287500001490116 ], [ 2803827.077500000596046, 814480.835799999535084 ], [ 2803812.487499997019768, 814481.11430000141263 ], [ 2803800.330600000917912, 814480.401599999517202 ], [ 2803762.319700002670288, 814477.862100001424551 ], [ 2803539.841399997472763, 814460.380399998277426 ], [ 2803536.490900002419949, 814460.052700001746416 ], [ 2803418.411399997770786, 814448.682199999690056 ], [ 2803378.647399999201298, 814444.938400000333786 ], [ 2803354.259800001978874, 814442.857700001448393 ], [ 2803300.782399997115135, 814438.286499999463558 ], [ 2803268.120899997651577, 814435.640500001609325 ], [ 2803249.623400002717972, 814434.30519999936223 ], [ 2803197.030799999833107, 814430.27479999884963 ], [ 2803162.902900002896786, 814428.153000000864267 ], [ 2803075.076499998569489, 814422.344900000840425 ], [ 2803055.235399998724461, 814421.33729999884963 ], [ 2802979.844499997794628, 814417.519799999892712 ], [ 2802950.37780000269413, 814421.714099999517202 ], [ 2802946.67509999871254, 814422.598900001496077 ], [ 2802738.671999998390675, 814472.078499998897314 ], [ 2802506.027400001883507, 814527.423700001090765 ], [ 2802436.45269999653101, 814542.898400001227856 ], [ 2802287.472999997437, 814573.864100001752377 ], [ 2802227.425599999725819, 814587.135200001299381 ], [ 2802166.616400003433228, 814601.217199999839067 ], [ 2802105.061700001358986, 814615.4712999984622 ], [ 2802063.511900000274181, 814626.235599998384714 ], [ 2801849.749899998307228, 814685.644000001251698 ], [ 2801733.964100003242493, 814721.557700000703335 ], [ 2801627.320699997246265, 814754.628800000995398 ], [ 2801617.359200000762939, 814758.855900000780821 ], [ 2801526.255999997258186, 814794.581199999898672 ], [ 2801436.52080000191927, 814829.380800001323223 ], [ 2801349.718400001525879, 814863.230200000107288 ], [ 2801333.416299998760223, 814870.177000001072884 ], [ 2801193.226599998772144, 814924.956900000572205 ], [ 2801107.333499997854233, 814962.312399998307228 ], [ 2801087.205700002610683, 814971.217099998146296 ], [ 2801056.485699996352196, 814984.824000000953674 ], [ 2801025.560900002717972, 814998.521000001579523 ], [ 2801003.9341000020504, 815007.933600001037121 ], [ 2800952.250699996948242, 815030.412500001490116 ], [ 2800884.003200002014637, 815060.108500000089407 ], [ 2800829.337999999523163, 815083.889899998903275 ], [ 2800776.147299997508526, 815107.032299999147654 ], [ 2800725.201300002634525, 815129.199799999594688 ], [ 2800672.371100001037121, 815152.178399998694658 ], [ 2800653.7179000005126, 815160.296700000762939 ], [ 2800580.3257, 815191.876800000667572 ], [ 2800513.257799997925758, 815220.778200000524521 ], [ 2800476.229999996721745, 815236.834499999880791 ], [ 2800274.059600003063679, 815328.462000001221895 ], [ 2800193.179999999701977, 815212.348600000143051 ], [ 2800138.105200000107288, 815148.229800000786781 ], [ 2800107.647299997508526, 815109.678300000727177 ], [ 2800034.353500001132488, 815036.343499999493361 ], [ 2799953.637699998915195, 814933.5912000015378 ], [ 2799929.217399999499321, 814902.690999999642372 ], [ 2799917.789599999785423, 814888.756400000303984 ], [ 2799881.498999997973442, 814844.495000001043081 ], [ 2799873.438100002706051, 814834.681000001728535 ], [ 2799848.403300002217293, 814804.370600000023842 ], [ 2799837.942100003361702, 814791.918800000101328 ], [ 2799805.411700002849102, 814753.162399999797344 ], [ 2799726.154100000858307, 814658.757800001651049 ], [ 2799685.382500000298023, 814610.179299999028444 ], [ 2799669.039499998092651, 814590.71510000154376 ], [ 2799642.980700001120567, 814559.741099998354912 ], [ 2799609.459100000560284, 814519.747800000011921 ], [ 2799557.071199998259544, 814457.70160000026226 ], [ 2799525.564800001680851, 814422.353100001811981 ], [ 2799495.7787000015378, 814388.921500001102686 ], [ 2799468.351899996399879, 814358.135999999940395 ], [ 2799463.543099999427795, 814352.745700001716614 ], [ 2799384.10530000180006, 814384.424100000411272 ], [ 2799345.570200003683567, 814399.792300000786781 ], [ 2799268.008299998939037, 814430.577899999916553 ], [ 2799255.92509999871254, 814435.370200000703335 ], [ 2799249.707400001585484, 814437.663899999111891 ], [ 2799210.131800003349781, 814451.229899998754263 ], [ 2799188.062600001692772, 814460.388599999248981 ], [ 2799150.928199999034405, 814471.824599999934435 ], [ 2799108.207000002264977, 814479.295699998736382 ], [ 2799064.560000002384186, 814488.749299999326468 ], [ 2799049.355599999427795, 814490.32209999859333 ], [ 2799025.60700000077486, 814490.535100001841784 ], [ 2799003.816299997270107, 814488.30689999833703 ], [ 2798985.228699997067451, 814484.489399999380112 ], [ 2798967.533900000154972, 814479.221999999135733 ], [ 2798946.5050999969244, 814469.571800000965595 ], [ 2798928.081299997866154, 814457.136300001293421 ], [ 2798835.192199997603893, 814378.714299999177456 ], [ 2798752.821599997580051, 814310.204599998891354 ], [ 2798703.407499998807907, 814269.52309999987483 ], [ 2798656.541000001132488, 814236.198100000619888 ], [ 2798622.241099998354912, 814211.81870000064373 ], [ 2798590.284100003540516, 814187.586800001561642 ], [ 2798558.343500003218651, 814163.502300001680851 ], [ 2798541.255000002682209, 814148.527300000190735 ], [ 2798529.098099999129772, 814137.877700001001358 ], [ 2798515.237199999392033, 814148.437199998646975 ], [ 2798480.183700002729893, 814138.795200001448393 ], [ 2798402.597199998795986, 814118.552799999713898 ], [ 2798299.943300001323223, 814091.764899998903275 ], [ 2798219.13740000128746, 814069.228700000792742 ], [ 2798170.902900002896786, 814057.751800000667572 ], [ 2798014.894400000572205, 814020.437199998646975 ], [ 2798008.725900001823902, 814019.167399998754263 ], [ 2798003.4912, 814017.922200001776218 ], [ 2797988.090199999511242, 814014.030999999493361 ], [ 2797983.134099997580051, 814019.716299999505281 ], [ 2797909.061999998986721, 814116.406500000506639 ], [ 2797846.597999997437, 814190.028000000864267 ], [ 2797794.881899997591972, 814254.253299999982119 ], [ 2797762.515299998223782, 814290.9206000007689 ], [ 2797748.105599999427795, 814303.716600000858307 ], [ 2797720.228200003504753, 814327.375 ], [ 2797676.02419999986887, 814363.083999998867512 ], [ 2797666.857299998402596, 814369.1706000007689 ], [ 2797644.927299998700619, 814383.973600000143051 ], [ 2797603.95099999755621, 814407.378100000321865 ], [ 2797550.620999999344349, 814433.461399998515844 ], [ 2797498.487099997699261, 814453.785799998790026 ], [ 2797474.320699997246265, 814461.55180000141263 ], [ 2797464.76070000231266, 814464.631999999284744 ], [ 2797452.4070999994874, 814467.6385000012815 ], [ 2797427.9868, 814471.177400000393391 ], [ 2797403.296099998056889, 814474.675400000065565 ], [ 2797378.253200002014637, 814478.271699998527765 ], [ 2797356.511600002646446, 814481.2043999992311 ], [ 2797305.655699998140335, 814488.061099998652935 ], [ 2797244.764499999582767, 814496.220400001853704 ], [ 2797192.778099998831749, 814503.183600001037121 ], [ 2797187.535199999809265, 814503.871700000017881 ], [ 2797128.184199996292591, 814511.490200001746416 ], [ 2797065.802100002765656, 814519.502000000327826 ], [ 2797009.473899997770786, 814526.735599998384714 ], [ 2796964.565399996936321, 814532.502700001001358 ], [ 2796947.100000001490116, 814534.747299998998642 ], [ 2796942.700900003314018, 814535.312600001692772 ], [ 2796886.47919999808073, 814542.529699999839067 ], [ 2796859.355499997735023, 814545.609900001436472 ], [ 2796816.830799996852875, 814551.254200000315905 ], [ 2796804.329800002276897, 814552.835299998521805 ], [ 2796753.670500002801418, 814559.159499999135733 ], [ 2796687.094099998474121, 814567.490800000727177 ], [ 2796623.622500002384186, 814575.412399999797344 ], [ 2796592.550300002098083, 814579.287200000137091 ], [ 2796560.454000003635883, 814582.776999998837709 ], [ 2796541.030799999833107, 814584.882399998605251 ], [ 2796493.435199998319149, 814590.887099999934435 ], [ 2796440.908100001513958, 814597.514400001615286 ], [ 2796427.89919999986887, 814599.120099999010563 ], [ 2796364.419399999082088, 814606.976199999451637 ], [ 2796360.577399998903275, 814607.459499999880791 ], [ 2796297.990500003099442, 814614.471900001168251 ], [ 2796234.936700001358986, 814621.582499999552965 ], [ 2796169.605499997735023, 814629.643500000238419 ], [ 2796103.430500000715256, 814637.810899998992682 ], [ 2796036.346199996769428, 814646.084800001233816 ], [ 2795972.170100003480911, 814654.014699999243021 ], [ 2795968.475500002503395, 814654.473400000482798 ], [ 2795906.331000000238419, 814663.001299999654293 ], [ 2795878.887800000607967, 814666.761399999260902 ], [ 2795840.917900003492832, 814677.312699999660254 ], [ 2795836.903800003230572, 814678.42680000141263 ], [ 2795687.932300001382828, 814681.949400000274181 ], [ 2795614.015900000929832, 814680.925400000065565 ], [ 2795606.094200000166893, 814680.605900000780821 ], [ 2795558.130000002682209, 814678.557900000363588 ], [ 2795496.960400000214577, 814675.920099999755621 ], [ 2795488.383299998939037, 814675.305700000375509 ], [ 2795401.982299998402596, 814669.137099999934435 ], [ 2795305.308499999344349, 814657.012899998575449 ], [ 2795217.416599996387959, 814646.199499998241663 ], [ 2795144.253799997270107, 814636.819699998944998 ], [ 2794930.827600002288818, 814610.375900000333786 ], [ 2794903.671099998056889, 814607.27930000051856 ], [ 2794702.246200002729893, 814577.943799998611212 ], [ 2794658.9679000005126, 814572.020899999886751 ], [ 2794503.139700002968311, 814550.75450000166893 ], [ 2794345.4846, 814528.308400001376867 ], [ 2794199.257399998605251, 814508.311799999326468 ], [ 2794127.069499999284744, 814496.711899999529123 ], [ 2794075.115900002419949, 814492.411100000143051 ], [ 2794026.127700001001358, 814493.107400000095367 ], [ 2793988.927799999713898, 814494.999800000339746 ], [ 2793965.498700000345707, 814497.4983000010252 ], [ 2793910.333800002932549, 814503.126200001686811 ], [ 2793860.616599999368191, 814512.260299999266863 ], [ 2793797.783900000154972, 814528.095400001853704 ], [ 2793728.561499997973442, 814551.811299998313189 ], [ 2793670.480200000107288, 814575.174899999052286 ], [ 2793628.315999999642372, 814596.728000000119209 ], [ 2793587.487099997699261, 814621.435100000351667 ], [ 2793424.720200002193451, 814714.750199999660254 ], [ 2793299.054999999701977, 814768.301300000399351 ], [ 2793243.390299998223782, 814787.781800001859665 ], [ 2793184.039300002157688, 814805.681400001049042 ], [ 2793170.555200003087521, 814809.75279999896884 ], [ 2793073.611100003123283, 814833.902800001204014 ], [ 2793048.73200000077486, 814839.760099999606609 ], [ 2792958.710100002586842, 814854.546599999070168 ], [ 2792947.126599997282028, 814856.455400001257658 ], [ 2792935.42849999666214, 814858.347699999809265 ], [ 2792836.501900002360344, 814874.403999999165535 ], [ 2792858.226999998092651, 815013.405900001525879 ], [ 2792862.37219999730587, 815012.840700000524521 ], [ 2792866.042199999094009, 814997.988600000739098 ], [ 2792871.07209999859333, 814989.141199998557568 ], [ 2792878.051700003445148, 814986.052799999713898 ], [ 2792885.113200001418591, 814987.158700000494719 ], [ 2792892.912000000476837, 814993.433800000697374 ], [ 2793041.236299999058247, 815145.420000001788139 ], [ 2793148.05179999768734, 815261.639899998903275 ], [ 2793238.2949, 815358.002399999648333 ], [ 2793325.556100003421307, 815451.178199999034405 ], [ 2793341.022600002586842, 815467.635899998247623 ], [ 2793352.818999998271465, 815480.718499999493361 ], [ 2793386.684799998998642, 815520.244899999350309 ], [ 2793387.634999997913837, 815531.910300001502037 ], [ 2793378.648400001227856, 815532.918000001460314 ], [ 2793372.315999999642372, 815535.285500001162291 ], [ 2793365.795199997723103, 815538.726100001484156 ], [ 2793345.290600001811981, 815541.191899999976158 ], [ 2793331.429700002074242, 815541.249200001358986 ], [ 2793316.905299998819828, 815542.420699998736382 ], [ 2793305.887100003659725, 815551.104200001806021 ], [ 2793300.636, 815564.752099998295307 ], [ 2793299.997000001370907, 815577.343199998140335 ], [ 2793301.55349999666214, 815594.570999998599291 ], [ 2793304.22410000115633, 815602.705600000917912 ], [ 2793308.869000002741814, 815612.331199999898672 ], [ 2793429.586300000548363, 815813.403900001198053 ], [ 2793553.170800000429153, 816032.351399999111891 ], [ 2793767.899499997496605, 816413.066399998962879 ], [ 2793933.435199998319149, 816709.256400000303984 ], [ 2793936.818499997258186, 816719.480000000447035 ], [ 2793938.153800003230572, 816728.294599998742342 ], [ 2793935.262100003659725, 816885.605599999427795 ], [ 2793938.416000001132488, 817024.214200001209974 ], [ 2793942.618500001728535, 817201.448100000619888 ], [ 2793938.596199996769428, 817323.45160000026226 ], [ 2793935.425899997353554, 817473.651900000870228 ], [ 2793941.348700001835823, 817612.088500000536442 ], [ 2793907.884400002658367, 817674.396899998188019 ], [ 2793892.213100001215935, 817698.7516999989748 ], [ 2793825.784199997782707, 817811.424499999731779 ], [ 2793784.258900001645088, 817877.378299999982119 ], [ 2793771.634999997913837, 817900.741799999028444 ], [ 2793765.663099996745586, 817920.689399998635054 ], [ 2793763.590499997138977, 817938.154699999839067 ], [ 2793762.255199998617172, 817961.624800000339746 ], [ 2793761.124700002372265, 817970.947299998253584 ], [ 2793762.247000001370907, 817978.975400000810623 ], [ 2793764.622699998319149, 817985.02930000051856 ], [ 2793774.39580000191927, 818011.915500000119209 ], [ 2793775.534400001168251, 818018.993400000035763 ], [ 2793775.395199999213219, 818025.399500001221895 ], [ 2793772.364100001752377, 818030.527699999511242 ], [ 2793762.714000001549721, 818025.997499998658895 ], [ 2793742.299500003457069, 818021.000399999320507 ], [ 2793627.668799996376038, 818000.1435999982059 ], [ 2793570.275700002908707, 817987.208399999886751 ], [ 2793551.147399999201298, 817980.425400000065565 ], [ 2793531.314499996602535, 817976.845499999821186 ], [ 2793519.403399996459484, 817978.76240000128746 ], [ 2793473.208700001239777, 817972.757699999958277 ], [ 2793399.554399996995926, 817961.714899998158216 ], [ 2793400.766800001263618, 817967.023299999535084 ], [ 2793406.771600000560284, 817986.01240000128746 ], [ 2793412.743500001728535, 817999.684799998998642 ], [ 2793425.416599996387959, 818021.205200001597404 ], [ 2793452.958099998533726, 818053.407900001853704 ], [ 2793473.69200000166893, 818084.594900000840425 ], [ 2793496.25280000269413, 818121.122999999672174 ], [ 2793515.99549999833107, 818149.475499998778105 ], [ 2793519.813000001013279, 818153.252000000327826 ], [ 2793533.714800000190735, 818167.030999999493361 ], [ 2793548.927299998700619, 818179.933400001376867 ], [ 2793560.748400002717972, 818189.001899998635054 ], [ 2793583.538500003516674, 818199.766199998557568 ], [ 2793602.306400001049042, 818206.033100001513958 ], [ 2793623.114100001752377, 818211.595499999821186 ], [ 2793699.217799998819828, 818229.085400000214577 ], [ 2793776.877899996936321, 818248.238299999386072 ], [ 2793797.284199997782707, 818254.603500001132488 ], [ 2793851.294100001454353, 818271.134899999946356 ], [ 2793890.804099999368191, 818283.742400001734495 ], [ 2793909.973399996757507, 818289.681600000709295 ], [ 2793929.4375, 818295.678199999034405 ], [ 2793946.485100001096725, 818300.863699998706579 ], [ 2793952.817500002682209, 818302.936299998313189 ], [ 2793963.762000001966953, 818306.344099998474121 ], [ 2793986.683200001716614, 818312.021200001239777 ], [ 2794017.870200000703335, 818320.680100001394749 ], [ 2794044.55969999730587, 818327.692499998956919 ], [ 2794063.52419999986887, 818332.673200000077486 ], [ 2794084.086099997162819, 818336.613600000739098 ], [ 2794102.215000003576279, 818339.579100001603365 ], [ 2794122.047799997031689, 818343.478500001132488 ], [ 2794141.643100000917912, 818347.246800001710653 ], [ 2794178.376000002026558, 818354.799800001084805 ], [ 2794220.097900003194809, 818362.516699999570847 ], [ 2794256.298299998044968, 818367.194299999624491 ], [ 2794274.976099997758865, 818368.693500000983477 ], [ 2794283.495800003409386, 818368.382199998944998 ], [ 2794290.155900001525879, 818365.940900001674891 ], [ 2794296.693099997937679, 818375.763099998235703 ], [ 2794307.6294, 818392.024300001561642 ], [ 2794341.945699997246265, 818441.331900000572205 ], [ 2794380.546400003135204, 818486.797499999403954 ], [ 2794384.732500001788139, 818491.729100000113249 ], [ 2794379.170199997723103, 818540.504299998283386 ], [ 2794377.736599996685982, 818570.511599998921156 ], [ 2794380.448100000619888, 818572.469500001519918 ], [ 2794408.440200001001358, 818592.728300001472235 ], [ 2794431.705399997532368, 818622.301399998366833 ], [ 2794448.458099998533726, 818653.758699998259544 ], [ 2794473.574799999594688, 818686.821600001305342 ], [ 2794537.98030000180006, 818735.096999999135733 ], [ 2794566.308200001716614, 818759.5337999984622 ], [ 2794599.739799998700619, 818782.446800000965595 ], [ 2794648.949100002646446, 818839.504099998623133 ], [ 2794670.584200002253056, 818850.964699998497963 ], [ 2794742.436200000345707, 818879.92339999973774 ], [ 2794744.238399997353554, 818920.121500000357628 ], [ 2794750.472599998116493, 818948.424899999052286 ], [ 2794883.1338, 819070.051500000059605 ], [ 2794946.539899997413158, 819122.119899999350309 ], [ 2794975.408500000834465, 819145.008299998939037 ], [ 2795022.82379999756813, 819147.400400001555681 ], [ 2795086.663999997079372, 819265.201400000602007 ], [ 2795097.141599997878075, 819261.187300000339746 ], [ 2795105.096000000834465, 819320.038600001484156 ], [ 2795128.484200000762939, 819410.99439999833703 ], [ 2795149.3574, 819447.039200000464916 ], [ 2795149.619599997997284, 819460.49040000140667 ], [ 2795164.741999998688698, 819464.50450000166893 ], [ 2795183.993199996650219, 819472.647399999201298 ], [ 2795201.8108000010252, 819485.942999999970198 ], [ 2795246.342500001192093, 819544.114399999380112 ], [ 2795250.119000002741814, 819550.119100000709295 ], [ 2795362.828699998557568, 819521.074400000274181 ], [ 2795365.216600000858307, 819524.789500001817942 ], [ 2795366.9287, 819527.943399999290705 ], [ 2795369.95160000026226, 819531.953400000929832 ], [ 2795373.1096, 819534.54619999974966 ], [ 2795375.952200002968311, 819536.229600001126528 ], [ 2795378.610500000417233, 819537.388799998909235 ], [ 2795381.600699998438358, 819538.257100000977516 ], [ 2795384.627599999308586, 819538.744600001722574 ], [ 2795429.4746999964118, 819766.682799998670816 ], [ 2795429.679499998688698, 819771.737300001084805 ], [ 2795429.925200000405312, 819777.68470000103116 ], [ 2795430.162799999117851, 819783.632100000977516 ], [ 2795432.431999996304512, 819790.308600001037121 ], [ 2795442.336099997162819, 819806.11089999973774 ], [ 2795460.7516999989748, 819831.039200000464916 ], [ 2795483.091300003230572, 819853.567200001329184 ], [ 2795553.452399998903275, 819917.186299998313189 ], [ 2795616.096600003540516, 819973.760200001299381 ], [ 2795623.059799998998642, 819980.043499998748302 ], [ 2795690.512699998915195, 820045.964499998837709 ], [ 2795697.910099998116493, 820058.743999999016523 ], [ 2795702.710600003600121, 820067.050700001418591 ], [ 2795709.313400000333786, 820078.453999999910593 ], [ 2795730.194799996912479, 820116.62049999833107 ], [ 2795734.045000001788139, 820124.116200000047684 ], [ 2795740.737899996340275, 820137.125100001692772 ], [ 2795847.881099998950958, 820231.6689000017941 ], [ 2795897.139600001275539, 820281.304299999028444 ], [ 2795907.8301, 820293.674199998378754 ], [ 2795930.825099997222424, 820324.4679000005126 ], [ 2795958.5304000005126, 820367.623399998992682 ], [ 2796035.166599996387959, 820458.931400001049042 ], [ 2796101.046599999070168, 820535.780600000172853 ], [ 2796159.652199998497963, 820607.419599998742342 ], [ 2796172.562799997627735, 820630.553800001740456 ], [ 2796185.481600001454353, 820653.688000001013279 ], [ 2796214.325599998235703, 820729.857200000435114 ], [ 2796274.856299996376038, 820901.668000001460314 ], [ 2796374.782300002872944, 820842.013900000602007 ], [ 2796403.536200001835823, 820825.064699999988079 ], [ 2796437.361000001430511, 820808.869100000709295 ], [ 2796486.67679999768734, 820793.353399999439716 ], [ 2796582.097300000488758, 820782.720199998468161 ], [ 2796625.391999997198582, 820787.55350000038743 ], [ 2796677.673299998044968, 820785.341600000858307 ], [ 2796745.0033999979496, 820782.712000001221895 ], [ 2796859.8716000020504, 820778.222800001502037 ], [ 2797031.395700000226498, 820771.177700001746416 ], [ 2797151.531400002539158, 820765.533399999141693 ], [ 2797296.284000001847744, 820759.258299998939037 ], [ 2797397.537100002169609, 820754.711800001561642 ], [ 2797475.656000003218651, 820753.990899998694658 ], [ 2797584.126299999654293, 820752.991399999707937 ], [ 2797660.262800000607967, 820752.2787000015378 ], [ 2797790.482799999415874, 820747.224300000816584 ], [ 2797917.770099997520447, 820742.292700000107288 ], [ 2798035.374399997293949, 820737.729699999094009 ], [ 2798090.686800003051758, 820738.008299998939037 ], [ 2798198.927699998021126, 820733.191399998962879 ], [ 2798234.857799999415874, 820732.241099998354912 ], [ 2798255.444300003349781, 820731.077799998223782 ], [ 2798351.921499997377396, 820725.638399999588728 ], [ 2798475.252099998295307, 820719.166700001806021 ], [ 2798557.540700003504753, 820715.488499999046326 ], [ 2798600.450400002300739, 820713.579700000584126 ], [ 2798682.206600002944469, 820709.917899999767542 ], [ 2798779.281800001859665, 820705.412300001829863 ], [ 2798856.409500002861023, 820702.250199999660254 ], [ 2798941.729099996387959, 820698.490100000053644 ], [ 2799024.189800001680851, 820693.779699999839067 ], [ 2799051.387199997901917, 820692.2314000017941 ], [ 2799106.191699996590614, 820670.334199998527765 ], [ 2799146.586499996483326, 820654.204100001603365 ], [ 2799154.499899998307228, 820650.85359999909997 ], [ 2799160.267099998891354, 820646.380800001323223 ], [ 2799164.4287, 820641.064100001007318 ], [ 2799174.578500002622604, 820631.848099999129772 ], [ 2799203.848600000143051, 820624.032999999821186 ], [ 2799283.417499996721745, 820667.008200000971556 ], [ 2799293.895000003278255, 820671.284400001168251 ], [ 2799299.080600000917912, 820672.963799998164177 ], [ 2799314.719099998474121, 820672.226500000804663 ], [ 2799326.048600003123283, 820671.59569999948144 ], [ 2799364.280699998140335, 820669.449400000274181 ], [ 2799391.338899999856949, 820668.065000001341105 ], [ 2799404.134800001978874, 820667.409600000828505 ], [ 2799420.944700002670288, 820665.16499999910593 ], [ 2799454.736699998378754, 820660.667599998414516 ], [ 2799472.1283999979496, 820659.397799998521805 ], [ 2799494.492499999701977, 820657.784000001847744 ], [ 2799513.366899996995926, 820657.497299998998642 ], [ 2799531.004299998283386, 820657.235199999064207 ], [ 2799629.57039999961853, 820653.229299999773502 ] ] ] ] } },
{ "type": "Feature", "properties": { "CVE_ENT": "09", "CVE_MUN": "002", "NOM_MUN": "Azcapotzalco", "OID": 2121 }, "geometry": { "type": "MultiPolygon", "coordinates": [ [ [ [ 2797499.085199996829033, 836759.364799998700619 ], [ 2797514.387800000607967, 836744.307900000363588 ], [ 2797562.016099996864796, 836633.863400001078844 ], [ 2797587.083599999547005, 836573.758699998259544 ], [ 2797658.329499997198582, 836382.082299999892712 ], [ 2797828.731200002133846, 835924.075699999928474 ], [ 2797852.340599998831749, 835860.243700001388788 ], [ 2797957.730700001120567, 835575.334100000560284 ], [ 2798086.738300003111362, 835235.792100001126528 ], [ 2798124.626299999654293, 835135.423700001090765 ], [ 2798159.499600000679493, 835042.985199999064207 ], [ 2798193.586499996483326, 834952.684799998998642 ], [ 2798238.454099997878075, 834833.794300001114607 ], [ 2798322.774400003254414, 834610.922699999064207 ], [ 2798355.09179999679327, 834523.866300001740456 ], [ 2798419.2434, 834351.056099999696016 ], [ 2798436.733300000429153, 834303.960299998521805 ], [ 2798494.839100003242493, 834147.484900001436472 ], [ 2798514.909500002861023, 834093.409499999135733 ], [ 2798538.502499997615814, 834035.721400000154972 ], [ 2798553.928000003099442, 833997.522100001573563 ], [ 2798561.8169, 833977.386199999600649 ], [ 2798586.212700001895428, 833913.078999999910593 ], [ 2798609.273199997842312, 833852.269799999892712 ], [ 2798630.777199998497963, 833795.556600000709295 ], [ 2798653.198700003325939, 833736.377599999308586 ], [ 2798672.720200002193451, 833684.940000001341105 ], [ 2798719.398299999535084, 833563.526399999856949 ], [ 2798740.476300001144409, 833508.689100001007318 ], [ 2798748.815700002014637, 833486.972100000828505 ], [ 2798794.461499996483326, 833368.016100000590086 ], [ 2798833.36540000140667, 833266.615499999374151 ], [ 2798853.575000002980232, 833211.720899999141693 ], [ 2798896.197999998927116, 833102.808299999684095 ], [ 2798908.199299998581409, 833072.145599998533726 ], [ 2798986.539399996399879, 832872.047800000756979 ], [ 2798991.683899998664856, 832858.981600001454353 ], [ 2799044.473200000822544, 832727.549100000411272 ], [ 2799056.302400000393391, 832686.572799999266863 ], [ 2799059.456399999558926, 832660.489399999380112 ], [ 2799053.631899997591972, 832619.0625 ], [ 2798832.693599998950958, 832532.194499999284744 ], [ 2798530.400600001215935, 832434.005199998617172 ], [ 2798479.741300001740456, 832418.907400000840425 ], [ 2798331.531599998474121, 832377.906399998813868 ], [ 2798251.3074000030756, 832370.050299998372793 ], [ 2798161.129799999296665, 832379.503800000995398 ], [ 2797958.304099999368191, 832403.743999999016523 ], [ 2797813.911899998784065, 832429.344000000506639 ], [ 2797698.986299999058247, 832450.143500000238419 ], [ 2797594.571099996566772, 832473.556200001388788 ], [ 2797472.583999998867512, 832474.555599998682737 ], [ 2797434.99099999666214, 832463.226100001484156 ], [ 2797410.210199996829033, 832450.700500000268221 ], [ 2797362.9341000020504, 832415.892700001597404 ], [ 2797319.909699998795986, 832364.070099998265505 ], [ 2797289.3618, 832311.182599999010563 ], [ 2797269.004699997603893, 832267.224300000816584 ], [ 2797249.851800002157688, 832229.434599999338388 ], [ 2797220.999499998986721, 832175.252700001001358 ], [ 2797184.51240000128746, 832123.978999998420477 ], [ 2797131.559299997985363, 832073.122999999672174 ], [ 2797082.882399998605251, 832032.441599998623133 ], [ 2797035.139399997889996, 831989.048500001430511 ], [ 2797019.582800000905991, 831973.21339999884367 ], [ 2796976.746899999678135, 831888.909499999135733 ], [ 2796961.3213, 831814.886599998921156 ], [ 2796948.320600003004074, 831747.228900000452995 ], [ 2796937.88400000333786, 831692.924100000411272 ], [ 2796923.679099999368191, 831618.843899998813868 ], [ 2796923.089299999177456, 831615.739100001752377 ], [ 2796905.869699999690056, 831618.295000001788139 ], [ 2796852.678999997675419, 831626.241200000047684 ], [ 2796784.103799998760223, 831632.647399999201298 ], [ 2796766.16330000013113, 831635.178700000047684 ], [ 2796717.986199997365475, 831641.96169999986887 ], [ 2796529.938799999654293, 831672.165600001811981 ], [ 2796451.71339999884367, 831686.018300000578165 ], [ 2796411.253100000321865, 831693.104299999773502 ], [ 2796139.655500002205372, 831741.035700000822544 ], [ 2795861.848399996757507, 831782.970600001513958 ], [ 2795773.129100002348423, 831796.315400000661612 ], [ 2795729.015100002288818, 831802.975400000810623 ], [ 2795651.076499998569489, 831814.706399999558926 ], [ 2795532.849500000476837, 831832.556800000369549 ], [ 2795473.662299998104572, 831841.477800000458956 ], [ 2795418.063199996948242, 831850.82490000128746 ], [ 2795341.959499999880791, 831863.538899999111891 ], [ 2795318.11259999871254, 831867.569400001317263 ], [ 2795214.057800002396107, 831882.732799999415874 ], [ 2795100.131700001657009, 831899.337900001555681 ], [ 2794995.675499998033047, 831915.86939999833703 ], [ 2794876.957000002264977, 831934.932199999690056 ], [ 2794773.541199997067451, 831951.07039999961853 ], [ 2794762.711400002241135, 831953.003699999302626 ], [ 2794648.097099997103214, 831971.099899999797344 ], [ 2794640.232799999415874, 831972.689100001007318 ], [ 2794444.67339999973774, 832013.42790000140667 ], [ 2794313.019799999892712, 832048.170200001448393 ], [ 2794337.636699996888638, 832222.61879999935627 ], [ 2794357.190999999642372, 832370.894000001251698 ], [ 2794358.681999996304512, 832382.305500000715256 ], [ 2794236.842299997806549, 832419.234999999403954 ], [ 2794163.868000000715256, 832441.369800001382828 ], [ 2794154.471799999475479, 832444.187899999320507 ], [ 2794141.53660000115633, 832448.464099999517202 ], [ 2794128.052599996328354, 832453.485800001770258 ], [ 2794072.101199999451637, 832474.662099998444319 ], [ 2794075.124099999666214, 832593.224899999797344 ], [ 2794075.435400001704693, 832610.575599998235703 ], [ 2794080.801100000739098, 832832.070900000631809 ], [ 2794083.045699998736382, 833100.326099999248981 ], [ 2793968.226700000464916, 833136.059599999338388 ], [ 2793845.920100003480911, 833159.226599998772144 ], [ 2793645.732199996709824, 833210.746100001037121 ], [ 2793580.146999999880791, 833227.38399999961257 ], [ 2793383.498099997639656, 833284.089099999517202 ], [ 2793246.0691, 833324.000500001013279 ], [ 2793069.170999996364117, 833378.084100000560284 ], [ 2792995.107199996709824, 833401.6114999987185 ], [ 2792975.921499997377396, 833401.808100000023842 ], [ 2792954.442100003361702, 833401.365699999034405 ], [ 2792926.900600001215935, 833394.124000001698732 ], [ 2792895.205700002610683, 833386.079500000923872 ], [ 2792825.426299996674061, 833365.402800001204014 ], [ 2792726.343999996781349, 833332.561099998652935 ], [ 2792629.252499997615814, 833294.451900001615286 ], [ 2792541.1721, 833252.320500001311302 ], [ 2792372.539800003170967, 833166.607599999755621 ], [ 2790868.685199998319149, 833562.764499999582767 ], [ 2790927.438199996948242, 833856.365800000727177 ], [ 2791009.456500001251698, 834144.601300001144409 ], [ 2791168.831799998879433, 834655.200500000268221 ], [ 2791352.832400001585484, 835238.806699998676777 ], [ 2791582.642499998211861, 836025.435400001704693 ], [ 2791615.820100001990795, 836139.041999999433756 ], [ 2791677.554999999701977, 836388.24269999936223 ], [ 2791713.231200002133846, 836525.79450000077486 ], [ 2791738.864, 836625.564899999648333 ], [ 2791762.416000001132488, 836719.797499999403954 ], [ 2791791.530299998819828, 836884.358399998396635 ], [ 2791818.866999998688698, 837129.504000000655651 ], [ 2791850.193300001323223, 837266.122000001370907 ], [ 2791877.366099998354912, 837337.326799999922514 ], [ 2791891.644799999892712, 837389.698300000280142 ], [ 2791907.111299999058247, 837446.829300001263618 ], [ 2791916.925300002098083, 837498.725600000470877 ], [ 2791929.876800000667572, 837537.866999998688698 ], [ 2791937.347900003194809, 837565.260999999940395 ], [ 2791947.309399999678135, 837580.211399998515844 ], [ 2791959.76129999756813, 837598.471400000154972 ], [ 2791985.492299996316433, 837631.681800000369549 ], [ 2792005.4070999994874, 837660.738800000399351 ], [ 2792029.483400002121925, 837707.236600000411272 ], [ 2792058.925399996340275, 837737.784499999135733 ], [ 2792144.318800002336502, 837796.283599998801947 ], [ 2792249.446800000965595, 837850.662099998444319 ], [ 2792374.653300002217293, 837926.110399998724461 ], [ 2792444.981600001454353, 837979.243700001388788 ], [ 2792503.431500002741814, 838017.47580000013113 ], [ 2793848.2466000020504, 837617.345800001174212 ], [ 2793891.557700000703335, 837541.635299999266863 ], [ 2794213.84740000218153, 837478.294799998402596 ], [ 2794366.300499998033047, 837415.94539999961853 ], [ 2794552.742200002074242, 837329.14299999922514 ], [ 2794818.302299998700619, 837242.963199999183416 ], [ 2794861.687100000679493, 837217.404100000858307 ], [ 2794900.894100002944469, 837220.385999999940395 ], [ 2795412.771200001239777, 837087.495400000363588 ], [ 2795513.622900001704693, 837167.408399999141693 ], [ 2795568.271700002253056, 837229.774000000208616 ], [ 2795637.32209999859333, 837246.723299998790026 ], [ 2795723.895099997520447, 837287.372000001370907 ], [ 2795772.957000002264977, 837322.237199999392033 ], [ 2795826.893200002610683, 837359.682799998670816 ], [ 2796104.028499998152256, 837260.346599999815226 ], [ 2796286.406999997794628, 837167.727800000458956 ], [ 2796456.423799999058247, 837096.776900000870228 ], [ 2796787.388800002634525, 836983.317699998617172 ], [ 2797499.085199996829033, 836759.364799998700619 ] ] ] ] } }
]
}
