{"type":"FeatureCollection","crs":{"type":"name","properties":{"name":"EPSG:3857"}},"features":[{"type":"Feature","id":274,"geometry":{"type":"Polygon","coordinates":[[[-11038854.0107,2208748.1204000004],[-11038791.825300001,2209037.2204999998],[-11038767.405400001,2209091.2747999988],[-11038726.8992,2209142.1009999998],[-11038558.002,2209283.4323999994],[-11038390.492000001,2209561.5439000018],[-11038313.035700001,2209622.2939999998],[-11038245.3913,2209645.8223999999],[-11038171.0177,2209650.9935000017],[-11037714.035499999,2209555.2320999987],[-11037419.687999999,2209517.1306999996],[-11037362.466399999,2209518.5274999999],[-11037108.971799999,2209583.1099000014],[-11036798.1601,2209678.5751999989],[-11036561.425000001,2209766.7714999989],[-11036554.362400001,2209810.9560000002],[-11036568.8719,2209883.0001000017],[-11037296.355599999,2211912.8258999996],[-11038101.1569,2214213.0740999989],[-11039228.643100001,2214611.6693999991],[-11039407.967599999,2214691.1682999991],[-11039599.9793,2214794.1123000011],[-11039892.630100001,2214906.2412],[-11040003.683900001,2214831.0463999994],[-11040096.610099999,2214789.378899999],[-11040170.3991,2214772.7076999992],[-11040229.821699999,2214707.1374000013],[-11040338.751,2214623.7732000016],[-11040880.356000001,2214776.6997000016],[-11040922.1076,2214774.3352999985],[-11040967.714,2214802.6011999995],[-11041248.336999999,2214900.379900001],[-11041605.6471,2215067.0709000006],[-11041947.094900001,2215141.5925000012],[-11041991.570599999,2215223.5062999986],[-11043413.532299999,2215679.7206999995],[-11043552.390000001,2215584.6506000012],[-11043892.0757,2215389.7368000001],[-11044024.956700001,2215207.6818999983],[-11044123.8365,2214889.4473999999],[-11044159.981899999,2214743.9332000017],[-11044228.4847,2214306.7793999985],[-11044396.388900001,2213688.5241999999],[-11044694.6426,2212730.9470000006],[-11045082.334000001,2211567.5993999988],[-11045175.481699999,2211260.9926000014],[-11045244.0045,2210948.1682000011],[-11043653.2389,2210493.1834000014],[-11043446.432800001,2210608.5617999993],[-11043006.4781,2210746.3935000002],[-11042903.935000001,2210725.4686999992],[-11042240.4553,2210515.5274999999],[-11041886.6976,2210424.0405000001],[-11041829.744999999,2210403.9112999998],[-11041861.6786,2209720.5786000006],[-11041557.678300001,2209619.4153999984],[-11041611.447699999,2209260.8073999994],[-11041266.8552,2209170.6997999996],[-11038854.0107,2208748.1204000004]]]},"properties":{"OBJECTID":274,"ID":"09002","NAME":"Azcapotzalco","TOTPOP_CY":442844,"AREA":33.520000000000003,"Shape__Area":37917856.246339038,"Shape__Length":26300.718150746463}},{"type":"Feature","id":275,"geometry":{"type":"Polygon","coordinates":[[[-11038069.405400001,2189915.0069999993],[-11037507.955499999,2190052.9556999989],[-11037192.437100001,2190299.0210000016],[-11037039.203600001,2190439.8242999986],[-11037007.8003,2190401.8048],[-11036798.2125,2190361.3720000014],[-11036505.5546,2190241.6629000008],[-11035721.8432,2191139.3500999995],[-11035627.0758,2191266.3768000007],[-11034319.007099999,2190675.7864000015],[-11033971.178300001,2190554.5373000018],[-11033632.5711,2190455.6096000001],[-11032786.502900001,2190243.0676999986],[-11031865.0064,2190290.4791000001],[-11031798.2696,2191050.8453000002],[-11031683.003799999,2192700.2274999991],[-11031658.7073,2192699.2778999992],[-11031673.264599999,2192755.3726999983],[-11031756.4033,2192873.6440999992],[-11031855.3477,2192982.1372000016],[-11032028.672,2193100.0584000014],[-11032227.540999999,2193214.6666000001],[-11032399.3226,2193390.4166000001],[-11032644.214199999,2193676.6068999991],[-11032843.6865,2193999.8817000017],[-11032893.384,2194144.9626999982],[-11032934.65,2194186.3814000003],[-11033016.028000001,2194230.8957999982],[-11033089.6405,2194294.4191999994],[-11033201.408399999,2194460.189100001],[-11033309.707800001,2194692.3247000016],[-11033372.942,2195099.8524999991],[-11033494.953500001,2195391.6873999983],[-11033587.682499999,2195524.9963000007],[-11033772.098999999,2195873.9114999995],[-11034014.873400001,2196252.6182999983],[-11034074.4638,2196403.6647000015],[-11034149.739399999,2196648.9085999988],[-11034208.309900001,2197090.3916000016],[-11035232.2467,2197208.2694999985],[-11035314.1044,2197073.6616999991],[-11035364.867000001,2197026.4437999986],[-11035489.4235,2196963.7041999996],[-11035576.513,2196958.1116000004],[-11036702.103700001,2197047.2474000007],[-11037490.6642,2197083.368900001],[-11039464.8039,2197200.741799999],[-11039529.607799999,2197208.1557999998],[-11039615.945900001,2197235.1196999997],[-11039743.825200001,2197315.3344999999],[-11039857.531300001,2197033.7388999984],[-11039887.137800001,2196982.9728000015],[-11040103.995999999,2196733.4312000014],[-11040158.082699999,2196656.5672000013],[-11040358.294600001,2196474.7642999999],[-11040406.826300001,2196392.1977999993],[-11040659.4737,2196144.2637999989],[-11040681.2656,2196100.0397999994],[-11040728.849400001,2195860.2708999999],[-11040748.500399999,2195855.9417999983],[-11040758.675000001,2195839.7780000009],[-11040866.5988,2195873.1966000013],[-11040945.134,2195790.4686999992],[-11040987.126800001,2195783.4052000009],[-11041010.4529,2195728.8339000009],[-11041046.785499999,2195569.9902999997],[-11041116.6439,2195436.9752000012],[-11041168.2038,2195429.8372000009],[-11041198.6719,2195412.2144999988],[-11041391.2436,2195234.6330999993],[-11041425.023600001,2195157.3889999986],[-11041519.9154,2195126.3762000017],[-11041582.6227,2195054.3004000001],[-11041686.9036,2194973.8872999996],[-11041785.388,2194839.8427000009],[-11041816.059699999,2194850.5370999984],[-11041807.9879,2194768.239599999],[-11041847.611,2194737.9433999993],[-11041917.851600001,2194638.1931000017],[-11041972.309,2194637.7556000017],[-11042257.2755,2194580.8931000009],[-11042677.170499999,2194473.8341000006],[-11042749.8467,2194412.3577000014],[-11042873.5516,2194240.3925999999],[-11042885.0655,2194207.4974000007],[-11042552.1789,2194265.8027000017],[-11042481.013599999,2194255.2465999983],[-11042491.7323,2194209.2809999995],[-11042477.7662,2194143.5423999988],[-11042303.958799999,2193854.4045000002],[-11042329.4943,2192886.6640999988],[-11042514.9047,2192556.0434999987],[-11043025.361199999,2191698.0427000001],[-11043025.311699999,2191639.572900001],[-11042946.439099999,2191633.4662000015],[-11042920.9959,2191604.4420000017],[-11043476.660599999,2191031.3453000002],[-11043499.814999999,2191052.0285999998],[-11043511.6917,2191081.0912999995],[-11043533.815300001,2190958.2714999989],[-11043250.059699999,2190903.4673999995],[-11043034.993799999,2190835.2725000009],[-11042914.0229,2190780.3603000008],[-11042577.0822,2190589.9505000003],[-11042480.055,2190556.8007000014],[-11042342.7127,2190530.2320000008],[-11042164.470899999,2190529.7017999999],[-11040928.589600001,2190674.9123999998],[-11040587.7862,2190693.879999999],[-11040346.001399999,2190678.9167999998],[-11038692.6108,2190438.7628999986],[-11038526.8105,2190385.760400001],[-11038437.7259,2190337.1196000017],[-11038334.520500001,2190258.2901000008],[-11038264.630799999,2190185.821800001],[-11038069.405400001,2189915.0069999993]]]},"properties":{"OBJECTID":275,"ID":"09003","NAME":"Coyoacán","TOTPOP_CY":629575,"AREA":53.920000000000002,"Shape__Area":60873574.821220376,"Shape__Length":35422.737100311831}},{"type":"Feature","id":276,"geometry":{"type":"Polygon","coordinates":[[[-11056999.847899999,2182335.9699999988],[-11056732.758099999,2182341.1845000014],[-11056736.726500001,2182541.2848000005],[-11056722.5133,2183016.5346000008],[-11056643.632200001,2184479.1851999983],[-11056657.3813,2186170.5716000013],[-11056116.524499999,2187130.2850000001],[-11055960.567,2187324.3696999997],[-11055931.088400001,2187477.7498999983],[-11055935.152799999,2187580.9327999987],[-11055901.0099,2187653.373399999],[-11055909.088500001,2187722.4851999991],[-11055884.6493,2187847.3231000006],[-11055836.7698,2187901.9178000018],[-11055821.164899999,2188021.8128999993],[-11055776.4123,2188188.6517000012],[-11055786.2151,2188366.820700001],[-11055834.332900001,2188447.7536999993],[-11055881.5613,2188652.9754000008],[-11055871.1195,2188776.3071999997],[-11055828.6055,2188837.2982000001],[-11055777.054500001,2189097.2155999988],[-11055868.6105,2189212.1704000011],[-11055882.3617,2189310.8544999994],[-11055922.8487,2189416.0628999993],[-11055931.524900001,2189510.1163999997],[-11055920.59,2189576.8416999988],[-11055930.0064,2189610.1761000007],[-11055912.8298,2189656.7580999993],[-11055935.022500001,2189708.563000001],[-11055935.6972,2189794.6627000012],[-11055892.464,2189936.1865999997],[-11055858.203199999,2189983.6352000013],[-11055832.5207,2190092.3982000016],[-11055794.6754,2190190.6105999984],[-11055800.651000001,2190214.5031000003],[-11055851.072000001,2190273.4167999998],[-11055851.9749,2190294.5130000003],[-11055781.472899999,2190350.932500001],[-11055711.1635,2190439.7844999991],[-11055660.7958,2190459.4393999986],[-11055629.571900001,2190450.7336000018],[-11055582.670700001,2190458.0077],[-11055569.6763,2190517.3147],[-11055571.0678,2190650.0155999996],[-11055539.8672,2190711.8321999982],[-11055483.1779,2190770.3509999998],[-11055458.865599999,2190780.9299999997],[-11055371.854900001,2190779.8035999984],[-11055358.232899999,2190799.9180999994],[-11055392.5349,2190904.9277999997],[-11055386.741699999,2190942.8247000016],[-11055353.591800001,2191042.5236999989],[-11055313.609300001,2191090.7628999986],[-11055286.9015,2191102.3742999993],[-11055221.9813,2191085.5128999986],[-11055185.050799999,2191167.5377000012],[-11055155.754799999,2191181.9855999984],[-11055074.272299999,2191087.6834000014],[-11055064.2936,2191017.9045999981],[-11055073.993000001,2190931.7100999989],[-11055041.112600001,2190894.5339000002],[-11055004.1545,2190889.1834999993],[-11054934.1757,2190929.4818999991],[-11054898.917400001,2190965.9937999994],[-11054848.2392,2191100.5980000012],[-11054844.6381,2191216.5047000013],[-11054806.908600001,2191227.9640000015],[-11054734.858100001,2191141.9829999991],[-11054708.2161,2191133.7226000018],[-11054683.0789,2191142.8993000016],[-11054585.2258,2191357.1473999992],[-11054503.0909,2191399.3282000013],[-11054409.755100001,2191587.5920999981],[-11054392.9881,2191602.557],[-11054372.8895,2191600.0846000016],[-11054333.466700001,2191559.9525999986],[-11054216.026900001,2191410.0276999995],[-11054187.437799999,2191401.3332000002],[-11054169.039999999,2191409.7503999993],[-11054166.391899999,2191627.5943000019],[-11054146.784,2191727.9684999995],[-11054080.0024,2191756.9692000002],[-11054033.8938,2191885.9924000017],[-11054029.537900001,2191936.2305000015],[-11054107.1921,2192184.1376000009],[-11054152.1174,2192282.385400001],[-11054165.567,2192377.378899999],[-11054226.415200001,2192447.2120000012],[-11054213.616800001,2192481.4384000003],[-11054175.0045,2192484.3273999989],[-11054164.5317,2192495.7613000013],[-11054142.808800001,2192607.1314999983],[-11054099.845100001,2192672.3269000016],[-11054081.0866,2192821.7201000005],[-11054084.3738,2192913.0973000005],[-11054063.873199999,2192923.1325000003],[-11054044.1172,2192918.629999999],[-11054004.0847,2192871.0126999989],[-11053982.569,2192824.9818999991],[-11053922.850299999,2192787.2701999992],[-11053897.2936,2192727.1006999984],[-11053879.811100001,2192640.063000001],[-11053820.5087,2192551.1140000001],[-11053702.4399,2192511.6094999984],[-11053662.499700001,2192486.0696999989],[-11053624.844699999,2192424.4252999984],[-11053641.869899999,2192338.2157000005],[-11053631.514900001,2192320.3746000007],[-11053594.0525,2192316.7153999992],[-11053520.885600001,2192359.809700001],[-11053498.624,2192346.3588999994],[-11053451.727399999,2192283.7325000018],[-11053421.613,2192293.9855999984],[-11053399.431700001,2192342.3753999993],[-11053330.7509,2192509.3588000014],[-11053308.959000001,2192633.0430999994],[-11053262.171499999,2192709.8425999992],[-11053178.2776,2192762.5791999996],[-11053025.3982,2192795.1169999987],[-11052975.969000001,2192818.8134999983],[-11052962.488299999,2192843.2697999999],[-11052960.8686,2192884.3729999997],[-11052986.885,2192920.3449999988],[-11053070.9178,2192970.4633000009],[-11053106.0758,2193143.5841000006],[-11053096.369999999,2193241.1429000013],[-11052999.342700001,2193431.5329999998],[-11053001.1796,2193479.9941000007],[-11053063.581800001,2193643.6937000006],[-11053052.986400001,2193727.4420000017],[-11052928.684900001,2193920.4037999995],[-11052882.922499999,2194028.0025999993],[-11052851.7152,2194074.5527999997],[-11052725.5825,2194216.6413000003],[-11052685.1391,2194237.1766999997],[-11052659.5043,2194224.002700001],[-11052651.499399999,2194188.2454000004],[-11052730.859099999,2193982.8504000008],[-11052725.525699999,2193905.872200001],[-11052675.762599999,2193853.2080999985],[-11052568.269200001,2193800.379999999],[-11052544.7272,2193799.8244000003],[-11052624.206,2193891.4668999985],[-11052635.7576,2193923.6893000007],[-11052633.687100001,2193962.4378999993],[-11052499.134199999,2194249.738499999],[-11052369.062999999,2194566.3491000012],[-11052350.25,2194590.3806000017],[-11052297.5055,2194613.1094000004],[-11052223.727600001,2194605.9142999984],[-11052166.3522,2194583.6359999999],[-11052064.265799999,2194511.128899999],[-11052003.546499999,2194482.0377999991],[-11051854.4586,2194437.4532999992],[-11051822.4954,2194444.0892999992],[-11051805.944399999,2194470.3348000012],[-11051805.082800001,2194563.942400001],[-11051823.2279,2194596.9976999983],[-11051916.9088,2194653.4332000017],[-11051927.759099999,2194703.8757000007],[-11051833.9936,2194694.1391999982],[-11051759.849300001,2194726.8856000006],[-11051710.8609,2194723.9798999988],[-11051631.8631,2194739.2375999987],[-11051500.704,2194807.2692000009],[-11051154.977,2194953.5703999996],[-11050945.0984,2195067.8900999986],[-11050763.3706,2195144.1649000011],[-11050683.682700001,2195193.1530999988],[-11050628.820800001,2195244.2798000015],[-11050544.1292,2195224.8253000006],[-11050509.629000001,2195229.5395999998],[-11050423.677999999,2195327.1678999998],[-11050326.9037,2195487.3238999993],[-11050226.6324,2195487.9268000014],[-11050191.879799999,2195537.1636999995],[-11050126.6778,2195558.3550999984],[-11050111.8299,2195620.9118999988],[-11050096.839600001,2195632.5247999988],[-11050059.869200001,2195623.7635999992],[-11050044.864499999,2195633.0097999983],[-11050034.1711,2195709.6984999999],[-11049954.5656,2195732.371100001],[-11049928.363,2195800.0958999991],[-11049913.396199999,2195813.7239999995],[-11049894.6676,2195819.2965000011],[-11049852.1927,2195795.4046999998],[-11049822.361099999,2195797.3682999983],[-11049791.1061,2195826.0012999997],[-11049669.9625,2195855.1449999996],[-11049636.455499999,2195894.251699999],[-11049595.2182,2195895.3169],[-11049461.0595,2195957.4123000018],[-11049458.478,2195970.8423000015],[-11049469.2348,2195976.2872000001],[-11049536.130000001,2195947.3944000006],[-11049609.1844,2195958.2217000015],[-11049679.1666,2195922.7619999982],[-11049698.6598,2195930.3671999983],[-11049636.1339,2195975.1427999996],[-11049550.2052,2195989.7030000016],[-11049486.670700001,2196075.6042999998],[-11049375.161800001,2196152.2030999996],[-11049373.104900001,2196173.8412999995],[-11049389.078199999,2196194.3291999996],[-11049471.036900001,2196182.4195999987],[-11049498.1589,2196207.0075000003],[-11049504.3082,2196246.5265999995],[-11049491.274700001,2196295.8784000017],[-11049489.0086,2196395.7681000009],[-11049555.0111,2196682.7934000008],[-11049689.214299999,2197430.3621000014],[-11049712.901799999,2197489.5067000017],[-11049794.810900001,2197563.0628999993],[-11049887.320599999,2197617.7232000008],[-11050140.9177,2197701.6634999998],[-11050333.3145,2197784.5929999985],[-11050304.869200001,2197833.6361000016],[-11050290.988299999,2197919.6730999984],[-11050328.409399999,2198195.5029999986],[-11050321.0692,2198287.6587000005],[-11050218.799000001,2198570.4501000009],[-11050137.596899999,2198752.2113999985],[-11050184.017100001,2198786.6108000018],[-11050248.759400001,2198738.0126000009],[-11050284.5821,2198631.2833000012],[-11050373.844699999,2198469.0647],[-11050453.807800001,2198403.1543999985],[-11050511.5002,2198394.3825000003],[-11050586.626399999,2198435.7619999982],[-11050533.6083,2198499.9494999982],[-11050493.8149,2198595.8363000005],[-11050488.570599999,2198658.7795000002],[-11050505.5079,2198759.6667000018],[-11050661.1402,2198716.6583999991],[-11050703.7754,2198856.4635000005],[-11050683.319499999,2198916.5058000013],[-11050632.8495,2198952.2782000005],[-11050540.5602,2198966.9360000007],[-11050444.1182,2198941.8702000007],[-11050416.1358,2198944.1596000008],[-11050380.440099999,2198970.2778000012],[-11050337.2674,2199037.8960999995],[-11050295.138599999,2199066.8407000005],[-11049935.2303,2199131.0810999982],[-11049723.325999999,2199235.428199999],[-11049639.098300001,2199295.9118999988],[-11049228.5864,2199680.5874999985],[-11048495.642200001,2200178.681499999],[-11048198.152000001,2200429.2248000018],[-11048202.077199999,2200471.9565999992],[-11048235.8596,2200525.9178000018],[-11048273.634500001,2200633.1581000015],[-11048295.4976,2200954.6546999998],[-11048215.963199999,2201126.1064999998],[-11048120.397500001,2201220.3447999991],[-11048096.130000001,2201324.5194000006],[-11048109.727700001,2201375.680399999],[-11048129.4877,2201399.8702000007],[-11048197.439200001,2201414.6033000015],[-11048235.794299999,2201410.5386999995],[-11048337.374700001,2201323.5540000014],[-11048376.1515,2201310.7060000002],[-11048444.261399999,2201334.8092],[-11048529.0869,2201342.4450000003],[-11048623.758400001,2201314.7701000012],[-11048744.0693,2201322.3302000016],[-11048780.5799,2201327.9169999994],[-11048896.562799999,2201458.8361000009],[-11048988.7016,2201521.9985000007],[-11049005.6492,2201515.1666000001],[-11049008.0692,2201492.1059000008],[-11048944.5636,2201395.693599999],[-11048953.9734,2201376.1301999986],[-11048998.2117,2201343.8702999987],[-11049122.979800001,2201307.8071999997],[-11049202.2104,2201244.4835000001],[-11049391.8529,2201225.6330999993],[-11049438.452400001,2201192.6455000006],[-11049489.3356,2201213.1059000008],[-11049525.389599999,2201344.2659000009],[-11049531.067,2201415.3412999995],[-11049166.817600001,2201675.0799999982],[-11049092.1511,2201763.4578999989],[-11049043.9608,2201930.2270000018],[-11049039.085999999,2201985.0012000017],[-11049061.141000001,2202129.3619000018],[-11049041.427300001,2202265.0824000016],[-11049061.063999999,2202323.7842000015],[-11049057.950300001,2202390.5232999995],[-11049105.9948,2202508.1339999996],[-11049131.6205,2202506.8442000002],[-11049128.878799999,2202385.7835999988],[-11049202.2794,2202171.4789000005],[-11049236.3989,2202137.4594999999],[-11049376.037,2202384.6777999997],[-11049377.0143,2202451.1702999994],[-11049350.614800001,2202554.3966999985],[-11049325.383199999,2202592.2056000009],[-11049316.3697,2202658.685899999],[-11049364.494100001,2202648.7069999985],[-11049441.9003,2202528.9638999999],[-11049486.4703,2202294.8220000006],[-11049469.5932,2202259.1499000005],[-11049558.2414,2202150.249499999],[-11049673.876499999,2202081.5813000016],[-11049699.5847,2202044.8845000006],[-11049734.7116,2201910.0135000013],[-11049730.0217,2201833.0896999985],[-11049714.202199999,2201780.0978999995],[-11049726.895,2201736.9616999999],[-11049745.791099999,2201733.6893999986],[-11049748.171,2201695.4888999984],[-11049763.961200001,2201668.8973999992],[-11049763.8956,2201613.1295999996],[-11050074.105599999,2201399.9624999985],[-11050095.459799999,2201354.9013999999],[-11050140.6194,2201346.2049999982],[-11050141.4638,2201283.3775000013],[-11050240.607999999,2201283.436900001],[-11050239.411900001,2201229.4824000001],[-11050363.434800001,2201150.7503999993],[-11050391.8135,2201181.4197000004],[-11050480.944499999,2201195.3702999987],[-11050497.949200001,2201158.2868000008],[-11050627.6807,2201067.1149000004],[-11050643.4057,2201025.1420000009],[-11050637.93,2200951.6392999999],[-11050710.750800001,2200919.508200001],[-11050956.6347,2200868.3927999996],[-11050994.8462,2200833.1686000004],[-11051043.739800001,2200621.5637000017],[-11051086.914999999,2200580.6231999993],[-11051096.0755,2200556.6407999992],[-11051361.49,2200338.9591000006],[-11051358.5568,2200384.9946000017],[-11051701.206,2200107.2688000016],[-11051802.952500001,2199993.9156000018],[-11051996.401900001,2199900.4426000006],[-11052114.133400001,2199891.9296999983],[-11052166.1587,2199778.2043000013],[-11052218.844000001,2199723.6466000006],[-11052223.3167,2199687.0670999996],[-11052270.061000001,2199701.6457000002],[-11052295.5887,2199698.0384999998],[-11052338.467800001,2199621.3865999989],[-11052360.5437,2199614.245099999],[-11052363.646199999,2199490.1416000016],[-11052430.074999999,2199446.7076999992],[-11052433.236300001,2199306.0474000014],[-11052511.064300001,2199305.3911000006],[-11052652.6349,2199334.7292999998],[-11052695.4439,2199229.3995000012],[-11052761.348300001,2199149.7534999996],[-11052864.6183,2199158.6308999993],[-11052880.5559,2199135.8306999989],[-11052980.5844,2199138.8880000003],[-11052997.876700001,2199055.6671000011],[-11053031.3115,2199020.6950000003],[-11053043.121400001,2198957.7153999992],[-11053095.1666,2198958.2087000012],[-11053141.024700001,2198933.690299999],[-11053272.161,2198772.4745000005],[-11053292.4756,2198688.6251000017],[-11053345.203400001,2198563.6013999991],[-11053443.3839,2198530.2586000003],[-11053534.2151,2198437.3478000015],[-11053744.0836,2198477.0789999999],[-11053793.572699999,2198466.5714000016],[-11053851.604599999,2198414.0408999994],[-11053916.3182,2198253.0324999988],[-11054162.533399999,2198510.8795999996],[-11054136.3345,2198558.2241999991],[-11054124.1383,2198619.1587999985],[-11054132.652000001,2198754.9963000007],[-11054153.4977,2198809.7294000015],[-11054198.779100001,2199127.3002000004],[-11054241.222899999,2199225.5469000004],[-11054171.158399999,2199382.1264999993],[-11054413.2094,2199470.1810999997],[-11054582.6187,2199352.5784999989],[-11054707.4814,2198971.0186999999],[-11054889.8158,2198730.443],[-11055058.564099999,2198733.2349999994],[-11055217.3212,2198594.3293999992],[-11055482.346100001,2198599.1770000011],[-11055562.585200001,2198463.7582999989],[-11055642.727499999,2198220.6198000014],[-11055738.6149,2198061.063099999],[-11055902.455,2198110.4054999985],[-11055985.508099999,2198042.3220999986],[-11056034.695900001,2197935.1079000011],[-11056042.3499,2197856.7089999989],[-11056200.928200001,2197793.179299999],[-11056329.632200001,2197418.6407000013],[-11056044.1055,2197148.750500001],[-11056157.4508,2197086.4200999998],[-11056263.8793,2197096.6733999997],[-11056335.5688,2197153.7404999994],[-11056498.853599999,2197208.2756000012],[-11056617.6011,2197170.1352000013],[-11056670.7777,2197124.6997000016],[-11056772.3934,2196943.3957999982],[-11056812.717599999,2196897.2802000009],[-11056814.5098,2196861.3209000006],[-11056887.691299999,2196776.4659999982],[-11056902.671499999,2196728.313099999],[-11056963.3794,2196619.5976000018],[-11057079.078600001,2196674.1132000014],[-11057105.4289,2196663.4591000006],[-11057109.5033,2196615.4334999993],[-11057196.3069,2196551.2534999996],[-11057234.134199999,2196434.7151999995],[-11057214.3062,2196349.3988000005],[-11057237.1756,2196228.4266000018],[-11057178.7773,2196125.8693999983],[-11057219.92,2195938.2355000004],[-11057201.4977,2195904.2800000012],[-11057192.173599999,2195811.1213000007],[-11057231.2421,2195719.003800001],[-11057240.489700001,2195670.1477999985],[-11057172.689200001,2195620.3693000004],[-11057334.678300001,2195198.0066],[-11057401.8104,2195123.0634000003],[-11057439.2005,2195014.0511999987],[-11057493.255000001,2194980.122200001],[-11057497.532,2194864.1028999984],[-11057528.0812,2194820.9664000012],[-11057552.953400001,2194746.2831999995],[-11057547.9562,2194609.2683000006],[-11057578.1918,2194411.3196999989],[-11057621.829,2194241.8944000006],[-11057676.1394,2194111.8365999982],[-11057792.718699999,2193896.5091999993],[-11060326.9926,2191075.5067999996],[-11060289.8565,2190525.7034000009],[-11059589.7707,2189915.0489000008],[-11059980.781400001,2189981.6488000005],[-11059916.8884,2189821.8971999995],[-11059731.2119,2189694.3695],[-11059757.5089,2189598.3900999986],[-11059808.9597,2189596.9831000008],[-11059860.1154,2189579.7265999988],[-11059977.8671,2189507.7551999986],[-11060096.3588,2189496.4442000017],[-11059990.0843,2189336.7840999998],[-11061252.764799999,2187666.1975000016],[-11060918.551200001,2187427.1046999991],[-11059392.5636,2187217.0822999999],[-11059314.5041,2187106.9092999995],[-11059179.1741,2186988.4387000017],[-11059162.9571,2186904.2076000012],[-11059128.956800001,2186845.1132000014],[-11058999.9252,2186688.0914999992],[-11058866.8539,2186616.9858999997],[-11058818.815199999,2186578.7071999982],[-11058650.9833,2186525.2468000017],[-11058582.7422,2186490.2795999981],[-11058384.694800001,2186478.4105000012],[-11058214.371400001,2186047.1431000009],[-11058462.32,2185529.8233999982],[-11058624.809699999,2184645.0417999998],[-11058708.499700001,2184101.4345000014],[-11058738.811000001,2183344.8425000012],[-11057456.4672,2182969.0678000003],[-11056999.847899999,2182335.9699999988]]]},"properties":{"OBJECTID":276,"ID":"09004","NAME":"Cuajimalpa de Morelos","TOTPOP_CY":223047,"AREA":71.159999999999997,"Shape__Area":80328385.953967452,"Shape__Length":70441.151895034447}},{"type":"Feature","id":277,"geometry":{"type":"Polygon","coordinates":[[[-11027563.141799999,2207373.4332999997],[-11026481.0218,2207802.1625999995],[-11026292.256100001,2208009.8238999993],[-11026924.171399999,2209553.4114000015],[-11027248.0275,2210307.1937000006],[-11027682.904999999,2211366.2525000013],[-11027642.3881,2211509.1316],[-11027710.6625,2211526.8729000017],[-11027673.643100001,2211680.1488999985],[-11027816.2502,2211713.5194000006],[-11027848.9792,2211747.2558999993],[-11028182.6917,2212585.7254000008],[-11028198.4724,2212602.9888999984],[-11027969.432499999,2213194.5414999984],[-11027738.733999999,2213747.9576000012],[-11029225.1642,2214350.9331],[-11030136.7061,2214775.1832999997],[-11030676.8795,2215004.4743000008],[-11031472.0535,2215383.9050000012],[-11031827.046800001,2215291.3816],[-11032143.4431,2215225.0546000004],[-11032375.5436,2215111.9041000009],[-11032421.838,2215059.7309999987],[-11032454.4178,2215101.8623000011],[-11032511.7775,2215125.7113999985],[-11032545.4904,2215094.2201000005],[-11032574.647500001,2215035.9490999989],[-11032611.5197,2215194.3874000013],[-11032634.124199999,2215127.7712000012],[-11032723.964600001,2215131.1713000014],[-11032760.528899999,2215204.2842000015],[-11032811.623299999,2215109.9946999997],[-11032863.365700001,2215127.2939999998],[-11032900.5452,2215196.1587999985],[-11032940.334100001,2215211.6997000016],[-11033365.3298,2215198.4343999997],[-11033534.720100001,2215433.569600001],[-11033640.8244,2215455.4327000007],[-11034100.885399999,2215816.2118000016],[-11034575.2914,2216313.238499999],[-11034644.544299999,2216396.8876000009],[-11034809.9495,2216734.6129000001],[-11034878.993100001,2216789.3596000001],[-11034898.924799999,2216948.8302999996],[-11034809.2326,2217637.3614999987],[-11034808.091600001,2218035.8013999984],[-11035165.0865,2218154.7921999991],[-11034894.8248,2218544.5522999987],[-11034653.818399999,2218810.2745999992],[-11034457.0177,2219092.2104999982],[-11034292.1603,2219259.5276000015],[-11034208.2008,2219428.3779999986],[-11034103.225400001,2219695.2109999992],[-11033818.735099999,2220055.8942000009],[-11033500.510600001,2220274.9580999985],[-11033511.327500001,2220584.5438000001],[-11032662.915999999,2221556.6068000011],[-11033077.116900001,2222010.0865999982],[-11033204.8583,2222602.5566999987],[-11033393.672800001,2223317.9072000012],[-11033643.520500001,2223512.6561000012],[-11033831.8095,2223869.1403999999],[-11033752.8039,2224593.5135999992],[-11033928.061899999,2224758.8986000009],[-11034400.487600001,2224849.3269000016],[-11034766.3401,2224347.1977000013],[-11035180.193600001,2224186.7221000008],[-11035519.778100001,2224079.6829000004],[-11035519.6557,2223919.5203999989],[-11035981.0339,2223476.0416000001],[-11036118.769400001,2223160.9528999999],[-11036166.2426,2222797.8984000012],[-11036622.3232,2222418.495000001],[-11036744.248,2222258.2426000014],[-11036860.7918,2222012.5830000006],[-11036881.738700001,2221676.2600000016],[-11036971.826199999,2221526.7160999998],[-11037215.6994,2221259.6024999991],[-11037236.8891,2221216.8801000006],[-11037427.7697,2221040.5593000017],[-11037507.454399999,2221141.9107000008],[-11037640.176100001,2221211.186999999],[-11037698.5043,2221163.0918999985],[-11037799.308499999,2221141.6508999988],[-11038011.436699999,2220997.3328999989],[-11038228.701099999,2220666.1843000017],[-11038223.303200001,2220564.7703000009],[-11038191.4081,2220500.745099999],[-11038170.085999999,2220394.0100999996],[-11038228.3115,2220233.8242999986],[-11038540.8945,2219710.441300001],[-11038449.0559,2219692.3687000014],[-11038404.826300001,2219705.5483999997],[-11038352.5743,2219703.5223999992],[-11038371.707800001,2219677.2906999998],[-11038276.9027,2219658.4891999997],[-11038289.956,2219599.3341000006],[-11037448.2817,2219188.8880999982],[-11037784.7958,2218625.9591999985],[-11038223.073999999,2218060.0263999999],[-11038275.228399999,2217898.4439000003],[-11037978.424900001,2217723.565200001],[-11038284.7172,2217300.4021999985],[-11038084.2754,2217209.7983000018],[-11038310.3675,2217110.995099999],[-11038347.0484,2217069.5483000018],[-11039294.8047,2217346.8104999997],[-11039818.030400001,2217537.9193000011],[-11040105.392100001,2217657.1400000006],[-11040223.094599999,2217675.7952999994],[-11040260.723999999,2217519.9211000018],[-11040252.8292,2217511.2030000016],[-11040338.2302,2217355.9891999997],[-11040238.9154,2217302.2518000007],[-11040150.680199999,2217446.4816999994],[-11039706.106899999,2217103.2303999998],[-11040069.3902,2216734.3092],[-11040019.4724,2216663.5126000009],[-11039549.745200001,2216496.9554999992],[-11038771.9047,2216013.429299999],[-11038126.909700001,2214228.6202000007],[-11038101.1569,2214213.0740999989],[-11037296.355599999,2211912.8258999996],[-11036568.8719,2209883.0001000017],[-11036554.362400001,2209810.9560000002],[-11036561.425000001,2209766.7714999989],[-11036478.188899999,2209835.9745999984],[-11036429.456599999,2209856.7014000006],[-11036397.996400001,2209853.7060999982],[-11036349.3276,2209814.6704999991],[-11036304.1808,2209801.0265999995],[-11036127.883300001,2209781.0163999982],[-11035528.395400001,2209754.821800001],[-11035472.559599999,2209742.1519999988],[-11034828.466399999,2209349.3548999988],[-11033683.916099999,2208940.8280000016],[-11033130.6204,2208477.1642000005],[-11033054.539100001,2208425.9805999994],[-11032757.3851,2208311.175999999],[-11032751.3115,2208328.2725000009],[-11032731.387499999,2208320.560899999],[-11032712.493000001,2208313.1928000003],[-11032718.1062,2208292.3431999981],[-11031913.6324,2207981.6374999993],[-11031812.8802,2207968.0821000002],[-11031728.0526,2207981.7611999996],[-11031175.741900001,2208195.8348000012],[-11031086.426000001,2208198.0837999992],[-11031006.769200001,2208177.3563000001],[-11030862.719699999,2208056.561900001],[-11030418.448899999,2207617.2943999991],[-11030373.586100001,2207564.6801000014],[-11030331.787900001,2207488.6933999993],[-11029632.747,2208007.0100999996],[-11029459.582,2207964.2866000012],[-11029323.450200001,2207958.5797000006],[-11028265.624500001,2207572.431499999],[-11028209.0945,2207567.7531000003],[-11028130.706700001,2207592.0414000005],[-11027563.141799999,2207373.4332999997]]]},"properties":{"OBJECTID":277,"ID":"09005","NAME":"Gustavo A. Madero","TOTPOP_CY":1202245,"AREA":87.909999999999997,"Shape__Area":99462975.545287877,"Shape__Length":60164.132890600522}},{"type":"Feature","id":278,"geometry":{"type":"Polygon","coordinates":[[[-11034274.3496,2199499.4913999997],[-11034276.5789,2199758.6603999995],[-11034263.611300001,2200014.2664999999],[-11033558.441199999,2199968.4276000001],[-11032581.1127,2199835.5601999983],[-11032392.3541,2199821.806400001],[-11031900.747300001,2199754.5223999992],[-11031314.7214,2199695.6321999989],[-11031277.036,2199678.9140999988],[-11030514.911599999,2200951.4611999989],[-11030288.501599999,2200914.8876999989],[-11030266.5701,2200913.1140000001],[-11030261.6788,2200924.2923000008],[-11030081.3945,2200867.4558999985],[-11030045.407299999,2200844.4199000001],[-11029982.4276,2201209.8936999999],[-11029884.649900001,2201167.8601000011],[-11028017.369999999,2200143.6528000012],[-11027403.201400001,2200031.688000001],[-11027365.5429,2200345.9252999984],[-11027194.8715,2201408.4510999992],[-11027115.904899999,2202173.3533999994],[-11027100.9333,2202171.439199999],[-11026908.1292,2204152.8557000011],[-11026839.712300001,2204699.7883000001],[-11026868.525,2204710.808699999],[-11026906.6664,2204649.4167999998],[-11026955.390699999,2204607.5753000006],[-11027077.4529,2204551.7278999984],[-11028194.0317,2204541.8674999997],[-11028282.056600001,2204522.0795999989],[-11028365.7875,2204476.9030000009],[-11028413.1195,2204432.2292000018],[-11028801.1768,2203784.1512000002],[-11029235.9663,2203094.438000001],[-11029211.3983,2203080.8698999994],[-11029262.6017,2202993.8944999985],[-11029310.1198,2202930.0896999985],[-11029339.272,2202918.6057999991],[-11029560.412,2202899.0984999985],[-11031329.986099999,2203162.4241000004],[-11031543.732999999,2203164.9915999994],[-11031547.9856,2203139.8284000009],[-11031725.9509,2203114.699000001],[-11033383.6269,2202749.2635000013],[-11033855.428099999,2202737.6312000006],[-11034774.305199999,2202566.5969999991],[-11035077.884099999,2202471.4371999986],[-11035160.0528,2202456.6607000008],[-11035267.9168,2202454.5672999993],[-11035704.6095,2202483.3669000007],[-11035728.917300001,2202473.7456],[-11035773.4252,2202430.0513000004],[-11035834.4562,2202418.3658999987],[-11035900.6467,2201992.1658999994],[-11035206.0397,2201963.0998999998],[-11035216.233100001,2201700.4976000004],[-11035244.9212,2201646.9976999983],[-11035265.556700001,2201561.6323000006],[-11035712.012499999,2199394.2987999991],[-11035704.9957,2199408.3729000017],[-11035661.1654,2199419.497200001],[-11035563.254000001,2199428.9305999987],[-11035067.710899999,2199375.6730000004],[-11034270.0019,2199218.7723000012],[-11034274.3496,2199499.4913999997]]]},"properties":{"OBJECTID":278,"ID":"09006","NAME":"Iztacalco","TOTPOP_CY":414661,"AREA":23.100000000000001,"Shape__Area":26095772.087263785,"Shape__Length":29065.671851400195}},{"type":"Feature","id":279,"geometry":{"type":"Polygon","coordinates":[[[-11028306.931700001,2188513.7468000017],[-11028151.614600001,2188696.0863999985],[-11027623.0919,2189261.3484000005],[-11027490.3935,2189422.7406000011],[-11027482.6446,2189591.2980000004],[-11027528.9034,2189630.5379999988],[-11027545.5768,2189677.385400001],[-11027597.575300001,2189900.5833999999],[-11027602.882999999,2189970.1077999994],[-11027709.8443,2190131.5837999992],[-11027840.5789,2190481.8922999986],[-11027687.2031,2190958.6370999999],[-11027294.4301,2190811.8663000017],[-11026616.6402,2191686.9901000001],[-11026447.514699999,2191557.3172999993],[-11026243.3825,2191816.4266999997],[-11026069.511499999,2191689.8410999998],[-11025826.9396,2192018.3568000011],[-11025819.0515,2192042.8260000013],[-11025729.1654,2191943.2644000016],[-11025631.6763,2191805.1206],[-11025620.9508,2191795.2049999982],[-11025602.9482,2191818.0676000006],[-11025484.5119,2191728.0262000002],[-11025280.4723,2191988.5546000004],[-11025272.6544,2191979.4375],[-11025131.6259,2192106.317499999],[-11025036.2086,2192020.5194999985],[-11024941.3027,2192143.0216000006],[-11023519.569399999,2192569.127700001],[-11020780.318600001,2193488.7159999982],[-11018388.530099999,2193371.4523999989],[-11018355.0452,2193329.8630999997],[-11018470.807499999,2193196.5163999982],[-11018424.844799999,2193136.3715999983],[-11018242.9329,2193107.5535999984],[-11018234.777899999,2193191.0273999982],[-11018217.326300001,2193194.7351000011],[-11018203.1676,2193276.0762999989],[-11018172.388800001,2193270.6616999991],[-11018185.638,2193236.1176999994],[-11018124.216499999,2193209.7204000019],[-11018113.443499999,2193263.5951999985],[-11018023.6559,2193230.8352000006],[-11018015.418400001,2193149.2168999985],[-11017983.3215,2193153.9956],[-11017990.4761,2193229.7533],[-11017953.0671,2193230.7384000011],[-11017882.633199999,2193312.9303000011],[-11017421.7371,2193287.9378000014],[-11017333.713400001,2193228.4792999998],[-11017174.2567,2193206.6488999985],[-11017097.9771,2193322.2520999983],[-11016883.9014,2193316.2626999989],[-11016906.670600001,2193396.6359999999],[-11016910.312999999,2193466.8099999987],[-11016820.2423,2193455.3621999994],[-11016812.7458,2193469.7375999987],[-11016732.5791,2193434.4761999995],[-11016719.2532,2193498.5892999992],[-11016625.320699999,2193473.8090000004],[-11016611.520300001,2193520.3660000004],[-11016510.1719,2193533.9688000008],[-11017771.4376,2194655.7653999999],[-11017899.999,2194809.5450999998],[-11018159.234200001,2195257.1809],[-11018268.8717,2195394.6557999998],[-11019679.8166,2196831.1607000008],[-11020023.6369,2197147.058600001],[-11020011.518300001,2197230.1273000017],[-11019981.181600001,2197253.9662999995],[-11019902.404999999,2197411.5518000014],[-11019711.8092,2198192.7624999993],[-11019716.7663,2198246.6392999999],[-11019732.2619,2198262.8792000003],[-11021761.118899999,2199528.6130999997],[-11022808.3391,2200110.5208999999],[-11026747.794500001,2202014.4585999995],[-11027115.904899999,2202173.3533999994],[-11027194.8715,2201408.4510999992],[-11027365.5429,2200345.9252999984],[-11027403.201400001,2200031.688000001],[-11028017.369999999,2200143.6528000012],[-11029884.649900001,2201167.8601000011],[-11029982.4276,2201209.8936999999],[-11030045.407299999,2200844.4199000001],[-11030081.3945,2200867.4558999985],[-11030261.6788,2200924.2923000008],[-11030266.5701,2200913.1140000001],[-11030288.501599999,2200914.8876999989],[-11030514.911599999,2200951.4611999989],[-11031277.036,2199678.9140999988],[-11031314.7214,2199695.6321999989],[-11031900.747300001,2199754.5223999992],[-11032392.3541,2199821.806400001],[-11032581.1127,2199835.5601999983],[-11033558.441199999,2199968.4276000001],[-11034263.611300001,2200014.2664999999],[-11034276.5789,2199758.6603999995],[-11034270.0019,2199218.7723000012],[-11035067.710899999,2199375.6730000004],[-11035563.254000001,2199428.9305999987],[-11035704.9957,2199408.3729000017],[-11036202.498500001,2197055.9136999995],[-11036196.0606,2197002.5828000009],[-11035510.1359,2196959.4387000017],[-11035425.603,2196988.8288999982],[-11035337.902100001,2197047.8302999996],[-11035232.2467,2197208.2694999985],[-11034208.309900001,2197090.3916000016],[-11034149.739399999,2196648.9085999988],[-11034074.4638,2196403.6647000015],[-11034014.873400001,2196252.6182999983],[-11033772.098999999,2195873.9114999995],[-11033587.682499999,2195524.9963000007],[-11033494.953500001,2195391.6873999983],[-11033372.942,2195099.8524999991],[-11033309.707800001,2194692.3247000016],[-11033293.7301,2194643.7014000006],[-11033201.408399999,2194460.189100001],[-11033115.0145,2194324.4932000004],[-11033054.8752,2194259.4615999982],[-11032934.65,2194186.3814000003],[-11032893.384,2194144.9626999982],[-11032843.6865,2193999.8817000017],[-11032644.214199999,2193676.6068999991],[-11032399.3226,2193390.4166000001],[-11032227.540999999,2193214.6666000001],[-11031891.7333,2193010.2256000005],[-11031756.4033,2192873.6440999992],[-11031683.437899999,2192776.9884000011],[-11031658.7073,2192699.2778999992],[-11031628.0277,2192700.0637000017],[-11031616.431399999,2192604.8995999992],[-11031593.305,2192533.7283000015],[-11031610.7377,2192524.2289000005],[-11031615.2059,2192490.8304999992],[-11031506.6291,2192313.7195000015],[-11031123.1646,2191794.5280000009],[-11031103.522600001,2191805.9378999993],[-11030680.8959,2191246.9745000005],[-11030622.9297,2191187.8007000014],[-11030591.2203,2191130.3751000017],[-11030418.528100001,2190916.1601999998],[-11030387.731000001,2190840.3198999986],[-11030335.020500001,2190777.5438000001],[-11030235.551200001,2190713.2100000009],[-11030189.1808,2190664.4514999986],[-11029934.857000001,2190336.3988999985],[-11029887.8324,2190247.0850999989],[-11029576.4607,2189844.2811000012],[-11029315.0636,2189518.3817999996],[-11029236.2861,2189458.0998999998],[-11028971.9946,2189073.0472999997],[-11028665.2082,2188851.3341000006],[-11028306.931700001,2188513.7468000017]]]},"properties":{"OBJECTID":279,"ID":"09007","NAME":"Iztapalapa","TOTPOP_CY":1880679,"AREA":113.06999999999999,"Shape__Area":127682375.66206762,"Shape__Length":59240.954934360816}},{"type":"Feature","id":280,"geometry":{"type":"Polygon","coordinates":[[[-11052144.162,2180035.8933000006],[-11052065.498,2180038.9384000003],[-11052009.4208,2180075.9875000007],[-11051915.496099999,2180114.7661000006],[-11051883.662,2180103.7140999995],[-11051834.757099999,2180105.9081000015],[-11051729.153899999,2180145.8973000012],[-11051667.122199999,2180156.1240999997],[-11051503.000700001,2180231.6279999986],[-11051399.6349,2180348.4481999986],[-11051380.676100001,2180432.871100001],[-11051340.1491,2180451.3264999986],[-11051199.7018,2180561.9824000001],[-11051171.731699999,2180628.8537999988],[-11051154.141000001,2180636.7382000014],[-11051129.291099999,2180798.8942999989],[-11051148.5615,2180977.0271999985],[-11051081.2234,2181040.0082999989],[-11051018.6162,2181068.1374000013],[-11050970.1811,2181106.6631999984],[-11050936.7205,2181168.192400001],[-11050880.415100001,2181225.5623999983],[-11050788.6678,2181291.1451000012],[-11050761.351299999,2181350.0540000014],[-11050628.735099999,2181383.7351000011],[-11050529.202299999,2181457.002799999],[-11050489.678300001,2181513.4316999987],[-11050296.669199999,2181655.5291999988],[-11050158.0152,2181693.5601000004],[-11050138.546399999,2181730.5899999999],[-11049992.611099999,2181855.9217000008],[-11049943.5079,2181872.8531000018],[-11049845.316500001,2181930.4633000009],[-11049676.297800001,2181964.2903000005],[-11049569.603800001,2182017.0577000007],[-11049449.8506,2182093.8126000017],[-11049309.7828,2182244.9822999984],[-11049268.8686,2182324.7762999982],[-11049138.181700001,2182332.9479999989],[-11049088.313899999,2182413.3262000009],[-11049031.252800001,2182470.3451000005],[-11048946.7958,2182513.0416000001],[-11048807.819,2182634.813099999],[-11048757.312100001,2182752.054299999],[-11048755.786900001,2182817.0071999989],[-11048778.818,2182928.3748000003],[-11048684.1349,2183051.2159000002],[-11048658.1852,2183153.3081],[-11048623.362500001,2183221.0113000013],[-11048570.0682,2183266.2597999983],[-11048591.123199999,2183361.9316999987],[-11048637.452299999,2183409.6493999995],[-11048659.978700001,2183451.2736999989],[-11048656.334100001,2183499.3902000003],[-11048571.849300001,2183657.5284999982],[-11048475.761700001,2183765.316399999],[-11048481.9066,2183791.8493999988],[-11048512.6362,2183826.6878000014],[-11048498.5309,2183883.7826999985],[-11048440.088199999,2183889.4836000018],[-11048420.493799999,2183912.9699000008],[-11048414.513900001,2183959.0324000008],[-11048337.0887,2184007.0923000015],[-11048304.6516,2184019.2855000012],[-11048237.678300001,2184006.4638999999],[-11048193.1472,2184092.9919999987],[-11048190.831700001,2184191.7518000007],[-11048168.478800001,2184256.3385999985],[-11048077.5217,2184324.8487999998],[-11048007.5162,2184351.3517000005],[-11047934.688999999,2184423.7074000016],[-11047925.1,2184446.9404999986],[-11047927.0167,2184544.4145000018],[-11047879.0447,2184680.0703000017],[-11047856.675000001,2184713.803199999],[-11047880.844699999,2184909.3491999991],[-11047930.322000001,2185010.935899999],[-11047882.3342,2185141.2355999984],[-11047929.066199999,2185194.308699999],[-11047945.813999999,2185257.3330000006],[-11047934.554,2185278.0172000006],[-11047841.9307,2185354.3027000017],[-11047779.84,2185436.5755000003],[-11047779.1042,2185476.4919000007],[-11047797.9652,2185507.2263000011],[-11047828.1072,2185501.9153000005],[-11047913.3345,2185446.4710999988],[-11047984.830499999,2185445.9180999994],[-11048105.1346,2185537.8841000013],[-11048151.816199999,2185603.4730999991],[-11048047.376499999,2185659.0817000009],[-11048007.5108,2185712.2672000006],[-11047975.6789,2185773.5326999985],[-11047961.679500001,2185916.6237999983],[-11047973.3123,2185968.6083000004],[-11048124.9651,2186100.9829999991],[-11048135.5726,2186130.7606999986],[-11048125.153200001,2186230.5731000006],[-11048056.0549,2186257.5846999995],[-11048011.346799999,2186322.2987999991],[-11048010.653200001,2186377.365699999],[-11048022.405300001,2186416.7382999994],[-11048013.6065,2186458.5579999983],[-11047888.8353,2186591.5502999984],[-11047762.967499999,2186673.4615000002],[-11047732.303400001,2186725.196800001],[-11047772.2346,2186960.9094000012],[-11047800.703500001,2187025.1686999984],[-11047825.388599999,2187039.5084000006],[-11047859.807600001,2187092.2388999984],[-11047749.9486,2187329.7082999982],[-11047731.2948,2187416.177099999],[-11047772.3104,2187450.9334999993],[-11047789.0974,2187443.5971999988],[-11047842.348300001,2187482.8079000004],[-11047876.4299,2187495.806499999],[-11047890.3314,2187482.2443000004],[-11047934.053300001,2187530.2303999998],[-11047943.8049,2187571.2269000001],[-11047880.3994,2187826.3026000001],[-11047893.1701,2187945.4695000015],[-11047811.0496,2187968.370000001],[-11047720.4465,2188056.2804999985],[-11047715.566400001,2188098.9728000015],[-11047751.875800001,2188159.3636000007],[-11047741.0255,2188187.6550999992],[-11047585.472899999,2188262.2221000008],[-11047564.1151,2188284.0909000002],[-11047570.6644,2188314.8900000006],[-11047606.038000001,2188324.3673],[-11047663.962099999,2188373.5313000008],[-11047676.620300001,2188417.4626999982],[-11047641.969900001,2188441.0300000012],[-11047561.6818,2188573.7917999998],[-11047514.895300001,2188689.8792999983],[-11047436.032199999,2188753.9351999983],[-11047438.411,2188791.3136],[-11047459.8991,2188820.8170999996],[-11047466.0217,2188881.3249999993],[-11047545.6941,2188969.4646999985],[-11047610.548699999,2189018.3660999984],[-11047648.619999999,2189023.1853],[-11047653.686100001,2189033.1739000008],[-11047679.8586,2189278.1680999994],[-11047642.8938,2189376.7063999996],[-11047596.974400001,2189451.1777000017],[-11047518.764799999,2189446.3563000001],[-11047560.148800001,2189479.4959999993],[-11047500.4014,2189582.5986000001],[-11047422.0591,2189604.0208999999],[-11047387.874199999,2189586.3797999993],[-11047200.843900001,2189662.8665000014],[-11047036.4553,2189610.9323000014],[-11046981.2696,2189627.5740999989],[-11046897.483999999,2189634.2437999994],[-11046886.4822,2189654.1693999991],[-11046916.932499999,2189686.5333000012],[-11046911.795,2189711.1130000018],[-11046879.1987,2189715.2373000011],[-11046842.4187,2189697.8630000018],[-11046778.9767,2189744.6105000004],[-11046763.4519,2189768.3066999987],[-11046728.446599999,2189779.7932000011],[-11046677.239600001,2189835.6710000001],[-11046600.5594,2189886.5055],[-11046525.9684,2189993.1722999997],[-11046509.467599999,2190037.6367999986],[-11046536.1777,2190114.4034999982],[-11046550.093900001,2190238.9703000002],[-11046534.757300001,2190275.057500001],[-11046574.2634,2190299.6616000012],[-11046608.336100001,2190297.2732999995],[-11046611.236,2190384.3660999984],[-11046560.130100001,2190396.9794999994],[-11046481.182499999,2190461.3018000014],[-11046564.125600001,2190501.5945999995],[-11046527.6316,2190580.7857999988],[-11046516.655400001,2190641.9935999997],[-11046493.2663,2190639.9046999998],[-11046483.352,2190734.9776999988],[-11046460.4135,2190745.8570000008],[-11046445.090500001,2190882.8343000002],[-11046366.327500001,2190930.8192999996],[-11046251.439099999,2190979.7589000016],[-11046162.073999999,2191052.2807999998],[-11046084.687899999,2191060.5247000009],[-11045982.2719,2191109.4089000002],[-11045965.0385,2191136.4283999987],[-11045982.221799999,2191206.1141000018],[-11045967.399700001,2191238.9525000006],[-11045695.4805,2191462.5672000013],[-11045669.0623,2191538.121199999],[-11045557.244100001,2191573.3652000017],[-11045228.012399999,2191594.8390999995],[-11045193.411800001,2191602.9193000011],[-11045172.397,2191623.6275000013],[-11045111.5755,2191734.6187000014],[-11045177.467599999,2191906.0001000017],[-11045278.4399,2192448.991799999],[-11045283.194399999,2192564.7016999982],[-11045257.053200001,2192658.4759000018],[-11045220.175100001,2192723.5910999998],[-11045172.193399999,2192774.7329000011],[-11044490.868100001,2193274.9343000017],[-11044408.449100001,2193345.3170000017],[-11044316.5195,2193449.0098999999],[-11044241.5899,2193570.6403999999],[-11043936.4802,2194213.6011000015],[-11043806.869899999,2194399.193599999],[-11043634.7994,2194560.3980999999],[-11043684.5251,2194598.871100001],[-11043859.073799999,2194531.9171999991],[-11043730.066,2194748.3572000004],[-11043827.210000001,2194753.0984999985],[-11043947.045499999,2194692.8803999983],[-11044008.950300001,2194642.1854999997],[-11044143.2327,2194564.5784000009],[-11044171.7038,2194558.0119999982],[-11044227.491599999,2194568.2047999986],[-11044267.2136,2194557.1625999995],[-11044403.821699999,2194600.1724999994],[-11044548.092800001,2194580.4354000017],[-11044597.934800001,2194547.6442999989],[-11044609.826099999,2194496.3764000013],[-11044625.626800001,2194478.2485000007],[-11044676.399700001,2194448.7564000003],[-11044739.833900001,2194443.560899999],[-11044767.8652,2194426.9844999984],[-11044801.3269,2194380.3517999984],[-11044878.2619,2194370.9127999991],[-11044959.9002,2194344.8881999999],[-11045023.9789,2194296.2765000015],[-11045267.606000001,2194277.7664999999],[-11045387.3572,2194244.1264999993],[-11045589.164999999,2194151.1587999985],[-11045577.975099999,2194121.4662999995],[-11045587.9593,2194105.0434999987],[-11045817.958799999,2194011.2329000011],[-11045916.5989,2194016.0603],[-11046154.018999999,2193887.6160999984],[-11046243.8916,2193864.1510000005],[-11046366.817199999,2193807.4158000015],[-11046403.0463,2193742.9195000008],[-11046442.0748,2193712.2133999988],[-11046470.375600001,2193649.2982000001],[-11046621.413799999,2193499.7925999984],[-11046687.6456,2193450.3016000018],[-11046902.5111,2193343.0542000011],[-11046942.351299999,2193291.0179999992],[-11046951.484999999,2193257.2961000018],[-11047047.141899999,2193201.6631999984],[-11047216.2173,2193174.0947000012],[-11047270.2673,2193198.7732000016],[-11047382.3049,2193168.8357000016],[-11047465.998199999,2193257.132100001],[-11047654.852700001,2193590.8306999989],[-11047739.905400001,2193645.7239000015],[-11047817.0864,2193656.9472999983],[-11047905.992699999,2193642.1411999986],[-11047935.5527,2193611.5956000015],[-11047961.096000001,2193603.8980999999],[-11048057.184900001,2193600.2575999983],[-11048275.815099999,2193566.806499999],[-11048387.399700001,2193498.0984000005],[-11048454.855799999,2193476.4019000009],[-11048710.181700001,2193483.318500001],[-11048804.6986,2193471.3044999987],[-11048832.6765,2193457.0410000011],[-11048903.5748,2193467.2545999996],[-11049035.619899999,2193420.9666000009],[-11049156.1676,2193263.0727999993],[-11049186.5712,2193159.5223000012],[-11049297.6324,2192984.7664999999],[-11049358.3763,2192928.6013999991],[-11049396.9583,2192915.5756999999],[-11049466.069,2192861.3291000016],[-11049614.3462,2192713.9798000008],[-11049636.540200001,2192664.7679000013],[-11049688.260299999,2192594.9943000004],[-11049769.5636,2192374.6422999986],[-11049844.3291,2192312.9171999991],[-11049925.600199999,2192211.4536000006],[-11050075.213500001,2192094.0260999985],[-11050090.5077,2192060.0846000016],[-11050126.362500001,2192032.8090000004],[-11050177.562899999,2191961.8795000017],[-11050229.5143,2191873.0797000006],[-11050327.4179,2191883.0868999995],[-11050410.1227,2191915.9959999993],[-11050429.180600001,2191942.8669999987],[-11050423.944,2191963.3134999983],[-11050511.9888,2191940.6163000017],[-11050634.017999999,2191887.3709000014],[-11050701.2476,2191752.8253999986],[-11050746.4823,2191696.0527000017],[-11050742.656300001,2191649.8104000017],[-11050723.655099999,2191680.0190000013],[-11050692.007999999,2191647.3566999994],[-11050813.3652,2191355.4888999984],[-11050779.253699999,2191333.4846000001],[-11050835.2038,2191262.0055],[-11050819.840600001,2191139.5648000017],[-11050788.1535,2191092.3365000002],[-11050735.493899999,2191056.4516999982],[-11050686.7071,2190968.5273999982],[-11050541.188999999,2190916.9246000014],[-11050511.1073,2190891.4800000004],[-11050579.5721,2190847.3638999984],[-11050732.798900001,2190774.7034999989],[-11050843.148800001,2190651.5392999984],[-11050932.646400001,2190578.0329000019],[-11050853.284399999,2190560.4512999989],[-11050728.190199999,2190454.5762999989],[-11050656.5351,2190426.8335999995],[-11050747.4586,2190250.3262999989],[-11050849.780099999,2190190.7862000018],[-11050871.066500001,2190092.5056000017],[-11050851.2918,2190051.8104999997],[-11050892.242799999,2189829.5967000015],[-11050920.448999999,2189758.0018000007],[-11050944.865800001,2189737.8238000013],[-11050963.937200001,2189658.0249999985],[-11050959.835999999,2189605.3132999986],[-11051037.9902,2189480.0881000012],[-11051212.881999999,2189265.3513000011],[-11051372.5754,2189002.2556000017],[-11051055.464,2188541.2707000002],[-11051563.9559,2188235.1110999994],[-11051568.551200001,2188130.0839999989],[-11051601.342399999,2188096.0386000015],[-11051649.5538,2188120.5324999988],[-11051689.984999999,2188131.613499999],[-11051710.009299999,2188126.2712000012],[-11051758.7315,2188065.4664000012],[-11051823.1733,2188026.1092999987],[-11051889.034299999,2188018.615699999],[-11051925.93,2188002.3715000004],[-11051967.033600001,2187869.2102000006],[-11052055.2465,2187815.2344999984],[-11052137.7377,2187666.1312999986],[-11052185.9011,2187607.9153999984],[-11052240.4756,2187570.9191000015],[-11052216.430600001,2187484.2410999984],[-11052167.513499999,2187457.2228999995],[-11052152.8694,2187426.4442999996],[-11052169.864499999,2187351.0584000014],[-11052249.816299999,2187291.4954999983],[-11052349.2381,2187136.1816000007],[-11052383.1338,2187116.4615000002],[-11052404.3924,2186965.3082000017],[-11052488.069,2186830.2459000014],[-11052637.103599999,2186770.1975999996],[-11052718.9834,2186770.1776000001],[-11052837.6,2186791.3643000014],[-11052871.145,2186783.7166999988],[-11053014.775,2186655.8740000017],[-11053199.3115,2186550.4921999983],[-11053217.5645,2186471.4624999985],[-11053304.066500001,2186382.2584999986],[-11053359.238700001,2186280.9534999989],[-11053356.078400001,2186193.2269000001],[-11053383.8704,2186112.6466000006],[-11053480.446699999,2186019.0835999995],[-11053670.1862,2185937.7329999991],[-11053687.638900001,2185890.5373000018],[-11053775.6226,2185792.6959999986],[-11053800.964400001,2185742.1728999987],[-11053908.466700001,2185714.6231999993],[-11054000.382099999,2185675.2296000011],[-11054051.4978,2185681.3062000014],[-11054088.512700001,2185700.055399999],[-11054123.006200001,2185693.9092999995],[-11054189.915899999,2185630.0474999994],[-11054238.1928,2185513.2697999999],[-11054266.070699999,2185494.7575999983],[-11054289.301899999,2185444.3614999987],[-11054362.233999999,2185413.6213999987],[-11054415.6863,2185413.5791000016],[-11054458.321599999,2185380.1455999985],[-11054615.4256,2185328.1556000002],[-11054719.589600001,2185304.8313999996],[-11054793.1171,2185308.5434999987],[-11055002.158399999,2185346.4222000018],[-11055161.247300001,2185249.3784000017],[-11055273.250499999,2185225.9046999998],[-11055390.9508,2185226.9706000015],[-11055450.3641,2185181.9002999999],[-11055557.4234,2185176.6000000015],[-11055592.136299999,2185194.6966999993],[-11055627.6182,2185194.9987000003],[-11055650.128,2185185.8764999993],[-11055669.8529,2185159.5940999985],[-11055735.623600001,2185141.3982999995],[-11055747.596100001,2185098.1926000006],[-11055670.8969,2185006.8418000005],[-11055669.5768,2184978.6435000002],[-11055716.6182,2184905.5782000013],[-11055751.569,2184781.4824000001],[-11055799.318499999,2184722.2186999992],[-11055790.5108,2184680.435899999],[-11055815.675799999,2184629.1788000017],[-11055796.3817,2184586.0850000009],[-11055797.288000001,2184499.568599999],[-11055826.4482,2184491.9503000006],[-11055842.7642,2184513.3704000004],[-11055855.815400001,2184513.317400001],[-11055876.6209,2184478.5883999988],[-11055897.5558,2184477.0744999982],[-11055926.111300001,2184427.8931000009],[-11055917.402899999,2184290.9809999987],[-11055932.956499999,2184221.1209999993],[-11055950.012800001,2184161.9838999994],[-11056012.263699999,2184052.4074999988],[-11055980.6646,2183929.748399999],[-11056006.319399999,2183881.0450000018],[-11055974.261600001,2183837.2230000012],[-11055988.726299999,2183742.1475000009],[-11056072.696900001,2183622.6303000003],[-11056109.5681,2183590.9662999995],[-11056169.4692,2183618.5236999989],[-11056258.367699999,2183583.1290999986],[-11056548.954,2183248.6482999995],[-11056604.078199999,2183121.8630000018],[-11056619.345799999,2183030.1405999996],[-11056607.392200001,2183006.5304000005],[-11056571.456,2182978.9503999986],[-11056555.708900001,2182919.0932999998],[-11056585.2698,2182730.0989999995],[-11056556.464600001,2182700.0340000018],[-11056544.8685,2182514.6499000005],[-11056502.8343,2182345.6682999991],[-11056396.1524,2182347.7490999997],[-11055733.4497,2181938.7608999982],[-11055757.070499999,2181726.4127999991],[-11055701.5233,2181667.7562000006],[-11055585.145400001,2181618.0621000007],[-11055469.657,2181538.8638000004],[-11055391.999299999,2181564.2784000002],[-11055329.819599999,2181546.7250000015],[-11055281.433499999,2181518.6779999994],[-11055231.4233,2181464.0210000016],[-11055193.911800001,2181469.1658999994],[-11055137.656500001,2181420.2043999992],[-11055096.851399999,2181414.4006000012],[-11054985.6164,2181280.0997000001],[-11054922.1621,2181259.2008000016],[-11054748.079500001,2181138.6319999993],[-11054660.449999999,2181118.1777999997],[-11054407.9706,2180865.2888999991],[-11054369.788000001,2180806.0313999988],[-11054298.8498,2180732.9761000015],[-11054184.386499999,2180644.7994999997],[-11054133.9222,2180642.1845999993],[-11054055.1481,2180588.4035999998],[-11053939.142999999,2180584.5344999991],[-11053780.4471,2180633.1378000006],[-11053658.7292,2180590.873399999],[-11053627.566400001,2180563.1081999987],[-11053523.137700001,2180418.0808000006],[-11053462.713500001,2180304.8464000002],[-11053391.818499999,2180268.1220999993],[-11053263.047499999,2180136.2177999988],[-11053218.846999999,2180120.5482000001],[-11053178.693,2180126.6878000014],[-11053072.3115,2180217.7503000014],[-11052848.737400001,2180115.5040000007],[-11052807.235400001,2180125.7718000002],[-11052771.4027,2180113.808699999],[-11052694.974199999,2180050.1988000013],[-11052669.9617,2180043.7481000014],[-11052498.3927,2180068.8612999991],[-11052399.477700001,2180063.0540999994],[-11052315.2445,2180110.6400000006],[-11052211.9365,2180092.935899999],[-11052177.638,2180054.1442999989],[-11052144.162,2180035.8933000006]]]},"properties":{"OBJECTID":280,"ID":"09008","NAME":"La Magdalena Contreras","TOTPOP_CY":253720,"AREA":63.420000000000002,"Shape__Area":71542358.923925251,"Shape__Length":50421.381635136124}},{"type":"Feature","id":281,"geometry":{"type":"Polygon","coordinates":[[[-11020641.137700001,2181599.3520000018],[-11023990.6613,2181282.8348000012],[-11030755.7993,2179795.8528999984],[-11030914.5878,2179780.8944000006],[-11031002.441099999,2179785.3068000004],[-11031058.582900001,2179802.8691000007],[-11031126.468800001,2179855.3878000006],[-11031156.057499999,2179857.0711000003],[-11031202.244000001,2179811.3863000013],[-11031215.9519,2179627.3522000015],[-11031281.42,2179513.9395999983],[-11031313.375399999,2179505.2399000004],[-11031413.4537,2179516.9952999987],[-11031568.846799999,2179467.996199999],[-11031673.874600001,2179457.2784000002],[-11031752.692199999,2179367.4937000014],[-11031775.3357,2179233.1352000013],[-11031860.18,2179183.4840000011],[-11031955.8947,2179063.7463000007],[-11031967.9586,2179019.1334999986],[-11031997.2655,2178620.866799999],[-11032011.6658,2178574.9149999991],[-11032054.224400001,2178533.5579000004],[-11032295.8365,2178374.7908999994],[-11032298.577299999,2178338.4770000018],[-11032274.593499999,2178311.3267999999],[-11032289.057399999,2178263.4880999997],[-11032348.929,2178268.2507999986],[-11032400.1107,2178183.4197999984],[-11035368.9626,2172440.3236999996],[-11036050.929099999,2172761.6818000004],[-11036150.4366,2172798.0793000013],[-11036259.3259,2172864.7826000005],[-11036291.7477,2172898.182500001],[-11036340.436699999,2173018.1297999993],[-11036468.5319,2173209.2520000003],[-11036597.904100001,2173492.3707999997],[-11036714.603700001,2173625.136500001],[-11036971.7228,2173775.8911000006],[-11037127.1459,2173810.1070000008],[-11037283.921599999,2173819.2813999988],[-11037545.3544,2172694.4037000015],[-11037605.7641,2171675.182599999],[-11037885.1471,2170872.9362000003],[-11038807.2653,2168773.4213999994],[-11037856.005899999,2167753.8553999998],[-11036972.4987,2166781.5307999998],[-11035822.637399999,2165461.5555000007],[-11035699.912,2165451.9076000005],[-11034592.739600001,2162244.3946000002],[-11027286.5162,2160615.8302999996],[-11025439.5768,2163856.9265000001],[-11023857.1502,2164989.2903000005],[-11018803.3354,2164211.2098999992],[-11018291.3653,2163703.8594999984],[-11017701.5096,2164304.2545000017],[-11017442.7719,2164500.4008999988],[-11017098.932800001,2164726.8561000004],[-11016813.721100001,2165047.2892999984],[-11016540.3528,2165777.8198999986],[-11016314.820599999,2166192.5243000016],[-11016072.5592,2167216.8093000017],[-11016060.664799999,2167778.1444000006],[-11015999.7831,2168045.1865999997],[-11016031.0415,2168193.4593999982],[-11016032.316099999,2168319.5874999985],[-11015915.8794,2169025.6048000008],[-11015899.342700001,2169349.8682999983],[-11016298.3574,2170604.2151000015],[-11016441.4176,2170915.4186999984],[-11016595.4046,2171182.2199999988],[-11016689.496300001,2171401.6829000004],[-11016745.9542,2171474.4803000018],[-11016895.480699999,2171881.6809],[-11016466.707,2172116.9349999987],[-11015578.612500001,2172547.9189000018],[-11016996.832699999,2174305.5051999986],[-11015329.1832,2174800.3583999984],[-11015750.976199999,2175757.9957000017],[-11015789.6108,2175742.9283999987],[-11016160.006200001,2176041.4285999984],[-11016890.4046,2176968.2859999985],[-11017033.288799999,2177287.8751999997],[-11016953.6732,2178251.8979000002],[-11016958.920700001,2178486.2589000016],[-11017034.179400001,2178865.7047000006],[-11017254.2225,2178998.2076999992],[-11017012.753699999,2179218.9470999986],[-11016981.5086,2179233.7529000007],[-11016976.233100001,2179327.0155999996],[-11017003.2415,2179360.6059000008],[-11016961.811699999,2179396.135400001],[-11016937.9838,2179558.5711000003],[-11017109.282199999,2179733.3093999997],[-11017403.1066,2179877.9803000018],[-11017537.6073,2179971.6788999997],[-11017693.1362,2180156.9965000004],[-11017791.1742,2180204.1840999983],[-11018159.4376,2180273.0788999982],[-11018130.018999999,2180372.0949999988],[-11018248.467700001,2180453.4505000003],[-11018460.7961,2180680.4307000004],[-11018538.267200001,2180781.1915999986],[-11018546.3924,2180767.4937999994],[-11018617.112,2180878.0676999986],[-11018697.844699999,2180975.372299999],[-11018691.446,2180985.9758000001],[-11018705.075999999,2181006.0436000004],[-11018829.4979,2180932.2822000012],[-11018881.9812,2180883.0786999986],[-11019578.5855,2181535.7762000002],[-11019635.903899999,2181514.1224999987],[-11019654.1248,2181419.2281999998],[-11019879.6051,2181437.5146999992],[-11019912.923599999,2181671.5579000004],[-11019931.1055,2181735.2679000013],[-11020102.289899999,2181740.5029999986],[-11020122.214199999,2181590.4794999994],[-11020161.0723,2181448.5637000017],[-11020226.194499999,2181468.9433999993],[-11020204.416099999,2181548.7954999991],[-11020232.0221,2181584.3548000008],[-11020260.125800001,2181600.3861000016],[-11020347.2377,2181619.4989],[-11020345.395400001,2181701.5498000011],[-11020321.649800001,2181716.4316999987],[-11020315.3377,2181735.5168999992],[-11020423.355699999,2181742.5126999989],[-11020503.1228,2181762.8885999992],[-11020520.750399999,2181721.8973999992],[-11020581.997199999,2181745.7666000016],[-11020612.546599999,2181654.3280000016],[-11020962.5009,2181747.4638999999],[-11020977.906099999,2181686.8828000017],[-11020640.289100001,2181608.2204999998],[-11020641.137700001,2181599.3520000018]]]},"properties":{"OBJECTID":281,"ID":"09009","NAME":"Milpa Alta","TOTPOP_CY":156445,"AREA":298.36000000000001,"Shape__Area":336068539.85983777,"Shape__Length":81113.822819298177}},{"type":"Feature","id":282,"geometry":{"type":"Polygon","coordinates":[[[-11056732.758099999,2182341.1845000014],[-11056502.8343,2182345.6682999991],[-11056544.8685,2182514.6499000005],[-11056556.464600001,2182700.0340000018],[-11056585.2698,2182730.0989999995],[-11056555.708900001,2182919.0932999998],[-11056571.456,2182978.9503999986],[-11056607.392200001,2183006.5304000005],[-11056620.7928,2183042.124400001],[-11056604.078199999,2183121.8630000018],[-11056548.954,2183248.6482999995],[-11056258.367699999,2183583.1290999986],[-11056169.4692,2183618.5236999989],[-11056109.5681,2183590.9662999995],[-11056072.696900001,2183622.6303000003],[-11055988.726299999,2183742.1475000009],[-11055974.261600001,2183837.2230000012],[-11056006.319399999,2183881.0450000018],[-11055980.6646,2183929.748399999],[-11056012.263699999,2184052.4074999988],[-11055950.012800001,2184161.9838999994],[-11055932.956499999,2184221.1209999993],[-11055917.402899999,2184290.9809999987],[-11055926.111300001,2184427.8931000009],[-11055897.5558,2184477.0744999982],[-11055876.6209,2184478.5883999988],[-11055855.815400001,2184513.317400001],[-11055842.7642,2184513.3704000004],[-11055826.4482,2184491.9503000006],[-11055797.288000001,2184499.568599999],[-11055796.3817,2184586.0850000009],[-11055815.675799999,2184629.1788000017],[-11055790.5108,2184680.435899999],[-11055799.318499999,2184722.2186999992],[-11055751.569,2184781.4824000001],[-11055716.6182,2184905.5782000013],[-11055669.5768,2184978.6435000002],[-11055670.8969,2185006.8418000005],[-11055747.596100001,2185098.1926000006],[-11055735.623600001,2185141.3982999995],[-11055669.8529,2185159.5940999985],[-11055650.128,2185185.8764999993],[-11055627.6182,2185194.9987000003],[-11055592.136299999,2185194.6966999993],[-11055557.4234,2185176.6000000015],[-11055450.3641,2185181.9002999999],[-11055390.9508,2185226.9706000015],[-11055273.250499999,2185225.9046999998],[-11055161.247300001,2185249.3784000017],[-11055002.158399999,2185346.4222000018],[-11054793.1171,2185308.5434999987],[-11054719.589600001,2185304.8313999996],[-11054615.4256,2185328.1556000002],[-11054458.321599999,2185380.1455999985],[-11054415.6863,2185413.5791000016],[-11054362.233999999,2185413.6213999987],[-11054289.301899999,2185444.3614999987],[-11054266.070699999,2185494.7575999983],[-11054238.1928,2185513.2697999999],[-11054189.915899999,2185630.0474999994],[-11054123.006200001,2185693.9092999995],[-11054088.512700001,2185700.055399999],[-11054051.4978,2185681.3062000014],[-11054000.382099999,2185675.2296000011],[-11053908.466700001,2185714.6231999993],[-11053800.964400001,2185742.1728999987],[-11053775.6226,2185792.6959999986],[-11053687.638900001,2185890.5373000018],[-11053670.1862,2185937.7329999991],[-11053480.446699999,2186019.0835999995],[-11053383.8704,2186112.6466000006],[-11053356.078400001,2186193.2269000001],[-11053359.238700001,2186280.9534999989],[-11053304.066500001,2186382.2584999986],[-11053217.5645,2186471.4624999985],[-11053199.3115,2186550.4921999983],[-11053014.775,2186655.8740000017],[-11052871.145,2186783.7166999988],[-11052837.6,2186791.3643000014],[-11052718.9834,2186770.1776000001],[-11052637.103599999,2186770.1975999996],[-11052488.069,2186830.2459000014],[-11052404.3924,2186965.3082000017],[-11052383.1338,2187116.4615000002],[-11052349.2381,2187136.1816000007],[-11052249.816299999,2187291.4954999983],[-11052169.864499999,2187351.0584000014],[-11052152.8694,2187426.4442999996],[-11052167.513499999,2187457.2228999995],[-11052216.430600001,2187484.2410999984],[-11052240.4756,2187570.9191000015],[-11052185.9011,2187607.9153999984],[-11052137.7377,2187666.1312999986],[-11052055.2465,2187815.2344999984],[-11051967.033600001,2187869.2102000006],[-11051925.93,2188002.3715000004],[-11051889.034299999,2188018.615699999],[-11051823.1733,2188026.1092999987],[-11051758.7315,2188065.4664000012],[-11051710.009299999,2188126.2712000012],[-11051689.984999999,2188131.613499999],[-11051649.5538,2188120.5324999988],[-11051601.342399999,2188096.0386000015],[-11051568.551200001,2188130.0839999989],[-11051563.9559,2188235.1110999994],[-11051055.464,2188541.2707000002],[-11051372.5754,2189002.2556000017],[-11051212.881999999,2189265.3513000011],[-11051037.9902,2189480.0881000012],[-11050959.835999999,2189605.3132999986],[-11050963.937200001,2189658.0249999985],[-11050944.865800001,2189737.8238000013],[-11050920.448999999,2189758.0018000007],[-11050892.242799999,2189829.5967000015],[-11050851.2918,2190051.8104999997],[-11050871.066500001,2190092.5056000017],[-11050849.780099999,2190190.7862000018],[-11050747.4586,2190250.3262999989],[-11050656.5351,2190426.8335999995],[-11050728.190199999,2190454.5762999989],[-11050853.284399999,2190560.4512999989],[-11050932.646400001,2190578.0329000019],[-11050843.148800001,2190651.5392999984],[-11050732.798900001,2190774.7034999989],[-11050579.5721,2190847.3638999984],[-11050511.1073,2190891.4800000004],[-11050541.188999999,2190916.9246000014],[-11050686.7071,2190968.5273999982],[-11050735.493899999,2191056.4516999982],[-11050788.1535,2191092.3365000002],[-11050819.840600001,2191139.5648000017],[-11050835.2038,2191262.0055],[-11050779.253699999,2191333.4846000001],[-11050813.3652,2191355.4888999984],[-11050692.007999999,2191647.3566999994],[-11050723.655099999,2191680.0190000013],[-11050742.656300001,2191649.8104000017],[-11050746.4823,2191696.0527000017],[-11050701.2476,2191752.8253999986],[-11050634.017999999,2191887.3709000014],[-11050511.9888,2191940.6163000017],[-11050423.944,2191963.3134999983],[-11050429.180600001,2191942.8669999987],[-11050410.1227,2191915.9959999993],[-11050327.4179,2191883.0868999995],[-11050229.5143,2191873.0797000006],[-11050177.562899999,2191961.8795000017],[-11050126.362500001,2192032.8090000004],[-11050090.5077,2192060.0846000016],[-11050075.213500001,2192094.0260999985],[-11049925.600199999,2192211.4536000006],[-11049844.3291,2192312.9171999991],[-11049769.5636,2192374.6422999986],[-11049688.260299999,2192594.9943000004],[-11049636.540200001,2192664.7679000013],[-11049614.3462,2192713.9798000008],[-11049466.069,2192861.3291000016],[-11049396.9583,2192915.5756999999],[-11049358.3763,2192928.6013999991],[-11049297.6324,2192984.7664999999],[-11049186.5712,2193159.5223000012],[-11049156.1676,2193263.0727999993],[-11049035.619899999,2193420.9666000009],[-11048903.5748,2193467.2545999996],[-11048832.6765,2193457.0410000011],[-11048804.6986,2193471.3044999987],[-11048710.181700001,2193483.318500001],[-11048454.855799999,2193476.4019000009],[-11048387.399700001,2193498.0984000005],[-11048275.815099999,2193566.806499999],[-11048057.184900001,2193600.2575999983],[-11047961.096000001,2193603.8980999999],[-11047935.5527,2193611.5956000015],[-11047905.992699999,2193642.1411999986],[-11047817.0864,2193656.9472999983],[-11047739.905400001,2193645.7239000015],[-11047654.852700001,2193590.8306999989],[-11047465.998199999,2193257.132100001],[-11047382.3049,2193168.8357000016],[-11047270.2673,2193198.7732000016],[-11047216.2173,2193174.0947000012],[-11047047.141899999,2193201.6631999984],[-11046951.484999999,2193257.2961000018],[-11046942.351299999,2193291.0179999992],[-11046902.5111,2193343.0542000011],[-11046687.6456,2193450.3016000018],[-11046621.413799999,2193499.7925999984],[-11046470.375600001,2193649.2982000001],[-11046442.0748,2193712.2133999988],[-11046403.0463,2193742.9195000008],[-11046366.817199999,2193807.4158000015],[-11046243.8916,2193864.1510000005],[-11046154.018999999,2193887.6160999984],[-11045916.5989,2194016.0603],[-11045817.958799999,2194011.2329000011],[-11045587.9593,2194105.0434999987],[-11045577.975099999,2194121.4662999995],[-11045589.164999999,2194151.1587999985],[-11045387.3572,2194244.1264999993],[-11045267.606000001,2194277.7664999999],[-11045023.9789,2194296.2765000015],[-11044959.9002,2194344.8881999999],[-11044878.2619,2194370.9127999991],[-11044801.3269,2194380.3517999984],[-11044767.8652,2194426.9844999984],[-11044739.833900001,2194443.560899999],[-11044676.399700001,2194448.7564000003],[-11044625.626800001,2194478.2485000007],[-11044609.826099999,2194496.3764000013],[-11044597.934800001,2194547.6442999989],[-11044548.092800001,2194580.4354000017],[-11044403.821699999,2194600.1724999994],[-11044267.2136,2194557.1625999995],[-11044227.491599999,2194568.2047999986],[-11044171.7038,2194558.0119999982],[-11044143.2327,2194564.5784000009],[-11044008.950300001,2194642.1854999997],[-11043947.045499999,2194692.8803999983],[-11043827.210000001,2194753.0984999985],[-11043730.066,2194748.3572000004],[-11043859.073799999,2194531.9171999991],[-11043684.5251,2194598.871100001],[-11043634.7994,2194560.3980999999],[-11043806.869899999,2194399.193599999],[-11043936.4802,2194213.6011000015],[-11044241.5899,2193570.6403999999],[-11044316.5195,2193449.0098999999],[-11044408.449100001,2193345.3170000017],[-11044490.868100001,2193274.9343000017],[-11045172.193399999,2192774.7329000011],[-11045247.5,2192678.9670999981],[-11045276.648600001,2192605.1873000003],[-11045284.4012,2192492.9492999986],[-11045177.467599999,2191906.0001000017],[-11045133.4506,2191783.0047999993],[-11045082.411900001,2191680.6323000006],[-11044923.035800001,2191454.3658000007],[-11044807.9493,2191322.8249000013],[-11044666.010199999,2191217.6818999983],[-11044492.7849,2191143.1612000018],[-11044374.534600001,2191116.0249000005],[-11043533.815300001,2190958.2714999989],[-11043511.6917,2191081.0912999995],[-11043499.814999999,2191052.0285999998],[-11043476.660599999,2191031.3453000002],[-11042920.9959,2191604.4420000017],[-11042946.439099999,2191633.4662000015],[-11043025.311699999,2191639.572900001],[-11043025.361199999,2191698.0427000001],[-11042335.528899999,2192864.5469999984],[-11042303.958799999,2193854.4045000002],[-11042477.7662,2194143.5423999988],[-11042491.7323,2194209.2809999995],[-11042481.013599999,2194255.2465999983],[-11042552.1789,2194265.8027000017],[-11042885.0655,2194207.4974000007],[-11042873.5516,2194240.3925999999],[-11042749.8467,2194412.3577000014],[-11042677.170499999,2194473.8341000006],[-11042257.2755,2194580.8931000009],[-11041972.309,2194637.7556000017],[-11041917.851600001,2194638.1931000017],[-11041847.611,2194737.9433999993],[-11041807.9879,2194768.239599999],[-11041816.059699999,2194850.5370999984],[-11041785.388,2194839.8427000009],[-11041686.9036,2194973.8872999996],[-11041582.6227,2195054.3004000001],[-11041519.9154,2195126.3762000017],[-11041425.023600001,2195157.3889999986],[-11041391.2436,2195234.6330999993],[-11041198.6719,2195412.2144999988],[-11041168.2038,2195429.8372000009],[-11041116.6439,2195436.9752000012],[-11041046.785499999,2195569.9902999997],[-11041010.4529,2195728.8339000009],[-11040987.126800001,2195783.4052000009],[-11040945.134,2195790.4686999992],[-11040866.5988,2195873.1966000013],[-11040758.675000001,2195839.7780000009],[-11040748.500399999,2195855.9417999983],[-11040728.849400001,2195860.2708999999],[-11040681.2656,2196100.0397999994],[-11040659.4737,2196144.2637999989],[-11040406.826300001,2196392.1977999993],[-11040358.294600001,2196474.7642999999],[-11040158.082699999,2196656.5672000013],[-11040103.995999999,2196733.4312000014],[-11039887.137800001,2196982.9728000015],[-11039857.531300001,2197033.7388999984],[-11039743.825200001,2197315.3344999999],[-11039918.626800001,2197437.6680999994],[-11040055.8026,2197604.184700001],[-11040415.740800001,2197972.9241999984],[-11040578.4585,2197815.4803000018],[-11040607.690099999,2197749.8768999986],[-11040644.5469,2197724.4990000017],[-11040689.273700001,2197711.4477000013],[-11040775.343800001,2197711.686999999],[-11040838.843800001,2197699.2140999995],[-11040926.079399999,2197667.7606999986],[-11041080.3201,2197568.9935000017],[-11041299.939200001,2197569.7652000003],[-11041446.8643,2197633.3394000009],[-11041558.1457,2197713.7732000016],[-11041683.8378,2197721.9299000017],[-11041901.974099999,2197778.0408000015],[-11041865.5503,2198178.8797999993],[-11041881.2961,2198241.9809000008],[-11041950.786499999,2198374.5989999995],[-11041976.515699999,2198457.9470000006],[-11041982.434599999,2198542.6446999982],[-11041964.5767,2198766.8410999998],[-11042018.5824,2198947.8398000002],[-11041961.2437,2199451.1788999997],[-11041975.8935,2199682.9772000015],[-11041973.2918,2200042.6050000004],[-11041966.4814,2200083.8038000017],[-11041818.0122,2200456.5738000013],[-11041598.1951,2201335.1431000009],[-11041607.946699999,2201393.5150999986],[-11041848.645199999,2202006.5205999985],[-11041922.9866,2202117.75],[-11041990.4461,2202172.3319999985],[-11042027.9486,2202220.0742000006],[-11042041.2936,2202281.6328000017],[-11042025.350299999,2202528.2699000016],[-11042678.4977,2202441.0075999983],[-11043105.173800001,2202270.1730000004],[-11043766.8124,2202187.2914999984],[-11044063.456499999,2202136.6356999986],[-11044304.3598,2202058.7622000016],[-11044437.062799999,2201982.381099999],[-11044547.261,2201933.7589999996],[-11045518.2631,2201597.0538000017],[-11045675.4208,2201571.0923000015],[-11045937.533600001,2201590.3420999981],[-11046230.987299999,2201526.6673999988],[-11046351.8358,2201484.4550999999],[-11046519.921599999,2201485.0311000012],[-11046905.387800001,2201326.7655999996],[-11047054.9277,2201331.0445999987],[-11047106.105799999,2201318.3627000004],[-11047213.5187,2201239.6449999996],[-11047235.684699999,2201198.2373000011],[-11047237.369899999,2200992.250500001],[-11047281.668500001,2200857.8509000018],[-11047309.8258,2200804.4642000012],[-11047369.5745,2200747.3874999993],[-11047500.5941,2200668.1651000008],[-11047581.0447,2200594.1565999985],[-11047644.4878,2200556.4593000002],[-11047702.2794,2200542.6849000007],[-11047902.5932,2200597.8385000005],[-11047956.0043,2200598.8487999998],[-11048014.0185,2200579.4829000011],[-11048463.2481,2200202.5023999996],[-11049228.5864,2199680.5874999985],[-11049639.098300001,2199295.9118999988],[-11049723.325999999,2199235.428199999],[-11049935.2303,2199131.0810999982],[-11050295.138599999,2199066.8407000005],[-11050337.2674,2199037.8960999995],[-11050380.440099999,2198970.2778000012],[-11050416.1358,2198944.1596000008],[-11050564.4647,2198965.8537999988],[-11050632.8495,2198952.2782000005],[-11050683.319499999,2198916.5058000013],[-11050701.814200001,2198877.8359000012],[-11050703.289000001,2198841.6237000003],[-11050661.1402,2198716.6583999991],[-11050505.5079,2198759.6667000018],[-11050488.570599999,2198658.7795000002],[-11050493.8149,2198595.8363000005],[-11050533.6083,2198499.9494999982],[-11050586.626399999,2198435.7619999982],[-11050511.5002,2198394.3825000003],[-11050453.807800001,2198403.1543999985],[-11050373.844699999,2198469.0647],[-11050284.5821,2198631.2833000012],[-11050248.759400001,2198738.0126000009],[-11050184.017100001,2198786.6108000018],[-11050137.596899999,2198752.2113999985],[-11050218.799000001,2198570.4501000009],[-11050321.0692,2198287.6587000005],[-11050328.409399999,2198195.5029999986],[-11050290.988299999,2197919.6730999984],[-11050304.869200001,2197833.6361000016],[-11050333.3145,2197784.5929999985],[-11050140.9177,2197701.6634999998],[-11049887.320599999,2197617.7232000008],[-11049794.810900001,2197563.0628999993],[-11049712.901799999,2197489.5067000017],[-11049689.214299999,2197430.3621000014],[-11049555.0111,2196682.7934000008],[-11049489.0086,2196395.7681000009],[-11049491.274700001,2196295.8784000017],[-11049504.3082,2196246.5265999995],[-11049498.1589,2196207.0075000003],[-11049471.036900001,2196182.4195999987],[-11049389.078199999,2196194.3291999996],[-11049373.013499999,2196158.0749999993],[-11049486.670700001,2196075.6042999998],[-11049550.2052,2195989.7030000016],[-11049636.1339,2195975.1427999996],[-11049698.6598,2195930.3671999983],[-11049679.1666,2195922.7619999982],[-11049609.1844,2195958.2217000015],[-11049536.130000001,2195947.3944000006],[-11049469.2348,2195976.2872000001],[-11049458.478,2195970.8423000015],[-11049461.0595,2195957.4123000018],[-11049595.2182,2195895.3169],[-11049636.455499999,2195894.251699999],[-11049669.9625,2195855.1449999996],[-11049791.1061,2195826.0012999997],[-11049822.361099999,2195797.3682999983],[-11049852.1927,2195795.4046999998],[-11049894.6676,2195819.2965000011],[-11049913.396199999,2195813.7239999995],[-11049928.363,2195800.0958999991],[-11049954.5656,2195732.371100001],[-11050034.1711,2195709.6984999999],[-11050044.864499999,2195633.0097999983],[-11050059.869200001,2195623.7635999992],[-11050096.839600001,2195632.5247999988],[-11050111.8299,2195620.9118999988],[-11050126.6778,2195558.3550999984],[-11050191.879799999,2195537.1636999995],[-11050226.6324,2195487.9268000014],[-11050326.9037,2195487.3238999993],[-11050423.677999999,2195327.1678999998],[-11050509.629000001,2195229.5395999998],[-11050544.1292,2195224.8253000006],[-11050628.820800001,2195244.2798000015],[-11050683.682700001,2195193.1530999988],[-11050763.3706,2195144.1649000011],[-11050945.0984,2195067.8900999986],[-11051154.977,2194953.5703999996],[-11051500.704,2194807.2692000009],[-11051631.8631,2194739.2375999987],[-11051710.8609,2194723.9798999988],[-11051759.849300001,2194726.8856000006],[-11051833.9936,2194694.1391999982],[-11051927.759099999,2194703.8757000007],[-11051916.9088,2194653.4332000017],[-11051823.2279,2194596.9976999983],[-11051805.082800001,2194563.942400001],[-11051805.944399999,2194470.3348000012],[-11051822.4954,2194444.0892999992],[-11051854.4586,2194437.4532999992],[-11052003.546499999,2194482.0377999991],[-11052064.265799999,2194511.128899999],[-11052166.3522,2194583.6359999999],[-11052223.727600001,2194605.9142999984],[-11052297.5055,2194613.1094000004],[-11052350.25,2194590.3806000017],[-11052369.062999999,2194566.3491000012],[-11052499.134199999,2194249.738499999],[-11052633.687100001,2193962.4378999993],[-11052635.7576,2193923.6893000007],[-11052624.206,2193891.4668999985],[-11052544.7272,2193799.8244000003],[-11052568.269200001,2193800.379999999],[-11052675.762599999,2193853.2080999985],[-11052725.525699999,2193905.872200001],[-11052730.859099999,2193982.8504000008],[-11052651.499399999,2194188.2454000004],[-11052659.5043,2194224.002700001],[-11052685.1391,2194237.1766999997],[-11052725.5825,2194216.6413000003],[-11052851.7152,2194074.5527999997],[-11052882.922499999,2194028.0025999993],[-11052928.684900001,2193920.4037999995],[-11053052.986400001,2193727.4420000017],[-11053063.581800001,2193643.6937000006],[-11053001.1796,2193479.9941000007],[-11052999.342700001,2193431.5329999998],[-11053096.369999999,2193241.1429000013],[-11053106.0758,2193143.5841000006],[-11053070.9178,2192970.4633000009],[-11052986.885,2192920.3449999988],[-11052960.8686,2192884.3729999997],[-11052962.488299999,2192843.2697999999],[-11052975.969000001,2192818.8134999983],[-11053025.3982,2192795.1169999987],[-11053178.2776,2192762.5791999996],[-11053262.171499999,2192709.8425999992],[-11053308.959000001,2192633.0430999994],[-11053330.7509,2192509.3588000014],[-11053399.431700001,2192342.3753999993],[-11053421.613,2192293.9855999984],[-11053451.727399999,2192283.7325000018],[-11053498.624,2192346.3588999994],[-11053520.885600001,2192359.809700001],[-11053594.0525,2192316.7153999992],[-11053631.514900001,2192320.3746000007],[-11053641.869899999,2192338.2157000005],[-11053624.844699999,2192424.4252999984],[-11053662.499700001,2192486.0696999989],[-11053702.4399,2192511.6094999984],[-11053820.5087,2192551.1140000001],[-11053879.811100001,2192640.063000001],[-11053897.2936,2192727.1006999984],[-11053922.850299999,2192787.2701999992],[-11053982.569,2192824.9818999991],[-11054004.0847,2192871.0126999989],[-11054044.1172,2192918.629999999],[-11054063.873199999,2192923.1325000003],[-11054084.3738,2192913.0973000005],[-11054081.0866,2192821.7201000005],[-11054099.845100001,2192672.3269000016],[-11054142.808800001,2192607.1314999983],[-11054164.5317,2192495.7613000013],[-11054175.0045,2192484.3273999989],[-11054213.616800001,2192481.4384000003],[-11054226.415200001,2192447.2120000012],[-11054165.567,2192377.378899999],[-11054152.1174,2192282.385400001],[-11054107.1921,2192184.1376000009],[-11054029.537900001,2191936.2305000015],[-11054033.8938,2191885.9924000017],[-11054080.0024,2191756.9692000002],[-11054146.784,2191727.9684999995],[-11054166.391899999,2191627.5943000019],[-11054169.039999999,2191409.7503999993],[-11054187.437799999,2191401.3332000002],[-11054216.026900001,2191410.0276999995],[-11054333.466700001,2191559.9525999986],[-11054372.8895,2191600.0846000016],[-11054392.9881,2191602.557],[-11054409.755100001,2191587.5920999981],[-11054503.0909,2191399.3282000013],[-11054585.2258,2191357.1473999992],[-11054683.0789,2191142.8993000016],[-11054708.2161,2191133.7226000018],[-11054734.858100001,2191141.9829999991],[-11054806.908600001,2191227.9640000015],[-11054844.6381,2191216.5047000013],[-11054848.2392,2191100.5980000012],[-11054898.917400001,2190965.9937999994],[-11054934.1757,2190929.4818999991],[-11055004.1545,2190889.1834999993],[-11055041.112600001,2190894.5339000002],[-11055073.993000001,2190931.7100999989],[-11055064.2936,2191017.9045999981],[-11055074.272299999,2191087.6834000014],[-11055155.754799999,2191181.9855999984],[-11055185.050799999,2191167.5377000012],[-11055221.9813,2191085.5128999986],[-11055286.9015,2191102.3742999993],[-11055313.609300001,2191090.7628999986],[-11055353.591800001,2191042.5236999989],[-11055386.741699999,2190942.8247000016],[-11055392.5349,2190904.9277999997],[-11055358.232899999,2190799.9180999994],[-11055371.854900001,2190779.8035999984],[-11055458.865599999,2190780.9299999997],[-11055483.1779,2190770.3509999998],[-11055539.8672,2190711.8321999982],[-11055571.0678,2190650.0155999996],[-11055569.6763,2190517.3147],[-11055582.670700001,2190458.0077],[-11055629.571900001,2190450.7336000018],[-11055660.7958,2190459.4393999986],[-11055711.1635,2190439.7844999991],[-11055781.472899999,2190350.932500001],[-11055851.9749,2190294.5130000003],[-11055851.072000001,2190273.4167999998],[-11055800.651000001,2190214.5031000003],[-11055794.6754,2190190.6105999984],[-11055832.5207,2190092.3982000016],[-11055858.203199999,2189983.6352000013],[-11055892.464,2189936.1865999997],[-11055935.6972,2189794.6627000012],[-11055935.022500001,2189708.563000001],[-11055912.8298,2189656.7580999993],[-11055930.0064,2189610.1761000007],[-11055920.59,2189576.8416999988],[-11055931.524900001,2189510.1163999997],[-11055922.8487,2189416.0628999993],[-11055882.3617,2189310.8544999994],[-11055868.6105,2189212.1704000011],[-11055777.054500001,2189097.2155999988],[-11055828.6055,2188837.2982000001],[-11055871.1195,2188776.3071999997],[-11055881.5613,2188652.9754000008],[-11055834.332900001,2188447.7536999993],[-11055786.2151,2188366.820700001],[-11055776.4123,2188188.6517000012],[-11055821.164899999,2188021.8128999993],[-11055836.7698,2187901.9178000018],[-11055884.6493,2187847.3231000006],[-11055909.088500001,2187722.4851999991],[-11055901.0099,2187653.373399999],[-11055935.152799999,2187580.9327999987],[-11055931.088400001,2187477.7498999983],[-11055960.567,2187324.3696999997],[-11056116.524499999,2187130.2850000001],[-11056657.3813,2186170.5716000013],[-11056643.632200001,2184479.1851999983],[-11056722.5133,2183016.5346000008],[-11056736.726500001,2182541.2848000005],[-11056732.758099999,2182341.1845000014]]]},"properties":{"OBJECTID":282,"ID":"09010","NAME":"Álvaro Obregón","TOTPOP_CY":777836,"AREA":95.890000000000001,"Shape__Area":108258920.26541272,"Shape__Length":83198.400162467166}},{"type":"Feature","id":283,"geometry":{"type":"Polygon","coordinates":[[[-11017017.690300001,2179804.2641999982],[-11016973.498,2179869.6504999995],[-11016656.7707,2180057.5392999984],[-11016570.308599999,2180034.5931000002],[-11016476.709100001,2180164.0353000015],[-11016148.475199999,2180132.0036999993],[-11016180.1494,2180195.9334999993],[-11015894.199899999,2180281.0861999989],[-11015503.141000001,2180223.3583000004],[-11015472.351299999,2180317.1691000015],[-11015385.848200001,2180296.9303000011],[-11015428.202099999,2180323.5764999986],[-11015329.940099999,2180412.0450999998],[-11015184.455499999,2180640.4290999994],[-11014234.642000001,2180337.5920000002],[-11013984.128699999,2181236.4791000001],[-11014480.301899999,2181399.2465000004],[-11014534.1095,2181433.6715000011],[-11014610.244200001,2181440.1013999991],[-11017132.6547,2182294.9855999984],[-11016843.2651,2184384.6336000003],[-11018016.9901,2184760.1140000001],[-11017837.425100001,2185510.6695999987],[-11017449.2886,2187736.6548000015],[-11016981.0493,2190991.6319999993],[-11016875.4978,2190991.370099999],[-11016776.461300001,2191035.4173000008],[-11016708.477499999,2191099.6838999987],[-11016665.869899999,2191223.9970999993],[-11016548.759299999,2192061.1972000003],[-11016506.963500001,2192261.1561000012],[-11015943.330600001,2193027.9404999986],[-11016510.1719,2193533.9688000008],[-11016611.520300001,2193520.3660000004],[-11016625.320699999,2193473.8090000004],[-11016719.2532,2193498.5892999992],[-11016732.5791,2193434.4761999995],[-11016812.7458,2193469.7375999987],[-11016820.2423,2193455.3621999994],[-11016910.312999999,2193466.8099999987],[-11016906.670600001,2193396.6359999999],[-11016883.9014,2193316.2626999989],[-11017097.9771,2193322.2520999983],[-11017174.2567,2193206.6488999985],[-11017333.713400001,2193228.4792999998],[-11017421.7371,2193287.9378000014],[-11017882.633199999,2193312.9303000011],[-11017953.0671,2193230.7384000011],[-11017990.4761,2193229.7533],[-11017983.3215,2193153.9956],[-11018015.418400001,2193149.2168999985],[-11018023.6559,2193230.8352000006],[-11018113.443499999,2193263.5951999985],[-11018124.216499999,2193209.7204000019],[-11018185.638,2193236.1176999994],[-11018172.388800001,2193270.6616999991],[-11018203.1676,2193276.0762999989],[-11018217.326300001,2193194.7351000011],[-11018234.777899999,2193191.0273999982],[-11018242.9329,2193107.5535999984],[-11018424.844799999,2193136.3715999983],[-11018470.807499999,2193196.5163999982],[-11018355.0452,2193329.8630999997],[-11018388.530099999,2193371.4523999989],[-11020780.318600001,2193488.7159999982],[-11023519.569399999,2192569.127700001],[-11024941.3027,2192143.0216000006],[-11025036.2086,2192020.5194999985],[-11025131.6259,2192106.317499999],[-11025272.6544,2191979.4375],[-11025280.4723,2191988.5546000004],[-11025484.5119,2191728.0262000002],[-11025602.9482,2191818.0676000006],[-11025620.9508,2191795.2049999982],[-11025631.6763,2191805.1206],[-11025729.1654,2191943.2644000016],[-11025819.0515,2192042.8260000013],[-11025826.9396,2192018.3568000011],[-11026069.511499999,2191689.8410999998],[-11026243.3825,2191816.4266999997],[-11026447.514699999,2191557.3172999993],[-11026616.6402,2191686.9901000001],[-11027294.4301,2190811.8663000017],[-11027687.2031,2190958.6370999999],[-11027840.5789,2190481.8922999986],[-11027709.8443,2190131.5837999992],[-11027602.882999999,2189970.1077999994],[-11027597.575300001,2189900.5833999999],[-11027545.5768,2189677.385400001],[-11027528.9034,2189630.5379999988],[-11027482.6446,2189591.2980000004],[-11027490.3935,2189422.7406000011],[-11027623.0919,2189261.3484000005],[-11028151.614600001,2188696.0863999985],[-11028306.931700001,2188513.7468000017],[-11028233.892000001,2188452.8214000016],[-11027795.2443,2188164.2921000011],[-11027272.315199999,2187962.8814999983],[-11027041.6291,2187885.5086000003],[-11026696.3137,2187854.6420000009],[-11026459.568399999,2187750.2514999993],[-11026258.729499999,2187634.8658000007],[-11026004.8694,2187454.9800000004],[-11025650.103,2187323.5914000012],[-11025243.9406,2187195.8027999997],[-11024925.3477,2187001.4259000011],[-11024783.9706,2186951.1283],[-11024630.821799999,2186825.0478000008],[-11024486.135399999,2186601.9985000007],[-11024384.8235,2186479.1970999986],[-11024305.568499999,2186409.9860000014],[-11024087.831,2186152.3971000016],[-11024028.827,2186062.2950999998],[-11024017.090700001,2185941.4886999987],[-11023949.171399999,2185876.8147],[-11023891.333000001,2185850.7637000009],[-11023734.944800001,2185832.7983000018],[-11023657.539999999,2185787.3660000004],[-11023648.494100001,2185799.3289999999],[-11023619.575300001,2185778.376600001],[-11023576.4914,2185779.3260999992],[-11023528.3225,2185799.9420999996],[-11023506.3322,2185830.7822999991],[-11022939.7349,2185683.6103999987],[-11022862.410399999,2185684.4345999993],[-11022836.536499999,2185692.1064000018],[-11022827.3226,2185706.4419],[-11022468.043199999,2185565.4937000014],[-11022405.737500001,2185517.9921999983],[-11022126.0988,2185378.9769000001],[-11022058.268300001,2185328.6699000001],[-11021940.010500001,2185176.9140000008],[-11021946.3868,2185127.9215999991],[-11021931.839299999,2185100.3872000016],[-11021890.1993,2185057.5436999984],[-11021886.1239,2185067.1314000003],[-11021857.420299999,2185052.4409999996],[-11021819.9702,2185021.449000001],[-11021413.808700001,2184580.9439000003],[-11021465.102499999,2184483.4605999999],[-11021485.5842,2184512.3231999986],[-11021514.2356,2184455.9741000012],[-11021549.641799999,2184477.4305000007],[-11021592.786,2184482.1092999987],[-11021618.429400001,2184471.1919],[-11021687.353,2184318.565299999],[-11021720.9925,2184186.9609000012],[-11021799.645300001,2184046.4010999985],[-11021834.218900001,2184038.5106999986],[-11021862.1646,2184005.0843000002],[-11021875.407099999,2183926.1711999997],[-11021998.3762,2183980.5390999988],[-11022044.3946,2183818.8434000015],[-11022018.3347,2183803.7239999995],[-11022028.348999999,2183770.6790000014],[-11022178.812899999,2183815.1446000002],[-11022221.8079,2183641.2903000005],[-11022292.1283,2183502.5102999993],[-11022306.4552,2183431.4761999995],[-11022353.908500001,2183313.5480000004],[-11022462.842399999,2183190.0443000011],[-11022460.6711,2183173.6042999998],[-11022490.8158,2183146.8962000012],[-11022497.504899999,2183152.8958999999],[-11022547.506899999,2183100.0238000005],[-11022577.1822,2183014.6391999982],[-11022606.1765,2183022.8442000002],[-11022605.8421,2183035.1928000003],[-11022656.0507,2182938.5362999998],[-11023990.6613,2181282.8348000012],[-11020641.137700001,2181599.3520000018],[-11020640.289100001,2181608.2204999998],[-11020977.906099999,2181686.8828000017],[-11020962.5009,2181747.4638999999],[-11020612.546599999,2181654.3280000016],[-11020581.997199999,2181745.7666000016],[-11020520.750399999,2181721.8973999992],[-11020503.1228,2181762.8885999992],[-11020423.355699999,2181742.5126999989],[-11020315.3377,2181735.5168999992],[-11020321.649800001,2181716.4316999987],[-11020345.395400001,2181701.5498000011],[-11020347.2377,2181619.4989],[-11020260.125800001,2181600.3861000016],[-11020232.0221,2181584.3548000008],[-11020204.416099999,2181548.7954999991],[-11020226.194499999,2181468.9433999993],[-11020161.0723,2181448.5637000017],[-11020122.214199999,2181590.4794999994],[-11020102.289899999,2181740.5029999986],[-11019931.1055,2181735.2679000013],[-11019912.923599999,2181671.5579000004],[-11019879.6051,2181437.5146999992],[-11019654.1248,2181419.2281999998],[-11019635.903899999,2181514.1224999987],[-11019578.5855,2181535.7762000002],[-11018881.9812,2180883.0786999986],[-11018829.4979,2180932.2822000012],[-11018705.075999999,2181006.0436000004],[-11018691.446,2180985.9758000001],[-11018697.844699999,2180975.372299999],[-11018617.112,2180878.0676999986],[-11018546.3924,2180767.4937999994],[-11018538.267200001,2180781.1915999986],[-11018460.7961,2180680.4307000004],[-11018248.467700001,2180453.4505000003],[-11018130.018999999,2180372.0949999988],[-11018159.4376,2180273.0788999982],[-11017774.192299999,2180199.4615999982],[-11017693.1362,2180156.9965000004],[-11017560.3509,2179993.4299000017],[-11017456.692299999,2179908.0722999983],[-11017170.453400001,2179759.6682000011],[-11017126.004699999,2179742.9761999995],[-11017074.800899999,2179746.2965999991],[-11017048.360099999,2179758.8878999986],[-11017017.690300001,2179804.2641999982]]]},"properties":{"OBJECTID":283,"ID":"09011","NAME":"Tláhuac","TOTPOP_CY":401968,"AREA":85.829999999999998,"Shape__Area":96810258.919261575,"Shape__Length":59951.022563655206}},{"type":"Feature","id":284,"geometry":{"type":"Polygon","coordinates":[[[-11035822.637399999,2165461.5555000007],[-11036972.4987,2166781.5307999998],[-11037856.005899999,2167753.8553999998],[-11038807.2653,2168773.4213999994],[-11037885.1471,2170872.9362000003],[-11037605.7641,2171675.182599999],[-11037545.3544,2172694.4037000015],[-11037283.921599999,2173819.2813999988],[-11037127.1459,2173810.1070000008],[-11036971.7228,2173775.8911000006],[-11036714.603700001,2173625.136500001],[-11036597.904100001,2173492.3707999997],[-11036468.5319,2173209.2520000003],[-11036340.436699999,2173018.1297999993],[-11036291.7477,2172898.182500001],[-11036259.3259,2172864.7826000005],[-11036150.4366,2172798.0793000013],[-11036050.929099999,2172761.6818000004],[-11035368.9626,2172440.3236999996],[-11035128.3199,2172903.7776000015],[-11035218.0902,2172918.4501999989],[-11035285.706800001,2172914.4235000014],[-11035380.406199999,2172960.5989000015],[-11035391.8376,2173002.4659999982],[-11035375.8421,2173074.1169999987],[-11035412.2993,2173179.1308999993],[-11035423.373299999,2173514.6048000008],[-11035401.1161,2173798.2514999993],[-11035368.139900001,2173933.699000001],[-11035321.128599999,2174033.0289999992],[-11035284.837300001,2174157.8222000003],[-11035172.526000001,2174359.9204000011],[-11035136.1624,2174478.4365000017],[-11035120.5164,2174751.1970000006],[-11035159.1009,2175008.3125],[-11035161.5889,2175125.1695999987],[-11035152.5352,2175179.5766000003],[-11035095.6176,2175225.6264999993],[-11035095.489600001,2175239.0927999988],[-11035202.6368,2175385.5936000012],[-11035255.0527,2175436.7672999986],[-11035330.856799999,2175564.3568000011],[-11035351.529999999,2175693.3957000002],[-11035379.665999999,2175746.9497999996],[-11035356.674000001,2175841.0384000018],[-11035367.682399999,2175966.5091000013],[-11035350.825300001,2175992.9204999991],[-11035308.584000001,2176145.8975999989],[-11035265.4165,2176213.7131000012],[-11035217.8353,2176352.5342000015],[-11035138.375399999,2176440.3660999984],[-11035112.3912,2176603.1482999995],[-11035097.9286,2176624.7058000006],[-11035065.602499999,2176637.2677999996],[-11035037.619000001,2176675.4455000013],[-11034986.5145,2176687.750599999],[-11034920.079,2176800.6468999982],[-11034821.255100001,2176894.7005999982],[-11034775.637499999,2176995.9281000011],[-11034780.6614,2177031.0784000009],[-11034830.5781,2177116.7540000007],[-11034896.511499999,2177177.9946999997],[-11034959.571799999,2177217.4098000005],[-11035093.9022,2177353.2254000008],[-11035101.4563,2177404.6070000008],[-11035176.009199999,2177473.1458999999],[-11035167.7226,2177588.2828000002],[-11035172.5394,2177635.8861000016],[-11035187.3949,2177664.7327000014],[-11035153.665100001,2177749.8770999983],[-11035155.7969,2177791.1180999987],[-11035109.8342,2177850.1955999993],[-11035114.856899999,2177869.8200999983],[-11035094.840600001,2177949.6022000015],[-11035151.2896,2178049.6057999991],[-11035125.971100001,2178097.4554000013],[-11035046.1216,2178175.2027999982],[-11035050.036699999,2178220.5007000007],[-11035019.8168,2178276.0892000012],[-11035043.2718,2178292.0566000007],[-11035046.5569,2178309.1862000003],[-11035000.142200001,2178431.0128999986],[-11034999.764799999,2178458.1574000008],[-11035025.500700001,2178477.5821000002],[-11035029.8979,2178515.5535000004],[-11035049.9187,2178541.9261000007],[-11035024.6625,2178850.8839000016],[-11035091.933900001,2178855.8854999989],[-11035134.7852,2178871.2096000016],[-11035110.399700001,2178950.2791000009],[-11035204.000499999,2178992.5128999986],[-11035235.4726,2179035.053199999],[-11035236.229599999,2179062.7113000005],[-11035266.445,2179136.7503000014],[-11035371.7622,2179260.6251000017],[-11035381.9145,2179323.1160999984],[-11035359.4114,2179404.5628999993],[-11035370.489800001,2179439.9404000007],[-11035409.494000001,2179479.3859999999],[-11035409.8113,2179609.5566000007],[-11035425.695499999,2179646.490699999],[-11035415.2081,2179673.2465999983],[-11035436.676999999,2179686.8834000006],[-11035467.1908,2179677.7604999989],[-11035480.9231,2179693.1856999993],[-11035469.939999999,2179724.3134000003],[-11035500.775599999,2179759.0119999982],[-11035526.3335,2179757.2828000002],[-11035535.121400001,2179797.6603000015],[-11036026.839600001,2180350.9591000006],[-11037276.7115,2180763.0780000016],[-11037816.7457,2180929.9166000001],[-11037719.286499999,2181067.4924999997],[-11037708.697899999,2181020.7613000013],[-11037654.170299999,2180923.0318000019],[-11037635.538799999,2180909.0298999995],[-11037603.6424,2180917.4849999994],[-11037557.2533,2181007.3216999993],[-11037552.698100001,2181094.9860000014],[-11037507.8375,2181249.7976000011],[-11037495.8016,2181260.1262000017],[-11037473.8661,2181232.7408999987],[-11037455.554099999,2181256.3229999989],[-11037461.343800001,2181292.7555],[-11037447.1116,2181343.9305999987],[-11037460.035800001,2181373.9274999984],[-11037493.995999999,2181396.4758000001],[-11037590.9297,2181406.8315999992],[-11037632.2314,2181424.879999999],[-11037675.2041,2181484.3836999983],[-11037703.603800001,2181559.7655000016],[-11037659.7183,2181638.5287999995],[-11037591.927100001,2181948.2127999999],[-11037534.6009,2182041.5474000014],[-11037521.2169,2182128.9605999999],[-11037427.8521,2182267.4006999992],[-11037422.343,2182296.9688000008],[-11037396.2152,2182319.8216000013],[-11037394.484099999,2182396.9946999997],[-11037380.589299999,2182435.9794999994],[-11037409.5635,2182529.3731999993],[-11037403.0451,2182578.5910999998],[-11037380.8905,2182575.0520000011],[-11037376.7531,2182539.7993000001],[-11037361.9354,2182527.9596999995],[-11037289.895099999,2182520.6662000008],[-11037271.6646,2182504.1862999983],[-11037248.375299999,2182509.560800001],[-11037241.5078,2182521.5040999986],[-11037256.9663,2182571.4461000003],[-11037249.2777,2182589.2116999999],[-11037210.753699999,2182631.9796000011],[-11037187.464400001,2182687.2170999981],[-11037145.0657,2182704.8335999995],[-11037126.5538,2182764.2514999993],[-11037101.1197,2182747.816300001],[-11037122.828199999,2182654.8251000009],[-11037149.676899999,2182620.3550000004],[-11037097.4826,2182566.2767999992],[-11036919.924900001,2182526.3665999994],[-11036841.7962,2182543.1026999988],[-11036815.2455,2182558.875599999],[-11036761.9846,2182545.2628000006],[-11036746.665999999,2182561.6840000004],[-11036709.9716,2182566.9706000015],[-11037051.405999999,2183243.0793999992],[-11037008.7766,2183262.0894000009],[-11036958.287699999,2183252.2135999985],[-11036916.5228,2183198.371100001],[-11036895.6282,2183133.3891999982],[-11036838.237400001,2183132.9294000007],[-11036660.874299999,2183175.305399999],[-11036653.3958,2183234.8779999986],[-11036687.5809,2183644.1295000017],[-11036680.9496,2183752.493900001],[-11036688.0262,2183771.4134000018],[-11036473.8541,2183702.8819000013],[-11036463.2521,2183668.7250000015],[-11036437.5606,2183642.1957999989],[-11036398.6757,2183634.7534999996],[-11036404.539999999,2183646.3805],[-11036394.817299999,2183655.2023000009],[-11036336.294399999,2183636.0751999989],[-11036257.073899999,2183636.3454000019],[-11036094.260299999,2183915.9789999984],[-11036147.0669,2183962.5507999994],[-11036213.092700001,2184079.0491999984],[-11036239.7905,2184106.4162000008],[-11036254.809699999,2184153.567400001],[-11036388.329600001,2184237.2333999984],[-11036406.413699999,2184273.1129000001],[-11036402.568399999,2184362.2408999987],[-11036353.984200001,2184467.9574000016],[-11036320.2433,2184503.3005999997],[-11036303.258199999,2184506.8049000017],[-11036291.0999,2184535.5909999982],[-11036268.190300001,2184543.1138000004],[-11036261.258400001,2184583.3706],[-11036231.702,2184615.7459999993],[-11036235.4323,2184697.3918000013],[-11036200.720699999,2184774.313099999],[-11036180.073100001,2184787.7105999999],[-11036146.9311,2184944.9926000014],[-11036168.3356,2185035.3090000004],[-11036215.3213,2185126.4299999997],[-11036274.026799999,2185161.0621000007],[-11036303.4619,2185216.9558999985],[-11036242.179400001,2185273.0703999996],[-11036233.563300001,2185318.6867999993],[-11036319.4351,2185425.9367999993],[-11036413.451099999,2185487.6682999991],[-11036477.774900001,2185598.3944000006],[-11036485.306700001,2185683.5181999989],[-11036449.2214,2185788.5414999984],[-11036472.194399999,2185951.6240000017],[-11036484.116699999,2185975.9866999984],[-11036478.5964,2186061.3280000016],[-11036492.4957,2186086.8806000017],[-11036481.8336,2186351.9648999982],[-11036491.2256,2186359.9530999996],[-11036585.125800001,2186339.8293000013],[-11036573.141000001,2186423.5839000009],[-11036762.168400001,2186448.8916000016],[-11036740.9219,2186529.4483999982],[-11036653.6062,2186695.7930999994],[-11036589.212300001,2186687.5348000005],[-11036525.581,2186809.3627000004],[-11036494.603,2186829.8790999986],[-11036452.4608,2186831.6928000003],[-11036346.580399999,2187166.7969999984],[-11036341.0745,2187189.8568000011],[-11036446.7434,2187215.1574000008],[-11036411.633300001,2187420.627799999],[-11036331.864399999,2188227.4853999987],[-11036132.767899999,2188196.4506999999],[-11035978.9244,2188189.4937000014],[-11035821.629899999,2188197.7291000001],[-11035669.636499999,2188219.5659999996],[-11034536.2004,2188547.3973999992],[-11034423.206700001,2188586.0738999993],[-11032667.3566,2189377.6900000013],[-11032320.5897,2189523.4675000012],[-11031913.3485,2189721.9578000009],[-11031865.0064,2190290.4791000001],[-11032786.502900001,2190243.0676999986],[-11033632.5711,2190455.6096000001],[-11033971.178300001,2190554.5373000018],[-11034319.007099999,2190675.7864000015],[-11035627.0758,2191266.3768000007],[-11035721.8432,2191139.3500999995],[-11036505.5546,2190241.6629000008],[-11036798.2125,2190361.3720000014],[-11037007.8003,2190401.8048],[-11037039.203600001,2190439.8242999986],[-11037192.437100001,2190299.0210000016],[-11037507.955499999,2190052.9556999989],[-11038069.405400001,2189915.0069999993],[-11038264.630799999,2190185.821800001],[-11038334.520500001,2190258.2901000008],[-11038437.7259,2190337.1196000017],[-11038526.8105,2190385.760400001],[-11038692.6108,2190438.7628999986],[-11040346.001399999,2190678.9167999998],[-11040587.7862,2190693.879999999],[-11040928.589600001,2190674.9123999998],[-11042164.470899999,2190529.7017999999],[-11042277.6472,2190525.5040000007],[-11042385.1384,2190536.0416000001],[-11042577.0822,2190589.9505000003],[-11042914.0229,2190780.3603000008],[-11043141.6568,2190873.2056999989],[-11043293.2027,2190912.2642999999],[-11044374.534600001,2191116.0249000005],[-11044492.7849,2191143.1612000018],[-11044607.211300001,2191187.0067999996],[-11044736.8484,2191264.3797999993],[-11044874.4682,2191391.2822000012],[-11045055.4025,2191637.5298000015],[-11045111.5755,2191734.6187000014],[-11045172.397,2191623.6275000013],[-11045198.671700001,2191600.8784000017],[-11045557.244100001,2191573.3652000017],[-11045634.7926,2191553.5592],[-11045669.0623,2191538.121199999],[-11045695.4805,2191462.5672000013],[-11045967.399700001,2191238.9525000006],[-11045982.221799999,2191206.1141000018],[-11045965.0385,2191136.4283999987],[-11045982.2719,2191109.4089000002],[-11046084.687899999,2191060.5247000009],[-11046162.073999999,2191052.2807999998],[-11046251.439099999,2190979.7589000016],[-11046366.327500001,2190930.8192999996],[-11046445.090500001,2190882.8343000002],[-11046460.4135,2190745.8570000008],[-11046483.352,2190734.9776999988],[-11046493.2663,2190639.9046999998],[-11046516.655400001,2190641.9935999997],[-11046527.6316,2190580.7857999988],[-11046564.125600001,2190501.5945999995],[-11046481.182499999,2190461.3018000014],[-11046560.130100001,2190396.9794999994],[-11046611.236,2190384.3660999984],[-11046608.336100001,2190297.2732999995],[-11046574.2634,2190299.6616000012],[-11046534.757300001,2190275.057500001],[-11046550.093900001,2190238.9703000002],[-11046536.1777,2190114.4034999982],[-11046509.467599999,2190037.6367999986],[-11046525.9684,2189993.1722999997],[-11046587.805400001,2189898.7716999985],[-11046842.4187,2189697.8630000018],[-11046879.1987,2189715.2373000011],[-11046911.795,2189711.1130000018],[-11046916.932499999,2189686.5333000012],[-11046886.4822,2189654.1693999991],[-11046897.483999999,2189634.2437999994],[-11046981.2696,2189627.5740999989],[-11047036.4553,2189610.9323000014],[-11047200.843900001,2189662.8665000014],[-11047387.874199999,2189586.3797999993],[-11047422.0591,2189604.0208999999],[-11047500.4014,2189582.5986000001],[-11047560.148800001,2189479.4959999993],[-11047518.764799999,2189446.3563000001],[-11047604.196900001,2189445.4375],[-11047662.067500001,2189329.2723000012],[-11047679.8586,2189278.1680999994],[-11047653.686100001,2189033.1739000008],[-11047648.619999999,2189023.1853],[-11047610.548699999,2189018.3660999984],[-11047545.6941,2188969.4646999985],[-11047466.0217,2188881.3249999993],[-11047459.8991,2188820.8170999996],[-11047435.465600001,2188774.2490000017],[-11047451.2128,2188733.7347000018],[-11047514.895300001,2188689.8792999983],[-11047561.6818,2188573.7917999998],[-11047641.969900001,2188441.0300000012],[-11047676.620300001,2188417.4626999982],[-11047663.962099999,2188373.5313000008],[-11047606.038000001,2188324.3673],[-11047570.6644,2188314.8900000006],[-11047564.1151,2188284.0909000002],[-11047585.472899999,2188262.2221000008],[-11047741.0255,2188187.6550999992],[-11047751.875800001,2188159.3636000007],[-11047715.566400001,2188098.9728000015],[-11047720.4465,2188056.2804999985],[-11047811.0496,2187968.370000001],[-11047895.593499999,2187937.6057000011],[-11047880.3994,2187826.3026000001],[-11047931.698899999,2187645.1158000007],[-11047942.6995,2187550.9144000001],[-11047924.622300001,2187515.2190000005],[-11047890.3314,2187482.2443000004],[-11047876.4299,2187495.806499999],[-11047842.348300001,2187482.8079000004],[-11047789.0974,2187443.5971999988],[-11047772.3104,2187450.9334999993],[-11047731.2948,2187416.177099999],[-11047749.9486,2187329.7082999982],[-11047859.807600001,2187092.2388999984],[-11047825.388599999,2187039.5084000006],[-11047800.703500001,2187025.1686999984],[-11047772.2346,2186960.9094000012],[-11047732.303400001,2186725.196800001],[-11047762.967499999,2186673.4615000002],[-11047888.8353,2186591.5502999984],[-11048013.6065,2186458.5579999983],[-11048022.405300001,2186416.7382999994],[-11048010.653200001,2186377.365699999],[-11048011.346799999,2186322.2987999991],[-11048056.0549,2186257.5846999995],[-11048125.153200001,2186230.5731000006],[-11048135.5726,2186130.7606999986],[-11048124.9651,2186100.9829999991],[-11047973.3123,2185968.6083000004],[-11047961.679500001,2185916.6237999983],[-11047975.6789,2185773.5326999985],[-11048007.5108,2185712.2672000006],[-11048047.376499999,2185659.0817000009],[-11048151.816199999,2185603.4730999991],[-11048105.1346,2185537.8841000013],[-11047984.830499999,2185445.9180999994],[-11047913.3345,2185446.4710999988],[-11047828.1072,2185501.9153000005],[-11047797.9652,2185507.2263000011],[-11047779.1042,2185476.4919000007],[-11047779.84,2185436.5755000003],[-11047841.9307,2185354.3027000017],[-11047934.554,2185278.0172000006],[-11047945.813999999,2185257.3330000006],[-11047929.066199999,2185194.308699999],[-11047882.3342,2185141.2355999984],[-11047930.322000001,2185010.935899999],[-11047880.844699999,2184909.3491999991],[-11047856.675000001,2184713.803199999],[-11047879.0447,2184680.0703000017],[-11047927.0167,2184544.4145000018],[-11047925.1,2184446.9404999986],[-11047934.688999999,2184423.7074000016],[-11048007.5162,2184351.3517000005],[-11048077.5217,2184324.8487999998],[-11048168.478800001,2184256.3385999985],[-11048190.831700001,2184191.7518000007],[-11048193.1472,2184092.9919999987],[-11048237.678300001,2184006.4638999999],[-11048304.6516,2184019.2855000012],[-11048337.0887,2184007.0923000015],[-11048414.513900001,2183959.0324000008],[-11048420.493799999,2183912.9699000008],[-11048440.088199999,2183889.4836000018],[-11048498.5309,2183883.7826999985],[-11048512.6362,2183826.6878000014],[-11048481.9066,2183791.8493999988],[-11048475.761700001,2183765.316399999],[-11048571.849300001,2183657.5284999982],[-11048656.334100001,2183499.3902000003],[-11048659.978700001,2183451.2736999989],[-11048637.452299999,2183409.6493999995],[-11048591.123199999,2183361.9316999987],[-11048570.0682,2183266.2597999983],[-11048623.362500001,2183221.0113000013],[-11048658.1852,2183153.3081],[-11048684.1349,2183051.2159000002],[-11048778.818,2182928.3748000003],[-11048755.786900001,2182817.0071999989],[-11048757.312100001,2182752.054299999],[-11048783.301899999,2182678.1008000001],[-11048841.5677,2182600.7798000015],[-11048946.7958,2182513.0416000001],[-11049031.252800001,2182470.3451000005],[-11049088.313899999,2182413.3262000009],[-11049138.181700001,2182332.9479999989],[-11049268.8686,2182324.7762999982],[-11049309.7828,2182244.9822999984],[-11049449.8506,2182093.8126000017],[-11049569.603800001,2182017.0577000007],[-11049676.297800001,2181964.2903000005],[-11049845.316500001,2181930.4633000009],[-11049943.5079,2181872.8531000018],[-11049992.611099999,2181855.9217000008],[-11050138.546399999,2181730.5899999999],[-11050158.0152,2181693.5601000004],[-11050296.669199999,2181655.5291999988],[-11050489.678300001,2181513.4316999987],[-11050529.202299999,2181457.002799999],[-11050628.735099999,2181383.7351000011],[-11050761.351299999,2181350.0540000014],[-11050788.6678,2181291.1451000012],[-11050880.415100001,2181225.5623999983],[-11050936.7205,2181168.192400001],[-11050970.1811,2181106.6631999984],[-11051018.6162,2181068.1374000013],[-11051081.2234,2181040.0082999989],[-11051148.5615,2180977.0271999985],[-11051129.291099999,2180798.8942999989],[-11051154.141000001,2180636.7382000014],[-11051171.731699999,2180628.8537999988],[-11051199.7018,2180561.9824000001],[-11051340.1491,2180451.3264999986],[-11051380.676100001,2180432.871100001],[-11051393.725,2180358.8187999986],[-11051486.104499999,2180246.0571999997],[-11051538.9023,2180212.1895999983],[-11051574.4087,2180203.5366999991],[-11051599.752800001,2180180.0702],[-11051834.757099999,2180105.9081000015],[-11051883.662,2180103.7140999995],[-11051915.496099999,2180114.7661000006],[-11051948.224099999,2180105.5872999988],[-11052065.498,2180038.9384000003],[-11052144.162,2180035.8933000006],[-11052177.638,2180054.1442999989],[-11052211.9365,2180092.935899999],[-11052315.2445,2180110.6400000006],[-11052399.477700001,2180063.0540999994],[-11052498.3927,2180068.8612999991],[-11052669.9617,2180043.7481000014],[-11052694.974199999,2180050.1988000013],[-11052771.4027,2180113.808699999],[-11052807.235400001,2180125.7718000002],[-11052848.737400001,2180115.5040000007],[-11053072.3115,2180217.7503000014],[-11053178.693,2180126.6878000014],[-11053218.846999999,2180120.5482000001],[-11053263.047499999,2180136.2177999988],[-11053391.818499999,2180268.1220999993],[-11053462.713500001,2180304.8464000002],[-11053523.137700001,2180418.0808000006],[-11053627.566400001,2180563.1081999987],[-11053658.7292,2180590.873399999],[-11053780.4471,2180633.1378000006],[-11053939.142999999,2180584.5344999991],[-11054055.1481,2180588.4035999998],[-11054133.9222,2180642.1845999993],[-11054184.386499999,2180644.7994999997],[-11054298.8498,2180732.9761000015],[-11054369.788000001,2180806.0313999988],[-11054407.9706,2180865.2888999991],[-11054660.449999999,2181118.1777999997],[-11054748.079500001,2181138.6319999993],[-11054922.1621,2181259.2008000016],[-11054985.6164,2181280.0997000001],[-11055096.851399999,2181414.4006000012],[-11055137.656500001,2181420.2043999992],[-11055193.911800001,2181469.1658999994],[-11055231.4233,2181464.0210000016],[-11055298.8794,2181530.8775999993],[-11055391.999299999,2181564.2784000002],[-11055469.657,2181538.8638000004],[-11055585.145400001,2181618.0621000007],[-11055701.5233,2181667.7562000006],[-11055757.070499999,2181726.4127999991],[-11055834.3497,2181031.5861999989],[-11054930.812799999,2180190.7107000016],[-11054819.760299999,2180115.2104999982],[-11054707.894300001,2179221.0986000001],[-11054547.1357,2178808.7107000016],[-11054520.232000001,2178558.4193999991],[-11054466.8276,2178292.1992000006],[-11054461.3149,2178164.3795999996],[-11054332.9725,2177418.9470000006],[-11054173.65,2177131.6217],[-11054045.820599999,2176679.1427999996],[-11053535.2794,2175300.6752999984],[-11053259.0078,2174406.9030000009],[-11052645.658399999,2172203.383200001],[-11051653.7984,2170447.8117999993],[-11045874.375499999,2166248.694600001],[-11035822.637399999,2165461.5555000007]]]},"properties":{"OBJECTID":284,"ID":"09012","NAME":"Tlalpan","TOTPOP_CY":717164,"AREA":314.5,"Shape__Area":354514920.70644248,"Shape__Length":106801.63609734157}},{"type":"Feature","id":285,"geometry":{"type":"Polygon","coordinates":[[[-11035128.3199,2172903.7776000015],[-11032400.1107,2178183.4197999984],[-11032348.929,2178268.2507999986],[-11032289.057399999,2178263.4880999997],[-11032274.593499999,2178311.3267999999],[-11032298.577299999,2178338.4770000018],[-11032295.8365,2178374.7908999994],[-11032054.224400001,2178533.5579000004],[-11032011.6658,2178574.9149999991],[-11031997.2655,2178620.866799999],[-11031967.9586,2179019.1334999986],[-11031955.8947,2179063.7463000007],[-11031860.18,2179183.4840000011],[-11031775.3357,2179233.1352000013],[-11031758.8682,2179353.5152999982],[-11031680.209799999,2179452.311999999],[-11031644.104499999,2179464.6013000011],[-11031568.846799999,2179467.996199999],[-11031413.4537,2179516.9952999987],[-11031313.375399999,2179505.2399000004],[-11031281.42,2179513.9395999983],[-11031215.9519,2179627.3522000015],[-11031202.244000001,2179811.3863000013],[-11031156.057499999,2179857.0711000003],[-11031126.468800001,2179855.3878000006],[-11031058.582900001,2179802.8691000007],[-11031002.441099999,2179785.3068000004],[-11030914.5878,2179780.8944000006],[-11030755.7993,2179795.8528999984],[-11023990.6613,2181282.8348000012],[-11022656.0507,2182938.5362999998],[-11022605.8421,2183035.1928000003],[-11022606.1765,2183022.8442000002],[-11022577.1822,2183014.6391999982],[-11022547.506899999,2183100.0238000005],[-11022497.504899999,2183152.8958999999],[-11022490.8158,2183146.8962000012],[-11022460.6711,2183173.6042999998],[-11022462.842399999,2183190.0443000011],[-11022353.908500001,2183313.5480000004],[-11022306.4552,2183431.4761999995],[-11022292.1283,2183502.5102999993],[-11022221.8079,2183641.2903000005],[-11022178.812899999,2183815.1446000002],[-11022028.348999999,2183770.6790000014],[-11022018.3347,2183803.7239999995],[-11022044.3946,2183818.8434000015],[-11021998.3762,2183980.5390999988],[-11021875.407099999,2183926.1711999997],[-11021862.1646,2184005.0843000002],[-11021834.218900001,2184038.5106999986],[-11021799.645300001,2184046.4010999985],[-11021720.9925,2184186.9609000012],[-11021687.353,2184318.565299999],[-11021618.429400001,2184471.1919],[-11021592.786,2184482.1092999987],[-11021549.641799999,2184477.4305000007],[-11021514.2356,2184455.9741000012],[-11021485.5842,2184512.3231999986],[-11021465.102499999,2184483.4605999999],[-11021413.808700001,2184580.9439000003],[-11021819.9702,2185021.449000001],[-11021857.420299999,2185052.4409999996],[-11021886.1239,2185067.1314000003],[-11021890.1993,2185057.5436999984],[-11021931.839299999,2185100.3872000016],[-11021946.3868,2185127.9215999991],[-11021940.010500001,2185176.9140000008],[-11022058.268300001,2185328.6699000001],[-11022126.0988,2185378.9769000001],[-11022405.737500001,2185517.9921999983],[-11022468.043199999,2185565.4937000014],[-11022827.3226,2185706.4419],[-11022836.536499999,2185692.1064000018],[-11022862.410399999,2185684.4345999993],[-11022939.7349,2185683.6103999987],[-11023506.3322,2185830.7822999991],[-11023528.3225,2185799.9420999996],[-11023576.4914,2185779.3260999992],[-11023619.575300001,2185778.376600001],[-11023648.494100001,2185799.3289999999],[-11023657.539999999,2185787.3660000004],[-11023734.944800001,2185832.7983000018],[-11023891.333000001,2185850.7637000009],[-11023949.171399999,2185876.8147],[-11024017.090700001,2185941.4886999987],[-11024028.827,2186062.2950999998],[-11024087.831,2186152.3971000016],[-11024305.568499999,2186409.9860000014],[-11024384.8235,2186479.1970999986],[-11024486.135399999,2186601.9985000007],[-11024630.821799999,2186825.0478000008],[-11024783.9706,2186951.1283],[-11024925.3477,2187001.4259000011],[-11025243.9406,2187195.8027999997],[-11025650.103,2187323.5914000012],[-11026004.8694,2187454.9800000004],[-11026258.729499999,2187634.8658000007],[-11026459.568399999,2187750.2514999993],[-11026696.3137,2187854.6420000009],[-11027041.6291,2187885.5086000003],[-11027272.315199999,2187962.8814999983],[-11027795.2443,2188164.2921000011],[-11028233.892000001,2188452.8214000016],[-11028327.656400001,2188529.065200001],[-11028665.2082,2188851.3341000006],[-11028971.9946,2189073.0472999997],[-11029236.2861,2189458.0998999998],[-11029315.0636,2189518.3817999996],[-11029576.4607,2189844.2811000012],[-11029887.8324,2190247.0850999989],[-11029934.857000001,2190336.3988999985],[-11030189.1808,2190664.4514999986],[-11030235.551200001,2190713.2100000009],[-11030335.020500001,2190777.5438000001],[-11030387.731000001,2190840.3198999986],[-11030418.528100001,2190916.1601999998],[-11030591.2203,2191130.3751000017],[-11030622.9297,2191187.8007000014],[-11030680.8959,2191246.9745000005],[-11031103.522600001,2191805.9378999993],[-11031123.1646,2191794.5280000009],[-11031506.6291,2192313.7195000015],[-11031615.2059,2192490.8304999992],[-11031610.7377,2192524.2289000005],[-11031593.305,2192533.7283000015],[-11031616.431399999,2192604.8995999992],[-11031628.0277,2192700.0637000017],[-11031683.003799999,2192700.2274999991],[-11031798.2696,2191050.8453000002],[-11031913.3485,2189721.9578000009],[-11032320.5897,2189523.4675000012],[-11032667.3566,2189377.6900000013],[-11034423.206700001,2188586.0738999993],[-11034536.2004,2188547.3973999992],[-11035669.636499999,2188219.5659999996],[-11035821.629899999,2188197.7291000001],[-11035978.9244,2188189.4937000014],[-11036132.767899999,2188196.4506999999],[-11036331.864399999,2188227.4853999987],[-11036411.633300001,2187420.627799999],[-11036446.7434,2187215.1574000008],[-11036341.0745,2187189.8568000011],[-11036346.580399999,2187166.7969999984],[-11036452.4608,2186831.6928000003],[-11036494.603,2186829.8790999986],[-11036525.581,2186809.3627000004],[-11036589.212300001,2186687.5348000005],[-11036653.6062,2186695.7930999994],[-11036740.9219,2186529.4483999982],[-11036762.168400001,2186448.8916000016],[-11036573.141000001,2186423.5839000009],[-11036585.125800001,2186339.8293000013],[-11036491.2256,2186359.9530999996],[-11036481.8336,2186351.9648999982],[-11036492.4957,2186086.8806000017],[-11036478.5964,2186061.3280000016],[-11036484.116699999,2185975.9866999984],[-11036472.194399999,2185951.6240000017],[-11036449.2214,2185788.5414999984],[-11036485.306700001,2185683.5181999989],[-11036477.774900001,2185598.3944000006],[-11036413.451099999,2185487.6682999991],[-11036319.4351,2185425.9367999993],[-11036233.563300001,2185318.6867999993],[-11036242.179400001,2185273.0703999996],[-11036303.4619,2185216.9558999985],[-11036274.026799999,2185161.0621000007],[-11036215.3213,2185126.4299999997],[-11036168.3356,2185035.3090000004],[-11036146.9311,2184944.9926000014],[-11036180.073100001,2184787.7105999999],[-11036200.720699999,2184774.313099999],[-11036235.4323,2184697.3918000013],[-11036231.702,2184615.7459999993],[-11036261.258400001,2184583.3706],[-11036268.190300001,2184543.1138000004],[-11036291.0999,2184535.5909999982],[-11036303.258199999,2184506.8049000017],[-11036320.2433,2184503.3005999997],[-11036353.984200001,2184467.9574000016],[-11036402.568399999,2184362.2408999987],[-11036406.413699999,2184273.1129000001],[-11036388.329600001,2184237.2333999984],[-11036254.809699999,2184153.567400001],[-11036239.7905,2184106.4162000008],[-11036213.092700001,2184079.0491999984],[-11036147.0669,2183962.5507999994],[-11036094.260299999,2183915.9789999984],[-11036257.073899999,2183636.3454000019],[-11036336.294399999,2183636.0751999989],[-11036394.817299999,2183655.2023000009],[-11036404.539999999,2183646.3805],[-11036398.6757,2183634.7534999996],[-11036437.5606,2183642.1957999989],[-11036463.2521,2183668.7250000015],[-11036473.8541,2183702.8819000013],[-11036688.0262,2183771.4134000018],[-11036680.9496,2183752.493900001],[-11036687.5809,2183644.1295000017],[-11036653.3958,2183234.8779999986],[-11036660.874299999,2183175.305399999],[-11036838.237400001,2183132.9294000007],[-11036895.6282,2183133.3891999982],[-11036916.5228,2183198.371100001],[-11036958.287699999,2183252.2135999985],[-11037008.7766,2183262.0894000009],[-11037051.405999999,2183243.0793999992],[-11036709.9716,2182566.9706000015],[-11036746.665999999,2182561.6840000004],[-11036761.9846,2182545.2628000006],[-11036815.2455,2182558.875599999],[-11036841.7962,2182543.1026999988],[-11036919.924900001,2182526.3665999994],[-11037097.4826,2182566.2767999992],[-11037149.676899999,2182620.3550000004],[-11037122.828199999,2182654.8251000009],[-11037101.1197,2182747.816300001],[-11037126.5538,2182764.2514999993],[-11037145.0657,2182704.8335999995],[-11037187.464400001,2182687.2170999981],[-11037210.753699999,2182631.9796000011],[-11037249.2777,2182589.2116999999],[-11037256.9663,2182571.4461000003],[-11037241.5078,2182521.5040999986],[-11037248.375299999,2182509.560800001],[-11037271.6646,2182504.1862999983],[-11037289.895099999,2182520.6662000008],[-11037361.9354,2182527.9596999995],[-11037376.7531,2182539.7993000001],[-11037380.8905,2182575.0520000011],[-11037403.0451,2182578.5910999998],[-11037409.5635,2182529.3731999993],[-11037380.589299999,2182435.9794999994],[-11037394.484099999,2182396.9946999997],[-11037396.2152,2182319.8216000013],[-11037422.343,2182296.9688000008],[-11037427.8521,2182267.4006999992],[-11037521.2169,2182128.9605999999],[-11037534.6009,2182041.5474000014],[-11037591.927100001,2181948.2127999999],[-11037659.7183,2181638.5287999995],[-11037703.603800001,2181559.7655000016],[-11037675.2041,2181484.3836999983],[-11037632.2314,2181424.879999999],[-11037590.9297,2181406.8315999992],[-11037493.995999999,2181396.4758000001],[-11037460.035800001,2181373.9274999984],[-11037447.1116,2181343.9305999987],[-11037461.343800001,2181292.7555],[-11037455.554099999,2181256.3229999989],[-11037473.8661,2181232.7408999987],[-11037495.8016,2181260.1262000017],[-11037507.8375,2181249.7976000011],[-11037552.698100001,2181094.9860000014],[-11037557.2533,2181007.3216999993],[-11037603.6424,2180917.4849999994],[-11037635.538799999,2180909.0298999995],[-11037654.170299999,2180923.0318000019],[-11037708.697899999,2181020.7613000013],[-11037719.286499999,2181067.4924999997],[-11037816.7457,2180929.9166000001],[-11037276.7115,2180763.0780000016],[-11036026.839600001,2180350.9591000006],[-11035535.121400001,2179797.6603000015],[-11035526.3335,2179757.2828000002],[-11035500.775599999,2179759.0119999982],[-11035469.939999999,2179724.3134000003],[-11035480.9231,2179693.1856999993],[-11035467.1908,2179677.7604999989],[-11035436.676999999,2179686.8834000006],[-11035415.2081,2179673.2465999983],[-11035425.695499999,2179646.490699999],[-11035409.8113,2179609.5566000007],[-11035409.494000001,2179479.3859999999],[-11035370.489800001,2179439.9404000007],[-11035359.4114,2179404.5628999993],[-11035381.9145,2179323.1160999984],[-11035371.7622,2179260.6251000017],[-11035266.445,2179136.7503000014],[-11035236.229599999,2179062.7113000005],[-11035235.4726,2179035.053199999],[-11035204.000499999,2178992.5128999986],[-11035110.399700001,2178950.2791000009],[-11035134.7852,2178871.2096000016],[-11035091.933900001,2178855.8854999989],[-11035024.6625,2178850.8839000016],[-11035049.9187,2178541.9261000007],[-11035029.8979,2178515.5535000004],[-11035025.500700001,2178477.5821000002],[-11034999.764799999,2178458.1574000008],[-11035000.142200001,2178431.0128999986],[-11035046.5569,2178309.1862000003],[-11035043.2718,2178292.0566000007],[-11035019.8168,2178276.0892000012],[-11035050.036699999,2178220.5007000007],[-11035046.1216,2178175.2027999982],[-11035125.971100001,2178097.4554000013],[-11035151.2896,2178049.6057999991],[-11035094.840600001,2177949.6022000015],[-11035114.856899999,2177869.8200999983],[-11035109.8342,2177850.1955999993],[-11035155.7969,2177791.1180999987],[-11035153.665100001,2177749.8770999983],[-11035187.3949,2177664.7327000014],[-11035172.5394,2177635.8861000016],[-11035167.7226,2177588.2828000002],[-11035176.009199999,2177473.1458999999],[-11035101.4563,2177404.6070000008],[-11035093.9022,2177353.2254000008],[-11034959.571799999,2177217.4098000005],[-11034896.511499999,2177177.9946999997],[-11034830.5781,2177116.7540000007],[-11034780.6614,2177031.0784000009],[-11034775.637499999,2176995.9281000011],[-11034821.255100001,2176894.7005999982],[-11034920.079,2176800.6468999982],[-11034986.5145,2176687.750599999],[-11035037.619000001,2176675.4455000013],[-11035065.602499999,2176637.2677999996],[-11035097.9286,2176624.7058000006],[-11035112.3912,2176603.1482999995],[-11035138.375399999,2176440.3660999984],[-11035217.8353,2176352.5342000015],[-11035265.4165,2176213.7131000012],[-11035308.584000001,2176145.8975999989],[-11035350.825300001,2175992.9204999991],[-11035367.682399999,2175966.5091000013],[-11035356.674000001,2175841.0384000018],[-11035379.665999999,2175746.9497999996],[-11035351.529999999,2175693.3957000002],[-11035330.856799999,2175564.3568000011],[-11035255.0527,2175436.7672999986],[-11035202.6368,2175385.5936000012],[-11035095.489600001,2175239.0927999988],[-11035095.6176,2175225.6264999993],[-11035152.5352,2175179.5766000003],[-11035161.5889,2175125.1695999987],[-11035159.1009,2175008.3125],[-11035120.5164,2174751.1970000006],[-11035136.1624,2174478.4365000017],[-11035172.526000001,2174359.9204000011],[-11035284.837300001,2174157.8222000003],[-11035321.128599999,2174033.0289999992],[-11035368.139900001,2173933.699000001],[-11035401.1161,2173798.2514999993],[-11035423.373299999,2173514.6048000008],[-11035412.2993,2173179.1308999993],[-11035375.8421,2173074.1169999987],[-11035391.8376,2173002.4659999982],[-11035388.508099999,2172971.7692000009],[-11035285.706800001,2172914.4235000014],[-11035218.0902,2172918.4501999989],[-11035128.3199,2172903.7776000015]]]},"properties":{"OBJECTID":285,"ID":"09013","NAME":"Xochimilco","TOTPOP_CY":453072,"AREA":114.12,"Shape__Area":128716900.5523611,"Shape__Length":64221.778930182285}},{"type":"Feature","id":286,"geometry":{"type":"Polygon","coordinates":[[[-11036201.9318,2197028.8258999996],[-11035265.556700001,2201561.6323000006],[-11035244.9212,2201646.9976999983],[-11035216.233100001,2201700.4976000004],[-11035206.0397,2201963.0998999998],[-11035900.6467,2201992.1658999994],[-11035834.4562,2202418.3658999987],[-11035884.2327,2202435.6420000009],[-11035925.5711,2202495.2837999985],[-11037062.9858,2202560.310800001],[-11038032.078600001,2202566.0670000017],[-11038187.818,2202533.2848999985],[-11038637.8707,2202390.3946999982],[-11038864.459100001,2202311.5595000014],[-11039280.3708,2202143.5714000016],[-11039602.3839,2202061.7032999992],[-11040056.926999999,2201914.1761999987],[-11040169.762599999,2201861.5784999989],[-11040544.995999999,2201776.006099999],[-11040612.728499999,2201779.7019999996],[-11040901.006999999,2201727.8977000006],[-11041123.179500001,2201633.0137000009],[-11041376.872199999,2201572.9642000012],[-11041512.9212,2201578.1226999983],[-11041675.033600001,2201566.0967999995],[-11041603.780300001,2201380.5593000017],[-11041603.655200001,2201287.5476000011],[-11041648.4692,2201144.3302999996],[-11041818.0122,2200456.5738000013],[-11041966.4814,2200083.8038000017],[-11041973.2918,2200042.6050000004],[-11041975.8935,2199682.9772000015],[-11041961.2437,2199451.1788999997],[-11042018.5824,2198947.8398000002],[-11041964.5767,2198766.8410999998],[-11041982.434599999,2198542.6446999982],[-11041976.515699999,2198457.9470000006],[-11041950.786499999,2198374.5989999995],[-11041881.2961,2198241.9809000008],[-11041865.5503,2198178.8797999993],[-11041901.974099999,2197778.0408000015],[-11041683.8378,2197721.9299000017],[-11041558.1457,2197713.7732000016],[-11041446.8643,2197633.3394000009],[-11041299.939200001,2197569.7652000003],[-11041080.3201,2197568.9935000017],[-11040926.079399999,2197667.7606999986],[-11040838.843800001,2197699.2140999995],[-11040775.343800001,2197711.686999999],[-11040689.273700001,2197711.4477000013],[-11040644.5469,2197724.4990000017],[-11040607.690099999,2197749.8768999986],[-11040578.4585,2197815.4803000018],[-11040415.740800001,2197972.9241999984],[-11040055.8026,2197604.184700001],[-11039897.013,2197416.7184000015],[-11039615.945900001,2197235.1196999997],[-11039529.607799999,2197208.1557999998],[-11037490.6642,2197083.368900001],[-11036702.103700001,2197047.2474000007],[-11036196.0606,2197002.5828000009],[-11036201.9318,2197028.8258999996]]]},"properties":{"OBJECTID":286,"ID":"09014","NAME":"Benito Juárez","TOTPOP_CY":444840,"AREA":26.699999999999999,"Shape__Area":30162777.503513865,"Shape__Length":22333.441839986834}},{"type":"Feature","id":287,"geometry":{"type":"Polygon","coordinates":[[[-11039161.8259,2202190.2333999984],[-11038864.459100001,2202311.5595000014],[-11038637.8707,2202390.3946999982],[-11038187.818,2202533.2848999985],[-11038032.078600001,2202566.0670000017],[-11037062.9858,2202560.310800001],[-11035951.716700001,2202497.1757999994],[-11035918.659399999,2202492.2930000015],[-11035884.2327,2202435.6420000009],[-11035818.2336,2202418.2278000005],[-11035773.4252,2202430.0513000004],[-11035728.917300001,2202473.7456],[-11035704.6095,2202483.3669000007],[-11035225.719900001,2202452.7391000018],[-11035135.7426,2202460.0351000018],[-11034774.305199999,2202566.5969999991],[-11034622.2798,2202597.6248000003],[-11034716.312899999,2203061.5434000008],[-11034738.2739,2203127.7950000018],[-11034785.8621,2203150.0329999998],[-11034788.429199999,2203218.9627999999],[-11034900.711100001,2203710.5368999988],[-11034782.669600001,2204491.688000001],[-11034656.529100001,2204786.1407999992],[-11034371.410800001,2206755.4327999987],[-11034330.6642,2207102.4730000012],[-11034409.254699999,2207229.8509000018],[-11034587.040100001,2207592.6882999986],[-11034640.9921,2207682.0734999999],[-11034643.4856,2207774.4261000007],[-11034598.102,2208012.557500001],[-11034568.1982,2208116.6781000011],[-11034520.2983,2208225.6206],[-11034480.264699999,2208382.2419000007],[-11034358.7973,2208951.1361000016],[-11034341.9146,2208993.3425000012],[-11034237.453500001,2209143.309799999],[-11034828.466399999,2209349.3548999988],[-11035472.559599999,2209742.1519999988],[-11035528.395400001,2209754.821800001],[-11036127.883300001,2209781.0163999982],[-11036304.1808,2209801.0265999995],[-11036349.3276,2209814.6704999991],[-11036397.996400001,2209853.7060999982],[-11036429.456599999,2209856.7014000006],[-11036478.188899999,2209835.9745999984],[-11036561.425000001,2209766.7714999989],[-11036798.1601,2209678.5751999989],[-11037108.971799999,2209583.1099000014],[-11037362.466399999,2209518.5274999999],[-11037419.687999999,2209517.1306999996],[-11037714.035499999,2209555.2320999987],[-11038141.401000001,2209647.754900001],[-11038211.354499999,2209650.7749999985],[-11038290.5046,2209632.4419],[-11038340.7042,2209605.6772000007],[-11038390.492000001,2209561.5439000018],[-11038558.002,2209283.4323999994],[-11038755.3149,2209108.8081],[-11038791.825300001,2209037.2204999998],[-11038854.0107,2208748.1204000004],[-11038908.23,2208305.118999999],[-11038922.7894,2207986.628899999],[-11039084.242799999,2207238.6361999996],[-11039154.7797,2207105.8874000013],[-11039385.4256,2206589.7547999993],[-11039799.8167,2205911.0496000014],[-11039974.9756,2205573.7692000009],[-11040403.9618,2204871.4855999984],[-11040185.989800001,2204841.1224999987],[-11040121.1995,2204819.9739999995],[-11040116.6241,2204806.2236000001],[-11040142.8434,2204765.1028999984],[-11040167.003,2204768.3277999982],[-11040184.1228,2204753.5023999996],[-11040252.260199999,2204619.1851999983],[-11040282.943299999,2204500.6348999999],[-11040304.720899999,2204473.7738999985],[-11040349.6446,2204450.2446999997],[-11040388.101199999,2204384.3306999989],[-11040418.4213,2204362.7655999996],[-11040455.637800001,2204272.8627999984],[-11040722.9702,2203755.9655000009],[-11040994.258199999,2203311.2545999996],[-11041146.2061,2203010.2765000015],[-11039844.947699999,2202550.3969999999],[-11039673.964500001,2202499.252799999],[-11039639.214,2202298.6986000016],[-11039595.57,2202125.6680000015],[-11039602.3839,2202061.7032999992],[-11039280.3708,2202143.5714000016],[-11039161.8259,2202190.2333999984]]]},"properties":{"OBJECTID":287,"ID":"09015","NAME":"Cuauhtémoc","TOTPOP_CY":559316,"AREA":32.520000000000003,"Shape__Area":36767013.998141907,"Shape__Length":25993.380423113056}},{"type":"Feature","id":288,"geometry":{"type":"Polygon","coordinates":[[[-11048198.152000001,2200429.2248000018],[-11048040.728399999,2200562.3561999984],[-11047956.0043,2200598.8487999998],[-11047875.2322,2200592.8830999993],[-11047702.2794,2200542.6849000007],[-11047644.4878,2200556.4593000002],[-11047581.0447,2200594.1565999985],[-11047500.5941,2200668.1651000008],[-11047338.3682,2200772.2881999984],[-11047292.3687,2200833.1447999999],[-11047237.369899999,2200992.250500001],[-11047238.655999999,2201176.1614999995],[-11047226.181500001,2201221.9627999999],[-11047106.105799999,2201318.3627000004],[-11047054.9277,2201331.0445999987],[-11046905.387800001,2201326.7655999996],[-11046519.921599999,2201485.0311000012],[-11046351.8358,2201484.4550999999],[-11046230.987299999,2201526.6673999988],[-11045937.533600001,2201590.3420999981],[-11045675.4208,2201571.0923000015],[-11045518.2631,2201597.0538000017],[-11044547.261,2201933.7589999996],[-11044437.062799999,2201982.381099999],[-11044304.3598,2202058.7622000016],[-11044063.456499999,2202136.6356999986],[-11043766.8124,2202187.2914999984],[-11043105.173800001,2202270.1730000004],[-11042704.9593,2202432.7448000014],[-11042627.7316,2202451.3520999998],[-11042025.350299999,2202528.2699000016],[-11042041.2936,2202281.6328000017],[-11042027.9486,2202220.0742000006],[-11041990.4461,2202172.3319999985],[-11041922.9866,2202117.75],[-11041848.645199999,2202006.5205999985],[-11041675.033600001,2201566.0967999995],[-11041512.9212,2201578.1226999983],[-11041376.872199999,2201572.9642000012],[-11041123.179500001,2201633.0137000009],[-11040901.006999999,2201727.8977000006],[-11040612.728499999,2201779.7019999996],[-11040544.995999999,2201776.006099999],[-11040169.762599999,2201861.5784999989],[-11040056.926999999,2201914.1761999987],[-11039602.3839,2202061.7032999992],[-11039595.57,2202125.6680000015],[-11039639.214,2202298.6986000016],[-11039673.964500001,2202499.252799999],[-11039844.947699999,2202550.3969999999],[-11041146.2061,2203010.2765000015],[-11040994.258199999,2203311.2545999996],[-11040722.9702,2203755.9655000009],[-11040455.637800001,2204272.8627999984],[-11040418.4213,2204362.7655999996],[-11040388.101199999,2204384.3306999989],[-11040349.6446,2204450.2446999997],[-11040304.720899999,2204473.7738999985],[-11040282.943299999,2204500.6348999999],[-11040252.260199999,2204619.1851999983],[-11040184.1228,2204753.5023999996],[-11040167.003,2204768.3277999982],[-11040142.8434,2204765.1028999984],[-11040116.6241,2204806.2236000001],[-11040121.1995,2204819.9739999995],[-11040185.989800001,2204841.1224999987],[-11040403.9618,2204871.4855999984],[-11039974.9756,2205573.7692000009],[-11039799.8167,2205911.0496000014],[-11039385.4256,2206589.7547999993],[-11039154.7797,2207105.8874000013],[-11039084.242799999,2207238.6361999996],[-11038922.7894,2207986.628899999],[-11038908.23,2208305.118999999],[-11038854.0107,2208748.1204000004],[-11041266.8552,2209170.6997999996],[-11041611.447699999,2209260.8073999994],[-11041557.678300001,2209619.4153999984],[-11041861.6786,2209720.5786000006],[-11041829.744999999,2210403.9112999998],[-11041937.310000001,2210440.3416000009],[-11042240.4553,2210515.5274999999],[-11042903.935000001,2210725.4686999992],[-11043006.4781,2210746.3935000002],[-11043446.432800001,2210608.5617999993],[-11043653.2389,2210493.1834000014],[-11043692.0538,2210298.7243999988],[-11043880.0723,2210359.4365999997],[-11043996.891100001,2210276.7041999996],[-11044113.6239,2210145.1607999988],[-11044177.741699999,2210112.7908000015],[-11044199.1329,2210011.7835000008],[-11044245.840299999,2210008.9558999985],[-11044401.2457,2209513.6726999991],[-11044299.617699999,2209458.4591000006],[-11044445.207900001,2209216.9571000002],[-11044479.5579,2208998.8900999986],[-11044547.2645,2208858.6933000013],[-11044595.0185,2208723.2199000008],[-11044759.925899999,2208494.2520999983],[-11044826.5295,2208421.8414999992],[-11044955.413000001,2208348.9967],[-11045116.8464,2208328.4602999985],[-11045136.4319,2207529.9519999996],[-11045117.266100001,2207463.9010000005],[-11045068.2432,2207400.193500001],[-11044931.171,2207315.4151000008],[-11044912.0375,2207293.3121999986],[-11045184.7557,2207241.7811000012],[-11046191.602600001,2206497.9899000004],[-11046070.741900001,2206431.3308999985],[-11046087.8138,2206419.7071999982],[-11046028.2849,2206341.1400999986],[-11046015.963500001,2206359.0806000009],[-11045930.724300001,2206320.0643000007],[-11045955.134400001,2206244.8795000017],[-11045947.015900001,2206211.1431999989],[-11045922.4285,2206177.4965999983],[-11045831.564300001,2206124.3517000005],[-11045806.867900001,2206095.5320000015],[-11045834.07,2205953.7333000004],[-11045877.024900001,2205850.7789000012],[-11045878.856000001,2205785.4195000008],[-11045844.3861,2205754.1064000018],[-11045495.9515,2205569.0252999999],[-11045470.8289,2205531.0467000008],[-11045439.204299999,2205404.6103000008],[-11045403.9671,2205310.754999999],[-11045378.1688,2205288.6875],[-11045379.0606,2205266.9068000019],[-11045431.977299999,2205198.6680000015],[-11045617.2018,2205282.7747999988],[-11045728.0013,2205224.6132999994],[-11045773.378699999,2205181.997299999],[-11045824.611199999,2205065.3665000014],[-11045901.0242,2204956.9316000007],[-11045980.262599999,2204940.807599999],[-11045991.7807,2204926.564100001],[-11045996.543,2204872.4426000006],[-11046061.2831,2204850.6422000006],[-11046107.1623,2204769.2144000009],[-11046164.4473,2204707.2780999988],[-11046244.006200001,2204662.5623999983],[-11046326.9648,2204648.5373999998],[-11046351.1434,2204562.6781000011],[-11046406.6317,2204534.0414999984],[-11046414.1011,2204483.2025999986],[-11046435.352299999,2204445.9400000013],[-11046495.4312,2204422.6011000015],[-11046507.629899999,2204378.6673000008],[-11046564.141000001,2204375.6561999992],[-11046573.7279,2204256.7522],[-11046593.150800001,2204191.9813000001],[-11046607.4901,2204187.1053999998],[-11046635.215500001,2204043.9644999988],[-11046666.4037,2204065.560899999],[-11046706.466499999,2204056.1893000007],[-11046734.546599999,2204021.7558999993],[-11046748.1655,2203971.4974999987],[-11046839.4508,2203908.3365000002],[-11047002.8335,2203586.2071999982],[-11047046.2279,2203545.2534000017],[-11047168.1941,2203503.6686000004],[-11047336.453500001,2203525.6677000001],[-11047438.690400001,2203493.1673000008],[-11047605.784299999,2203420.3658000007],[-11047681.870200001,2203361.6160999984],[-11047758.170600001,2203328.9140999988],[-11047816.698999999,2203259.8559000008],[-11048083.0678,2203157.9464000016],[-11048271.5506,2203107.2468000017],[-11048394.185699999,2202974.0152999982],[-11048467.409399999,2202940.1182999983],[-11048564.2886,2202843.7954999991],[-11048706.2699,2202799.7355999984],[-11048775.487199999,2202763.8561000004],[-11048830.889799999,2202687.7776000015],[-11048943.339199999,2202660.4657000005],[-11049000.186799999,2202624.0163999982],[-11049105.9948,2202508.1339999996],[-11049057.950300001,2202390.5232999995],[-11049061.063999999,2202323.7842000015],[-11049041.427300001,2202265.0824000016],[-11049061.141000001,2202129.3619000018],[-11049039.085999999,2201985.0012000017],[-11049043.9608,2201930.2270000018],[-11049092.1511,2201763.4578999989],[-11049166.817600001,2201675.0799999982],[-11049399.375800001,2201502.5577000007],[-11049524.317500001,2201424.6917000003],[-11049534.839600001,2201393.8964000009],[-11049492.0471,2201218.8979000002],[-11049438.452400001,2201192.6455000006],[-11049391.8529,2201225.6330999993],[-11049202.2104,2201244.4835000001],[-11049122.979800001,2201307.8071999997],[-11048998.2117,2201343.8702999987],[-11048953.9734,2201376.1301999986],[-11048944.5636,2201395.693599999],[-11049008.0692,2201492.1059000008],[-11049005.6492,2201515.1666000001],[-11048988.7016,2201521.9985000007],[-11048896.562799999,2201458.8361000009],[-11048780.5799,2201327.9169999994],[-11048744.0693,2201322.3302000016],[-11048623.758400001,2201314.7701000012],[-11048529.0869,2201342.4450000003],[-11048444.261399999,2201334.8092],[-11048376.1515,2201310.7060000002],[-11048337.374700001,2201323.5540000014],[-11048235.794299999,2201410.5386999995],[-11048197.439200001,2201414.6033000015],[-11048129.4877,2201399.8702000007],[-11048109.727700001,2201375.680399999],[-11048096.130000001,2201324.5194000006],[-11048120.397500001,2201220.3447999991],[-11048215.963199999,2201126.1064999998],[-11048295.4976,2200954.6546999998],[-11048273.634500001,2200633.1581000015],[-11048235.8596,2200525.9178000018],[-11048202.077199999,2200471.9565999992],[-11048198.152000001,2200429.2248000018]]]},"properties":{"OBJECTID":288,"ID":"09016","NAME":"Miguel Hidalgo","TOTPOP_CY":424676,"AREA":46.420000000000002,"Shape__Area":52479110.377329327,"Shape__Length":41891.194801714024}},{"type":"Feature","id":289,"geometry":{"type":"Polygon","coordinates":[[[-11034619.7662,2202598.0445000008],[-11033855.428099999,2202737.6312000006],[-11033383.6269,2202749.2635000013],[-11031725.9509,2203114.699000001],[-11031547.9856,2203139.8284000009],[-11031543.732999999,2203164.9915999994],[-11031535.197000001,2203165.5921999998],[-11031329.986099999,2203162.4241000004],[-11029560.412,2202899.0984999985],[-11029474.939099999,2202900.9998999983],[-11029421.4101,2202917.2839000002],[-11029370.557499999,2202911.7448999994],[-11029310.1198,2202930.0896999985],[-11029211.3983,2203080.8698999994],[-11029235.9663,2203094.438000001],[-11028801.1768,2203784.1512000002],[-11028413.1195,2204432.2292000018],[-11028365.7875,2204476.9030000009],[-11028282.056600001,2204522.0795999989],[-11028194.0317,2204541.8674999997],[-11027077.4529,2204551.7278999984],[-11026955.390699999,2204607.5753000006],[-11026906.6664,2204649.4167999998],[-11026868.525,2204710.808699999],[-11026839.712300001,2204699.7883000001],[-11026774.026900001,2204951.4770999998],[-11026455.179099999,2205693.3944000006],[-11026258.130100001,2206185.0007999986],[-11025996.1987,2206765.0678999983],[-11025801.3881,2207087.0439999998],[-11025877.276000001,2207177.5137000009],[-11025904.570499999,2207260.1381999999],[-11026292.256100001,2208009.8238999993],[-11026481.0218,2207802.1625999995],[-11027563.141799999,2207373.4332999997],[-11028130.706700001,2207592.0414000005],[-11028209.0945,2207567.7531000003],[-11028265.624500001,2207572.431499999],[-11029323.450200001,2207958.5797000006],[-11029459.582,2207964.2866000012],[-11029632.747,2208007.0100999996],[-11030331.787900001,2207488.6933999993],[-11030373.586100001,2207564.6801000014],[-11030418.448899999,2207617.2943999991],[-11030862.719699999,2208056.561900001],[-11031006.769200001,2208177.3563000001],[-11031086.426000001,2208198.0837999992],[-11031175.741900001,2208195.8348000012],[-11031728.0526,2207981.7611999996],[-11031812.8802,2207968.0821000002],[-11031913.6324,2207981.6374999993],[-11032718.1062,2208292.3431999981],[-11032712.493000001,2208313.1928000003],[-11032751.3115,2208328.2725000009],[-11032757.3851,2208311.175999999],[-11033072.3402,2208434.8480999991],[-11033670.538899999,2208932.8931000009],[-11034237.453500001,2209143.309799999],[-11034341.9146,2208993.3425000012],[-11034358.7973,2208951.1361000016],[-11034480.264699999,2208382.2419000007],[-11034520.2983,2208225.6206],[-11034568.1982,2208116.6781000011],[-11034598.102,2208012.557500001],[-11034643.4856,2207774.4261000007],[-11034640.9921,2207682.0734999999],[-11034587.040100001,2207592.6882999986],[-11034409.254699999,2207229.8509000018],[-11034330.6642,2207102.4730000012],[-11034371.410800001,2206755.4327999987],[-11034656.529100001,2204786.1407999992],[-11034782.669600001,2204491.688000001],[-11034900.711100001,2203710.5368999988],[-11034788.429199999,2203218.9627999999],[-11034785.8621,2203150.0329999998],[-11034738.2739,2203127.7950000018],[-11034716.312899999,2203061.5434000008],[-11034619.7662,2202598.0445000008]]]},"properties":{"OBJECTID":289,"ID":"09017","NAME":"Venustiano Carranza","TOTPOP_CY":454626,"AREA":33.859999999999999,"Shape__Area":38272589.909390204,"Shape__Length":28415.486612621684}}]}
