{
"type": "FeatureCollection",
"name": "metro_only_17",
"crs": { "type": "name", "properties": { "name": "urn:ogc:def:crs:EPSG::3857" } },
"features": [
{ "type": "Feature", "properties": { "OBJECTID": 274, "ID": "09002", "NAME": "Azcapotzalco", "TOTPOP_CY": 442844, "AREA": 33.52, "Shape__Area": 37917856.246339038, "Shape__Length": 26300.718150746463, "metro_only_count": 577.0, "bus_only_count": 1209.0, "bus_metro_count": 702.0, "n_cat": "6", "label_range": "332 – 1830" }, "geometry": { "type": "Polygon", "coordinates": [ [ [ -11038854.0107, 2208748.120400000363588 ], [ -11038791.8253, 2209037.220499999821186 ], [ -11038767.4054, 2209091.27479999884963 ], [ -11038726.8992, 2209142.100999999791384 ], [ -11038558.002, 2209283.432399999350309 ], [ -11038390.492, 2209561.5439000017941 ], [ -11038313.0357, 2209622.293999999761581 ], [ -11038245.3913, 2209645.8224 ], [ -11038171.0177, 2209650.993500001728535 ], [ -11037714.0355, 2209555.232099998742342 ], [ -11037419.688, 2209517.130699999630451 ], [ -11037362.4664, 2209518.527499999850988 ], [ -11037108.9718, 2209583.109900001436472 ], [ -11036798.1601, 2209678.575199998915195 ], [ -11036561.425, 2209766.771499998867512 ], [ -11036554.3624, 2209810.956000000238419 ], [ -11036568.8719, 2209883.000100001692772 ], [ -11037296.3556, 2211912.825899999588728 ], [ -11038101.1569, 2214213.074099998921156 ], [ -11039228.6431, 2214611.669399999082088 ], [ -11039407.9676, 2214691.168299999088049 ], [ -11039599.9793, 2214794.112300001084805 ], [ -11039892.6301, 2214906.2412 ], [ -11040003.6839, 2214831.046399999409914 ], [ -11040096.6101, 2214789.378899998962879 ], [ -11040170.3991, 2214772.707699999213219 ], [ -11040229.8217, 2214707.13740000128746 ], [ -11040338.751, 2214623.773200001567602 ], [ -11040880.356, 2214776.699700001627207 ], [ -11040922.1076, 2214774.335299998521805 ], [ -11040967.714, 2214802.601199999451637 ], [ -11041248.337, 2214900.379900000989437 ], [ -11041605.6471, 2215067.070900000631809 ], [ -11041947.0949, 2215141.592500001192093 ], [ -11041991.5706, 2215223.506299998611212 ], [ -11043413.5323, 2215679.72069999948144 ], [ -11043552.39, 2215584.650600001215935 ], [ -11043892.0757, 2215389.7368 ], [ -11044024.9567, 2215207.68189999833703 ], [ -11044123.8365, 2214889.4474 ], [ -11044159.9819, 2214743.933200001716614 ], [ -11044228.4847, 2214306.779399998486042 ], [ -11044396.3889, 2213688.52419999986887 ], [ -11044694.6426, 2212730.947000000625849 ], [ -11045082.334, 2211567.599399998784065 ], [ -11045175.4817, 2211260.992600001394749 ], [ -11045244.0045, 2210948.168200001120567 ], [ -11043653.2389, 2210493.183400001376867 ], [ -11043446.4328, 2210608.561799999326468 ], [ -11043006.4781, 2210746.393500000238419 ], [ -11042903.935, 2210725.468699999153614 ], [ -11042240.4553, 2210515.527499999850988 ], [ -11041886.6976, 2210424.040500000119209 ], [ -11041829.745, 2210403.911299999803305 ], [ -11041861.6786, 2209720.578600000590086 ], [ -11041557.6783, 2209619.415399998426437 ], [ -11041611.4477, 2209260.807399999350309 ], [ -11041266.8552, 2209170.699799999594688 ], [ -11038854.0107, 2208748.120400000363588 ] ] ] } },
{ "type": "Feature", "properties": { "OBJECTID": 275, "ID": "09003", "NAME": "Coyoacán", "TOTPOP_CY": 629575, "AREA": 53.92, "Shape__Area": 60873574.821220376, "Shape__Length": 35422.737100311831, "metro_only_count": 426.0, "bus_only_count": 2365.0, "bus_metro_count": 1257.0, "n_cat": "6", "label_range": "332 – 1830" }, "geometry": { "type": "Polygon", "coordinates": [ [ [ -11038069.4054, 2189915.006999999284744 ], [ -11037507.9555, 2190052.955699998885393 ], [ -11037192.4371, 2190299.021000001579523 ], [ -11037039.2036, 2190439.824299998581409 ], [ -11037007.8003, 2190401.8048 ], [ -11036798.2125, 2190361.372000001370907 ], [ -11036505.5546, 2190241.662900000810623 ], [ -11035721.8432, 2191139.350099999457598 ], [ -11035627.0758, 2191266.376800000667572 ], [ -11034319.0071, 2190675.786400001496077 ], [ -11033971.1783, 2190554.537300001829863 ], [ -11033632.5711, 2190455.6096 ], [ -11032786.5029, 2190243.067699998617172 ], [ -11031865.0064, 2190290.479100000113249 ], [ -11031798.2696, 2191050.845300000160933 ], [ -11031683.0038, 2192700.22749999910593 ], [ -11031658.7073, 2192699.277899999171495 ], [ -11031673.2646, 2192755.372699998319149 ], [ -11031756.4033, 2192873.644099999219179 ], [ -11031855.3477, 2192982.137200001627207 ], [ -11032028.672, 2193100.058400001376867 ], [ -11032227.541, 2193214.666600000113249 ], [ -11032399.3226, 2193390.416600000113249 ], [ -11032644.2142, 2193676.606899999082088 ], [ -11032843.6865, 2193999.881700001657009 ], [ -11032893.384, 2194144.962699998170137 ], [ -11032934.65, 2194186.381400000303984 ], [ -11033016.028, 2194230.895799998193979 ], [ -11033089.6405, 2194294.419199999421835 ], [ -11033201.4084, 2194460.189100001007318 ], [ -11033309.7078, 2194692.324700001627207 ], [ -11033372.942, 2195099.85249999910593 ], [ -11033494.9535, 2195391.687399998307228 ], [ -11033587.6825, 2195524.996300000697374 ], [ -11033772.099, 2195873.911499999463558 ], [ -11034014.8734, 2196252.618299998342991 ], [ -11034074.4638, 2196403.664700001478195 ], [ -11034149.7394, 2196648.908599998801947 ], [ -11034208.3099, 2197090.391600001603365 ], [ -11035232.2467, 2197208.269499998539686 ], [ -11035314.1044, 2197073.661699999123812 ], [ -11035364.867, 2197026.443799998611212 ], [ -11035489.4235, 2196963.704199999570847 ], [ -11035576.513, 2196958.111600000411272 ], [ -11036702.1037, 2197047.247400000691414 ], [ -11037490.6642, 2197083.368900001049042 ], [ -11039464.8039, 2197200.741799999028444 ], [ -11039529.6078, 2197208.155799999833107 ], [ -11039615.9459, 2197235.119699999690056 ], [ -11039743.8252, 2197315.334499999880791 ], [ -11039857.5313, 2197033.738899998366833 ], [ -11039887.1378, 2196982.972800001502037 ], [ -11040103.996, 2196733.431200001388788 ], [ -11040158.0827, 2196656.567200001329184 ], [ -11040358.2946, 2196474.7643 ], [ -11040406.8263, 2196392.197799999266863 ], [ -11040659.4737, 2196144.263799998909235 ], [ -11040681.2656, 2196100.039799999445677 ], [ -11040728.8494, 2195860.270899999886751 ], [ -11040748.5004, 2195855.941799998283386 ], [ -11040758.675, 2195839.778000000864267 ], [ -11040866.5988, 2195873.196600001305342 ], [ -11040945.134, 2195790.468699999153614 ], [ -11040987.1268, 2195783.405200000852346 ], [ -11041010.4529, 2195728.83390000090003 ], [ -11041046.7855, 2195569.990299999713898 ], [ -11041116.6439, 2195436.97520000115037 ], [ -11041168.2038, 2195429.837200000882149 ], [ -11041198.6719, 2195412.214499998837709 ], [ -11041391.2436, 2195234.633099999278784 ], [ -11041425.0236, 2195157.388999998569489 ], [ -11041519.9154, 2195126.376200001686811 ], [ -11041582.6227, 2195054.3004 ], [ -11041686.9036, 2194973.887299999594688 ], [ -11041785.388, 2194839.842700000852346 ], [ -11041816.0597, 2194850.537099998444319 ], [ -11041807.9879, 2194768.239599999040365 ], [ -11041847.611, 2194737.943399999290705 ], [ -11041917.8516, 2194638.19310000166297 ], [ -11041972.309, 2194637.75560000166297 ], [ -11042257.2755, 2194580.893100000917912 ], [ -11042677.1705, 2194473.834100000560284 ], [ -11042749.8467, 2194412.357700001448393 ], [ -11042873.5516, 2194240.3926 ], [ -11042885.0655, 2194207.497400000691414 ], [ -11042552.1789, 2194265.802700001746416 ], [ -11042481.0136, 2194255.246599998325109 ], [ -11042491.7323, 2194209.280999999493361 ], [ -11042477.7662, 2194143.542399998754263 ], [ -11042303.9588, 2193854.404500000178814 ], [ -11042329.4943, 2192886.664099998772144 ], [ -11042514.9047, 2192556.043499998748302 ], [ -11043025.3612, 2191698.042700000107288 ], [ -11043025.3117, 2191639.572900000959635 ], [ -11042946.4391, 2191633.4662000015378 ], [ -11042920.9959, 2191604.44200000166893 ], [ -11043476.6606, 2191031.345300000160933 ], [ -11043499.815, 2191052.028599999845028 ], [ -11043511.6917, 2191081.091299999505281 ], [ -11043533.8153, 2190958.271499998867512 ], [ -11043250.0597, 2190903.467399999499321 ], [ -11043034.9938, 2190835.27250000089407 ], [ -11042914.0229, 2190780.360300000756979 ], [ -11042577.0822, 2190589.950500000268221 ], [ -11042480.055, 2190556.800700001418591 ], [ -11042342.7127, 2190530.23200000077486 ], [ -11042164.4709, 2190529.7018 ], [ -11040928.5896, 2190674.912399999797344 ], [ -11040587.7862, 2190693.879999998956919 ], [ -11040346.0014, 2190678.916799999773502 ], [ -11038692.6108, 2190438.762899998575449 ], [ -11038526.8105, 2190385.760400000959635 ], [ -11038437.7259, 2190337.119600001722574 ], [ -11038334.5205, 2190258.290100000798702 ], [ -11038264.6308, 2190185.821800000965595 ], [ -11038069.4054, 2189915.006999999284744 ] ] ] } },
{ "type": "Feature", "properties": { "OBJECTID": 276, "ID": "09004", "NAME": "Cuajimalpa de Morelos", "TOTPOP_CY": 223047, "AREA": 71.16, "Shape__Area": 80328385.953967452, "Shape__Length": 70441.151895034447, "metro_only_count": 5.0, "bus_only_count": 1872.0, "bus_metro_count": 357.0, "n_cat": "4", "label_range": "2 – 12" }, "geometry": { "type": "Polygon", "coordinates": [ [ [ -11056999.8479, 2182335.969999998807907 ], [ -11056732.7581, 2182341.184500001370907 ], [ -11056736.7265, 2182541.284800000488758 ], [ -11056722.5133, 2183016.534600000828505 ], [ -11056643.6322, 2184479.185199998319149 ], [ -11056657.3813, 2186170.571600001305342 ], [ -11056116.5245, 2187130.285000000149012 ], [ -11055960.567, 2187324.369699999690056 ], [ -11055931.0884, 2187477.749899998307228 ], [ -11055935.1528, 2187580.932799998670816 ], [ -11055901.0099, 2187653.373399998992682 ], [ -11055909.0885, 2187722.485199999064207 ], [ -11055884.6493, 2187847.323100000619888 ], [ -11055836.7698, 2187901.91780000180006 ], [ -11055821.1649, 2188021.812899999320507 ], [ -11055776.4123, 2188188.651700001209974 ], [ -11055786.2151, 2188366.820700000971556 ], [ -11055834.3329, 2188447.753699999302626 ], [ -11055881.5613, 2188652.975400000810623 ], [ -11055871.1195, 2188776.307199999690056 ], [ -11055828.6055, 2188837.2982 ], [ -11055777.0545, 2189097.215599998831749 ], [ -11055868.6105, 2189212.170400001108646 ], [ -11055882.3617, 2189310.854499999433756 ], [ -11055922.8487, 2189416.062899999320507 ], [ -11055931.5249, 2189510.116399999707937 ], [ -11055920.59, 2189576.841699998825788 ], [ -11055930.0064, 2189610.176100000739098 ], [ -11055912.8298, 2189656.758099999278784 ], [ -11055935.0225, 2189708.563000001013279 ], [ -11055935.6972, 2189794.66270000115037 ], [ -11055892.464, 2189936.186599999666214 ], [ -11055858.2032, 2189983.635200001299381 ], [ -11055832.5207, 2190092.398200001567602 ], [ -11055794.6754, 2190190.610599998384714 ], [ -11055800.651, 2190214.503100000321865 ], [ -11055851.072, 2190273.416799999773502 ], [ -11055851.9749, 2190294.513000000268221 ], [ -11055781.4729, 2190350.932500001043081 ], [ -11055711.1635, 2190439.784499999135733 ], [ -11055660.7958, 2190459.439399998635054 ], [ -11055629.5719, 2190450.733600001782179 ], [ -11055582.6707, 2190458.0077 ], [ -11055569.6763, 2190517.3147 ], [ -11055571.0678, 2190650.015599999576807 ], [ -11055539.8672, 2190711.83219999819994 ], [ -11055483.1779, 2190770.350999999791384 ], [ -11055458.8656, 2190780.929999999701977 ], [ -11055371.8549, 2190779.803599998354912 ], [ -11055358.2329, 2190799.918099999427795 ], [ -11055392.5349, 2190904.927799999713898 ], [ -11055386.7417, 2190942.824700001627207 ], [ -11055353.5918, 2191042.523699998855591 ], [ -11055313.6093, 2191090.762899998575449 ], [ -11055286.9015, 2191102.374299999326468 ], [ -11055221.9813, 2191085.512899998575449 ], [ -11055185.0508, 2191167.53770000115037 ], [ -11055155.7548, 2191181.985599998384714 ], [ -11055074.2723, 2191087.683400001376867 ], [ -11055064.2936, 2191017.904599998146296 ], [ -11055073.993, 2190931.710099998861551 ], [ -11055041.1126, 2190894.533900000154972 ], [ -11055004.1545, 2190889.183499999344349 ], [ -11054934.1757, 2190929.481899999082088 ], [ -11054898.9174, 2190965.99379999935627 ], [ -11054848.2392, 2191100.598000001162291 ], [ -11054844.6381, 2191216.504700001329184 ], [ -11054806.9086, 2191227.964000001549721 ], [ -11054734.8581, 2191141.982999999076128 ], [ -11054708.2161, 2191133.722600001841784 ], [ -11054683.0789, 2191142.899300001561642 ], [ -11054585.2258, 2191357.147399999201298 ], [ -11054503.0909, 2191399.328200001269579 ], [ -11054409.7551, 2191587.592099998146296 ], [ -11054392.9881, 2191602.557 ], [ -11054372.8895, 2191600.084600001573563 ], [ -11054333.4667, 2191559.952599998563528 ], [ -11054216.0269, 2191410.027699999511242 ], [ -11054187.4378, 2191401.333200000226498 ], [ -11054169.04, 2191409.750399999320507 ], [ -11054166.3919, 2191627.594300001859665 ], [ -11054146.784, 2191727.968499999493361 ], [ -11054080.0024, 2191756.969200000166893 ], [ -11054033.8938, 2191885.992400001734495 ], [ -11054029.5379, 2191936.230500001460314 ], [ -11054107.1921, 2192184.137600000947714 ], [ -11054152.1174, 2192282.385400000959635 ], [ -11054165.567, 2192377.378899998962879 ], [ -11054226.4152, 2192447.212000001221895 ], [ -11054213.6168, 2192481.438400000333786 ], [ -11054175.0045, 2192484.327399998903275 ], [ -11054164.5317, 2192495.761300001293421 ], [ -11054142.8088, 2192607.131499998271465 ], [ -11054099.8451, 2192672.326900001615286 ], [ -11054081.0866, 2192821.720100000500679 ], [ -11054084.3738, 2192913.097300000488758 ], [ -11054063.8732, 2192923.132500000298023 ], [ -11054044.1172, 2192918.629999998956919 ], [ -11054004.0847, 2192871.012699998915195 ], [ -11053982.569, 2192824.981899999082088 ], [ -11053922.8503, 2192787.270199999213219 ], [ -11053897.2936, 2192727.100699998438358 ], [ -11053879.8111, 2192640.063000001013279 ], [ -11053820.5087, 2192551.114 ], [ -11053702.4399, 2192511.609499998390675 ], [ -11053662.4997, 2192486.069699998944998 ], [ -11053624.8447, 2192424.425299998372793 ], [ -11053641.8699, 2192338.215700000524521 ], [ -11053631.5149, 2192320.374600000679493 ], [ -11053594.0525, 2192316.715399999171495 ], [ -11053520.8856, 2192359.80970000103116 ], [ -11053498.624, 2192346.358899999409914 ], [ -11053451.7274, 2192283.732500001788139 ], [ -11053421.613, 2192293.985599998384714 ], [ -11053399.4317, 2192342.375399999320507 ], [ -11053330.7509, 2192509.358800001442432 ], [ -11053308.959, 2192633.043099999427795 ], [ -11053262.1715, 2192709.842599999159575 ], [ -11053178.2776, 2192762.579199999570847 ], [ -11053025.3982, 2192795.116999998688698 ], [ -11052975.969, 2192818.813499998301268 ], [ -11052962.4883, 2192843.269799999892712 ], [ -11052960.8686, 2192884.372999999672174 ], [ -11052986.885, 2192920.344999998807907 ], [ -11053070.9178, 2192970.463300000876188 ], [ -11053106.0758, 2193143.584100000560284 ], [ -11053096.37, 2193241.142900001257658 ], [ -11052999.3427, 2193431.532999999821186 ], [ -11053001.1796, 2193479.994100000709295 ], [ -11053063.5818, 2193643.69370000064373 ], [ -11053052.9864, 2193727.44200000166893 ], [ -11052928.6849, 2193920.403799999505281 ], [ -11052882.9225, 2194028.002599999308586 ], [ -11052851.7152, 2194074.552799999713898 ], [ -11052725.5825, 2194216.64130000025034 ], [ -11052685.1391, 2194237.176699999719858 ], [ -11052659.5043, 2194224.002700001001358 ], [ -11052651.4994, 2194188.245400000363588 ], [ -11052730.8591, 2193982.850400000810623 ], [ -11052725.5257, 2193905.87220000103116 ], [ -11052675.7626, 2193853.208099998533726 ], [ -11052568.2692, 2193800.379999998956919 ], [ -11052544.7272, 2193799.824400000274181 ], [ -11052624.206, 2193891.466899998486042 ], [ -11052635.7576, 2193923.689300000667572 ], [ -11052633.6871, 2193962.437899999320507 ], [ -11052499.1342, 2194249.738499999046326 ], [ -11052369.063, 2194566.34910000115633 ], [ -11052350.25, 2194590.38060000166297 ], [ -11052297.5055, 2194613.109400000423193 ], [ -11052223.7276, 2194605.914299998432398 ], [ -11052166.3522, 2194583.636 ], [ -11052064.2658, 2194511.128899998962879 ], [ -11052003.5465, 2194482.037799999117851 ], [ -11051854.4586, 2194437.453299999237061 ], [ -11051822.4954, 2194444.089299999177456 ], [ -11051805.9444, 2194470.334800001233816 ], [ -11051805.0828, 2194563.942400000989437 ], [ -11051823.2279, 2194596.997699998319149 ], [ -11051916.9088, 2194653.433200001716614 ], [ -11051927.7591, 2194703.875700000673532 ], [ -11051833.9936, 2194694.139199998229742 ], [ -11051759.8493, 2194726.885600000619888 ], [ -11051710.8609, 2194723.979899998754263 ], [ -11051631.8631, 2194739.23759999871254 ], [ -11051500.704, 2194807.269200000911951 ], [ -11051154.977, 2194953.57039999961853 ], [ -11050945.0984, 2195067.890099998563528 ], [ -11050763.3706, 2195144.164900001138449 ], [ -11050683.6827, 2195193.153099998831749 ], [ -11050628.8208, 2195244.279800001531839 ], [ -11050544.1292, 2195224.825300000607967 ], [ -11050509.629, 2195229.539599999785423 ], [ -11050423.678, 2195327.167899999767542 ], [ -11050326.9037, 2195487.323899999260902 ], [ -11050226.6324, 2195487.92680000141263 ], [ -11050191.8798, 2195537.163699999451637 ], [ -11050126.6778, 2195558.355099998414516 ], [ -11050111.8299, 2195620.911899998784065 ], [ -11050096.8396, 2195632.52479999884963 ], [ -11050059.8692, 2195623.763599999248981 ], [ -11050044.8645, 2195633.009799998253584 ], [ -11050034.1711, 2195709.6985 ], [ -11049954.5656, 2195732.371100001037121 ], [ -11049928.363, 2195800.095899999141693 ], [ -11049913.3962, 2195813.723999999463558 ], [ -11049894.6676, 2195819.296500001102686 ], [ -11049852.1927, 2195795.404699999839067 ], [ -11049822.3611, 2195797.368299998342991 ], [ -11049791.1061, 2195826.001299999654293 ], [ -11049669.9625, 2195855.144999999552965 ], [ -11049636.4555, 2195894.2516999989748 ], [ -11049595.2182, 2195895.3169 ], [ -11049461.0595, 2195957.412300001829863 ], [ -11049458.478, 2195970.842300001531839 ], [ -11049469.2348, 2195976.287200000137091 ], [ -11049536.13, 2195947.394400000572205 ], [ -11049609.1844, 2195958.221700001507998 ], [ -11049679.1666, 2195922.761999998241663 ], [ -11049698.6598, 2195930.367199998348951 ], [ -11049636.1339, 2195975.142799999564886 ], [ -11049550.2052, 2195989.703000001609325 ], [ -11049486.6707, 2196075.604299999773502 ], [ -11049375.1618, 2196152.203099999576807 ], [ -11049373.1049, 2196173.841299999505281 ], [ -11049389.0782, 2196194.329199999570847 ], [ -11049471.0369, 2196182.419599998742342 ], [ -11049498.1589, 2196207.007500000298023 ], [ -11049504.3082, 2196246.526599999517202 ], [ -11049491.2747, 2196295.878400001674891 ], [ -11049489.0086, 2196395.768100000917912 ], [ -11049555.0111, 2196682.793400000780821 ], [ -11049689.2143, 2197430.362100001424551 ], [ -11049712.9018, 2197489.506700001657009 ], [ -11049794.8109, 2197563.062899999320507 ], [ -11049887.3206, 2197617.723200000822544 ], [ -11050140.9177, 2197701.663499999791384 ], [ -11050333.3145, 2197784.592999998480082 ], [ -11050304.8692, 2197833.636100001633167 ], [ -11050290.9883, 2197919.673099998384714 ], [ -11050328.4094, 2198195.502999998629093 ], [ -11050321.0692, 2198287.658700000494719 ], [ -11050218.799, 2198570.450100000947714 ], [ -11050137.5969, 2198752.211399998515844 ], [ -11050184.0171, 2198786.610800001770258 ], [ -11050248.7594, 2198738.012600000947714 ], [ -11050284.5821, 2198631.283300001174212 ], [ -11050373.8447, 2198469.0647 ], [ -11050453.8078, 2198403.154399998486042 ], [ -11050511.5002, 2198394.382500000298023 ], [ -11050586.6264, 2198435.761999998241663 ], [ -11050533.6083, 2198499.949499998241663 ], [ -11050493.8149, 2198595.836300000548363 ], [ -11050488.5706, 2198658.779500000178814 ], [ -11050505.5079, 2198759.666700001806021 ], [ -11050661.1402, 2198716.658399999141693 ], [ -11050703.7754, 2198856.463500000536442 ], [ -11050683.3195, 2198916.505800001323223 ], [ -11050632.8495, 2198952.278200000524521 ], [ -11050540.5602, 2198966.936000000685453 ], [ -11050444.1182, 2198941.870200000703335 ], [ -11050416.1358, 2198944.159600000828505 ], [ -11050380.4401, 2198970.277800001204014 ], [ -11050337.2674, 2199037.896099999547005 ], [ -11050295.1386, 2199066.840700000524521 ], [ -11049935.2303, 2199131.0810999982059 ], [ -11049723.326, 2199235.428199999034405 ], [ -11049639.0983, 2199295.911899998784065 ], [ -11049228.5864, 2199680.587499998509884 ], [ -11048495.6422, 2200178.681499999016523 ], [ -11048198.152, 2200429.224800001829863 ], [ -11048202.0772, 2200471.956599999219179 ], [ -11048235.8596, 2200525.91780000180006 ], [ -11048273.6345, 2200633.158100001513958 ], [ -11048295.4976, 2200954.654699999839067 ], [ -11048215.9632, 2201126.106499999761581 ], [ -11048120.3975, 2201220.344799999147654 ], [ -11048096.13, 2201324.519400000572205 ], [ -11048109.7277, 2201375.680399999022484 ], [ -11048129.4877, 2201399.870200000703335 ], [ -11048197.4392, 2201414.603300001472235 ], [ -11048235.7943, 2201410.538699999451637 ], [ -11048337.3747, 2201323.554000001400709 ], [ -11048376.1515, 2201310.706000000238419 ], [ -11048444.2614, 2201334.8092 ], [ -11048529.0869, 2201342.445000000298023 ], [ -11048623.7584, 2201314.770100001245737 ], [ -11048744.0693, 2201322.330200001597404 ], [ -11048780.5799, 2201327.916999999433756 ], [ -11048896.5628, 2201458.836100000888109 ], [ -11048988.7016, 2201521.998500000685453 ], [ -11049005.6492, 2201515.166600000113249 ], [ -11049008.0692, 2201492.105900000780821 ], [ -11048944.5636, 2201395.693599998950958 ], [ -11048953.9734, 2201376.130199998617172 ], [ -11048998.2117, 2201343.870299998670816 ], [ -11049122.9798, 2201307.807199999690056 ], [ -11049202.2104, 2201244.4835 ], [ -11049391.8529, 2201225.633099999278784 ], [ -11049438.4524, 2201192.645500000566244 ], [ -11049489.3356, 2201213.105900000780821 ], [ -11049525.3896, 2201344.265900000929832 ], [ -11049531.067, 2201415.341299999505281 ], [ -11049166.8176, 2201675.079999998211861 ], [ -11049092.1511, 2201763.457899998873472 ], [ -11049043.9608, 2201930.227000001817942 ], [ -11049039.086, 2201985.001200001686811 ], [ -11049061.141, 2202129.361900001764297 ], [ -11049041.4273, 2202265.082400001585484 ], [ -11049061.064, 2202323.784200001507998 ], [ -11049057.9503, 2202390.523299999535084 ], [ -11049105.9948, 2202508.13399999961257 ], [ -11049131.6205, 2202506.844200000166893 ], [ -11049128.8788, 2202385.783599998801947 ], [ -11049202.2794, 2202171.478900000452995 ], [ -11049236.3989, 2202137.459499999880791 ], [ -11049376.037, 2202384.677799999713898 ], [ -11049377.0143, 2202451.170299999415874 ], [ -11049350.6148, 2202554.396699998527765 ], [ -11049325.3832, 2202592.205600000917912 ], [ -11049316.3697, 2202658.685899998992682 ], [ -11049364.4941, 2202648.706999998539686 ], [ -11049441.9003, 2202528.963899999856949 ], [ -11049486.4703, 2202294.822000000625849 ], [ -11049469.5932, 2202259.149900000542402 ], [ -11049558.2414, 2202150.249499998986721 ], [ -11049673.8765, 2202081.581300001591444 ], [ -11049699.5847, 2202044.884500000625849 ], [ -11049734.7116, 2201910.0135000012815 ], [ -11049730.0217, 2201833.089699998497963 ], [ -11049714.2022, 2201780.097899999469519 ], [ -11049726.895, 2201736.96169999986887 ], [ -11049745.7911, 2201733.689399998635054 ], [ -11049748.171, 2201695.488899998366833 ], [ -11049763.9612, 2201668.897399999201298 ], [ -11049763.8956, 2201613.129599999636412 ], [ -11050074.1056, 2201399.962499998509884 ], [ -11050095.4598, 2201354.901399999856949 ], [ -11050140.6194, 2201346.204999998211861 ], [ -11050141.4638, 2201283.377500001341105 ], [ -11050240.608, 2201283.436900001019239 ], [ -11050239.4119, 2201229.4824 ], [ -11050363.4348, 2201150.750399999320507 ], [ -11050391.8135, 2201181.419700000435114 ], [ -11050480.9445, 2201195.370299998670816 ], [ -11050497.9492, 2201158.286800000816584 ], [ -11050627.6807, 2201067.114900000393391 ], [ -11050643.4057, 2201025.142000000923872 ], [ -11050637.93, 2200951.6393 ], [ -11050710.7508, 2200919.508200000971556 ], [ -11050956.6347, 2200868.392799999564886 ], [ -11050994.8462, 2200833.168600000441074 ], [ -11051043.7398, 2200621.563700001686811 ], [ -11051086.915, 2200580.623199999332428 ], [ -11051096.0755, 2200556.640799999237061 ], [ -11051361.49, 2200338.959100000560284 ], [ -11051358.5568, 2200384.994600001722574 ], [ -11051701.206, 2200107.268800001591444 ], [ -11051802.9525, 2199993.915600001811981 ], [ -11051996.4019, 2199900.442600000649691 ], [ -11052114.1334, 2199891.929699998348951 ], [ -11052166.1587, 2199778.204300001263618 ], [ -11052218.844, 2199723.646600000560284 ], [ -11052223.3167, 2199687.067099999636412 ], [ -11052270.061, 2199701.645700000226498 ], [ -11052295.5887, 2199698.038499999791384 ], [ -11052338.4678, 2199621.386599998921156 ], [ -11052360.5437, 2199614.245099999010563 ], [ -11052363.6462, 2199490.141600001603365 ], [ -11052430.075, 2199446.707699999213219 ], [ -11052433.2363, 2199306.047400001436472 ], [ -11052511.0643, 2199305.391100000590086 ], [ -11052652.6349, 2199334.729299999773502 ], [ -11052695.4439, 2199229.399500001221895 ], [ -11052761.3483, 2199149.753499999642372 ], [ -11052864.6183, 2199158.630899999290705 ], [ -11052880.5559, 2199135.830699998885393 ], [ -11052980.5844, 2199138.888000000268221 ], [ -11052997.8767, 2199055.667100001126528 ], [ -11053031.3115, 2199020.695000000298023 ], [ -11053043.1214, 2198957.715399999171495 ], [ -11053095.1666, 2198958.208700001239777 ], [ -11053141.0247, 2198933.69029999896884 ], [ -11053272.161, 2198772.474500000476837 ], [ -11053292.4756, 2198688.625100001692772 ], [ -11053345.2034, 2198563.601399999111891 ], [ -11053443.3839, 2198530.258600000292063 ], [ -11053534.2151, 2198437.347800001502037 ], [ -11053744.0836, 2198477.079 ], [ -11053793.5727, 2198466.571400001645088 ], [ -11053851.6046, 2198414.040899999439716 ], [ -11053916.3182, 2198253.032499998807907 ], [ -11054162.5334, 2198510.879599999636412 ], [ -11054136.3345, 2198558.224199999123812 ], [ -11054124.1383, 2198619.1587999984622 ], [ -11054132.652, 2198754.996300000697374 ], [ -11054153.4977, 2198809.729400001466274 ], [ -11054198.7791, 2199127.300200000405312 ], [ -11054241.2229, 2199225.546900000423193 ], [ -11054171.1584, 2199382.126499999314547 ], [ -11054413.2094, 2199470.181099999696016 ], [ -11054582.6187, 2199352.578499998897314 ], [ -11054707.4814, 2198971.018699999898672 ], [ -11054889.8158, 2198730.443 ], [ -11055058.5641, 2198733.234999999403954 ], [ -11055217.3212, 2198594.3293999992311 ], [ -11055482.3461, 2198599.177000001072884 ], [ -11055562.5852, 2198463.758299998939037 ], [ -11055642.7275, 2198220.619800001382828 ], [ -11055738.6149, 2198061.063099998980761 ], [ -11055902.455, 2198110.405499998480082 ], [ -11055985.5081, 2198042.32209999859333 ], [ -11056034.6959, 2197935.107900001108646 ], [ -11056042.3499, 2197856.708999998867512 ], [ -11056200.9282, 2197793.179299999028444 ], [ -11056329.6322, 2197418.640700001269579 ], [ -11056044.1055, 2197148.750500001013279 ], [ -11056157.4508, 2197086.420099999755621 ], [ -11056263.8793, 2197096.67339999973774 ], [ -11056335.5688, 2197153.740499999374151 ], [ -11056498.8536, 2197208.275600001215935 ], [ -11056617.6011, 2197170.135200001299381 ], [ -11056670.7777, 2197124.699700001627207 ], [ -11056772.3934, 2196943.395799998193979 ], [ -11056812.7176, 2196897.280200000852346 ], [ -11056814.5098, 2196861.320900000631809 ], [ -11056887.6913, 2196776.465999998152256 ], [ -11056902.6715, 2196728.313099998980761 ], [ -11056963.3794, 2196619.597600001841784 ], [ -11057079.0786, 2196674.113200001418591 ], [ -11057105.4289, 2196663.459100000560284 ], [ -11057109.5033, 2196615.433499999344349 ], [ -11057196.3069, 2196551.253499999642372 ], [ -11057234.1342, 2196434.715199999511242 ], [ -11057214.3062, 2196349.398800000548363 ], [ -11057237.1756, 2196228.426600001752377 ], [ -11057178.7773, 2196125.86939999833703 ], [ -11057219.92, 2195938.235500000417233 ], [ -11057201.4977, 2195904.280000001192093 ], [ -11057192.1736, 2195811.121300000697374 ], [ -11057231.2421, 2195719.003800000995398 ], [ -11057240.4897, 2195670.147799998521805 ], [ -11057172.6892, 2195620.369300000369549 ], [ -11057334.6783, 2195198.0066 ], [ -11057401.8104, 2195123.063400000333786 ], [ -11057439.2005, 2195014.051199998706579 ], [ -11057493.255, 2194980.12220000103116 ], [ -11057497.532, 2194864.102899998426437 ], [ -11057528.0812, 2194820.966400001198053 ], [ -11057552.9534, 2194746.28319999948144 ], [ -11057547.9562, 2194609.268300000578165 ], [ -11057578.1918, 2194411.319699998944998 ], [ -11057621.829, 2194241.894400000572205 ], [ -11057676.1394, 2194111.836599998176098 ], [ -11057792.7187, 2193896.509199999272823 ], [ -11060326.9926, 2191075.506799999624491 ], [ -11060289.8565, 2190525.703400000929832 ], [ -11059589.7707, 2189915.048900000751019 ], [ -11059980.7814, 2189981.648800000548363 ], [ -11059916.8884, 2189821.897199999541044 ], [ -11059731.2119, 2189694.3695 ], [ -11059757.5089, 2189598.390099998563528 ], [ -11059808.9597, 2189596.9831000007689 ], [ -11059860.1154, 2189579.726599998772144 ], [ -11059977.8671, 2189507.755199998617172 ], [ -11060096.3588, 2189496.444200001657009 ], [ -11059990.0843, 2189336.784099999815226 ], [ -11061252.7648, 2187666.197500001639128 ], [ -11060918.5512, 2187427.104699999094009 ], [ -11059392.5636, 2187217.082299999892712 ], [ -11059314.5041, 2187106.909299999475479 ], [ -11059179.1741, 2186988.438700001686811 ], [ -11059162.9571, 2186904.207600001245737 ], [ -11059128.9568, 2186845.113200001418591 ], [ -11058999.9252, 2186688.091499999165535 ], [ -11058866.8539, 2186616.98589999973774 ], [ -11058818.8152, 2186578.70719999819994 ], [ -11058650.9833, 2186525.246800001710653 ], [ -11058582.7422, 2186490.279599998146296 ], [ -11058384.6948, 2186478.410500001162291 ], [ -11058214.3714, 2186047.143100000917912 ], [ -11058462.32, 2185529.823399998247623 ], [ -11058624.8097, 2184645.041799999773502 ], [ -11058708.4997, 2184101.434500001370907 ], [ -11058738.811, 2183344.842500001192093 ], [ -11057456.4672, 2182969.067800000309944 ], [ -11056999.8479, 2182335.969999998807907 ] ] ] } },
{ "type": "Feature", "properties": { "OBJECTID": 277, "ID": "09005", "NAME": "Gustavo A. Madero", "TOTPOP_CY": 1202245, "AREA": 87.91, "Shape__Area": 99462975.545287877, "Shape__Length": 60164.132890600522, "metro_only_count": 1830.0, "bus_only_count": 3891.0, "bus_metro_count": 2660.0, "n_cat": "6", "label_range": "332 – 1830" }, "geometry": { "type": "Polygon", "coordinates": [ [ [ -11027563.1418, 2207373.433299999684095 ], [ -11026481.0218, 2207802.162599999457598 ], [ -11026292.2561, 2208009.823899999260902 ], [ -11026924.1714, 2209553.411400001496077 ], [ -11027248.0275, 2210307.19370000064373 ], [ -11027682.905, 2211366.252500001341105 ], [ -11027642.3881, 2211509.1316 ], [ -11027710.6625, 2211526.872900001704693 ], [ -11027673.6431, 2211680.148899998515844 ], [ -11027816.2502, 2211713.519400000572205 ], [ -11027848.9792, 2211747.255899999290705 ], [ -11028182.6917, 2212585.725400000810623 ], [ -11028198.4724, 2212602.988899998366833 ], [ -11027969.4325, 2213194.541499998420477 ], [ -11027738.734, 2213747.957600001245737 ], [ -11029225.1642, 2214350.9331 ], [ -11030136.7061, 2214775.183299999684095 ], [ -11030676.8795, 2215004.474300000816584 ], [ -11031472.0535, 2215383.905000001192093 ], [ -11031827.0468, 2215291.3816 ], [ -11032143.4431, 2215225.05460000038147 ], [ -11032375.5436, 2215111.904100000858307 ], [ -11032421.838, 2215059.730999998748302 ], [ -11032454.4178, 2215101.862300001084805 ], [ -11032511.7775, 2215125.711399998515844 ], [ -11032545.4904, 2215094.220100000500679 ], [ -11032574.6475, 2215035.949099998921156 ], [ -11032611.5197, 2215194.38740000128746 ], [ -11032634.1242, 2215127.771200001239777 ], [ -11032723.9646, 2215131.171300001442432 ], [ -11032760.5289, 2215204.284200001507998 ], [ -11032811.6233, 2215109.994699999690056 ], [ -11032863.3657, 2215127.293999999761581 ], [ -11032900.5452, 2215196.1587999984622 ], [ -11032940.3341, 2215211.699700001627207 ], [ -11033365.3298, 2215198.434399999678135 ], [ -11033534.7201, 2215433.569600000977516 ], [ -11033640.8244, 2215455.432700000703335 ], [ -11034100.8854, 2215816.211800001561642 ], [ -11034575.2914, 2216313.238499999046326 ], [ -11034644.5443, 2216396.887600000947714 ], [ -11034809.9495, 2216734.6129 ], [ -11034878.9931, 2216789.3596 ], [ -11034898.9248, 2216948.830299999564886 ], [ -11034809.2326, 2217637.3614999987185 ], [ -11034808.0916, 2218035.801399998366833 ], [ -11035165.0865, 2218154.792199999094009 ], [ -11034894.8248, 2218544.552299998700619 ], [ -11034653.8184, 2218810.274599999189377 ], [ -11034457.0177, 2219092.210499998182058 ], [ -11034292.1603, 2219259.52760000154376 ], [ -11034208.2008, 2219428.377999998629093 ], [ -11034103.2254, 2219695.210999999195337 ], [ -11033818.7351, 2220055.894200000911951 ], [ -11033500.5106, 2220274.958099998533726 ], [ -11033511.3275, 2220584.543800000101328 ], [ -11032662.916, 2221556.606800001114607 ], [ -11033077.1169, 2222010.086599998176098 ], [ -11033204.8583, 2222602.556699998676777 ], [ -11033393.6728, 2223317.907200001180172 ], [ -11033643.5205, 2223512.656100001186132 ], [ -11033831.8095, 2223869.1404 ], [ -11033752.8039, 2224593.513599999248981 ], [ -11033928.0619, 2224758.898600000888109 ], [ -11034400.4876, 2224849.326900001615286 ], [ -11034766.3401, 2224347.197700001299381 ], [ -11035180.1936, 2224186.722100000828505 ], [ -11035519.7781, 2224079.682900000363588 ], [ -11035519.6557, 2223919.520399998873472 ], [ -11035981.0339, 2223476.041600000113249 ], [ -11036118.7694, 2223160.9529 ], [ -11036166.2426, 2222797.898400001227856 ], [ -11036622.3232, 2222418.495000001043081 ], [ -11036744.248, 2222258.242600001394749 ], [ -11036860.7918, 2222012.583000000566244 ], [ -11036881.7387, 2221676.260000001639128 ], [ -11036971.8262, 2221526.716099999845028 ], [ -11037215.6994, 2221259.60249999910593 ], [ -11037236.8891, 2221216.880100000649691 ], [ -11037427.7697, 2221040.559300001710653 ], [ -11037507.4544, 2221141.910700000822544 ], [ -11037640.1761, 2221211.186999998986721 ], [ -11037698.5043, 2221163.091899998486042 ], [ -11037799.3085, 2221141.65089999884367 ], [ -11038011.4367, 2220997.332899998873472 ], [ -11038228.7011, 2220666.184300001710653 ], [ -11038223.3032, 2220564.770300000905991 ], [ -11038191.4081, 2220500.745099999010563 ], [ -11038170.086, 2220394.010099999606609 ], [ -11038228.3115, 2220233.824299998581409 ], [ -11038540.8945, 2219710.441300000995398 ], [ -11038449.0559, 2219692.368700001388788 ], [ -11038404.8263, 2219705.54839999973774 ], [ -11038352.5743, 2219703.522399999201298 ], [ -11038371.7078, 2219677.290699999779463 ], [ -11038276.9027, 2219658.489199999719858 ], [ -11038289.956, 2219599.334100000560284 ], [ -11037448.2817, 2219188.888099998235703 ], [ -11037784.7958, 2218625.959199998527765 ], [ -11038223.074, 2218060.026399999856949 ], [ -11038275.2284, 2217898.443900000303984 ], [ -11037978.4249, 2217723.565200001001358 ], [ -11038284.7172, 2217300.402199998497963 ], [ -11038084.2754, 2217209.798300001770258 ], [ -11038310.3675, 2217110.995099999010563 ], [ -11038347.0484, 2217069.548300001770258 ], [ -11039294.8047, 2217346.810499999672174 ], [ -11039818.0304, 2217537.919300001114607 ], [ -11040105.3921, 2217657.140000000596046 ], [ -11040223.0946, 2217675.795299999415874 ], [ -11040260.724, 2217519.921100001782179 ], [ -11040252.8292, 2217511.203000001609325 ], [ -11040338.2302, 2217355.989199999719858 ], [ -11040238.9154, 2217302.251800000667572 ], [ -11040150.6802, 2217446.481699999421835 ], [ -11039706.1069, 2217103.230399999767542 ], [ -11040069.3902, 2216734.3092 ], [ -11040019.4724, 2216663.512600000947714 ], [ -11039549.7452, 2216496.95549999922514 ], [ -11038771.9047, 2216013.429299999028444 ], [ -11038126.9097, 2214228.620200000703335 ], [ -11038101.1569, 2214213.074099998921156 ], [ -11037296.3556, 2211912.825899999588728 ], [ -11036568.8719, 2209883.000100001692772 ], [ -11036554.3624, 2209810.956000000238419 ], [ -11036561.425, 2209766.771499998867512 ], [ -11036478.1889, 2209835.974599998444319 ], [ -11036429.4566, 2209856.701400000602007 ], [ -11036397.9964, 2209853.7060999982059 ], [ -11036349.3276, 2209814.670499999076128 ], [ -11036304.1808, 2209801.026599999517202 ], [ -11036127.8833, 2209781.016399998217821 ], [ -11035528.3954, 2209754.821800000965595 ], [ -11035472.5596, 2209742.151999998837709 ], [ -11034828.4664, 2209349.354899998754263 ], [ -11033683.9161, 2208940.828000001609325 ], [ -11033130.6204, 2208477.164200000464916 ], [ -11033054.5391, 2208425.980599999427795 ], [ -11032757.3851, 2208311.175999999046326 ], [ -11032751.3115, 2208328.27250000089407 ], [ -11032731.3875, 2208320.560899998992682 ], [ -11032712.493, 2208313.192800000309944 ], [ -11032718.1062, 2208292.343199998140335 ], [ -11031913.6324, 2207981.637499999254942 ], [ -11031812.8802, 2207968.082100000232458 ], [ -11031728.0526, 2207981.761199999600649 ], [ -11031175.7419, 2208195.834800001233816 ], [ -11031086.426, 2208198.083799999207258 ], [ -11031006.7692, 2208177.356300000101328 ], [ -11030862.7197, 2208056.561900001019239 ], [ -11030418.4489, 2207617.294399999082088 ], [ -11030373.5861, 2207564.680100001394749 ], [ -11030331.7879, 2207488.693399999290705 ], [ -11029632.747, 2208007.010099999606609 ], [ -11029459.582, 2207964.28660000115633 ], [ -11029323.4502, 2207958.579700000584126 ], [ -11028265.6245, 2207572.431499999016523 ], [ -11028209.0945, 2207567.753100000321865 ], [ -11028130.7067, 2207592.041400000452995 ], [ -11027563.1418, 2207373.433299999684095 ] ] ] } },
{ "type": "Feature", "properties": { "OBJECTID": 278, "ID": "09006", "NAME": "Iztacalco", "TOTPOP_CY": 414661, "AREA": 23.1, "Shape__Area": 26095772.087263785, "Shape__Length": 29065.671851400195, "metro_only_count": 728.0, "bus_only_count": 1113.0, "bus_metro_count": 970.0, "n_cat": "6", "label_range": "332 – 1830" }, "geometry": { "type": "Polygon", "coordinates": [ [ [ -11034274.3496, 2199499.491399999707937 ], [ -11034276.5789, 2199758.660399999469519 ], [ -11034263.6113, 2200014.2665 ], [ -11033558.4412, 2199968.4276 ], [ -11032581.1127, 2199835.560199998319149 ], [ -11032392.3541, 2199821.806400001049042 ], [ -11031900.7473, 2199754.522399999201298 ], [ -11031314.7214, 2199695.632199998944998 ], [ -11031277.036, 2199678.914099998772144 ], [ -11030514.9116, 2200951.461199998855591 ], [ -11030288.5016, 2200914.887699998915195 ], [ -11030266.5701, 2200913.114 ], [ -11030261.6788, 2200924.292300000786781 ], [ -11030081.3945, 2200867.455899998545647 ], [ -11030045.4073, 2200844.4199 ], [ -11029982.4276, 2201209.893699999898672 ], [ -11029884.6499, 2201167.860100001096725 ], [ -11028017.37, 2200143.652800001204014 ], [ -11027403.2014, 2200031.688000001013279 ], [ -11027365.5429, 2200345.925299998372793 ], [ -11027194.8715, 2201408.451099999248981 ], [ -11027115.9049, 2202173.353399999439716 ], [ -11027100.9333, 2202171.4391999989748 ], [ -11026908.1292, 2204152.855700001120567 ], [ -11026839.7123, 2204699.78830000013113 ], [ -11026868.525, 2204710.808699999004602 ], [ -11026906.6664, 2204649.416799999773502 ], [ -11026955.3907, 2204607.575300000607967 ], [ -11027077.4529, 2204551.727899998426437 ], [ -11028194.0317, 2204541.867499999701977 ], [ -11028282.0566, 2204522.079599998891354 ], [ -11028365.7875, 2204476.903000000864267 ], [ -11028413.1195, 2204432.229200001806021 ], [ -11028801.1768, 2203784.151200000196695 ], [ -11029235.9663, 2203094.438000001013279 ], [ -11029211.3983, 2203080.869899999350309 ], [ -11029262.6017, 2202993.894499998539686 ], [ -11029310.1198, 2202930.089699998497963 ], [ -11029339.272, 2202918.605799999088049 ], [ -11029560.412, 2202899.098499998450279 ], [ -11031329.9861, 2203162.424100000411272 ], [ -11031543.733, 2203164.991599999368191 ], [ -11031547.9856, 2203139.828400000929832 ], [ -11031725.9509, 2203114.699000000953674 ], [ -11033383.6269, 2202749.2635000012815 ], [ -11033855.4281, 2202737.63120000064373 ], [ -11034774.3052, 2202566.596999999135733 ], [ -11035077.8841, 2202471.437199998646975 ], [ -11035160.0528, 2202456.660700000822544 ], [ -11035267.9168, 2202454.567299999296665 ], [ -11035704.6095, 2202483.366900000721216 ], [ -11035728.9173, 2202473.7456 ], [ -11035773.4252, 2202430.051300000399351 ], [ -11035834.4562, 2202418.365899998694658 ], [ -11035900.6467, 2201992.165899999439716 ], [ -11035206.0397, 2201963.099899999797344 ], [ -11035216.2331, 2201700.497600000351667 ], [ -11035244.9212, 2201646.997699998319149 ], [ -11035265.5567, 2201561.63230000063777 ], [ -11035712.0125, 2199394.298799999058247 ], [ -11035704.9957, 2199408.372900001704693 ], [ -11035661.1654, 2199419.49720000103116 ], [ -11035563.254, 2199428.930599998682737 ], [ -11035067.7109, 2199375.673000000417233 ], [ -11034270.0019, 2199218.772300001233816 ], [ -11034274.3496, 2199499.491399999707937 ] ] ] } },
{ "type": "Feature", "properties": { "OBJECTID": 279, "ID": "09007", "NAME": "Iztapalapa", "TOTPOP_CY": 1880679, "AREA": 113.07, "Shape__Area": 127682375.66206762, "Shape__Length": 59240.954934360816, "metro_only_count": 1674.0, "bus_only_count": 7469.0, "bus_metro_count": 4285.0, "n_cat": "6", "label_range": "332 – 1830" }, "geometry": { "type": "Polygon", "coordinates": [ [ [ -11028306.9317, 2188513.746800001710653 ], [ -11028151.6146, 2188696.086399998515844 ], [ -11027623.0919, 2189261.348400000482798 ], [ -11027490.3935, 2189422.740600001066923 ], [ -11027482.6446, 2189591.298000000417233 ], [ -11027528.9034, 2189630.537999998778105 ], [ -11027545.5768, 2189677.385400000959635 ], [ -11027597.5753, 2189900.583399999886751 ], [ -11027602.883, 2189970.107799999415874 ], [ -11027709.8443, 2190131.583799999207258 ], [ -11027840.5789, 2190481.892299998551607 ], [ -11027687.2031, 2190958.6371 ], [ -11027294.4301, 2190811.866300001740456 ], [ -11026616.6402, 2191686.9901 ], [ -11026447.5147, 2191557.317299999296665 ], [ -11026243.3825, 2191816.426699999719858 ], [ -11026069.5115, 2191689.841099999845028 ], [ -11025826.9396, 2192018.356800001114607 ], [ -11025819.0515, 2192042.8260000012815 ], [ -11025729.1654, 2191943.264400001615286 ], [ -11025631.6763, 2191805.1206 ], [ -11025620.9508, 2191795.204999998211861 ], [ -11025602.9482, 2191818.067600000649691 ], [ -11025484.5119, 2191728.026200000196695 ], [ -11025280.4723, 2191988.55460000038147 ], [ -11025272.6544, 2191979.4375 ], [ -11025131.6259, 2192106.317499998956919 ], [ -11025036.2086, 2192020.519499998539686 ], [ -11024941.3027, 2192143.021600000560284 ], [ -11023519.5694, 2192569.127700001001358 ], [ -11020780.3186, 2193488.715999998152256 ], [ -11018388.5301, 2193371.452399998903275 ], [ -11018355.0452, 2193329.863099999725819 ], [ -11018470.8075, 2193196.516399998217821 ], [ -11018424.8448, 2193136.371599998325109 ], [ -11018242.9329, 2193107.553599998354912 ], [ -11018234.7779, 2193191.027399998158216 ], [ -11018217.3263, 2193194.735100001096725 ], [ -11018203.1676, 2193276.076299998909235 ], [ -11018172.3888, 2193270.661699999123812 ], [ -11018185.638, 2193236.11769999936223 ], [ -11018124.2165, 2193209.720400001853704 ], [ -11018113.4435, 2193263.595199998468161 ], [ -11018023.6559, 2193230.835200000554323 ], [ -11018015.4184, 2193149.216899998486042 ], [ -11017983.3215, 2193153.9956 ], [ -11017990.4761, 2193229.7533 ], [ -11017953.0671, 2193230.738400001078844 ], [ -11017882.6332, 2193312.930300001055002 ], [ -11017421.7371, 2193287.937800001353025 ], [ -11017333.7134, 2193228.479299999773502 ], [ -11017174.2567, 2193206.648899998515844 ], [ -11017097.9771, 2193322.252099998295307 ], [ -11016883.9014, 2193316.262699998915195 ], [ -11016906.6706, 2193396.636 ], [ -11016910.313, 2193466.809999998658895 ], [ -11016820.2423, 2193455.362199999392033 ], [ -11016812.7458, 2193469.73759999871254 ], [ -11016732.5791, 2193434.476199999451637 ], [ -11016719.2532, 2193498.589299999177456 ], [ -11016625.3207, 2193473.809000000357628 ], [ -11016611.5203, 2193520.36600000038743 ], [ -11016510.1719, 2193533.968800000846386 ], [ -11017771.4376, 2194655.7654 ], [ -11017899.999, 2194809.545099999755621 ], [ -11018159.2342, 2195257.1809 ], [ -11018268.8717, 2195394.655799999833107 ], [ -11019679.8166, 2196831.160700000822544 ], [ -11020023.6369, 2197147.058600001037121 ], [ -11020011.5183, 2197230.127300001680851 ], [ -11019981.1816, 2197253.966299999505281 ], [ -11019902.405, 2197411.55180000141263 ], [ -11019711.8092, 2198192.762499999254942 ], [ -11019716.7663, 2198246.6393 ], [ -11019732.2619, 2198262.879200000315905 ], [ -11021761.1189, 2199528.613099999725819 ], [ -11022808.3391, 2200110.520899999886751 ], [ -11026747.7945, 2202014.458599999547005 ], [ -11027115.9049, 2202173.353399999439716 ], [ -11027194.8715, 2201408.451099999248981 ], [ -11027365.5429, 2200345.925299998372793 ], [ -11027403.2014, 2200031.688000001013279 ], [ -11028017.37, 2200143.652800001204014 ], [ -11029884.6499, 2201167.860100001096725 ], [ -11029982.4276, 2201209.893699999898672 ], [ -11030045.4073, 2200844.4199 ], [ -11030081.3945, 2200867.455899998545647 ], [ -11030261.6788, 2200924.292300000786781 ], [ -11030266.5701, 2200913.114 ], [ -11030288.5016, 2200914.887699998915195 ], [ -11030514.9116, 2200951.461199998855591 ], [ -11031277.036, 2199678.914099998772144 ], [ -11031314.7214, 2199695.632199998944998 ], [ -11031900.7473, 2199754.522399999201298 ], [ -11032392.3541, 2199821.806400001049042 ], [ -11032581.1127, 2199835.560199998319149 ], [ -11033558.4412, 2199968.4276 ], [ -11034263.6113, 2200014.2665 ], [ -11034276.5789, 2199758.660399999469519 ], [ -11034270.0019, 2199218.772300001233816 ], [ -11035067.7109, 2199375.673000000417233 ], [ -11035563.254, 2199428.930599998682737 ], [ -11035704.9957, 2199408.372900001704693 ], [ -11036202.4985, 2197055.913699999451637 ], [ -11036196.0606, 2197002.582800000905991 ], [ -11035510.1359, 2196959.438700001686811 ], [ -11035425.603, 2196988.828899998217821 ], [ -11035337.9021, 2197047.830299999564886 ], [ -11035232.2467, 2197208.269499998539686 ], [ -11034208.3099, 2197090.391600001603365 ], [ -11034149.7394, 2196648.908599998801947 ], [ -11034074.4638, 2196403.664700001478195 ], [ -11034014.8734, 2196252.618299998342991 ], [ -11033772.099, 2195873.911499999463558 ], [ -11033587.6825, 2195524.996300000697374 ], [ -11033494.9535, 2195391.687399998307228 ], [ -11033372.942, 2195099.85249999910593 ], [ -11033309.7078, 2194692.324700001627207 ], [ -11033293.7301, 2194643.701400000602007 ], [ -11033201.4084, 2194460.189100001007318 ], [ -11033115.0145, 2194324.493200000375509 ], [ -11033054.8752, 2194259.461599998176098 ], [ -11032934.65, 2194186.381400000303984 ], [ -11032893.384, 2194144.962699998170137 ], [ -11032843.6865, 2193999.881700001657009 ], [ -11032644.2142, 2193676.606899999082088 ], [ -11032399.3226, 2193390.416600000113249 ], [ -11032227.541, 2193214.666600000113249 ], [ -11031891.7333, 2193010.225600000470877 ], [ -11031756.4033, 2192873.644099999219179 ], [ -11031683.4379, 2192776.988400001078844 ], [ -11031658.7073, 2192699.277899999171495 ], [ -11031628.0277, 2192700.063700001686811 ], [ -11031616.4314, 2192604.899599999189377 ], [ -11031593.305, 2192533.728300001472235 ], [ -11031610.7377, 2192524.228900000452995 ], [ -11031615.2059, 2192490.83049999922514 ], [ -11031506.6291, 2192313.719500001519918 ], [ -11031123.1646, 2191794.528000000864267 ], [ -11031103.5226, 2191805.937899999320507 ], [ -11030680.8959, 2191246.974500000476837 ], [ -11030622.9297, 2191187.800700001418591 ], [ -11030591.2203, 2191130.375100001692772 ], [ -11030418.5281, 2190916.160199999809265 ], [ -11030387.731, 2190840.319899998605251 ], [ -11030335.0205, 2190777.543800000101328 ], [ -11030235.5512, 2190713.21000000089407 ], [ -11030189.1808, 2190664.451499998569489 ], [ -11029934.857, 2190336.398899998515844 ], [ -11029887.8324, 2190247.085099998861551 ], [ -11029576.4607, 2189844.281100001186132 ], [ -11029315.0636, 2189518.381799999624491 ], [ -11029236.2861, 2189458.099899999797344 ], [ -11028971.9946, 2189073.0472999997437 ], [ -11028665.2082, 2188851.334100000560284 ], [ -11028306.9317, 2188513.746800001710653 ] ] ] } },
{ "type": "Feature", "properties": { "OBJECTID": 280, "ID": "09008", "NAME": "La Magdalena Contreras", "TOTPOP_CY": 253720, "AREA": 63.42, "Shape__Area": 71542358.923925251, "Shape__Length": 50421.381635136124, "metro_only_count": 12.0, "bus_only_count": 1149.0, "bus_metro_count": 362.0, "n_cat": "4", "label_range": "2 – 12" }, "geometry": { "type": "Polygon", "coordinates": [ [ [ -11052144.162, 2180035.893300000578165 ], [ -11052065.498, 2180038.938400000333786 ], [ -11052009.4208, 2180075.987500000745058 ], [ -11051915.4961, 2180114.766100000590086 ], [ -11051883.662, 2180103.714099999517202 ], [ -11051834.7571, 2180105.908100001513958 ], [ -11051729.1539, 2180145.897300001233816 ], [ -11051667.1222, 2180156.124099999666214 ], [ -11051503.0007, 2180231.627999998629093 ], [ -11051399.6349, 2180348.44819999858737 ], [ -11051380.6761, 2180432.871100001037121 ], [ -11051340.1491, 2180451.326499998569489 ], [ -11051199.7018, 2180561.9824 ], [ -11051171.7317, 2180628.853799998760223 ], [ -11051154.141, 2180636.738200001418591 ], [ -11051129.2911, 2180798.894299998879433 ], [ -11051148.5615, 2180977.027199998497963 ], [ -11051081.2234, 2181040.008299998939037 ], [ -11051018.6162, 2181068.13740000128746 ], [ -11050970.1811, 2181106.663199998438358 ], [ -11050936.7205, 2181168.192400000989437 ], [ -11050880.4151, 2181225.562399998307228 ], [ -11050788.6678, 2181291.145100001245737 ], [ -11050761.3513, 2181350.054000001400709 ], [ -11050628.7351, 2181383.735100001096725 ], [ -11050529.2023, 2181457.00279999896884 ], [ -11050489.6783, 2181513.431699998676777 ], [ -11050296.6692, 2181655.529199998825788 ], [ -11050158.0152, 2181693.560100000351667 ], [ -11050138.5464, 2181730.589999999850988 ], [ -11049992.6111, 2181855.921700000762939 ], [ -11049943.5079, 2181872.853100001811981 ], [ -11049845.3165, 2181930.463300000876188 ], [ -11049676.2978, 2181964.290300000458956 ], [ -11049569.6038, 2182017.057700000703335 ], [ -11049449.8506, 2182093.812600001692772 ], [ -11049309.7828, 2182244.982299998402596 ], [ -11049268.8686, 2182324.776299998164177 ], [ -11049138.1817, 2182332.947999998927116 ], [ -11049088.3139, 2182413.326200000941753 ], [ -11049031.2528, 2182470.345100000500679 ], [ -11048946.7958, 2182513.041600000113249 ], [ -11048807.819, 2182634.813099998980761 ], [ -11048757.3121, 2182752.054299999028444 ], [ -11048755.7869, 2182817.007199998944998 ], [ -11048778.818, 2182928.374800000339746 ], [ -11048684.1349, 2183051.215900000184774 ], [ -11048658.1852, 2183153.3081 ], [ -11048623.3625, 2183221.011300001293421 ], [ -11048570.0682, 2183266.259799998253584 ], [ -11048591.1232, 2183361.931699998676777 ], [ -11048637.4523, 2183409.649399999529123 ], [ -11048659.9787, 2183451.273699998855591 ], [ -11048656.3341, 2183499.3902000002563 ], [ -11048571.8493, 2183657.528499998152256 ], [ -11048475.7617, 2183765.316399998962879 ], [ -11048481.9066, 2183791.849399998784065 ], [ -11048512.6362, 2183826.687800001353025 ], [ -11048498.5309, 2183883.782699998468161 ], [ -11048440.0882, 2183889.483600001782179 ], [ -11048420.4938, 2183912.969900000840425 ], [ -11048414.5139, 2183959.032400000840425 ], [ -11048337.0887, 2184007.092300001531839 ], [ -11048304.6516, 2184019.285500001162291 ], [ -11048237.6783, 2184006.463899999856949 ], [ -11048193.1472, 2184092.991999998688698 ], [ -11048190.8317, 2184191.751800000667572 ], [ -11048168.4788, 2184256.338599998503923 ], [ -11048077.5217, 2184324.848799999803305 ], [ -11048007.5162, 2184351.351700000464916 ], [ -11047934.689, 2184423.707400001585484 ], [ -11047925.1, 2184446.940499998629093 ], [ -11047927.0167, 2184544.414500001817942 ], [ -11047879.0447, 2184680.070300001651049 ], [ -11047856.675, 2184713.803199999034405 ], [ -11047880.8447, 2184909.349199999123812 ], [ -11047930.322, 2185010.935899998992682 ], [ -11047882.3342, 2185141.235599998384714 ], [ -11047929.0662, 2185194.308699999004602 ], [ -11047945.814, 2185257.333000000566244 ], [ -11047934.554, 2185278.017200000584126 ], [ -11047841.9307, 2185354.302700001746416 ], [ -11047779.84, 2185436.575500000268221 ], [ -11047779.1042, 2185476.491900000721216 ], [ -11047797.9652, 2185507.226300001144409 ], [ -11047828.1072, 2185501.915300000458956 ], [ -11047913.3345, 2185446.471099998801947 ], [ -11047984.8305, 2185445.918099999427795 ], [ -11048105.1346, 2185537.884100001305342 ], [ -11048151.8162, 2185603.473099999129772 ], [ -11048047.3765, 2185659.081700000911951 ], [ -11048007.5108, 2185712.267200000584126 ], [ -11047975.6789, 2185773.532699998468161 ], [ -11047961.6795, 2185916.623799998313189 ], [ -11047973.3123, 2185968.608300000429153 ], [ -11048124.9651, 2186100.982999999076128 ], [ -11048135.5726, 2186130.76069999858737 ], [ -11048125.1532, 2186230.573100000619888 ], [ -11048056.0549, 2186257.584699999541044 ], [ -11048011.3468, 2186322.298799999058247 ], [ -11048010.6532, 2186377.365699999034405 ], [ -11048022.4053, 2186416.738299999386072 ], [ -11048013.6065, 2186458.55799999833107 ], [ -11047888.8353, 2186591.550299998372793 ], [ -11047762.9675, 2186673.461500000208616 ], [ -11047732.3034, 2186725.196800000965595 ], [ -11047772.2346, 2186960.909400001168251 ], [ -11047800.7035, 2187025.168699998408556 ], [ -11047825.3886, 2187039.508400000631809 ], [ -11047859.8076, 2187092.238899998366833 ], [ -11047749.9486, 2187329.708299998193979 ], [ -11047731.2948, 2187416.177099999040365 ], [ -11047772.3104, 2187450.933499999344349 ], [ -11047789.0974, 2187443.597199998795986 ], [ -11047842.3483, 2187482.807900000363588 ], [ -11047876.4299, 2187495.806499999016523 ], [ -11047890.3314, 2187482.244300000369549 ], [ -11047934.0533, 2187530.230399999767542 ], [ -11047943.8049, 2187571.22690000012517 ], [ -11047880.3994, 2187826.3026 ], [ -11047893.1701, 2187945.469500001519918 ], [ -11047811.0496, 2187968.370000001043081 ], [ -11047720.4465, 2188056.280499998480082 ], [ -11047715.5664, 2188098.972800001502037 ], [ -11047751.8758, 2188159.363600000739098 ], [ -11047741.0255, 2188187.655099999159575 ], [ -11047585.4729, 2188262.222100000828505 ], [ -11047564.1151, 2188284.090900000184774 ], [ -11047570.6644, 2188314.890000000596046 ], [ -11047606.038, 2188324.3673 ], [ -11047663.9621, 2188373.531300000846386 ], [ -11047676.6203, 2188417.462699998170137 ], [ -11047641.9699, 2188441.030000001192093 ], [ -11047561.6818, 2188573.791799999773502 ], [ -11047514.8953, 2188689.879299998283386 ], [ -11047436.0322, 2188753.935199998319149 ], [ -11047438.411, 2188791.3136 ], [ -11047459.8991, 2188820.817099999636412 ], [ -11047466.0217, 2188881.324999999254942 ], [ -11047545.6941, 2188969.464699998497963 ], [ -11047610.5487, 2189018.366099998354912 ], [ -11047648.62, 2189023.1853 ], [ -11047653.6861, 2189033.173900000751019 ], [ -11047679.8586, 2189278.168099999427795 ], [ -11047642.8938, 2189376.706399999558926 ], [ -11047596.9744, 2189451.177700001746416 ], [ -11047518.7648, 2189446.356300000101328 ], [ -11047560.1488, 2189479.495999999344349 ], [ -11047500.4014, 2189582.598600000143051 ], [ -11047422.0591, 2189604.020899999886751 ], [ -11047387.8742, 2189586.379799999296665 ], [ -11047200.8439, 2189662.866500001400709 ], [ -11047036.4553, 2189610.932300001382828 ], [ -11046981.2696, 2189627.574099998921156 ], [ -11046897.484, 2189634.24379999935627 ], [ -11046886.4822, 2189654.169399999082088 ], [ -11046916.9325, 2189686.533300001174212 ], [ -11046911.795, 2189711.113000001758337 ], [ -11046879.1987, 2189715.237300001084805 ], [ -11046842.4187, 2189697.863000001758337 ], [ -11046778.9767, 2189744.610500000417233 ], [ -11046763.4519, 2189768.306699998676777 ], [ -11046728.4466, 2189779.793200001120567 ], [ -11046677.2396, 2189835.671 ], [ -11046600.5594, 2189886.5055 ], [ -11046525.9684, 2189993.1722999997437 ], [ -11046509.4676, 2190037.636799998581409 ], [ -11046536.1777, 2190114.403499998152256 ], [ -11046550.0939, 2190238.970300000160933 ], [ -11046534.7573, 2190275.057500001043081 ], [ -11046574.2634, 2190299.66160000115633 ], [ -11046608.3361, 2190297.273299999535084 ], [ -11046611.236, 2190384.366099998354912 ], [ -11046560.1301, 2190396.979499999433756 ], [ -11046481.1825, 2190461.30180000141263 ], [ -11046564.1256, 2190501.5945999994874 ], [ -11046527.6316, 2190580.785799998790026 ], [ -11046516.6554, 2190641.993599999696016 ], [ -11046493.2663, 2190639.904699999839067 ], [ -11046483.352, 2190734.977699998766184 ], [ -11046460.4135, 2190745.85700000077486 ], [ -11046445.0905, 2190882.834300000220537 ], [ -11046366.3275, 2190930.819299999624491 ], [ -11046251.4391, 2190979.758900001645088 ], [ -11046162.074, 2191052.280799999833107 ], [ -11046084.6879, 2191060.524700000882149 ], [ -11045982.2719, 2191109.408900000154972 ], [ -11045965.0385, 2191136.428399998694658 ], [ -11045982.2218, 2191206.114100001752377 ], [ -11045967.3997, 2191238.952500000596046 ], [ -11045695.4805, 2191462.567200001329184 ], [ -11045669.0623, 2191538.121199999004602 ], [ -11045557.2441, 2191573.365200001746416 ], [ -11045228.0124, 2191594.839099999517202 ], [ -11045193.4118, 2191602.919300001114607 ], [ -11045172.397, 2191623.627500001341105 ], [ -11045111.5755, 2191734.618700001388788 ], [ -11045177.4676, 2191906.000100001692772 ], [ -11045278.4399, 2192448.991799999028444 ], [ -11045283.1944, 2192564.701699998229742 ], [ -11045257.0532, 2192658.475900001823902 ], [ -11045220.1751, 2192723.591099999845028 ], [ -11045172.1934, 2192774.732900001108646 ], [ -11044490.8681, 2193274.934300001710653 ], [ -11044408.4491, 2193345.31700000166893 ], [ -11044316.5195, 2193449.0099 ], [ -11044241.5899, 2193570.6404 ], [ -11043936.4802, 2194213.601100001484156 ], [ -11043806.8699, 2194399.193599998950958 ], [ -11043634.7994, 2194560.39809999987483 ], [ -11043684.5251, 2194598.871100001037121 ], [ -11043859.0738, 2194531.917199999094009 ], [ -11043730.066, 2194748.357200000435114 ], [ -11043827.21, 2194753.098499998450279 ], [ -11043947.0455, 2194692.880399998277426 ], [ -11044008.9503, 2194642.185499999672174 ], [ -11044143.2327, 2194564.578400000929832 ], [ -11044171.7038, 2194558.011999998241663 ], [ -11044227.4916, 2194568.204799998551607 ], [ -11044267.2136, 2194557.162599999457598 ], [ -11044403.8217, 2194600.172499999403954 ], [ -11044548.0928, 2194580.435400001704693 ], [ -11044597.9348, 2194547.644299998879433 ], [ -11044609.8261, 2194496.376400001347065 ], [ -11044625.6268, 2194478.248500000685453 ], [ -11044676.3997, 2194448.756400000303984 ], [ -11044739.8339, 2194443.560899998992682 ], [ -11044767.8652, 2194426.984499998390675 ], [ -11044801.3269, 2194380.351799998432398 ], [ -11044878.2619, 2194370.912799999117851 ], [ -11044959.9002, 2194344.8882 ], [ -11045023.9789, 2194296.276500001549721 ], [ -11045267.606, 2194277.7665 ], [ -11045387.3572, 2194244.126499999314547 ], [ -11045589.165, 2194151.1587999984622 ], [ -11045577.9751, 2194121.466299999505281 ], [ -11045587.9593, 2194105.043499998748302 ], [ -11045817.9588, 2194011.232900001108646 ], [ -11045916.5989, 2194016.0603 ], [ -11046154.019, 2193887.616099998354912 ], [ -11046243.8916, 2193864.151000000536442 ], [ -11046366.8172, 2193807.415800001472235 ], [ -11046403.0463, 2193742.91950000077486 ], [ -11046442.0748, 2193712.21339999884367 ], [ -11046470.3756, 2193649.2982 ], [ -11046621.4138, 2193499.792599998414516 ], [ -11046687.6456, 2193450.301600001752377 ], [ -11046902.5111, 2193343.054200001060963 ], [ -11046942.3513, 2193291.01799999922514 ], [ -11046951.485, 2193257.296100001782179 ], [ -11047047.1419, 2193201.663199998438358 ], [ -11047216.2173, 2193174.094700001180172 ], [ -11047270.2673, 2193198.773200001567602 ], [ -11047382.3049, 2193168.835700001567602 ], [ -11047465.9982, 2193257.132100000977516 ], [ -11047654.8527, 2193590.830699998885393 ], [ -11047739.9054, 2193645.723900001496077 ], [ -11047817.0864, 2193656.947299998253584 ], [ -11047905.9927, 2193642.141199998557568 ], [ -11047935.5527, 2193611.595600001513958 ], [ -11047961.096, 2193603.89809999987483 ], [ -11048057.1849, 2193600.257599998265505 ], [ -11048275.8151, 2193566.806499999016523 ], [ -11048387.3997, 2193498.098400000482798 ], [ -11048454.8558, 2193476.401900000870228 ], [ -11048710.1817, 2193483.318500000983477 ], [ -11048804.6986, 2193471.304499998688698 ], [ -11048832.6765, 2193457.041000001132488 ], [ -11048903.5748, 2193467.254599999636412 ], [ -11049035.6199, 2193420.966600000858307 ], [ -11049156.1676, 2193263.072799999266863 ], [ -11049186.5712, 2193159.522300001233816 ], [ -11049297.6324, 2192984.7665 ], [ -11049358.3763, 2192928.601399999111891 ], [ -11049396.9583, 2192915.5757 ], [ -11049466.069, 2192861.329100001603365 ], [ -11049614.3462, 2192713.979800000786781 ], [ -11049636.5402, 2192664.767900001257658 ], [ -11049688.2603, 2192594.994300000369549 ], [ -11049769.5636, 2192374.642299998551607 ], [ -11049844.3291, 2192312.917199999094009 ], [ -11049925.6002, 2192211.453600000590086 ], [ -11050075.2135, 2192094.026099998503923 ], [ -11050090.5077, 2192060.084600001573563 ], [ -11050126.3625, 2192032.809000000357628 ], [ -11050177.5629, 2191961.87950000166893 ], [ -11050229.5143, 2191873.079700000584126 ], [ -11050327.4179, 2191883.086899999529123 ], [ -11050410.1227, 2191915.995999999344349 ], [ -11050429.1806, 2191942.866999998688698 ], [ -11050423.944, 2191963.313499998301268 ], [ -11050511.9888, 2191940.616300001740456 ], [ -11050634.018, 2191887.370900001376867 ], [ -11050701.2476, 2191752.825399998575449 ], [ -11050746.4823, 2191696.052700001746416 ], [ -11050742.6563, 2191649.810400001704693 ], [ -11050723.6551, 2191680.019000001251698 ], [ -11050692.008, 2191647.356699999421835 ], [ -11050813.3652, 2191355.488899998366833 ], [ -11050779.2537, 2191333.4846 ], [ -11050835.2038, 2191262.0055 ], [ -11050819.8406, 2191139.564800001680851 ], [ -11050788.1535, 2191092.336500000208616 ], [ -11050735.4939, 2191056.451699998229742 ], [ -11050686.7071, 2190968.527399998158216 ], [ -11050541.189, 2190916.924600001424551 ], [ -11050511.1073, 2190891.480000000447035 ], [ -11050579.5721, 2190847.363899998366833 ], [ -11050732.7989, 2190774.703499998897314 ], [ -11050843.1488, 2190651.539299998432398 ], [ -11050932.6464, 2190578.032900001853704 ], [ -11050853.2844, 2190560.451299998909235 ], [ -11050728.1902, 2190454.576299998909235 ], [ -11050656.5351, 2190426.833599999547005 ], [ -11050747.4586, 2190250.326299998909235 ], [ -11050849.7801, 2190190.786200001835823 ], [ -11050871.0665, 2190092.50560000166297 ], [ -11050851.2918, 2190051.810499999672174 ], [ -11050892.2428, 2189829.596700001507998 ], [ -11050920.449, 2189758.001800000667572 ], [ -11050944.8658, 2189737.823800001293421 ], [ -11050963.9372, 2189658.024999998509884 ], [ -11050959.836, 2189605.313299998641014 ], [ -11051037.9902, 2189480.088100001215935 ], [ -11051212.882, 2189265.351300001144409 ], [ -11051372.5754, 2189002.25560000166297 ], [ -11051055.464, 2188541.270700000226498 ], [ -11051563.9559, 2188235.111099999397993 ], [ -11051568.5512, 2188130.083999998867512 ], [ -11051601.3424, 2188096.038600001484156 ], [ -11051649.5538, 2188120.532499998807907 ], [ -11051689.985, 2188131.613499999046326 ], [ -11051710.0093, 2188126.271200001239777 ], [ -11051758.7315, 2188065.466400001198053 ], [ -11051823.1733, 2188026.109299998730421 ], [ -11051889.0343, 2188018.615699999034405 ], [ -11051925.93, 2188002.371500000357628 ], [ -11051967.0336, 2187869.210200000554323 ], [ -11052055.2465, 2187815.234499998390675 ], [ -11052137.7377, 2187666.131299998611212 ], [ -11052185.9011, 2187607.915399998426437 ], [ -11052240.4756, 2187570.919100001454353 ], [ -11052216.4306, 2187484.241099998354912 ], [ -11052167.5135, 2187457.222899999469519 ], [ -11052152.8694, 2187426.444299999624491 ], [ -11052169.8645, 2187351.058400001376867 ], [ -11052249.8163, 2187291.49549999833107 ], [ -11052349.2381, 2187136.181600000709295 ], [ -11052383.1338, 2187116.461500000208616 ], [ -11052404.3924, 2186965.308200001716614 ], [ -11052488.069, 2186830.245900001376867 ], [ -11052637.1036, 2186770.197599999606609 ], [ -11052718.9834, 2186770.1776 ], [ -11052837.6, 2186791.36430000141263 ], [ -11052871.145, 2186783.716699998825788 ], [ -11053014.775, 2186655.874000001698732 ], [ -11053199.3115, 2186550.492199998348951 ], [ -11053217.5645, 2186471.462499998509884 ], [ -11053304.0665, 2186382.258499998599291 ], [ -11053359.2387, 2186280.953499998897314 ], [ -11053356.0784, 2186193.22690000012517 ], [ -11053383.8704, 2186112.646600000560284 ], [ -11053480.4467, 2186019.083599999547005 ], [ -11053670.1862, 2185937.732999999076128 ], [ -11053687.6389, 2185890.537300001829863 ], [ -11053775.6226, 2185792.695999998599291 ], [ -11053800.9644, 2185742.172899998724461 ], [ -11053908.4667, 2185714.623199999332428 ], [ -11054000.3821, 2185675.229600001126528 ], [ -11054051.4978, 2185681.306200001388788 ], [ -11054088.5127, 2185700.055399999022484 ], [ -11054123.0062, 2185693.909299999475479 ], [ -11054189.9159, 2185630.047499999403954 ], [ -11054238.1928, 2185513.269799999892712 ], [ -11054266.0707, 2185494.757599998265505 ], [ -11054289.3019, 2185444.3614999987185 ], [ -11054362.234, 2185413.621399998664856 ], [ -11054415.6863, 2185413.579100001603365 ], [ -11054458.3216, 2185380.145599998533726 ], [ -11054615.4256, 2185328.155600000172853 ], [ -11054719.5896, 2185304.831399999558926 ], [ -11054793.1171, 2185308.543499998748302 ], [ -11055002.1584, 2185346.422200001776218 ], [ -11055161.2473, 2185249.378400001674891 ], [ -11055273.2505, 2185225.904699999839067 ], [ -11055390.9508, 2185226.970600001513958 ], [ -11055450.3641, 2185181.900299999862909 ], [ -11055557.4234, 2185176.600000001490116 ], [ -11055592.1363, 2185194.696699999272823 ], [ -11055627.6182, 2185194.998700000345707 ], [ -11055650.128, 2185185.876499999314547 ], [ -11055669.8529, 2185159.594099998474121 ], [ -11055735.6236, 2185141.398299999535084 ], [ -11055747.5961, 2185098.192600000649691 ], [ -11055670.8969, 2185006.84180000051856 ], [ -11055669.5768, 2184978.643500000238419 ], [ -11055716.6182, 2184905.578200001269579 ], [ -11055751.569, 2184781.4824 ], [ -11055799.3185, 2184722.218699999153614 ], [ -11055790.5108, 2184680.435899998992682 ], [ -11055815.6758, 2184629.178800001740456 ], [ -11055796.3817, 2184586.08500000089407 ], [ -11055797.288, 2184499.568599998950958 ], [ -11055826.4482, 2184491.950300000607967 ], [ -11055842.7642, 2184513.370400000363588 ], [ -11055855.8154, 2184513.317400000989437 ], [ -11055876.6209, 2184478.58839999884367 ], [ -11055897.5558, 2184477.074499998241663 ], [ -11055926.1113, 2184427.893100000917912 ], [ -11055917.4029, 2184290.980999998748302 ], [ -11055932.9565, 2184221.120999999344349 ], [ -11055950.0128, 2184161.983899999409914 ], [ -11056012.2637, 2184052.407499998807907 ], [ -11055980.6646, 2183929.748399998992682 ], [ -11056006.3194, 2183881.045000001788139 ], [ -11055974.2616, 2183837.223000001162291 ], [ -11055988.7263, 2183742.14750000089407 ], [ -11056072.6969, 2183622.630300000309944 ], [ -11056109.5681, 2183590.966299999505281 ], [ -11056169.4692, 2183618.523699998855591 ], [ -11056258.3677, 2183583.129099998623133 ], [ -11056548.954, 2183248.648299999535084 ], [ -11056604.0782, 2183121.863000001758337 ], [ -11056619.3458, 2183030.140599999576807 ], [ -11056607.3922, 2183006.5304000005126 ], [ -11056571.456, 2182978.950399998575449 ], [ -11056555.7089, 2182919.093299999833107 ], [ -11056585.2698, 2182730.098999999463558 ], [ -11056556.4646, 2182700.034000001847744 ], [ -11056544.8685, 2182514.649900000542402 ], [ -11056502.8343, 2182345.668299999088049 ], [ -11056396.1524, 2182347.749099999666214 ], [ -11055733.4497, 2181938.760899998247623 ], [ -11055757.0705, 2181726.412799999117851 ], [ -11055701.5233, 2181667.75620000064373 ], [ -11055585.1454, 2181618.062100000679493 ], [ -11055469.657, 2181538.863800000399351 ], [ -11055391.9993, 2181564.278400000184774 ], [ -11055329.8196, 2181546.725000001490116 ], [ -11055281.4335, 2181518.677999999374151 ], [ -11055231.4233, 2181464.021000001579523 ], [ -11055193.9118, 2181469.165899999439716 ], [ -11055137.6565, 2181420.2043999992311 ], [ -11055096.8514, 2181414.400600001215935 ], [ -11054985.6164, 2181280.099700000137091 ], [ -11054922.1621, 2181259.200800001621246 ], [ -11054748.0795, 2181138.631999999284744 ], [ -11054660.45, 2181118.177799999713898 ], [ -11054407.9706, 2180865.288899999111891 ], [ -11054369.788, 2180806.031399998813868 ], [ -11054298.8498, 2180732.976100001484156 ], [ -11054184.3865, 2180644.799499999731779 ], [ -11054133.9222, 2180642.184599999338388 ], [ -11054055.1481, 2180588.403599999845028 ], [ -11053939.143, 2180584.534499999135733 ], [ -11053780.4471, 2180633.137800000607967 ], [ -11053658.7292, 2180590.873399998992682 ], [ -11053627.5664, 2180563.108199998736382 ], [ -11053523.1377, 2180418.080800000578165 ], [ -11053462.7135, 2180304.846400000154972 ], [ -11053391.8185, 2180268.122099999338388 ], [ -11053263.0475, 2180136.217799998819828 ], [ -11053218.847, 2180120.5482 ], [ -11053178.693, 2180126.687800001353025 ], [ -11053072.3115, 2180217.750300001353025 ], [ -11052848.7374, 2180115.504000000655651 ], [ -11052807.2354, 2180125.771800000220537 ], [ -11052771.4027, 2180113.808699999004602 ], [ -11052694.9742, 2180050.198800001293421 ], [ -11052669.9617, 2180043.748100001364946 ], [ -11052498.3927, 2180068.861299999058247 ], [ -11052399.4777, 2180063.054099999368191 ], [ -11052315.2445, 2180110.640000000596046 ], [ -11052211.9365, 2180092.935899998992682 ], [ -11052177.638, 2180054.144299998879433 ], [ -11052144.162, 2180035.893300000578165 ] ] ] } },
{ "type": "Feature", "properties": { "OBJECTID": 281, "ID": "09009", "NAME": "Milpa Alta", "TOTPOP_CY": 156445, "AREA": 298.36, "Shape__Area": 336068539.85983777, "Shape__Length": 81113.822819298177, "metro_only_count": 5.0, "bus_only_count": 548.0, "bus_metro_count": 192.0, "n_cat": "4", "label_range": "2 – 12" }, "geometry": { "type": "Polygon", "coordinates": [ [ [ -11020641.1377, 2181599.352000001817942 ], [ -11023990.6613, 2181282.834800001233816 ], [ -11030755.7993, 2179795.852899998426437 ], [ -11030914.5878, 2179780.894400000572205 ], [ -11031002.4411, 2179785.306800000369549 ], [ -11031058.5829, 2179802.869100000709295 ], [ -11031126.4688, 2179855.387800000607967 ], [ -11031156.0575, 2179857.071100000292063 ], [ -11031202.244, 2179811.386300001293421 ], [ -11031215.9519, 2179627.352200001478195 ], [ -11031281.42, 2179513.939599998295307 ], [ -11031313.3754, 2179505.239900000393391 ], [ -11031413.4537, 2179516.995299998670816 ], [ -11031568.8468, 2179467.996199999004602 ], [ -11031673.8746, 2179457.278400000184774 ], [ -11031752.6922, 2179367.493700001388788 ], [ -11031775.3357, 2179233.135200001299381 ], [ -11031860.18, 2179183.484000001102686 ], [ -11031955.8947, 2179063.746300000697374 ], [ -11031967.9586, 2179019.133499998599291 ], [ -11031997.2655, 2178620.866799999028444 ], [ -11032011.6658, 2178574.91499999910593 ], [ -11032054.2244, 2178533.557900000363588 ], [ -11032295.8365, 2178374.790899999439716 ], [ -11032298.5773, 2178338.477000001817942 ], [ -11032274.5935, 2178311.3268 ], [ -11032289.0574, 2178263.488099999725819 ], [ -11032348.929, 2178268.250799998641014 ], [ -11032400.1107, 2178183.419799998402596 ], [ -11035368.9626, 2172440.323699999600649 ], [ -11036050.9291, 2172761.681800000369549 ], [ -11036150.4366, 2172798.079300001263618 ], [ -11036259.3259, 2172864.782600000500679 ], [ -11036291.7477, 2172898.182500001043081 ], [ -11036340.4367, 2173018.129799999296665 ], [ -11036468.5319, 2173209.252000000327826 ], [ -11036597.9041, 2173492.370799999684095 ], [ -11036714.6037, 2173625.136500000953674 ], [ -11036971.7228, 2173775.891100000590086 ], [ -11037127.1459, 2173810.10700000077486 ], [ -11037283.9216, 2173819.281399998813868 ], [ -11037545.3544, 2172694.4037000015378 ], [ -11037605.7641, 2171675.182599999010563 ], [ -11037885.1471, 2170872.936200000345707 ], [ -11038807.2653, 2168773.421399999409914 ], [ -11037856.0059, 2167753.855399999767542 ], [ -11036972.4987, 2166781.530799999833107 ], [ -11035822.6374, 2165461.555500000715256 ], [ -11035699.912, 2165451.907600000500679 ], [ -11034592.7396, 2162244.394600000232458 ], [ -11027286.5162, 2160615.830299999564886 ], [ -11025439.5768, 2163856.9265 ], [ -11023857.1502, 2164989.290300000458956 ], [ -11018803.3354, 2164211.209899999201298 ], [ -11018291.3653, 2163703.859499998390675 ], [ -11017701.5096, 2164304.25450000166893 ], [ -11017442.7719, 2164500.40089999884367 ], [ -11017098.9328, 2164726.856100000441074 ], [ -11016813.7211, 2165047.289299998432398 ], [ -11016540.3528, 2165777.819899998605251 ], [ -11016314.8206, 2166192.524300001561642 ], [ -11016072.5592, 2167216.809300001710653 ], [ -11016060.6648, 2167778.144400000572205 ], [ -11015999.7831, 2168045.186599999666214 ], [ -11016031.0415, 2168193.459399998188019 ], [ -11016032.3161, 2168319.587499998509884 ], [ -11015915.8794, 2169025.604800000786781 ], [ -11015899.3427, 2169349.868299998342991 ], [ -11016298.3574, 2170604.21510000154376 ], [ -11016441.4176, 2170915.418699998408556 ], [ -11016595.4046, 2171182.219999998807907 ], [ -11016689.4963, 2171401.682900000363588 ], [ -11016745.9542, 2171474.48030000180006 ], [ -11016895.4807, 2171881.6809 ], [ -11016466.707, 2172116.934999998658895 ], [ -11015578.6125, 2172547.9189000017941 ], [ -11016996.8327, 2174305.505199998617172 ], [ -11015329.1832, 2174800.358399998396635 ], [ -11015750.9762, 2175757.995700001716614 ], [ -11015789.6108, 2175742.928399998694658 ], [ -11016160.0062, 2176041.428599998354912 ], [ -11016890.4046, 2176968.285999998450279 ], [ -11017033.2888, 2177287.875199999660254 ], [ -11016953.6732, 2178251.897900000214577 ], [ -11016958.9207, 2178486.258900001645088 ], [ -11017034.1794, 2178865.704700000584126 ], [ -11017254.2225, 2178998.207699999213219 ], [ -11017012.7537, 2179218.94709999859333 ], [ -11016981.5086, 2179233.752900000661612 ], [ -11016976.2331, 2179327.015599999576807 ], [ -11017003.2415, 2179360.605900000780821 ], [ -11016961.8117, 2179396.135400000959635 ], [ -11016937.9838, 2179558.571100000292063 ], [ -11017109.2822, 2179733.309399999678135 ], [ -11017403.1066, 2179877.98030000180006 ], [ -11017537.6073, 2179971.678899999707937 ], [ -11017693.1362, 2180156.996500000357628 ], [ -11017791.1742, 2180204.184099998325109 ], [ -11018159.4376, 2180273.078899998217821 ], [ -11018130.019, 2180372.094999998807907 ], [ -11018248.4677, 2180453.450500000268221 ], [ -11018460.7961, 2180680.430700000375509 ], [ -11018538.2672, 2180781.191599998623133 ], [ -11018546.3924, 2180767.49379999935627 ], [ -11018617.112, 2180878.067699998617172 ], [ -11018697.8447, 2180975.372299998998642 ], [ -11018691.446, 2180985.97580000013113 ], [ -11018705.076, 2181006.043600000441074 ], [ -11018829.4979, 2180932.282200001180172 ], [ -11018881.9812, 2180883.078699998557568 ], [ -11019578.5855, 2181535.776200000196695 ], [ -11019635.9039, 2181514.122499998658895 ], [ -11019654.1248, 2181419.228199999779463 ], [ -11019879.6051, 2181437.514699999243021 ], [ -11019912.9236, 2181671.557900000363588 ], [ -11019931.1055, 2181735.267900001257658 ], [ -11020102.2899, 2181740.502999998629093 ], [ -11020122.2142, 2181590.479499999433756 ], [ -11020161.0723, 2181448.563700001686811 ], [ -11020226.1945, 2181468.943399999290705 ], [ -11020204.4161, 2181548.795499999076128 ], [ -11020232.0221, 2181584.354800000786781 ], [ -11020260.1258, 2181600.386100001633167 ], [ -11020347.2377, 2181619.4989 ], [ -11020345.3954, 2181701.549800001084805 ], [ -11020321.6498, 2181716.431699998676777 ], [ -11020315.3377, 2181735.5168999992311 ], [ -11020423.3557, 2181742.512699998915195 ], [ -11020503.1228, 2181762.888599999248981 ], [ -11020520.7504, 2181721.897399999201298 ], [ -11020581.9972, 2181745.766600001603365 ], [ -11020612.5466, 2181654.328000001609325 ], [ -11020962.5009, 2181747.463899999856949 ], [ -11020977.9061, 2181686.882800001651049 ], [ -11020640.2891, 2181608.220499999821186 ], [ -11020641.1377, 2181599.352000001817942 ] ] ] } },
{ "type": "Feature", "properties": { "OBJECTID": 282, "ID": "09010", "NAME": "Álvaro Obregón", "TOTPOP_CY": 777836, "AREA": 95.89, "Shape__Area": 108258920.26541272, "Shape__Length": 83198.400162467166, "metro_only_count": 175.0, "bus_only_count": 3764.0, "bus_metro_count": 1534.0, "n_cat": "5", "label_range": "13 – 267" }, "geometry": { "type": "Polygon", "coordinates": [ [ [ -11056732.7581, 2182341.184500001370907 ], [ -11056502.8343, 2182345.668299999088049 ], [ -11056544.8685, 2182514.649900000542402 ], [ -11056556.4646, 2182700.034000001847744 ], [ -11056585.2698, 2182730.098999999463558 ], [ -11056555.7089, 2182919.093299999833107 ], [ -11056571.456, 2182978.950399998575449 ], [ -11056607.3922, 2183006.5304000005126 ], [ -11056620.7928, 2183042.124400001019239 ], [ -11056604.0782, 2183121.863000001758337 ], [ -11056548.954, 2183248.648299999535084 ], [ -11056258.3677, 2183583.129099998623133 ], [ -11056169.4692, 2183618.523699998855591 ], [ -11056109.5681, 2183590.966299999505281 ], [ -11056072.6969, 2183622.630300000309944 ], [ -11055988.7263, 2183742.14750000089407 ], [ -11055974.2616, 2183837.223000001162291 ], [ -11056006.3194, 2183881.045000001788139 ], [ -11055980.6646, 2183929.748399998992682 ], [ -11056012.2637, 2184052.407499998807907 ], [ -11055950.0128, 2184161.983899999409914 ], [ -11055932.9565, 2184221.120999999344349 ], [ -11055917.4029, 2184290.980999998748302 ], [ -11055926.1113, 2184427.893100000917912 ], [ -11055897.5558, 2184477.074499998241663 ], [ -11055876.6209, 2184478.58839999884367 ], [ -11055855.8154, 2184513.317400000989437 ], [ -11055842.7642, 2184513.370400000363588 ], [ -11055826.4482, 2184491.950300000607967 ], [ -11055797.288, 2184499.568599998950958 ], [ -11055796.3817, 2184586.08500000089407 ], [ -11055815.6758, 2184629.178800001740456 ], [ -11055790.5108, 2184680.435899998992682 ], [ -11055799.3185, 2184722.218699999153614 ], [ -11055751.569, 2184781.4824 ], [ -11055716.6182, 2184905.578200001269579 ], [ -11055669.5768, 2184978.643500000238419 ], [ -11055670.8969, 2185006.84180000051856 ], [ -11055747.5961, 2185098.192600000649691 ], [ -11055735.6236, 2185141.398299999535084 ], [ -11055669.8529, 2185159.594099998474121 ], [ -11055650.128, 2185185.876499999314547 ], [ -11055627.6182, 2185194.998700000345707 ], [ -11055592.1363, 2185194.696699999272823 ], [ -11055557.4234, 2185176.600000001490116 ], [ -11055450.3641, 2185181.900299999862909 ], [ -11055390.9508, 2185226.970600001513958 ], [ -11055273.2505, 2185225.904699999839067 ], [ -11055161.2473, 2185249.378400001674891 ], [ -11055002.1584, 2185346.422200001776218 ], [ -11054793.1171, 2185308.543499998748302 ], [ -11054719.5896, 2185304.831399999558926 ], [ -11054615.4256, 2185328.155600000172853 ], [ -11054458.3216, 2185380.145599998533726 ], [ -11054415.6863, 2185413.579100001603365 ], [ -11054362.234, 2185413.621399998664856 ], [ -11054289.3019, 2185444.3614999987185 ], [ -11054266.0707, 2185494.757599998265505 ], [ -11054238.1928, 2185513.269799999892712 ], [ -11054189.9159, 2185630.047499999403954 ], [ -11054123.0062, 2185693.909299999475479 ], [ -11054088.5127, 2185700.055399999022484 ], [ -11054051.4978, 2185681.306200001388788 ], [ -11054000.3821, 2185675.229600001126528 ], [ -11053908.4667, 2185714.623199999332428 ], [ -11053800.9644, 2185742.172899998724461 ], [ -11053775.6226, 2185792.695999998599291 ], [ -11053687.6389, 2185890.537300001829863 ], [ -11053670.1862, 2185937.732999999076128 ], [ -11053480.4467, 2186019.083599999547005 ], [ -11053383.8704, 2186112.646600000560284 ], [ -11053356.0784, 2186193.22690000012517 ], [ -11053359.2387, 2186280.953499998897314 ], [ -11053304.0665, 2186382.258499998599291 ], [ -11053217.5645, 2186471.462499998509884 ], [ -11053199.3115, 2186550.492199998348951 ], [ -11053014.775, 2186655.874000001698732 ], [ -11052871.145, 2186783.716699998825788 ], [ -11052837.6, 2186791.36430000141263 ], [ -11052718.9834, 2186770.1776 ], [ -11052637.1036, 2186770.197599999606609 ], [ -11052488.069, 2186830.245900001376867 ], [ -11052404.3924, 2186965.308200001716614 ], [ -11052383.1338, 2187116.461500000208616 ], [ -11052349.2381, 2187136.181600000709295 ], [ -11052249.8163, 2187291.49549999833107 ], [ -11052169.8645, 2187351.058400001376867 ], [ -11052152.8694, 2187426.444299999624491 ], [ -11052167.5135, 2187457.222899999469519 ], [ -11052216.4306, 2187484.241099998354912 ], [ -11052240.4756, 2187570.919100001454353 ], [ -11052185.9011, 2187607.915399998426437 ], [ -11052137.7377, 2187666.131299998611212 ], [ -11052055.2465, 2187815.234499998390675 ], [ -11051967.0336, 2187869.210200000554323 ], [ -11051925.93, 2188002.371500000357628 ], [ -11051889.0343, 2188018.615699999034405 ], [ -11051823.1733, 2188026.109299998730421 ], [ -11051758.7315, 2188065.466400001198053 ], [ -11051710.0093, 2188126.271200001239777 ], [ -11051689.985, 2188131.613499999046326 ], [ -11051649.5538, 2188120.532499998807907 ], [ -11051601.3424, 2188096.038600001484156 ], [ -11051568.5512, 2188130.083999998867512 ], [ -11051563.9559, 2188235.111099999397993 ], [ -11051055.464, 2188541.270700000226498 ], [ -11051372.5754, 2189002.25560000166297 ], [ -11051212.882, 2189265.351300001144409 ], [ -11051037.9902, 2189480.088100001215935 ], [ -11050959.836, 2189605.313299998641014 ], [ -11050963.9372, 2189658.024999998509884 ], [ -11050944.8658, 2189737.823800001293421 ], [ -11050920.449, 2189758.001800000667572 ], [ -11050892.2428, 2189829.596700001507998 ], [ -11050851.2918, 2190051.810499999672174 ], [ -11050871.0665, 2190092.50560000166297 ], [ -11050849.7801, 2190190.786200001835823 ], [ -11050747.4586, 2190250.326299998909235 ], [ -11050656.5351, 2190426.833599999547005 ], [ -11050728.1902, 2190454.576299998909235 ], [ -11050853.2844, 2190560.451299998909235 ], [ -11050932.6464, 2190578.032900001853704 ], [ -11050843.1488, 2190651.539299998432398 ], [ -11050732.7989, 2190774.703499998897314 ], [ -11050579.5721, 2190847.363899998366833 ], [ -11050511.1073, 2190891.480000000447035 ], [ -11050541.189, 2190916.924600001424551 ], [ -11050686.7071, 2190968.527399998158216 ], [ -11050735.4939, 2191056.451699998229742 ], [ -11050788.1535, 2191092.336500000208616 ], [ -11050819.8406, 2191139.564800001680851 ], [ -11050835.2038, 2191262.0055 ], [ -11050779.2537, 2191333.4846 ], [ -11050813.3652, 2191355.488899998366833 ], [ -11050692.008, 2191647.356699999421835 ], [ -11050723.6551, 2191680.019000001251698 ], [ -11050742.6563, 2191649.810400001704693 ], [ -11050746.4823, 2191696.052700001746416 ], [ -11050701.2476, 2191752.825399998575449 ], [ -11050634.018, 2191887.370900001376867 ], [ -11050511.9888, 2191940.616300001740456 ], [ -11050423.944, 2191963.313499998301268 ], [ -11050429.1806, 2191942.866999998688698 ], [ -11050410.1227, 2191915.995999999344349 ], [ -11050327.4179, 2191883.086899999529123 ], [ -11050229.5143, 2191873.079700000584126 ], [ -11050177.5629, 2191961.87950000166893 ], [ -11050126.3625, 2192032.809000000357628 ], [ -11050090.5077, 2192060.084600001573563 ], [ -11050075.2135, 2192094.026099998503923 ], [ -11049925.6002, 2192211.453600000590086 ], [ -11049844.3291, 2192312.917199999094009 ], [ -11049769.5636, 2192374.642299998551607 ], [ -11049688.2603, 2192594.994300000369549 ], [ -11049636.5402, 2192664.767900001257658 ], [ -11049614.3462, 2192713.979800000786781 ], [ -11049466.069, 2192861.329100001603365 ], [ -11049396.9583, 2192915.5757 ], [ -11049358.3763, 2192928.601399999111891 ], [ -11049297.6324, 2192984.7665 ], [ -11049186.5712, 2193159.522300001233816 ], [ -11049156.1676, 2193263.072799999266863 ], [ -11049035.6199, 2193420.966600000858307 ], [ -11048903.5748, 2193467.254599999636412 ], [ -11048832.6765, 2193457.041000001132488 ], [ -11048804.6986, 2193471.304499998688698 ], [ -11048710.1817, 2193483.318500000983477 ], [ -11048454.8558, 2193476.401900000870228 ], [ -11048387.3997, 2193498.098400000482798 ], [ -11048275.8151, 2193566.806499999016523 ], [ -11048057.1849, 2193600.257599998265505 ], [ -11047961.096, 2193603.89809999987483 ], [ -11047935.5527, 2193611.595600001513958 ], [ -11047905.9927, 2193642.141199998557568 ], [ -11047817.0864, 2193656.947299998253584 ], [ -11047739.9054, 2193645.723900001496077 ], [ -11047654.8527, 2193590.830699998885393 ], [ -11047465.9982, 2193257.132100000977516 ], [ -11047382.3049, 2193168.835700001567602 ], [ -11047270.2673, 2193198.773200001567602 ], [ -11047216.2173, 2193174.094700001180172 ], [ -11047047.1419, 2193201.663199998438358 ], [ -11046951.485, 2193257.296100001782179 ], [ -11046942.3513, 2193291.01799999922514 ], [ -11046902.5111, 2193343.054200001060963 ], [ -11046687.6456, 2193450.301600001752377 ], [ -11046621.4138, 2193499.792599998414516 ], [ -11046470.3756, 2193649.2982 ], [ -11046442.0748, 2193712.21339999884367 ], [ -11046403.0463, 2193742.91950000077486 ], [ -11046366.8172, 2193807.415800001472235 ], [ -11046243.8916, 2193864.151000000536442 ], [ -11046154.019, 2193887.616099998354912 ], [ -11045916.5989, 2194016.0603 ], [ -11045817.9588, 2194011.232900001108646 ], [ -11045587.9593, 2194105.043499998748302 ], [ -11045577.9751, 2194121.466299999505281 ], [ -11045589.165, 2194151.1587999984622 ], [ -11045387.3572, 2194244.126499999314547 ], [ -11045267.606, 2194277.7665 ], [ -11045023.9789, 2194296.276500001549721 ], [ -11044959.9002, 2194344.8882 ], [ -11044878.2619, 2194370.912799999117851 ], [ -11044801.3269, 2194380.351799998432398 ], [ -11044767.8652, 2194426.984499998390675 ], [ -11044739.8339, 2194443.560899998992682 ], [ -11044676.3997, 2194448.756400000303984 ], [ -11044625.6268, 2194478.248500000685453 ], [ -11044609.8261, 2194496.376400001347065 ], [ -11044597.9348, 2194547.644299998879433 ], [ -11044548.0928, 2194580.435400001704693 ], [ -11044403.8217, 2194600.172499999403954 ], [ -11044267.2136, 2194557.162599999457598 ], [ -11044227.4916, 2194568.204799998551607 ], [ -11044171.7038, 2194558.011999998241663 ], [ -11044143.2327, 2194564.578400000929832 ], [ -11044008.9503, 2194642.185499999672174 ], [ -11043947.0455, 2194692.880399998277426 ], [ -11043827.21, 2194753.098499998450279 ], [ -11043730.066, 2194748.357200000435114 ], [ -11043859.0738, 2194531.917199999094009 ], [ -11043684.5251, 2194598.871100001037121 ], [ -11043634.7994, 2194560.39809999987483 ], [ -11043806.8699, 2194399.193599998950958 ], [ -11043936.4802, 2194213.601100001484156 ], [ -11044241.5899, 2193570.6404 ], [ -11044316.5195, 2193449.0099 ], [ -11044408.4491, 2193345.31700000166893 ], [ -11044490.8681, 2193274.934300001710653 ], [ -11045172.1934, 2192774.732900001108646 ], [ -11045247.5, 2192678.967099998146296 ], [ -11045276.6486, 2192605.187300000339746 ], [ -11045284.4012, 2192492.949299998581409 ], [ -11045177.4676, 2191906.000100001692772 ], [ -11045133.4506, 2191783.004799999296665 ], [ -11045082.4119, 2191680.63230000063777 ], [ -11044923.0358, 2191454.365800000727177 ], [ -11044807.9493, 2191322.82490000128746 ], [ -11044666.0102, 2191217.68189999833703 ], [ -11044492.7849, 2191143.161200001835823 ], [ -11044374.5346, 2191116.024900000542402 ], [ -11043533.8153, 2190958.271499998867512 ], [ -11043511.6917, 2191081.091299999505281 ], [ -11043499.815, 2191052.028599999845028 ], [ -11043476.6606, 2191031.345300000160933 ], [ -11042920.9959, 2191604.44200000166893 ], [ -11042946.4391, 2191633.4662000015378 ], [ -11043025.3117, 2191639.572900000959635 ], [ -11043025.3612, 2191698.042700000107288 ], [ -11042335.5289, 2192864.546999998390675 ], [ -11042303.9588, 2193854.404500000178814 ], [ -11042477.7662, 2194143.542399998754263 ], [ -11042491.7323, 2194209.280999999493361 ], [ -11042481.0136, 2194255.246599998325109 ], [ -11042552.1789, 2194265.802700001746416 ], [ -11042885.0655, 2194207.497400000691414 ], [ -11042873.5516, 2194240.3926 ], [ -11042749.8467, 2194412.357700001448393 ], [ -11042677.1705, 2194473.834100000560284 ], [ -11042257.2755, 2194580.893100000917912 ], [ -11041972.309, 2194637.75560000166297 ], [ -11041917.8516, 2194638.19310000166297 ], [ -11041847.611, 2194737.943399999290705 ], [ -11041807.9879, 2194768.239599999040365 ], [ -11041816.0597, 2194850.537099998444319 ], [ -11041785.388, 2194839.842700000852346 ], [ -11041686.9036, 2194973.887299999594688 ], [ -11041582.6227, 2195054.3004 ], [ -11041519.9154, 2195126.376200001686811 ], [ -11041425.0236, 2195157.388999998569489 ], [ -11041391.2436, 2195234.633099999278784 ], [ -11041198.6719, 2195412.214499998837709 ], [ -11041168.2038, 2195429.837200000882149 ], [ -11041116.6439, 2195436.97520000115037 ], [ -11041046.7855, 2195569.990299999713898 ], [ -11041010.4529, 2195728.83390000090003 ], [ -11040987.1268, 2195783.405200000852346 ], [ -11040945.134, 2195790.468699999153614 ], [ -11040866.5988, 2195873.196600001305342 ], [ -11040758.675, 2195839.778000000864267 ], [ -11040748.5004, 2195855.941799998283386 ], [ -11040728.8494, 2195860.270899999886751 ], [ -11040681.2656, 2196100.039799999445677 ], [ -11040659.4737, 2196144.263799998909235 ], [ -11040406.8263, 2196392.197799999266863 ], [ -11040358.2946, 2196474.7643 ], [ -11040158.0827, 2196656.567200001329184 ], [ -11040103.996, 2196733.431200001388788 ], [ -11039887.1378, 2196982.972800001502037 ], [ -11039857.5313, 2197033.738899998366833 ], [ -11039743.8252, 2197315.334499999880791 ], [ -11039918.6268, 2197437.668099999427795 ], [ -11040055.8026, 2197604.18470000103116 ], [ -11040415.7408, 2197972.924199998378754 ], [ -11040578.4585, 2197815.48030000180006 ], [ -11040607.6901, 2197749.876899998635054 ], [ -11040644.5469, 2197724.499000001698732 ], [ -11040689.2737, 2197711.447700001299381 ], [ -11040775.3438, 2197711.686999998986721 ], [ -11040838.8438, 2197699.214099999517202 ], [ -11040926.0794, 2197667.76069999858737 ], [ -11041080.3201, 2197568.993500001728535 ], [ -11041299.9392, 2197569.7652000002563 ], [ -11041446.8643, 2197633.339400000870228 ], [ -11041558.1457, 2197713.773200001567602 ], [ -11041683.8378, 2197721.929900001734495 ], [ -11041901.9741, 2197778.040800001472235 ], [ -11041865.5503, 2198178.879799999296665 ], [ -11041881.2961, 2198241.980900000780821 ], [ -11041950.7865, 2198374.598999999463558 ], [ -11041976.5157, 2198457.947000000625849 ], [ -11041982.4346, 2198542.64469999819994 ], [ -11041964.5767, 2198766.841099999845028 ], [ -11042018.5824, 2198947.839800000190735 ], [ -11041961.2437, 2199451.178899999707937 ], [ -11041975.8935, 2199682.977200001478195 ], [ -11041973.2918, 2200042.605000000447035 ], [ -11041966.4814, 2200083.803800001740456 ], [ -11041818.0122, 2200456.573800001293421 ], [ -11041598.1951, 2201335.143100000917912 ], [ -11041607.9467, 2201393.515099998563528 ], [ -11041848.6452, 2202006.520599998533726 ], [ -11041922.9866, 2202117.75 ], [ -11041990.4461, 2202172.331999998539686 ], [ -11042027.9486, 2202220.074200000613928 ], [ -11042041.2936, 2202281.632800001651049 ], [ -11042025.3503, 2202528.269900001585484 ], [ -11042678.4977, 2202441.007599998265505 ], [ -11043105.1738, 2202270.173000000417233 ], [ -11043766.8124, 2202187.291499998420477 ], [ -11044063.4565, 2202136.63569999858737 ], [ -11044304.3598, 2202058.762200001627207 ], [ -11044437.0628, 2201982.381099998950958 ], [ -11044547.261, 2201933.75899999961257 ], [ -11045518.2631, 2201597.053800001740456 ], [ -11045675.4208, 2201571.092300001531839 ], [ -11045937.5336, 2201590.342099998146296 ], [ -11046230.9873, 2201526.667399998754263 ], [ -11046351.8358, 2201484.4551 ], [ -11046519.9216, 2201485.031100001186132 ], [ -11046905.3878, 2201326.765599999576807 ], [ -11047054.9277, 2201331.044599998742342 ], [ -11047106.1058, 2201318.362700000405312 ], [ -11047213.5187, 2201239.644999999552965 ], [ -11047235.6847, 2201198.237300001084805 ], [ -11047237.3699, 2200992.250500001013279 ], [ -11047281.6685, 2200857.850900001823902 ], [ -11047309.8258, 2200804.464200001209974 ], [ -11047369.5745, 2200747.387499999254942 ], [ -11047500.5941, 2200668.165100000798702 ], [ -11047581.0447, 2200594.156599998474121 ], [ -11047644.4878, 2200556.459300000220537 ], [ -11047702.2794, 2200542.684900000691414 ], [ -11047902.5932, 2200597.838500000536442 ], [ -11047956.0043, 2200598.848799999803305 ], [ -11048014.0185, 2200579.482900001108646 ], [ -11048463.2481, 2200202.502399999648333 ], [ -11049228.5864, 2199680.587499998509884 ], [ -11049639.0983, 2199295.911899998784065 ], [ -11049723.326, 2199235.428199999034405 ], [ -11049935.2303, 2199131.0810999982059 ], [ -11050295.1386, 2199066.840700000524521 ], [ -11050337.2674, 2199037.896099999547005 ], [ -11050380.4401, 2198970.277800001204014 ], [ -11050416.1358, 2198944.159600000828505 ], [ -11050564.4647, 2198965.853799998760223 ], [ -11050632.8495, 2198952.278200000524521 ], [ -11050683.3195, 2198916.505800001323223 ], [ -11050701.8142, 2198877.835900001227856 ], [ -11050703.289, 2198841.623700000345707 ], [ -11050661.1402, 2198716.658399999141693 ], [ -11050505.5079, 2198759.666700001806021 ], [ -11050488.5706, 2198658.779500000178814 ], [ -11050493.8149, 2198595.836300000548363 ], [ -11050533.6083, 2198499.949499998241663 ], [ -11050586.6264, 2198435.761999998241663 ], [ -11050511.5002, 2198394.382500000298023 ], [ -11050453.8078, 2198403.154399998486042 ], [ -11050373.8447, 2198469.0647 ], [ -11050284.5821, 2198631.283300001174212 ], [ -11050248.7594, 2198738.012600000947714 ], [ -11050184.0171, 2198786.610800001770258 ], [ -11050137.5969, 2198752.211399998515844 ], [ -11050218.799, 2198570.450100000947714 ], [ -11050321.0692, 2198287.658700000494719 ], [ -11050328.4094, 2198195.502999998629093 ], [ -11050290.9883, 2197919.673099998384714 ], [ -11050304.8692, 2197833.636100001633167 ], [ -11050333.3145, 2197784.592999998480082 ], [ -11050140.9177, 2197701.663499999791384 ], [ -11049887.3206, 2197617.723200000822544 ], [ -11049794.8109, 2197563.062899999320507 ], [ -11049712.9018, 2197489.506700001657009 ], [ -11049689.2143, 2197430.362100001424551 ], [ -11049555.0111, 2196682.793400000780821 ], [ -11049489.0086, 2196395.768100000917912 ], [ -11049491.2747, 2196295.878400001674891 ], [ -11049504.3082, 2196246.526599999517202 ], [ -11049498.1589, 2196207.007500000298023 ], [ -11049471.0369, 2196182.419599998742342 ], [ -11049389.0782, 2196194.329199999570847 ], [ -11049373.0135, 2196158.074999999254942 ], [ -11049486.6707, 2196075.604299999773502 ], [ -11049550.2052, 2195989.703000001609325 ], [ -11049636.1339, 2195975.142799999564886 ], [ -11049698.6598, 2195930.367199998348951 ], [ -11049679.1666, 2195922.761999998241663 ], [ -11049609.1844, 2195958.221700001507998 ], [ -11049536.13, 2195947.394400000572205 ], [ -11049469.2348, 2195976.287200000137091 ], [ -11049458.478, 2195970.842300001531839 ], [ -11049461.0595, 2195957.412300001829863 ], [ -11049595.2182, 2195895.3169 ], [ -11049636.4555, 2195894.2516999989748 ], [ -11049669.9625, 2195855.144999999552965 ], [ -11049791.1061, 2195826.001299999654293 ], [ -11049822.3611, 2195797.368299998342991 ], [ -11049852.1927, 2195795.404699999839067 ], [ -11049894.6676, 2195819.296500001102686 ], [ -11049913.3962, 2195813.723999999463558 ], [ -11049928.363, 2195800.095899999141693 ], [ -11049954.5656, 2195732.371100001037121 ], [ -11050034.1711, 2195709.6985 ], [ -11050044.8645, 2195633.009799998253584 ], [ -11050059.8692, 2195623.763599999248981 ], [ -11050096.8396, 2195632.52479999884963 ], [ -11050111.8299, 2195620.911899998784065 ], [ -11050126.6778, 2195558.355099998414516 ], [ -11050191.8798, 2195537.163699999451637 ], [ -11050226.6324, 2195487.92680000141263 ], [ -11050326.9037, 2195487.323899999260902 ], [ -11050423.678, 2195327.167899999767542 ], [ -11050509.629, 2195229.539599999785423 ], [ -11050544.1292, 2195224.825300000607967 ], [ -11050628.8208, 2195244.279800001531839 ], [ -11050683.6827, 2195193.153099998831749 ], [ -11050763.3706, 2195144.164900001138449 ], [ -11050945.0984, 2195067.890099998563528 ], [ -11051154.977, 2194953.57039999961853 ], [ -11051500.704, 2194807.269200000911951 ], [ -11051631.8631, 2194739.23759999871254 ], [ -11051710.8609, 2194723.979899998754263 ], [ -11051759.8493, 2194726.885600000619888 ], [ -11051833.9936, 2194694.139199998229742 ], [ -11051927.7591, 2194703.875700000673532 ], [ -11051916.9088, 2194653.433200001716614 ], [ -11051823.2279, 2194596.997699998319149 ], [ -11051805.0828, 2194563.942400000989437 ], [ -11051805.9444, 2194470.334800001233816 ], [ -11051822.4954, 2194444.089299999177456 ], [ -11051854.4586, 2194437.453299999237061 ], [ -11052003.5465, 2194482.037799999117851 ], [ -11052064.2658, 2194511.128899998962879 ], [ -11052166.3522, 2194583.636 ], [ -11052223.7276, 2194605.914299998432398 ], [ -11052297.5055, 2194613.109400000423193 ], [ -11052350.25, 2194590.38060000166297 ], [ -11052369.063, 2194566.34910000115633 ], [ -11052499.1342, 2194249.738499999046326 ], [ -11052633.6871, 2193962.437899999320507 ], [ -11052635.7576, 2193923.689300000667572 ], [ -11052624.206, 2193891.466899998486042 ], [ -11052544.7272, 2193799.824400000274181 ], [ -11052568.2692, 2193800.379999998956919 ], [ -11052675.7626, 2193853.208099998533726 ], [ -11052725.5257, 2193905.87220000103116 ], [ -11052730.8591, 2193982.850400000810623 ], [ -11052651.4994, 2194188.245400000363588 ], [ -11052659.5043, 2194224.002700001001358 ], [ -11052685.1391, 2194237.176699999719858 ], [ -11052725.5825, 2194216.64130000025034 ], [ -11052851.7152, 2194074.552799999713898 ], [ -11052882.9225, 2194028.002599999308586 ], [ -11052928.6849, 2193920.403799999505281 ], [ -11053052.9864, 2193727.44200000166893 ], [ -11053063.5818, 2193643.69370000064373 ], [ -11053001.1796, 2193479.994100000709295 ], [ -11052999.3427, 2193431.532999999821186 ], [ -11053096.37, 2193241.142900001257658 ], [ -11053106.0758, 2193143.584100000560284 ], [ -11053070.9178, 2192970.463300000876188 ], [ -11052986.885, 2192920.344999998807907 ], [ -11052960.8686, 2192884.372999999672174 ], [ -11052962.4883, 2192843.269799999892712 ], [ -11052975.969, 2192818.813499998301268 ], [ -11053025.3982, 2192795.116999998688698 ], [ -11053178.2776, 2192762.579199999570847 ], [ -11053262.1715, 2192709.842599999159575 ], [ -11053308.959, 2192633.043099999427795 ], [ -11053330.7509, 2192509.358800001442432 ], [ -11053399.4317, 2192342.375399999320507 ], [ -11053421.613, 2192293.985599998384714 ], [ -11053451.7274, 2192283.732500001788139 ], [ -11053498.624, 2192346.358899999409914 ], [ -11053520.8856, 2192359.80970000103116 ], [ -11053594.0525, 2192316.715399999171495 ], [ -11053631.5149, 2192320.374600000679493 ], [ -11053641.8699, 2192338.215700000524521 ], [ -11053624.8447, 2192424.425299998372793 ], [ -11053662.4997, 2192486.069699998944998 ], [ -11053702.4399, 2192511.609499998390675 ], [ -11053820.5087, 2192551.114 ], [ -11053879.8111, 2192640.063000001013279 ], [ -11053897.2936, 2192727.100699998438358 ], [ -11053922.8503, 2192787.270199999213219 ], [ -11053982.569, 2192824.981899999082088 ], [ -11054004.0847, 2192871.012699998915195 ], [ -11054044.1172, 2192918.629999998956919 ], [ -11054063.8732, 2192923.132500000298023 ], [ -11054084.3738, 2192913.097300000488758 ], [ -11054081.0866, 2192821.720100000500679 ], [ -11054099.8451, 2192672.326900001615286 ], [ -11054142.8088, 2192607.131499998271465 ], [ -11054164.5317, 2192495.761300001293421 ], [ -11054175.0045, 2192484.327399998903275 ], [ -11054213.6168, 2192481.438400000333786 ], [ -11054226.4152, 2192447.212000001221895 ], [ -11054165.567, 2192377.378899998962879 ], [ -11054152.1174, 2192282.385400000959635 ], [ -11054107.1921, 2192184.137600000947714 ], [ -11054029.5379, 2191936.230500001460314 ], [ -11054033.8938, 2191885.992400001734495 ], [ -11054080.0024, 2191756.969200000166893 ], [ -11054146.784, 2191727.968499999493361 ], [ -11054166.3919, 2191627.594300001859665 ], [ -11054169.04, 2191409.750399999320507 ], [ -11054187.4378, 2191401.333200000226498 ], [ -11054216.0269, 2191410.027699999511242 ], [ -11054333.4667, 2191559.952599998563528 ], [ -11054372.8895, 2191600.084600001573563 ], [ -11054392.9881, 2191602.557 ], [ -11054409.7551, 2191587.592099998146296 ], [ -11054503.0909, 2191399.328200001269579 ], [ -11054585.2258, 2191357.147399999201298 ], [ -11054683.0789, 2191142.899300001561642 ], [ -11054708.2161, 2191133.722600001841784 ], [ -11054734.8581, 2191141.982999999076128 ], [ -11054806.9086, 2191227.964000001549721 ], [ -11054844.6381, 2191216.504700001329184 ], [ -11054848.2392, 2191100.598000001162291 ], [ -11054898.9174, 2190965.99379999935627 ], [ -11054934.1757, 2190929.481899999082088 ], [ -11055004.1545, 2190889.183499999344349 ], [ -11055041.1126, 2190894.533900000154972 ], [ -11055073.993, 2190931.710099998861551 ], [ -11055064.2936, 2191017.904599998146296 ], [ -11055074.2723, 2191087.683400001376867 ], [ -11055155.7548, 2191181.985599998384714 ], [ -11055185.0508, 2191167.53770000115037 ], [ -11055221.9813, 2191085.512899998575449 ], [ -11055286.9015, 2191102.374299999326468 ], [ -11055313.6093, 2191090.762899998575449 ], [ -11055353.5918, 2191042.523699998855591 ], [ -11055386.7417, 2190942.824700001627207 ], [ -11055392.5349, 2190904.927799999713898 ], [ -11055358.2329, 2190799.918099999427795 ], [ -11055371.8549, 2190779.803599998354912 ], [ -11055458.8656, 2190780.929999999701977 ], [ -11055483.1779, 2190770.350999999791384 ], [ -11055539.8672, 2190711.83219999819994 ], [ -11055571.0678, 2190650.015599999576807 ], [ -11055569.6763, 2190517.3147 ], [ -11055582.6707, 2190458.0077 ], [ -11055629.5719, 2190450.733600001782179 ], [ -11055660.7958, 2190459.439399998635054 ], [ -11055711.1635, 2190439.784499999135733 ], [ -11055781.4729, 2190350.932500001043081 ], [ -11055851.9749, 2190294.513000000268221 ], [ -11055851.072, 2190273.416799999773502 ], [ -11055800.651, 2190214.503100000321865 ], [ -11055794.6754, 2190190.610599998384714 ], [ -11055832.5207, 2190092.398200001567602 ], [ -11055858.2032, 2189983.635200001299381 ], [ -11055892.464, 2189936.186599999666214 ], [ -11055935.6972, 2189794.66270000115037 ], [ -11055935.0225, 2189708.563000001013279 ], [ -11055912.8298, 2189656.758099999278784 ], [ -11055930.0064, 2189610.176100000739098 ], [ -11055920.59, 2189576.841699998825788 ], [ -11055931.5249, 2189510.116399999707937 ], [ -11055922.8487, 2189416.062899999320507 ], [ -11055882.3617, 2189310.854499999433756 ], [ -11055868.6105, 2189212.170400001108646 ], [ -11055777.0545, 2189097.215599998831749 ], [ -11055828.6055, 2188837.2982 ], [ -11055871.1195, 2188776.307199999690056 ], [ -11055881.5613, 2188652.975400000810623 ], [ -11055834.3329, 2188447.753699999302626 ], [ -11055786.2151, 2188366.820700000971556 ], [ -11055776.4123, 2188188.651700001209974 ], [ -11055821.1649, 2188021.812899999320507 ], [ -11055836.7698, 2187901.91780000180006 ], [ -11055884.6493, 2187847.323100000619888 ], [ -11055909.0885, 2187722.485199999064207 ], [ -11055901.0099, 2187653.373399998992682 ], [ -11055935.1528, 2187580.932799998670816 ], [ -11055931.0884, 2187477.749899998307228 ], [ -11055960.567, 2187324.369699999690056 ], [ -11056116.5245, 2187130.285000000149012 ], [ -11056657.3813, 2186170.571600001305342 ], [ -11056643.6322, 2184479.185199998319149 ], [ -11056722.5133, 2183016.534600000828505 ], [ -11056736.7265, 2182541.284800000488758 ], [ -11056732.7581, 2182341.184500001370907 ] ] ] } },
{ "type": "Feature", "properties": { "OBJECTID": 283, "ID": "09011", "NAME": "Tláhuac", "TOTPOP_CY": 401968, "AREA": 85.83, "Shape__Area": 96810258.919261575, "Shape__Length": 59951.022563655206, "metro_only_count": 267.0, "bus_only_count": 1281.0, "bus_metro_count": 867.0, "n_cat": "5", "label_range": "13 – 267" }, "geometry": { "type": "Polygon", "coordinates": [ [ [ -11017017.6903, 2179804.264199998229742 ], [ -11016973.498, 2179869.650499999523163 ], [ -11016656.7707, 2180057.539299998432398 ], [ -11016570.3086, 2180034.593100000172853 ], [ -11016476.7091, 2180164.035300001502037 ], [ -11016148.4752, 2180132.003699999302626 ], [ -11016180.1494, 2180195.933499999344349 ], [ -11015894.1999, 2180281.086199998855591 ], [ -11015503.141, 2180223.358300000429153 ], [ -11015472.3513, 2180317.169100001454353 ], [ -11015385.8482, 2180296.930300001055002 ], [ -11015428.2021, 2180323.576499998569489 ], [ -11015329.9401, 2180412.045099999755621 ], [ -11015184.4555, 2180640.429099999368191 ], [ -11014234.642, 2180337.592000000178814 ], [ -11013984.1287, 2181236.479100000113249 ], [ -11014480.3019, 2181399.246500000357628 ], [ -11014534.1095, 2181433.671500001102686 ], [ -11014610.2442, 2181440.101399999111891 ], [ -11017132.6547, 2182294.985599998384714 ], [ -11016843.2651, 2184384.633600000292063 ], [ -11018016.9901, 2184760.114 ], [ -11017837.4251, 2185510.669599998742342 ], [ -11017449.2886, 2187736.654800001531839 ], [ -11016981.0493, 2190991.631999999284744 ], [ -11016875.4978, 2190991.370099999010563 ], [ -11016776.4613, 2191035.417300000786781 ], [ -11016708.4775, 2191099.683899998664856 ], [ -11016665.8699, 2191223.997099999338388 ], [ -11016548.7593, 2192061.197200000286102 ], [ -11016506.9635, 2192261.156100001186132 ], [ -11015943.3306, 2193027.940499998629093 ], [ -11016510.1719, 2193533.968800000846386 ], [ -11016611.5203, 2193520.36600000038743 ], [ -11016625.3207, 2193473.809000000357628 ], [ -11016719.2532, 2193498.589299999177456 ], [ -11016732.5791, 2193434.476199999451637 ], [ -11016812.7458, 2193469.73759999871254 ], [ -11016820.2423, 2193455.362199999392033 ], [ -11016910.313, 2193466.809999998658895 ], [ -11016906.6706, 2193396.636 ], [ -11016883.9014, 2193316.262699998915195 ], [ -11017097.9771, 2193322.252099998295307 ], [ -11017174.2567, 2193206.648899998515844 ], [ -11017333.7134, 2193228.479299999773502 ], [ -11017421.7371, 2193287.937800001353025 ], [ -11017882.6332, 2193312.930300001055002 ], [ -11017953.0671, 2193230.738400001078844 ], [ -11017990.4761, 2193229.7533 ], [ -11017983.3215, 2193153.9956 ], [ -11018015.4184, 2193149.216899998486042 ], [ -11018023.6559, 2193230.835200000554323 ], [ -11018113.4435, 2193263.595199998468161 ], [ -11018124.2165, 2193209.720400001853704 ], [ -11018185.638, 2193236.11769999936223 ], [ -11018172.3888, 2193270.661699999123812 ], [ -11018203.1676, 2193276.076299998909235 ], [ -11018217.3263, 2193194.735100001096725 ], [ -11018234.7779, 2193191.027399998158216 ], [ -11018242.9329, 2193107.553599998354912 ], [ -11018424.8448, 2193136.371599998325109 ], [ -11018470.8075, 2193196.516399998217821 ], [ -11018355.0452, 2193329.863099999725819 ], [ -11018388.5301, 2193371.452399998903275 ], [ -11020780.3186, 2193488.715999998152256 ], [ -11023519.5694, 2192569.127700001001358 ], [ -11024941.3027, 2192143.021600000560284 ], [ -11025036.2086, 2192020.519499998539686 ], [ -11025131.6259, 2192106.317499998956919 ], [ -11025272.6544, 2191979.4375 ], [ -11025280.4723, 2191988.55460000038147 ], [ -11025484.5119, 2191728.026200000196695 ], [ -11025602.9482, 2191818.067600000649691 ], [ -11025620.9508, 2191795.204999998211861 ], [ -11025631.6763, 2191805.1206 ], [ -11025729.1654, 2191943.264400001615286 ], [ -11025819.0515, 2192042.8260000012815 ], [ -11025826.9396, 2192018.356800001114607 ], [ -11026069.5115, 2191689.841099999845028 ], [ -11026243.3825, 2191816.426699999719858 ], [ -11026447.5147, 2191557.317299999296665 ], [ -11026616.6402, 2191686.9901 ], [ -11027294.4301, 2190811.866300001740456 ], [ -11027687.2031, 2190958.6371 ], [ -11027840.5789, 2190481.892299998551607 ], [ -11027709.8443, 2190131.583799999207258 ], [ -11027602.883, 2189970.107799999415874 ], [ -11027597.5753, 2189900.583399999886751 ], [ -11027545.5768, 2189677.385400000959635 ], [ -11027528.9034, 2189630.537999998778105 ], [ -11027482.6446, 2189591.298000000417233 ], [ -11027490.3935, 2189422.740600001066923 ], [ -11027623.0919, 2189261.348400000482798 ], [ -11028151.6146, 2188696.086399998515844 ], [ -11028306.9317, 2188513.746800001710653 ], [ -11028233.892, 2188452.821400001645088 ], [ -11027795.2443, 2188164.292100001126528 ], [ -11027272.3152, 2187962.881499998271465 ], [ -11027041.6291, 2187885.508600000292063 ], [ -11026696.3137, 2187854.642000000923872 ], [ -11026459.5684, 2187750.251499999314547 ], [ -11026258.7295, 2187634.865800000727177 ], [ -11026004.8694, 2187454.980000000447035 ], [ -11025650.103, 2187323.591400001198053 ], [ -11025243.9406, 2187195.802799999713898 ], [ -11024925.3477, 2187001.425900001078844 ], [ -11024783.9706, 2186951.1283 ], [ -11024630.8218, 2186825.047800000756979 ], [ -11024486.1354, 2186601.998500000685453 ], [ -11024384.8235, 2186479.19709999859333 ], [ -11024305.5685, 2186409.986000001430511 ], [ -11024087.831, 2186152.397100001573563 ], [ -11024028.827, 2186062.295099999755621 ], [ -11024017.0907, 2185941.488699998706579 ], [ -11023949.1714, 2185876.8147 ], [ -11023891.333, 2185850.763700000941753 ], [ -11023734.9448, 2185832.798300001770258 ], [ -11023657.54, 2185787.36600000038743 ], [ -11023648.4941, 2185799.329 ], [ -11023619.5753, 2185778.376600001007318 ], [ -11023576.4914, 2185779.326099999248981 ], [ -11023528.3225, 2185799.942099999636412 ], [ -11023506.3322, 2185830.782299999147654 ], [ -11022939.7349, 2185683.610399998724461 ], [ -11022862.4104, 2185684.434599999338388 ], [ -11022836.5365, 2185692.1064000017941 ], [ -11022827.3226, 2185706.4419 ], [ -11022468.0432, 2185565.493700001388788 ], [ -11022405.7375, 2185517.992199998348951 ], [ -11022126.0988, 2185378.97690000012517 ], [ -11022058.2683, 2185328.6699 ], [ -11021940.0105, 2185176.914000000804663 ], [ -11021946.3868, 2185127.921599999070168 ], [ -11021931.8393, 2185100.387200001627207 ], [ -11021890.1993, 2185057.543699998408556 ], [ -11021886.1239, 2185067.131400000303984 ], [ -11021857.4203, 2185052.440999999642372 ], [ -11021819.9702, 2185021.449000000953674 ], [ -11021413.8087, 2184580.943900000303984 ], [ -11021465.1025, 2184483.46059999987483 ], [ -11021485.5842, 2184512.32319999858737 ], [ -11021514.2356, 2184455.97410000115633 ], [ -11021549.6418, 2184477.430500000715256 ], [ -11021592.786, 2184482.109299998730421 ], [ -11021618.4294, 2184471.1919 ], [ -11021687.353, 2184318.56529999896884 ], [ -11021720.9925, 2184186.960900001227856 ], [ -11021799.6453, 2184046.401099998503923 ], [ -11021834.2189, 2184038.51069999858737 ], [ -11021862.1646, 2184005.084300000220537 ], [ -11021875.4071, 2183926.17119999974966 ], [ -11021998.3762, 2183980.539099998772144 ], [ -11022044.3946, 2183818.843400001525879 ], [ -11022018.3347, 2183803.723999999463558 ], [ -11022028.349, 2183770.679000001400709 ], [ -11022178.8129, 2183815.144600000232458 ], [ -11022221.8079, 2183641.290300000458956 ], [ -11022292.1283, 2183502.510299999266863 ], [ -11022306.4552, 2183431.476199999451637 ], [ -11022353.9085, 2183313.548000000417233 ], [ -11022462.8424, 2183190.044300001114607 ], [ -11022460.6711, 2183173.604299999773502 ], [ -11022490.8158, 2183146.896200001239777 ], [ -11022497.5049, 2183152.895899999886751 ], [ -11022547.5069, 2183100.023800000548363 ], [ -11022577.1822, 2183014.639199998229742 ], [ -11022606.1765, 2183022.844200000166893 ], [ -11022605.8421, 2183035.192800000309944 ], [ -11022656.0507, 2182938.536299999803305 ], [ -11023990.6613, 2181282.834800001233816 ], [ -11020641.1377, 2181599.352000001817942 ], [ -11020640.2891, 2181608.220499999821186 ], [ -11020977.9061, 2181686.882800001651049 ], [ -11020962.5009, 2181747.463899999856949 ], [ -11020612.5466, 2181654.328000001609325 ], [ -11020581.9972, 2181745.766600001603365 ], [ -11020520.7504, 2181721.897399999201298 ], [ -11020503.1228, 2181762.888599999248981 ], [ -11020423.3557, 2181742.512699998915195 ], [ -11020315.3377, 2181735.5168999992311 ], [ -11020321.6498, 2181716.431699998676777 ], [ -11020345.3954, 2181701.549800001084805 ], [ -11020347.2377, 2181619.4989 ], [ -11020260.1258, 2181600.386100001633167 ], [ -11020232.0221, 2181584.354800000786781 ], [ -11020204.4161, 2181548.795499999076128 ], [ -11020226.1945, 2181468.943399999290705 ], [ -11020161.0723, 2181448.563700001686811 ], [ -11020122.2142, 2181590.479499999433756 ], [ -11020102.2899, 2181740.502999998629093 ], [ -11019931.1055, 2181735.267900001257658 ], [ -11019912.9236, 2181671.557900000363588 ], [ -11019879.6051, 2181437.514699999243021 ], [ -11019654.1248, 2181419.228199999779463 ], [ -11019635.9039, 2181514.122499998658895 ], [ -11019578.5855, 2181535.776200000196695 ], [ -11018881.9812, 2180883.078699998557568 ], [ -11018829.4979, 2180932.282200001180172 ], [ -11018705.076, 2181006.043600000441074 ], [ -11018691.446, 2180985.97580000013113 ], [ -11018697.8447, 2180975.372299998998642 ], [ -11018617.112, 2180878.067699998617172 ], [ -11018546.3924, 2180767.49379999935627 ], [ -11018538.2672, 2180781.191599998623133 ], [ -11018460.7961, 2180680.430700000375509 ], [ -11018248.4677, 2180453.450500000268221 ], [ -11018130.019, 2180372.094999998807907 ], [ -11018159.4376, 2180273.078899998217821 ], [ -11017774.1923, 2180199.461599998176098 ], [ -11017693.1362, 2180156.996500000357628 ], [ -11017560.3509, 2179993.429900001734495 ], [ -11017456.6923, 2179908.072299998253584 ], [ -11017170.4534, 2179759.668200001120567 ], [ -11017126.0047, 2179742.976199999451637 ], [ -11017074.8009, 2179746.296599999070168 ], [ -11017048.3601, 2179758.887899998575449 ], [ -11017017.6903, 2179804.264199998229742 ] ] ] } },
{ "type": "Feature", "properties": { "OBJECTID": 284, "ID": "09012", "NAME": "Tlalpan", "TOTPOP_CY": 717164, "AREA": 314.5, "Shape__Area": 354514920.70644248, "Shape__Length": 106801.63609734157, "metro_only_count": 216.0, "bus_only_count": 3098.0, "bus_metro_count": 1172.0, "n_cat": "5", "label_range": "13 – 267" }, "geometry": { "type": "Polygon", "coordinates": [ [ [ -11035822.6374, 2165461.555500000715256 ], [ -11036972.4987, 2166781.530799999833107 ], [ -11037856.0059, 2167753.855399999767542 ], [ -11038807.2653, 2168773.421399999409914 ], [ -11037885.1471, 2170872.936200000345707 ], [ -11037605.7641, 2171675.182599999010563 ], [ -11037545.3544, 2172694.4037000015378 ], [ -11037283.9216, 2173819.281399998813868 ], [ -11037127.1459, 2173810.10700000077486 ], [ -11036971.7228, 2173775.891100000590086 ], [ -11036714.6037, 2173625.136500000953674 ], [ -11036597.9041, 2173492.370799999684095 ], [ -11036468.5319, 2173209.252000000327826 ], [ -11036340.4367, 2173018.129799999296665 ], [ -11036291.7477, 2172898.182500001043081 ], [ -11036259.3259, 2172864.782600000500679 ], [ -11036150.4366, 2172798.079300001263618 ], [ -11036050.9291, 2172761.681800000369549 ], [ -11035368.9626, 2172440.323699999600649 ], [ -11035128.3199, 2172903.77760000154376 ], [ -11035218.0902, 2172918.450199998915195 ], [ -11035285.7068, 2172914.423500001430511 ], [ -11035380.4062, 2172960.598900001496077 ], [ -11035391.8376, 2173002.465999998152256 ], [ -11035375.8421, 2173074.116999998688698 ], [ -11035412.2993, 2173179.130899999290705 ], [ -11035423.3733, 2173514.604800000786781 ], [ -11035401.1161, 2173798.251499999314547 ], [ -11035368.1399, 2173933.699000000953674 ], [ -11035321.1286, 2174033.028999999165535 ], [ -11035284.8373, 2174157.822200000286102 ], [ -11035172.526, 2174359.920400001108646 ], [ -11035136.1624, 2174478.436500001698732 ], [ -11035120.5164, 2174751.197000000625849 ], [ -11035159.1009, 2175008.3125 ], [ -11035161.5889, 2175125.169599998742342 ], [ -11035152.5352, 2175179.57660000026226 ], [ -11035095.6176, 2175225.626499999314547 ], [ -11035095.4896, 2175239.092799998819828 ], [ -11035202.6368, 2175385.593600001186132 ], [ -11035255.0527, 2175436.767299998551607 ], [ -11035330.8568, 2175564.356800001114607 ], [ -11035351.53, 2175693.395700000226498 ], [ -11035379.666, 2175746.949799999594688 ], [ -11035356.674, 2175841.038400001823902 ], [ -11035367.6824, 2175966.509100001305342 ], [ -11035350.8253, 2175992.920499999076128 ], [ -11035308.584, 2176145.897599998861551 ], [ -11035265.4165, 2176213.713100001215935 ], [ -11035217.8353, 2176352.534200001507998 ], [ -11035138.3754, 2176440.366099998354912 ], [ -11035112.3912, 2176603.148299999535084 ], [ -11035097.9286, 2176624.705800000578165 ], [ -11035065.6025, 2176637.267799999564886 ], [ -11035037.619, 2176675.445500001311302 ], [ -11034986.5145, 2176687.750599998980761 ], [ -11034920.079, 2176800.646899998188019 ], [ -11034821.2551, 2176894.700599998235703 ], [ -11034775.6375, 2176995.928100001066923 ], [ -11034780.6614, 2177031.078400000929832 ], [ -11034830.5781, 2177116.754000000655651 ], [ -11034896.5115, 2177177.994699999690056 ], [ -11034959.5718, 2177217.409800000488758 ], [ -11035093.9022, 2177353.225400000810623 ], [ -11035101.4563, 2177404.60700000077486 ], [ -11035176.0092, 2177473.145899999886751 ], [ -11035167.7226, 2177588.282800000160933 ], [ -11035172.5394, 2177635.886100001633167 ], [ -11035187.3949, 2177664.732700001448393 ], [ -11035153.6651, 2177749.877099998295307 ], [ -11035155.7969, 2177791.118099998682737 ], [ -11035109.8342, 2177850.195599999278784 ], [ -11035114.8569, 2177869.820099998265505 ], [ -11035094.8406, 2177949.602200001478195 ], [ -11035151.2896, 2178049.605799999088049 ], [ -11035125.9711, 2178097.455400001257658 ], [ -11035046.1216, 2178175.202799998223782 ], [ -11035050.0367, 2178220.500700000673532 ], [ -11035019.8168, 2178276.089200001209974 ], [ -11035043.2718, 2178292.056600000709295 ], [ -11035046.5569, 2178309.186200000345707 ], [ -11035000.1422, 2178431.012899998575449 ], [ -11034999.7648, 2178458.157400000840425 ], [ -11035025.5007, 2178477.582100000232458 ], [ -11035029.8979, 2178515.55350000038743 ], [ -11035049.9187, 2178541.926100000739098 ], [ -11035024.6625, 2178850.883900001645088 ], [ -11035091.9339, 2178855.885499998927116 ], [ -11035134.7852, 2178871.209600001573563 ], [ -11035110.3997, 2178950.279100000858307 ], [ -11035204.0005, 2178992.512899998575449 ], [ -11035235.4726, 2179035.053199999034405 ], [ -11035236.2296, 2179062.711300000548363 ], [ -11035266.445, 2179136.750300001353025 ], [ -11035371.7622, 2179260.625100001692772 ], [ -11035381.9145, 2179323.116099998354912 ], [ -11035359.4114, 2179404.562899999320507 ], [ -11035370.4898, 2179439.940400000661612 ], [ -11035409.494, 2179479.386 ], [ -11035409.8113, 2179609.556600000709295 ], [ -11035425.6955, 2179646.490699999034405 ], [ -11035415.2081, 2179673.246599998325109 ], [ -11035436.677, 2179686.883400000631809 ], [ -11035467.1908, 2179677.760499998927116 ], [ -11035480.9231, 2179693.185699999332428 ], [ -11035469.94, 2179724.313400000333786 ], [ -11035500.7756, 2179759.011999998241663 ], [ -11035526.3335, 2179757.282800000160933 ], [ -11035535.1214, 2179797.660300001502037 ], [ -11036026.8396, 2180350.959100000560284 ], [ -11037276.7115, 2180763.078000001609325 ], [ -11037816.7457, 2180929.916600000113249 ], [ -11037719.2865, 2181067.492499999701977 ], [ -11037708.6979, 2181020.761300001293421 ], [ -11037654.1703, 2180923.031800001859665 ], [ -11037635.5388, 2180909.029899999499321 ], [ -11037603.6424, 2180917.484999999403954 ], [ -11037557.2533, 2181007.321699999272823 ], [ -11037552.6981, 2181094.986000001430511 ], [ -11037507.8375, 2181249.797600001096725 ], [ -11037495.8016, 2181260.126200001686811 ], [ -11037473.8661, 2181232.740899998694658 ], [ -11037455.5541, 2181256.322999998927116 ], [ -11037461.3438, 2181292.7555 ], [ -11037447.1116, 2181343.930599998682737 ], [ -11037460.0358, 2181373.927499998360872 ], [ -11037493.996, 2181396.47580000013113 ], [ -11037590.9297, 2181406.831599999219179 ], [ -11037632.2314, 2181424.879999998956919 ], [ -11037675.2041, 2181484.383699998259544 ], [ -11037703.6038, 2181559.765500001609325 ], [ -11037659.7183, 2181638.528799999505281 ], [ -11037591.9271, 2181948.212799999862909 ], [ -11037534.6009, 2182041.547400001436472 ], [ -11037521.2169, 2182128.96059999987483 ], [ -11037427.8521, 2182267.400699999183416 ], [ -11037422.343, 2182296.968800000846386 ], [ -11037396.2152, 2182319.821600001305342 ], [ -11037394.4841, 2182396.994699999690056 ], [ -11037380.5893, 2182435.979499999433756 ], [ -11037409.5635, 2182529.373199999332428 ], [ -11037403.0451, 2182578.591099999845028 ], [ -11037380.8905, 2182575.052000001072884 ], [ -11037376.7531, 2182539.7993 ], [ -11037361.9354, 2182527.959699999541044 ], [ -11037289.8951, 2182520.666200000792742 ], [ -11037271.6646, 2182504.186299998313189 ], [ -11037248.3753, 2182509.5608000010252 ], [ -11037241.5078, 2182521.504099998623133 ], [ -11037256.9663, 2182571.446100000292063 ], [ -11037249.2777, 2182589.21169999986887 ], [ -11037210.7537, 2182631.979600001126528 ], [ -11037187.4644, 2182687.217099998146296 ], [ -11037145.0657, 2182704.833599999547005 ], [ -11037126.5538, 2182764.251499999314547 ], [ -11037101.1197, 2182747.816300000995398 ], [ -11037122.8282, 2182654.825100000947714 ], [ -11037149.6769, 2182620.355000000447035 ], [ -11037097.4826, 2182566.276799999177456 ], [ -11036919.9249, 2182526.366599999368191 ], [ -11036841.7962, 2182543.102699998766184 ], [ -11036815.2455, 2182558.875599998980761 ], [ -11036761.9846, 2182545.262800000607967 ], [ -11036746.666, 2182561.684000000357628 ], [ -11036709.9716, 2182566.970600001513958 ], [ -11037051.406, 2183243.0793999992311 ], [ -11037008.7766, 2183262.089400000870228 ], [ -11036958.2877, 2183252.213599998503923 ], [ -11036916.5228, 2183198.371100001037121 ], [ -11036895.6282, 2183133.389199998229742 ], [ -11036838.2374, 2183132.929400000721216 ], [ -11036660.8743, 2183175.305399999022484 ], [ -11036653.3958, 2183234.877999998629093 ], [ -11036687.5809, 2183644.12950000166893 ], [ -11036680.9496, 2183752.493900001049042 ], [ -11036688.0262, 2183771.413400001823902 ], [ -11036473.8541, 2183702.881900001317263 ], [ -11036463.2521, 2183668.725000001490116 ], [ -11036437.5606, 2183642.195799998939037 ], [ -11036398.6757, 2183634.753499999642372 ], [ -11036404.54, 2183646.3805 ], [ -11036394.8173, 2183655.202300000935793 ], [ -11036336.2944, 2183636.075199998915195 ], [ -11036257.0739, 2183636.345400001853704 ], [ -11036094.2603, 2183915.978999998420477 ], [ -11036147.0669, 2183962.550799999386072 ], [ -11036213.0927, 2184079.049199998378754 ], [ -11036239.7905, 2184106.416200000792742 ], [ -11036254.8097, 2184153.567400000989437 ], [ -11036388.3296, 2184237.233399998396635 ], [ -11036406.4137, 2184273.1129 ], [ -11036402.5684, 2184362.240899998694658 ], [ -11036353.9842, 2184467.957400001585484 ], [ -11036320.2433, 2184503.300599999725819 ], [ -11036303.2582, 2184506.804900001734495 ], [ -11036291.0999, 2184535.590999998152256 ], [ -11036268.1903, 2184543.113800000399351 ], [ -11036261.2584, 2184583.3706 ], [ -11036231.702, 2184615.745999999344349 ], [ -11036235.4323, 2184697.391800001263618 ], [ -11036200.7207, 2184774.313099998980761 ], [ -11036180.0731, 2184787.71059999987483 ], [ -11036146.9311, 2184944.992600001394749 ], [ -11036168.3356, 2185035.309000000357628 ], [ -11036215.3213, 2185126.429999999701977 ], [ -11036274.0268, 2185161.062100000679493 ], [ -11036303.4619, 2185216.955899998545647 ], [ -11036242.1794, 2185273.07039999961853 ], [ -11036233.5633, 2185318.686799999326468 ], [ -11036319.4351, 2185425.936799999326468 ], [ -11036413.4511, 2185487.668299999088049 ], [ -11036477.7749, 2185598.394400000572205 ], [ -11036485.3067, 2185683.518199998885393 ], [ -11036449.2214, 2185788.541499998420477 ], [ -11036472.1944, 2185951.624000001698732 ], [ -11036484.1167, 2185975.986699998378754 ], [ -11036478.5964, 2186061.328000001609325 ], [ -11036492.4957, 2186086.88060000166297 ], [ -11036481.8336, 2186351.964899998158216 ], [ -11036491.2256, 2186359.953099999576807 ], [ -11036585.1258, 2186339.829300001263618 ], [ -11036573.141, 2186423.58390000090003 ], [ -11036762.1684, 2186448.891600001603365 ], [ -11036740.9219, 2186529.448399998247623 ], [ -11036653.6062, 2186695.793099999427795 ], [ -11036589.2123, 2186687.534800000488758 ], [ -11036525.581, 2186809.362700000405312 ], [ -11036494.603, 2186829.879099998623133 ], [ -11036452.4608, 2186831.692800000309944 ], [ -11036346.5804, 2187166.796999998390675 ], [ -11036341.0745, 2187189.856800001114607 ], [ -11036446.7434, 2187215.157400000840425 ], [ -11036411.6333, 2187420.62779999896884 ], [ -11036331.8644, 2188227.485399998724461 ], [ -11036132.7679, 2188196.4507 ], [ -11035978.9244, 2188189.493700001388788 ], [ -11035821.6299, 2188197.729100000113249 ], [ -11035669.6365, 2188219.565999999642372 ], [ -11034536.2004, 2188547.397399999201298 ], [ -11034423.2067, 2188586.073899999260902 ], [ -11032667.3566, 2189377.690000001341105 ], [ -11032320.5897, 2189523.467500001192093 ], [ -11031913.3485, 2189721.957800000905991 ], [ -11031865.0064, 2190290.479100000113249 ], [ -11032786.5029, 2190243.067699998617172 ], [ -11033632.5711, 2190455.6096 ], [ -11033971.1783, 2190554.537300001829863 ], [ -11034319.0071, 2190675.786400001496077 ], [ -11035627.0758, 2191266.376800000667572 ], [ -11035721.8432, 2191139.350099999457598 ], [ -11036505.5546, 2190241.662900000810623 ], [ -11036798.2125, 2190361.372000001370907 ], [ -11037007.8003, 2190401.8048 ], [ -11037039.2036, 2190439.824299998581409 ], [ -11037192.4371, 2190299.021000001579523 ], [ -11037507.9555, 2190052.955699998885393 ], [ -11038069.4054, 2189915.006999999284744 ], [ -11038264.6308, 2190185.821800000965595 ], [ -11038334.5205, 2190258.290100000798702 ], [ -11038437.7259, 2190337.119600001722574 ], [ -11038526.8105, 2190385.760400000959635 ], [ -11038692.6108, 2190438.762899998575449 ], [ -11040346.0014, 2190678.916799999773502 ], [ -11040587.7862, 2190693.879999998956919 ], [ -11040928.5896, 2190674.912399999797344 ], [ -11042164.4709, 2190529.7018 ], [ -11042277.6472, 2190525.504000000655651 ], [ -11042385.1384, 2190536.041600000113249 ], [ -11042577.0822, 2190589.950500000268221 ], [ -11042914.0229, 2190780.360300000756979 ], [ -11043141.6568, 2190873.205699998885393 ], [ -11043293.2027, 2190912.2643 ], [ -11044374.5346, 2191116.024900000542402 ], [ -11044492.7849, 2191143.161200001835823 ], [ -11044607.2113, 2191187.006799999624491 ], [ -11044736.8484, 2191264.379799999296665 ], [ -11044874.4682, 2191391.282200001180172 ], [ -11045055.4025, 2191637.529800001531839 ], [ -11045111.5755, 2191734.618700001388788 ], [ -11045172.397, 2191623.627500001341105 ], [ -11045198.6717, 2191600.878400001674891 ], [ -11045557.2441, 2191573.365200001746416 ], [ -11045634.7926, 2191553.5592 ], [ -11045669.0623, 2191538.121199999004602 ], [ -11045695.4805, 2191462.567200001329184 ], [ -11045967.3997, 2191238.952500000596046 ], [ -11045982.2218, 2191206.114100001752377 ], [ -11045965.0385, 2191136.428399998694658 ], [ -11045982.2719, 2191109.408900000154972 ], [ -11046084.6879, 2191060.524700000882149 ], [ -11046162.074, 2191052.280799999833107 ], [ -11046251.4391, 2190979.758900001645088 ], [ -11046366.3275, 2190930.819299999624491 ], [ -11046445.0905, 2190882.834300000220537 ], [ -11046460.4135, 2190745.85700000077486 ], [ -11046483.352, 2190734.977699998766184 ], [ -11046493.2663, 2190639.904699999839067 ], [ -11046516.6554, 2190641.993599999696016 ], [ -11046527.6316, 2190580.785799998790026 ], [ -11046564.1256, 2190501.5945999994874 ], [ -11046481.1825, 2190461.30180000141263 ], [ -11046560.1301, 2190396.979499999433756 ], [ -11046611.236, 2190384.366099998354912 ], [ -11046608.3361, 2190297.273299999535084 ], [ -11046574.2634, 2190299.66160000115633 ], [ -11046534.7573, 2190275.057500001043081 ], [ -11046550.0939, 2190238.970300000160933 ], [ -11046536.1777, 2190114.403499998152256 ], [ -11046509.4676, 2190037.636799998581409 ], [ -11046525.9684, 2189993.1722999997437 ], [ -11046587.8054, 2189898.771699998527765 ], [ -11046842.4187, 2189697.863000001758337 ], [ -11046879.1987, 2189715.237300001084805 ], [ -11046911.795, 2189711.113000001758337 ], [ -11046916.9325, 2189686.533300001174212 ], [ -11046886.4822, 2189654.169399999082088 ], [ -11046897.484, 2189634.24379999935627 ], [ -11046981.2696, 2189627.574099998921156 ], [ -11047036.4553, 2189610.932300001382828 ], [ -11047200.8439, 2189662.866500001400709 ], [ -11047387.8742, 2189586.379799999296665 ], [ -11047422.0591, 2189604.020899999886751 ], [ -11047500.4014, 2189582.598600000143051 ], [ -11047560.1488, 2189479.495999999344349 ], [ -11047518.7648, 2189446.356300000101328 ], [ -11047604.1969, 2189445.4375 ], [ -11047662.0675, 2189329.272300001233816 ], [ -11047679.8586, 2189278.168099999427795 ], [ -11047653.6861, 2189033.173900000751019 ], [ -11047648.62, 2189023.1853 ], [ -11047610.5487, 2189018.366099998354912 ], [ -11047545.6941, 2188969.464699998497963 ], [ -11047466.0217, 2188881.324999999254942 ], [ -11047459.8991, 2188820.817099999636412 ], [ -11047435.4656, 2188774.249000001698732 ], [ -11047451.2128, 2188733.734700001776218 ], [ -11047514.8953, 2188689.879299998283386 ], [ -11047561.6818, 2188573.791799999773502 ], [ -11047641.9699, 2188441.030000001192093 ], [ -11047676.6203, 2188417.462699998170137 ], [ -11047663.9621, 2188373.531300000846386 ], [ -11047606.038, 2188324.3673 ], [ -11047570.6644, 2188314.890000000596046 ], [ -11047564.1151, 2188284.090900000184774 ], [ -11047585.4729, 2188262.222100000828505 ], [ -11047741.0255, 2188187.655099999159575 ], [ -11047751.8758, 2188159.363600000739098 ], [ -11047715.5664, 2188098.972800001502037 ], [ -11047720.4465, 2188056.280499998480082 ], [ -11047811.0496, 2187968.370000001043081 ], [ -11047895.5935, 2187937.605700001120567 ], [ -11047880.3994, 2187826.3026 ], [ -11047931.6989, 2187645.115800000727177 ], [ -11047942.6995, 2187550.91440000012517 ], [ -11047924.6223, 2187515.219000000506639 ], [ -11047890.3314, 2187482.244300000369549 ], [ -11047876.4299, 2187495.806499999016523 ], [ -11047842.3483, 2187482.807900000363588 ], [ -11047789.0974, 2187443.597199998795986 ], [ -11047772.3104, 2187450.933499999344349 ], [ -11047731.2948, 2187416.177099999040365 ], [ -11047749.9486, 2187329.708299998193979 ], [ -11047859.8076, 2187092.238899998366833 ], [ -11047825.3886, 2187039.508400000631809 ], [ -11047800.7035, 2187025.168699998408556 ], [ -11047772.2346, 2186960.909400001168251 ], [ -11047732.3034, 2186725.196800000965595 ], [ -11047762.9675, 2186673.461500000208616 ], [ -11047888.8353, 2186591.550299998372793 ], [ -11048013.6065, 2186458.55799999833107 ], [ -11048022.4053, 2186416.738299999386072 ], [ -11048010.6532, 2186377.365699999034405 ], [ -11048011.3468, 2186322.298799999058247 ], [ -11048056.0549, 2186257.584699999541044 ], [ -11048125.1532, 2186230.573100000619888 ], [ -11048135.5726, 2186130.76069999858737 ], [ -11048124.9651, 2186100.982999999076128 ], [ -11047973.3123, 2185968.608300000429153 ], [ -11047961.6795, 2185916.623799998313189 ], [ -11047975.6789, 2185773.532699998468161 ], [ -11048007.5108, 2185712.267200000584126 ], [ -11048047.3765, 2185659.081700000911951 ], [ -11048151.8162, 2185603.473099999129772 ], [ -11048105.1346, 2185537.884100001305342 ], [ -11047984.8305, 2185445.918099999427795 ], [ -11047913.3345, 2185446.471099998801947 ], [ -11047828.1072, 2185501.915300000458956 ], [ -11047797.9652, 2185507.226300001144409 ], [ -11047779.1042, 2185476.491900000721216 ], [ -11047779.84, 2185436.575500000268221 ], [ -11047841.9307, 2185354.302700001746416 ], [ -11047934.554, 2185278.017200000584126 ], [ -11047945.814, 2185257.333000000566244 ], [ -11047929.0662, 2185194.308699999004602 ], [ -11047882.3342, 2185141.235599998384714 ], [ -11047930.322, 2185010.935899998992682 ], [ -11047880.8447, 2184909.349199999123812 ], [ -11047856.675, 2184713.803199999034405 ], [ -11047879.0447, 2184680.070300001651049 ], [ -11047927.0167, 2184544.414500001817942 ], [ -11047925.1, 2184446.940499998629093 ], [ -11047934.689, 2184423.707400001585484 ], [ -11048007.5162, 2184351.351700000464916 ], [ -11048077.5217, 2184324.848799999803305 ], [ -11048168.4788, 2184256.338599998503923 ], [ -11048190.8317, 2184191.751800000667572 ], [ -11048193.1472, 2184092.991999998688698 ], [ -11048237.6783, 2184006.463899999856949 ], [ -11048304.6516, 2184019.285500001162291 ], [ -11048337.0887, 2184007.092300001531839 ], [ -11048414.5139, 2183959.032400000840425 ], [ -11048420.4938, 2183912.969900000840425 ], [ -11048440.0882, 2183889.483600001782179 ], [ -11048498.5309, 2183883.782699998468161 ], [ -11048512.6362, 2183826.687800001353025 ], [ -11048481.9066, 2183791.849399998784065 ], [ -11048475.7617, 2183765.316399998962879 ], [ -11048571.8493, 2183657.528499998152256 ], [ -11048656.3341, 2183499.3902000002563 ], [ -11048659.9787, 2183451.273699998855591 ], [ -11048637.4523, 2183409.649399999529123 ], [ -11048591.1232, 2183361.931699998676777 ], [ -11048570.0682, 2183266.259799998253584 ], [ -11048623.3625, 2183221.011300001293421 ], [ -11048658.1852, 2183153.3081 ], [ -11048684.1349, 2183051.215900000184774 ], [ -11048778.818, 2182928.374800000339746 ], [ -11048755.7869, 2182817.007199998944998 ], [ -11048757.3121, 2182752.054299999028444 ], [ -11048783.3019, 2182678.10080000013113 ], [ -11048841.5677, 2182600.779800001531839 ], [ -11048946.7958, 2182513.041600000113249 ], [ -11049031.2528, 2182470.345100000500679 ], [ -11049088.3139, 2182413.326200000941753 ], [ -11049138.1817, 2182332.947999998927116 ], [ -11049268.8686, 2182324.776299998164177 ], [ -11049309.7828, 2182244.982299998402596 ], [ -11049449.8506, 2182093.812600001692772 ], [ -11049569.6038, 2182017.057700000703335 ], [ -11049676.2978, 2181964.290300000458956 ], [ -11049845.3165, 2181930.463300000876188 ], [ -11049943.5079, 2181872.853100001811981 ], [ -11049992.6111, 2181855.921700000762939 ], [ -11050138.5464, 2181730.589999999850988 ], [ -11050158.0152, 2181693.560100000351667 ], [ -11050296.6692, 2181655.529199998825788 ], [ -11050489.6783, 2181513.431699998676777 ], [ -11050529.2023, 2181457.00279999896884 ], [ -11050628.7351, 2181383.735100001096725 ], [ -11050761.3513, 2181350.054000001400709 ], [ -11050788.6678, 2181291.145100001245737 ], [ -11050880.4151, 2181225.562399998307228 ], [ -11050936.7205, 2181168.192400000989437 ], [ -11050970.1811, 2181106.663199998438358 ], [ -11051018.6162, 2181068.13740000128746 ], [ -11051081.2234, 2181040.008299998939037 ], [ -11051148.5615, 2180977.027199998497963 ], [ -11051129.2911, 2180798.894299998879433 ], [ -11051154.141, 2180636.738200001418591 ], [ -11051171.7317, 2180628.853799998760223 ], [ -11051199.7018, 2180561.9824 ], [ -11051340.1491, 2180451.326499998569489 ], [ -11051380.6761, 2180432.871100001037121 ], [ -11051393.725, 2180358.818799998611212 ], [ -11051486.1045, 2180246.057199999690056 ], [ -11051538.9023, 2180212.189599998295307 ], [ -11051574.4087, 2180203.536699999123812 ], [ -11051599.7528, 2180180.0702 ], [ -11051834.7571, 2180105.908100001513958 ], [ -11051883.662, 2180103.714099999517202 ], [ -11051915.4961, 2180114.766100000590086 ], [ -11051948.2241, 2180105.58729999884963 ], [ -11052065.498, 2180038.938400000333786 ], [ -11052144.162, 2180035.893300000578165 ], [ -11052177.638, 2180054.144299998879433 ], [ -11052211.9365, 2180092.935899998992682 ], [ -11052315.2445, 2180110.640000000596046 ], [ -11052399.4777, 2180063.054099999368191 ], [ -11052498.3927, 2180068.861299999058247 ], [ -11052669.9617, 2180043.748100001364946 ], [ -11052694.9742, 2180050.198800001293421 ], [ -11052771.4027, 2180113.808699999004602 ], [ -11052807.2354, 2180125.771800000220537 ], [ -11052848.7374, 2180115.504000000655651 ], [ -11053072.3115, 2180217.750300001353025 ], [ -11053178.693, 2180126.687800001353025 ], [ -11053218.847, 2180120.5482 ], [ -11053263.0475, 2180136.217799998819828 ], [ -11053391.8185, 2180268.122099999338388 ], [ -11053462.7135, 2180304.846400000154972 ], [ -11053523.1377, 2180418.080800000578165 ], [ -11053627.5664, 2180563.108199998736382 ], [ -11053658.7292, 2180590.873399998992682 ], [ -11053780.4471, 2180633.137800000607967 ], [ -11053939.143, 2180584.534499999135733 ], [ -11054055.1481, 2180588.403599999845028 ], [ -11054133.9222, 2180642.184599999338388 ], [ -11054184.3865, 2180644.799499999731779 ], [ -11054298.8498, 2180732.976100001484156 ], [ -11054369.788, 2180806.031399998813868 ], [ -11054407.9706, 2180865.288899999111891 ], [ -11054660.45, 2181118.177799999713898 ], [ -11054748.0795, 2181138.631999999284744 ], [ -11054922.1621, 2181259.200800001621246 ], [ -11054985.6164, 2181280.099700000137091 ], [ -11055096.8514, 2181414.400600001215935 ], [ -11055137.6565, 2181420.2043999992311 ], [ -11055193.9118, 2181469.165899999439716 ], [ -11055231.4233, 2181464.021000001579523 ], [ -11055298.8794, 2181530.877599999308586 ], [ -11055391.9993, 2181564.278400000184774 ], [ -11055469.657, 2181538.863800000399351 ], [ -11055585.1454, 2181618.062100000679493 ], [ -11055701.5233, 2181667.75620000064373 ], [ -11055757.0705, 2181726.412799999117851 ], [ -11055834.3497, 2181031.586199998855591 ], [ -11054930.8128, 2180190.710700001567602 ], [ -11054819.7603, 2180115.210499998182058 ], [ -11054707.8943, 2179221.098600000143051 ], [ -11054547.1357, 2178808.710700001567602 ], [ -11054520.232, 2178558.419399999082088 ], [ -11054466.8276, 2178292.199200000613928 ], [ -11054461.3149, 2178164.379599999636412 ], [ -11054332.9725, 2177418.947000000625849 ], [ -11054173.65, 2177131.6217 ], [ -11054045.8206, 2176679.142799999564886 ], [ -11053535.2794, 2175300.675299998372793 ], [ -11053259.0078, 2174406.903000000864267 ], [ -11052645.6584, 2172203.383200000971556 ], [ -11051653.7984, 2170447.811799999326468 ], [ -11045874.3755, 2166248.694600000977516 ], [ -11035822.6374, 2165461.555500000715256 ] ] ] } },
{ "type": "Feature", "properties": { "OBJECTID": 285, "ID": "09013", "NAME": "Xochimilco", "TOTPOP_CY": 453072, "AREA": 114.12, "Shape__Area": 128716900.5523611, "Shape__Length": 64221.778930182285, "metro_only_count": 98.0, "bus_only_count": 2218.0, "bus_metro_count": 623.0, "n_cat": "5", "label_range": "13 – 267" }, "geometry": { "type": "Polygon", "coordinates": [ [ [ -11035128.3199, 2172903.77760000154376 ], [ -11032400.1107, 2178183.419799998402596 ], [ -11032348.929, 2178268.250799998641014 ], [ -11032289.0574, 2178263.488099999725819 ], [ -11032274.5935, 2178311.3268 ], [ -11032298.5773, 2178338.477000001817942 ], [ -11032295.8365, 2178374.790899999439716 ], [ -11032054.2244, 2178533.557900000363588 ], [ -11032011.6658, 2178574.91499999910593 ], [ -11031997.2655, 2178620.866799999028444 ], [ -11031967.9586, 2179019.133499998599291 ], [ -11031955.8947, 2179063.746300000697374 ], [ -11031860.18, 2179183.484000001102686 ], [ -11031775.3357, 2179233.135200001299381 ], [ -11031758.8682, 2179353.515299998223782 ], [ -11031680.2098, 2179452.311999998986721 ], [ -11031644.1045, 2179464.601300001144409 ], [ -11031568.8468, 2179467.996199999004602 ], [ -11031413.4537, 2179516.995299998670816 ], [ -11031313.3754, 2179505.239900000393391 ], [ -11031281.42, 2179513.939599998295307 ], [ -11031215.9519, 2179627.352200001478195 ], [ -11031202.244, 2179811.386300001293421 ], [ -11031156.0575, 2179857.071100000292063 ], [ -11031126.4688, 2179855.387800000607967 ], [ -11031058.5829, 2179802.869100000709295 ], [ -11031002.4411, 2179785.306800000369549 ], [ -11030914.5878, 2179780.894400000572205 ], [ -11030755.7993, 2179795.852899998426437 ], [ -11023990.6613, 2181282.834800001233816 ], [ -11022656.0507, 2182938.536299999803305 ], [ -11022605.8421, 2183035.192800000309944 ], [ -11022606.1765, 2183022.844200000166893 ], [ -11022577.1822, 2183014.639199998229742 ], [ -11022547.5069, 2183100.023800000548363 ], [ -11022497.5049, 2183152.895899999886751 ], [ -11022490.8158, 2183146.896200001239777 ], [ -11022460.6711, 2183173.604299999773502 ], [ -11022462.8424, 2183190.044300001114607 ], [ -11022353.9085, 2183313.548000000417233 ], [ -11022306.4552, 2183431.476199999451637 ], [ -11022292.1283, 2183502.510299999266863 ], [ -11022221.8079, 2183641.290300000458956 ], [ -11022178.8129, 2183815.144600000232458 ], [ -11022028.349, 2183770.679000001400709 ], [ -11022018.3347, 2183803.723999999463558 ], [ -11022044.3946, 2183818.843400001525879 ], [ -11021998.3762, 2183980.539099998772144 ], [ -11021875.4071, 2183926.17119999974966 ], [ -11021862.1646, 2184005.084300000220537 ], [ -11021834.2189, 2184038.51069999858737 ], [ -11021799.6453, 2184046.401099998503923 ], [ -11021720.9925, 2184186.960900001227856 ], [ -11021687.353, 2184318.56529999896884 ], [ -11021618.4294, 2184471.1919 ], [ -11021592.786, 2184482.109299998730421 ], [ -11021549.6418, 2184477.430500000715256 ], [ -11021514.2356, 2184455.97410000115633 ], [ -11021485.5842, 2184512.32319999858737 ], [ -11021465.1025, 2184483.46059999987483 ], [ -11021413.8087, 2184580.943900000303984 ], [ -11021819.9702, 2185021.449000000953674 ], [ -11021857.4203, 2185052.440999999642372 ], [ -11021886.1239, 2185067.131400000303984 ], [ -11021890.1993, 2185057.543699998408556 ], [ -11021931.8393, 2185100.387200001627207 ], [ -11021946.3868, 2185127.921599999070168 ], [ -11021940.0105, 2185176.914000000804663 ], [ -11022058.2683, 2185328.6699 ], [ -11022126.0988, 2185378.97690000012517 ], [ -11022405.7375, 2185517.992199998348951 ], [ -11022468.0432, 2185565.493700001388788 ], [ -11022827.3226, 2185706.4419 ], [ -11022836.5365, 2185692.1064000017941 ], [ -11022862.4104, 2185684.434599999338388 ], [ -11022939.7349, 2185683.610399998724461 ], [ -11023506.3322, 2185830.782299999147654 ], [ -11023528.3225, 2185799.942099999636412 ], [ -11023576.4914, 2185779.326099999248981 ], [ -11023619.5753, 2185778.376600001007318 ], [ -11023648.4941, 2185799.329 ], [ -11023657.54, 2185787.36600000038743 ], [ -11023734.9448, 2185832.798300001770258 ], [ -11023891.333, 2185850.763700000941753 ], [ -11023949.1714, 2185876.8147 ], [ -11024017.0907, 2185941.488699998706579 ], [ -11024028.827, 2186062.295099999755621 ], [ -11024087.831, 2186152.397100001573563 ], [ -11024305.5685, 2186409.986000001430511 ], [ -11024384.8235, 2186479.19709999859333 ], [ -11024486.1354, 2186601.998500000685453 ], [ -11024630.8218, 2186825.047800000756979 ], [ -11024783.9706, 2186951.1283 ], [ -11024925.3477, 2187001.425900001078844 ], [ -11025243.9406, 2187195.802799999713898 ], [ -11025650.103, 2187323.591400001198053 ], [ -11026004.8694, 2187454.980000000447035 ], [ -11026258.7295, 2187634.865800000727177 ], [ -11026459.5684, 2187750.251499999314547 ], [ -11026696.3137, 2187854.642000000923872 ], [ -11027041.6291, 2187885.508600000292063 ], [ -11027272.3152, 2187962.881499998271465 ], [ -11027795.2443, 2188164.292100001126528 ], [ -11028233.892, 2188452.821400001645088 ], [ -11028327.6564, 2188529.065200001001358 ], [ -11028665.2082, 2188851.334100000560284 ], [ -11028971.9946, 2189073.0472999997437 ], [ -11029236.2861, 2189458.099899999797344 ], [ -11029315.0636, 2189518.381799999624491 ], [ -11029576.4607, 2189844.281100001186132 ], [ -11029887.8324, 2190247.085099998861551 ], [ -11029934.857, 2190336.398899998515844 ], [ -11030189.1808, 2190664.451499998569489 ], [ -11030235.5512, 2190713.21000000089407 ], [ -11030335.0205, 2190777.543800000101328 ], [ -11030387.731, 2190840.319899998605251 ], [ -11030418.5281, 2190916.160199999809265 ], [ -11030591.2203, 2191130.375100001692772 ], [ -11030622.9297, 2191187.800700001418591 ], [ -11030680.8959, 2191246.974500000476837 ], [ -11031103.5226, 2191805.937899999320507 ], [ -11031123.1646, 2191794.528000000864267 ], [ -11031506.6291, 2192313.719500001519918 ], [ -11031615.2059, 2192490.83049999922514 ], [ -11031610.7377, 2192524.228900000452995 ], [ -11031593.305, 2192533.728300001472235 ], [ -11031616.4314, 2192604.899599999189377 ], [ -11031628.0277, 2192700.063700001686811 ], [ -11031683.0038, 2192700.22749999910593 ], [ -11031798.2696, 2191050.845300000160933 ], [ -11031913.3485, 2189721.957800000905991 ], [ -11032320.5897, 2189523.467500001192093 ], [ -11032667.3566, 2189377.690000001341105 ], [ -11034423.2067, 2188586.073899999260902 ], [ -11034536.2004, 2188547.397399999201298 ], [ -11035669.6365, 2188219.565999999642372 ], [ -11035821.6299, 2188197.729100000113249 ], [ -11035978.9244, 2188189.493700001388788 ], [ -11036132.7679, 2188196.4507 ], [ -11036331.8644, 2188227.485399998724461 ], [ -11036411.6333, 2187420.62779999896884 ], [ -11036446.7434, 2187215.157400000840425 ], [ -11036341.0745, 2187189.856800001114607 ], [ -11036346.5804, 2187166.796999998390675 ], [ -11036452.4608, 2186831.692800000309944 ], [ -11036494.603, 2186829.879099998623133 ], [ -11036525.581, 2186809.362700000405312 ], [ -11036589.2123, 2186687.534800000488758 ], [ -11036653.6062, 2186695.793099999427795 ], [ -11036740.9219, 2186529.448399998247623 ], [ -11036762.1684, 2186448.891600001603365 ], [ -11036573.141, 2186423.58390000090003 ], [ -11036585.1258, 2186339.829300001263618 ], [ -11036491.2256, 2186359.953099999576807 ], [ -11036481.8336, 2186351.964899998158216 ], [ -11036492.4957, 2186086.88060000166297 ], [ -11036478.5964, 2186061.328000001609325 ], [ -11036484.1167, 2185975.986699998378754 ], [ -11036472.1944, 2185951.624000001698732 ], [ -11036449.2214, 2185788.541499998420477 ], [ -11036485.3067, 2185683.518199998885393 ], [ -11036477.7749, 2185598.394400000572205 ], [ -11036413.4511, 2185487.668299999088049 ], [ -11036319.4351, 2185425.936799999326468 ], [ -11036233.5633, 2185318.686799999326468 ], [ -11036242.1794, 2185273.07039999961853 ], [ -11036303.4619, 2185216.955899998545647 ], [ -11036274.0268, 2185161.062100000679493 ], [ -11036215.3213, 2185126.429999999701977 ], [ -11036168.3356, 2185035.309000000357628 ], [ -11036146.9311, 2184944.992600001394749 ], [ -11036180.0731, 2184787.71059999987483 ], [ -11036200.7207, 2184774.313099998980761 ], [ -11036235.4323, 2184697.391800001263618 ], [ -11036231.702, 2184615.745999999344349 ], [ -11036261.2584, 2184583.3706 ], [ -11036268.1903, 2184543.113800000399351 ], [ -11036291.0999, 2184535.590999998152256 ], [ -11036303.2582, 2184506.804900001734495 ], [ -11036320.2433, 2184503.300599999725819 ], [ -11036353.9842, 2184467.957400001585484 ], [ -11036402.5684, 2184362.240899998694658 ], [ -11036406.4137, 2184273.1129 ], [ -11036388.3296, 2184237.233399998396635 ], [ -11036254.8097, 2184153.567400000989437 ], [ -11036239.7905, 2184106.416200000792742 ], [ -11036213.0927, 2184079.049199998378754 ], [ -11036147.0669, 2183962.550799999386072 ], [ -11036094.2603, 2183915.978999998420477 ], [ -11036257.0739, 2183636.345400001853704 ], [ -11036336.2944, 2183636.075199998915195 ], [ -11036394.8173, 2183655.202300000935793 ], [ -11036404.54, 2183646.3805 ], [ -11036398.6757, 2183634.753499999642372 ], [ -11036437.5606, 2183642.195799998939037 ], [ -11036463.2521, 2183668.725000001490116 ], [ -11036473.8541, 2183702.881900001317263 ], [ -11036688.0262, 2183771.413400001823902 ], [ -11036680.9496, 2183752.493900001049042 ], [ -11036687.5809, 2183644.12950000166893 ], [ -11036653.3958, 2183234.877999998629093 ], [ -11036660.8743, 2183175.305399999022484 ], [ -11036838.2374, 2183132.929400000721216 ], [ -11036895.6282, 2183133.389199998229742 ], [ -11036916.5228, 2183198.371100001037121 ], [ -11036958.2877, 2183252.213599998503923 ], [ -11037008.7766, 2183262.089400000870228 ], [ -11037051.406, 2183243.0793999992311 ], [ -11036709.9716, 2182566.970600001513958 ], [ -11036746.666, 2182561.684000000357628 ], [ -11036761.9846, 2182545.262800000607967 ], [ -11036815.2455, 2182558.875599998980761 ], [ -11036841.7962, 2182543.102699998766184 ], [ -11036919.9249, 2182526.366599999368191 ], [ -11037097.4826, 2182566.276799999177456 ], [ -11037149.6769, 2182620.355000000447035 ], [ -11037122.8282, 2182654.825100000947714 ], [ -11037101.1197, 2182747.816300000995398 ], [ -11037126.5538, 2182764.251499999314547 ], [ -11037145.0657, 2182704.833599999547005 ], [ -11037187.4644, 2182687.217099998146296 ], [ -11037210.7537, 2182631.979600001126528 ], [ -11037249.2777, 2182589.21169999986887 ], [ -11037256.9663, 2182571.446100000292063 ], [ -11037241.5078, 2182521.504099998623133 ], [ -11037248.3753, 2182509.5608000010252 ], [ -11037271.6646, 2182504.186299998313189 ], [ -11037289.8951, 2182520.666200000792742 ], [ -11037361.9354, 2182527.959699999541044 ], [ -11037376.7531, 2182539.7993 ], [ -11037380.8905, 2182575.052000001072884 ], [ -11037403.0451, 2182578.591099999845028 ], [ -11037409.5635, 2182529.373199999332428 ], [ -11037380.5893, 2182435.979499999433756 ], [ -11037394.4841, 2182396.994699999690056 ], [ -11037396.2152, 2182319.821600001305342 ], [ -11037422.343, 2182296.968800000846386 ], [ -11037427.8521, 2182267.400699999183416 ], [ -11037521.2169, 2182128.96059999987483 ], [ -11037534.6009, 2182041.547400001436472 ], [ -11037591.9271, 2181948.212799999862909 ], [ -11037659.7183, 2181638.528799999505281 ], [ -11037703.6038, 2181559.765500001609325 ], [ -11037675.2041, 2181484.383699998259544 ], [ -11037632.2314, 2181424.879999998956919 ], [ -11037590.9297, 2181406.831599999219179 ], [ -11037493.996, 2181396.47580000013113 ], [ -11037460.0358, 2181373.927499998360872 ], [ -11037447.1116, 2181343.930599998682737 ], [ -11037461.3438, 2181292.7555 ], [ -11037455.5541, 2181256.322999998927116 ], [ -11037473.8661, 2181232.740899998694658 ], [ -11037495.8016, 2181260.126200001686811 ], [ -11037507.8375, 2181249.797600001096725 ], [ -11037552.6981, 2181094.986000001430511 ], [ -11037557.2533, 2181007.321699999272823 ], [ -11037603.6424, 2180917.484999999403954 ], [ -11037635.5388, 2180909.029899999499321 ], [ -11037654.1703, 2180923.031800001859665 ], [ -11037708.6979, 2181020.761300001293421 ], [ -11037719.2865, 2181067.492499999701977 ], [ -11037816.7457, 2180929.916600000113249 ], [ -11037276.7115, 2180763.078000001609325 ], [ -11036026.8396, 2180350.959100000560284 ], [ -11035535.1214, 2179797.660300001502037 ], [ -11035526.3335, 2179757.282800000160933 ], [ -11035500.7756, 2179759.011999998241663 ], [ -11035469.94, 2179724.313400000333786 ], [ -11035480.9231, 2179693.185699999332428 ], [ -11035467.1908, 2179677.760499998927116 ], [ -11035436.677, 2179686.883400000631809 ], [ -11035415.2081, 2179673.246599998325109 ], [ -11035425.6955, 2179646.490699999034405 ], [ -11035409.8113, 2179609.556600000709295 ], [ -11035409.494, 2179479.386 ], [ -11035370.4898, 2179439.940400000661612 ], [ -11035359.4114, 2179404.562899999320507 ], [ -11035381.9145, 2179323.116099998354912 ], [ -11035371.7622, 2179260.625100001692772 ], [ -11035266.445, 2179136.750300001353025 ], [ -11035236.2296, 2179062.711300000548363 ], [ -11035235.4726, 2179035.053199999034405 ], [ -11035204.0005, 2178992.512899998575449 ], [ -11035110.3997, 2178950.279100000858307 ], [ -11035134.7852, 2178871.209600001573563 ], [ -11035091.9339, 2178855.885499998927116 ], [ -11035024.6625, 2178850.883900001645088 ], [ -11035049.9187, 2178541.926100000739098 ], [ -11035029.8979, 2178515.55350000038743 ], [ -11035025.5007, 2178477.582100000232458 ], [ -11034999.7648, 2178458.157400000840425 ], [ -11035000.1422, 2178431.012899998575449 ], [ -11035046.5569, 2178309.186200000345707 ], [ -11035043.2718, 2178292.056600000709295 ], [ -11035019.8168, 2178276.089200001209974 ], [ -11035050.0367, 2178220.500700000673532 ], [ -11035046.1216, 2178175.202799998223782 ], [ -11035125.9711, 2178097.455400001257658 ], [ -11035151.2896, 2178049.605799999088049 ], [ -11035094.8406, 2177949.602200001478195 ], [ -11035114.8569, 2177869.820099998265505 ], [ -11035109.8342, 2177850.195599999278784 ], [ -11035155.7969, 2177791.118099998682737 ], [ -11035153.6651, 2177749.877099998295307 ], [ -11035187.3949, 2177664.732700001448393 ], [ -11035172.5394, 2177635.886100001633167 ], [ -11035167.7226, 2177588.282800000160933 ], [ -11035176.0092, 2177473.145899999886751 ], [ -11035101.4563, 2177404.60700000077486 ], [ -11035093.9022, 2177353.225400000810623 ], [ -11034959.5718, 2177217.409800000488758 ], [ -11034896.5115, 2177177.994699999690056 ], [ -11034830.5781, 2177116.754000000655651 ], [ -11034780.6614, 2177031.078400000929832 ], [ -11034775.6375, 2176995.928100001066923 ], [ -11034821.2551, 2176894.700599998235703 ], [ -11034920.079, 2176800.646899998188019 ], [ -11034986.5145, 2176687.750599998980761 ], [ -11035037.619, 2176675.445500001311302 ], [ -11035065.6025, 2176637.267799999564886 ], [ -11035097.9286, 2176624.705800000578165 ], [ -11035112.3912, 2176603.148299999535084 ], [ -11035138.3754, 2176440.366099998354912 ], [ -11035217.8353, 2176352.534200001507998 ], [ -11035265.4165, 2176213.713100001215935 ], [ -11035308.584, 2176145.897599998861551 ], [ -11035350.8253, 2175992.920499999076128 ], [ -11035367.6824, 2175966.509100001305342 ], [ -11035356.674, 2175841.038400001823902 ], [ -11035379.666, 2175746.949799999594688 ], [ -11035351.53, 2175693.395700000226498 ], [ -11035330.8568, 2175564.356800001114607 ], [ -11035255.0527, 2175436.767299998551607 ], [ -11035202.6368, 2175385.593600001186132 ], [ -11035095.4896, 2175239.092799998819828 ], [ -11035095.6176, 2175225.626499999314547 ], [ -11035152.5352, 2175179.57660000026226 ], [ -11035161.5889, 2175125.169599998742342 ], [ -11035159.1009, 2175008.3125 ], [ -11035120.5164, 2174751.197000000625849 ], [ -11035136.1624, 2174478.436500001698732 ], [ -11035172.526, 2174359.920400001108646 ], [ -11035284.8373, 2174157.822200000286102 ], [ -11035321.1286, 2174033.028999999165535 ], [ -11035368.1399, 2173933.699000000953674 ], [ -11035401.1161, 2173798.251499999314547 ], [ -11035423.3733, 2173514.604800000786781 ], [ -11035412.2993, 2173179.130899999290705 ], [ -11035375.8421, 2173074.116999998688698 ], [ -11035391.8376, 2173002.465999998152256 ], [ -11035388.5081, 2172971.769200000911951 ], [ -11035285.7068, 2172914.423500001430511 ], [ -11035218.0902, 2172918.450199998915195 ], [ -11035128.3199, 2172903.77760000154376 ] ] ] } },
{ "type": "Feature", "properties": { "OBJECTID": 286, "ID": "09014", "NAME": "Benito Juárez", "TOTPOP_CY": 444840, "AREA": 26.7, "Shape__Area": 30162777.503513865, "Shape__Length": 22333.441839986834, "metro_only_count": 959.0, "bus_only_count": 517.0, "bus_metro_count": 373.0, "n_cat": "6", "label_range": "332 – 1830" }, "geometry": { "type": "Polygon", "coordinates": [ [ [ -11036201.9318, 2197028.825899999588728 ], [ -11035265.5567, 2201561.63230000063777 ], [ -11035244.9212, 2201646.997699998319149 ], [ -11035216.2331, 2201700.497600000351667 ], [ -11035206.0397, 2201963.099899999797344 ], [ -11035900.6467, 2201992.165899999439716 ], [ -11035834.4562, 2202418.365899998694658 ], [ -11035884.2327, 2202435.642000000923872 ], [ -11035925.5711, 2202495.2837999984622 ], [ -11037062.9858, 2202560.3108000010252 ], [ -11038032.0786, 2202566.06700000166893 ], [ -11038187.818, 2202533.28489999845624 ], [ -11038637.8707, 2202390.39469999819994 ], [ -11038864.4591, 2202311.559500001370907 ], [ -11039280.3708, 2202143.571400001645088 ], [ -11039602.3839, 2202061.703299999237061 ], [ -11040056.927, 2201914.176199998706579 ], [ -11040169.7626, 2201861.578499998897314 ], [ -11040544.996, 2201776.006099998950958 ], [ -11040612.7285, 2201779.701999999582767 ], [ -11040901.007, 2201727.897700000554323 ], [ -11041123.1795, 2201633.013700000941753 ], [ -11041376.8722, 2201572.964200001209974 ], [ -11041512.9212, 2201578.122699998319149 ], [ -11041675.0336, 2201566.096799999475479 ], [ -11041603.7803, 2201380.559300001710653 ], [ -11041603.6552, 2201287.547600001096725 ], [ -11041648.4692, 2201144.330299999564886 ], [ -11041818.0122, 2200456.573800001293421 ], [ -11041966.4814, 2200083.803800001740456 ], [ -11041973.2918, 2200042.605000000447035 ], [ -11041975.8935, 2199682.977200001478195 ], [ -11041961.2437, 2199451.178899999707937 ], [ -11042018.5824, 2198947.839800000190735 ], [ -11041964.5767, 2198766.841099999845028 ], [ -11041982.4346, 2198542.64469999819994 ], [ -11041976.5157, 2198457.947000000625849 ], [ -11041950.7865, 2198374.598999999463558 ], [ -11041881.2961, 2198241.980900000780821 ], [ -11041865.5503, 2198178.879799999296665 ], [ -11041901.9741, 2197778.040800001472235 ], [ -11041683.8378, 2197721.929900001734495 ], [ -11041558.1457, 2197713.773200001567602 ], [ -11041446.8643, 2197633.339400000870228 ], [ -11041299.9392, 2197569.7652000002563 ], [ -11041080.3201, 2197568.993500001728535 ], [ -11040926.0794, 2197667.76069999858737 ], [ -11040838.8438, 2197699.214099999517202 ], [ -11040775.3438, 2197711.686999998986721 ], [ -11040689.2737, 2197711.447700001299381 ], [ -11040644.5469, 2197724.499000001698732 ], [ -11040607.6901, 2197749.876899998635054 ], [ -11040578.4585, 2197815.48030000180006 ], [ -11040415.7408, 2197972.924199998378754 ], [ -11040055.8026, 2197604.18470000103116 ], [ -11039897.013, 2197416.718400001525879 ], [ -11039615.9459, 2197235.119699999690056 ], [ -11039529.6078, 2197208.155799999833107 ], [ -11037490.6642, 2197083.368900001049042 ], [ -11036702.1037, 2197047.247400000691414 ], [ -11036196.0606, 2197002.582800000905991 ], [ -11036201.9318, 2197028.825899999588728 ] ] ] } },
{ "type": "Feature", "properties": { "OBJECTID": 287, "ID": "09015", "NAME": "Cuauhtémoc", "TOTPOP_CY": 559316, "AREA": 32.52, "Shape__Area": 36767013.998141907, "Shape__Length": 25993.380423113056, "metro_only_count": 1705.0, "bus_only_count": 911.0, "bus_metro_count": 536.0, "n_cat": "6", "label_range": "332 – 1830" }, "geometry": { "type": "Polygon", "coordinates": [ [ [ -11039161.8259, 2202190.233399998396635 ], [ -11038864.4591, 2202311.559500001370907 ], [ -11038637.8707, 2202390.39469999819994 ], [ -11038187.818, 2202533.28489999845624 ], [ -11038032.0786, 2202566.06700000166893 ], [ -11037062.9858, 2202560.3108000010252 ], [ -11035951.7167, 2202497.175799999386072 ], [ -11035918.6594, 2202492.293000001460314 ], [ -11035884.2327, 2202435.642000000923872 ], [ -11035818.2336, 2202418.227800000458956 ], [ -11035773.4252, 2202430.051300000399351 ], [ -11035728.9173, 2202473.7456 ], [ -11035704.6095, 2202483.366900000721216 ], [ -11035225.7199, 2202452.739100001752377 ], [ -11035135.7426, 2202460.035100001841784 ], [ -11034774.3052, 2202566.596999999135733 ], [ -11034622.2798, 2202597.624800000339746 ], [ -11034716.3129, 2203061.543400000780821 ], [ -11034738.2739, 2203127.795000001788139 ], [ -11034785.8621, 2203150.032999999821186 ], [ -11034788.4292, 2203218.962799999862909 ], [ -11034900.7111, 2203710.536899998784065 ], [ -11034782.6696, 2204491.688000001013279 ], [ -11034656.5291, 2204786.140799999237061 ], [ -11034371.4108, 2206755.432799998670816 ], [ -11034330.6642, 2207102.473000001162291 ], [ -11034409.2547, 2207229.850900001823902 ], [ -11034587.0401, 2207592.688299998641014 ], [ -11034640.9921, 2207682.0735 ], [ -11034643.4856, 2207774.426100000739098 ], [ -11034598.102, 2208012.557500001043081 ], [ -11034568.1982, 2208116.678100001066923 ], [ -11034520.2983, 2208225.6206 ], [ -11034480.2647, 2208382.241900000721216 ], [ -11034358.7973, 2208951.136100001633167 ], [ -11034341.9146, 2208993.342500001192093 ], [ -11034237.4535, 2209143.309799998998642 ], [ -11034828.4664, 2209349.354899998754263 ], [ -11035472.5596, 2209742.151999998837709 ], [ -11035528.3954, 2209754.821800000965595 ], [ -11036127.8833, 2209781.016399998217821 ], [ -11036304.1808, 2209801.026599999517202 ], [ -11036349.3276, 2209814.670499999076128 ], [ -11036397.9964, 2209853.7060999982059 ], [ -11036429.4566, 2209856.701400000602007 ], [ -11036478.1889, 2209835.974599998444319 ], [ -11036561.425, 2209766.771499998867512 ], [ -11036798.1601, 2209678.575199998915195 ], [ -11037108.9718, 2209583.109900001436472 ], [ -11037362.4664, 2209518.527499999850988 ], [ -11037419.688, 2209517.130699999630451 ], [ -11037714.0355, 2209555.232099998742342 ], [ -11038141.401, 2209647.754900000989437 ], [ -11038211.3545, 2209650.774999998509884 ], [ -11038290.5046, 2209632.4419 ], [ -11038340.7042, 2209605.677200000733137 ], [ -11038390.492, 2209561.5439000017941 ], [ -11038558.002, 2209283.432399999350309 ], [ -11038755.3149, 2209108.8081 ], [ -11038791.8253, 2209037.220499999821186 ], [ -11038854.0107, 2208748.120400000363588 ], [ -11038908.23, 2208305.118999999016523 ], [ -11038922.7894, 2207986.628899998962879 ], [ -11039084.2428, 2207238.636199999600649 ], [ -11039154.7797, 2207105.88740000128746 ], [ -11039385.4256, 2206589.754799999296665 ], [ -11039799.8167, 2205911.049600001424551 ], [ -11039974.9756, 2205573.769200000911951 ], [ -11040403.9618, 2204871.485599998384714 ], [ -11040185.9898, 2204841.122499998658895 ], [ -11040121.1995, 2204819.973999999463558 ], [ -11040116.6241, 2204806.223600000143051 ], [ -11040142.8434, 2204765.102899998426437 ], [ -11040167.003, 2204768.327799998223782 ], [ -11040184.1228, 2204753.502399999648333 ], [ -11040252.2602, 2204619.185199998319149 ], [ -11040282.9433, 2204500.6349 ], [ -11040304.7209, 2204473.773899998515844 ], [ -11040349.6446, 2204450.244699999690056 ], [ -11040388.1012, 2204384.330699998885393 ], [ -11040418.4213, 2204362.765599999576807 ], [ -11040455.6378, 2204272.862799998372793 ], [ -11040722.9702, 2203755.965500000864267 ], [ -11040994.2582, 2203311.254599999636412 ], [ -11041146.2061, 2203010.276500001549721 ], [ -11039844.9477, 2202550.396999999880791 ], [ -11039673.9645, 2202499.25279999896884 ], [ -11039639.214, 2202298.698600001633167 ], [ -11039595.57, 2202125.668000001460314 ], [ -11039602.3839, 2202061.703299999237061 ], [ -11039280.3708, 2202143.571400001645088 ], [ -11039161.8259, 2202190.233399998396635 ] ] ] } },
{ "type": "Feature", "properties": { "OBJECTID": 288, "ID": "09016", "NAME": "Miguel Hidalgo", "TOTPOP_CY": 424676, "AREA": 46.42, "Shape__Area": 52479110.377329327, "Shape__Length": 41891.194801714024, "metro_only_count": 428.0, "bus_only_count": 761.0, "bus_metro_count": 327.0, "n_cat": "6", "label_range": "332 – 1830" }, "geometry": { "type": "Polygon", "coordinates": [ [ [ -11048198.152, 2200429.224800001829863 ], [ -11048040.7284, 2200562.356199998408556 ], [ -11047956.0043, 2200598.848799999803305 ], [ -11047875.2322, 2200592.883099999278784 ], [ -11047702.2794, 2200542.684900000691414 ], [ -11047644.4878, 2200556.459300000220537 ], [ -11047581.0447, 2200594.156599998474121 ], [ -11047500.5941, 2200668.165100000798702 ], [ -11047338.3682, 2200772.288199998438358 ], [ -11047292.3687, 2200833.144799999892712 ], [ -11047237.3699, 2200992.250500001013279 ], [ -11047238.656, 2201176.161499999463558 ], [ -11047226.1815, 2201221.962799999862909 ], [ -11047106.1058, 2201318.362700000405312 ], [ -11047054.9277, 2201331.044599998742342 ], [ -11046905.3878, 2201326.765599999576807 ], [ -11046519.9216, 2201485.031100001186132 ], [ -11046351.8358, 2201484.4551 ], [ -11046230.9873, 2201526.667399998754263 ], [ -11045937.5336, 2201590.342099998146296 ], [ -11045675.4208, 2201571.092300001531839 ], [ -11045518.2631, 2201597.053800001740456 ], [ -11044547.261, 2201933.75899999961257 ], [ -11044437.0628, 2201982.381099998950958 ], [ -11044304.3598, 2202058.762200001627207 ], [ -11044063.4565, 2202136.63569999858737 ], [ -11043766.8124, 2202187.291499998420477 ], [ -11043105.1738, 2202270.173000000417233 ], [ -11042704.9593, 2202432.744800001382828 ], [ -11042627.7316, 2202451.352099999785423 ], [ -11042025.3503, 2202528.269900001585484 ], [ -11042041.2936, 2202281.632800001651049 ], [ -11042027.9486, 2202220.074200000613928 ], [ -11041990.4461, 2202172.331999998539686 ], [ -11041922.9866, 2202117.75 ], [ -11041848.6452, 2202006.520599998533726 ], [ -11041675.0336, 2201566.096799999475479 ], [ -11041512.9212, 2201578.122699998319149 ], [ -11041376.8722, 2201572.964200001209974 ], [ -11041123.1795, 2201633.013700000941753 ], [ -11040901.007, 2201727.897700000554323 ], [ -11040612.7285, 2201779.701999999582767 ], [ -11040544.996, 2201776.006099998950958 ], [ -11040169.7626, 2201861.578499998897314 ], [ -11040056.927, 2201914.176199998706579 ], [ -11039602.3839, 2202061.703299999237061 ], [ -11039595.57, 2202125.668000001460314 ], [ -11039639.214, 2202298.698600001633167 ], [ -11039673.9645, 2202499.25279999896884 ], [ -11039844.9477, 2202550.396999999880791 ], [ -11041146.2061, 2203010.276500001549721 ], [ -11040994.2582, 2203311.254599999636412 ], [ -11040722.9702, 2203755.965500000864267 ], [ -11040455.6378, 2204272.862799998372793 ], [ -11040418.4213, 2204362.765599999576807 ], [ -11040388.1012, 2204384.330699998885393 ], [ -11040349.6446, 2204450.244699999690056 ], [ -11040304.7209, 2204473.773899998515844 ], [ -11040282.9433, 2204500.6349 ], [ -11040252.2602, 2204619.185199998319149 ], [ -11040184.1228, 2204753.502399999648333 ], [ -11040167.003, 2204768.327799998223782 ], [ -11040142.8434, 2204765.102899998426437 ], [ -11040116.6241, 2204806.223600000143051 ], [ -11040121.1995, 2204819.973999999463558 ], [ -11040185.9898, 2204841.122499998658895 ], [ -11040403.9618, 2204871.485599998384714 ], [ -11039974.9756, 2205573.769200000911951 ], [ -11039799.8167, 2205911.049600001424551 ], [ -11039385.4256, 2206589.754799999296665 ], [ -11039154.7797, 2207105.88740000128746 ], [ -11039084.2428, 2207238.636199999600649 ], [ -11038922.7894, 2207986.628899998962879 ], [ -11038908.23, 2208305.118999999016523 ], [ -11038854.0107, 2208748.120400000363588 ], [ -11041266.8552, 2209170.699799999594688 ], [ -11041611.4477, 2209260.807399999350309 ], [ -11041557.6783, 2209619.415399998426437 ], [ -11041861.6786, 2209720.578600000590086 ], [ -11041829.745, 2210403.911299999803305 ], [ -11041937.31, 2210440.341600000858307 ], [ -11042240.4553, 2210515.527499999850988 ], [ -11042903.935, 2210725.468699999153614 ], [ -11043006.4781, 2210746.393500000238419 ], [ -11043446.4328, 2210608.561799999326468 ], [ -11043653.2389, 2210493.183400001376867 ], [ -11043692.0538, 2210298.724399998784065 ], [ -11043880.0723, 2210359.436599999666214 ], [ -11043996.8911, 2210276.704199999570847 ], [ -11044113.6239, 2210145.160799998790026 ], [ -11044177.7417, 2210112.790800001472235 ], [ -11044199.1329, 2210011.783500000834465 ], [ -11044245.8403, 2210008.955899998545647 ], [ -11044401.2457, 2209513.672699999064207 ], [ -11044299.6177, 2209458.459100000560284 ], [ -11044445.2079, 2209216.957100000232458 ], [ -11044479.5579, 2208998.890099998563528 ], [ -11044547.2645, 2208858.693300001323223 ], [ -11044595.0185, 2208723.219900000840425 ], [ -11044759.9259, 2208494.252099998295307 ], [ -11044826.5295, 2208421.841499999165535 ], [ -11044955.413, 2208348.9967 ], [ -11045116.8464, 2208328.460299998521805 ], [ -11045136.4319, 2207529.951999999582767 ], [ -11045117.2661, 2207463.901000000536442 ], [ -11045068.2432, 2207400.193500000983477 ], [ -11044931.171, 2207315.415100000798702 ], [ -11044912.0375, 2207293.312199998646975 ], [ -11045184.7557, 2207241.781100001186132 ], [ -11046191.6026, 2206497.989900000393391 ], [ -11046070.7419, 2206431.330899998545647 ], [ -11046087.8138, 2206419.70719999819994 ], [ -11046028.2849, 2206341.140099998563528 ], [ -11046015.9635, 2206359.080600000917912 ], [ -11045930.7243, 2206320.064300000667572 ], [ -11045955.1344, 2206244.87950000166893 ], [ -11045947.0159, 2206211.143199998885393 ], [ -11045922.4285, 2206177.496599998325109 ], [ -11045831.5643, 2206124.351700000464916 ], [ -11045806.8679, 2206095.532000001519918 ], [ -11045834.07, 2205953.733300000429153 ], [ -11045877.0249, 2205850.778900001198053 ], [ -11045878.856, 2205785.41950000077486 ], [ -11045844.3861, 2205754.1064000017941 ], [ -11045495.9515, 2205569.025299999862909 ], [ -11045470.8289, 2205531.046700000762939 ], [ -11045439.2043, 2205404.610300000756979 ], [ -11045403.9671, 2205310.754999998956919 ], [ -11045378.1688, 2205288.6875 ], [ -11045379.0606, 2205266.906800001859665 ], [ -11045431.9773, 2205198.668000001460314 ], [ -11045617.2018, 2205282.77479999884963 ], [ -11045728.0013, 2205224.613299999386072 ], [ -11045773.3787, 2205181.997299998998642 ], [ -11045824.6112, 2205065.366500001400709 ], [ -11045901.0242, 2204956.931600000709295 ], [ -11045980.2626, 2204940.807599999010563 ], [ -11045991.7807, 2204926.564100001007318 ], [ -11045996.543, 2204872.442600000649691 ], [ -11046061.2831, 2204850.642200000584126 ], [ -11046107.1623, 2204769.214400000870228 ], [ -11046164.4473, 2204707.278099998831749 ], [ -11046244.0062, 2204662.562399998307228 ], [ -11046326.9648, 2204648.537399999797344 ], [ -11046351.1434, 2204562.678100001066923 ], [ -11046406.6317, 2204534.041499998420477 ], [ -11046414.1011, 2204483.202599998563528 ], [ -11046435.3523, 2204445.940000001341105 ], [ -11046495.4312, 2204422.601100001484156 ], [ -11046507.6299, 2204378.667300000786781 ], [ -11046564.141, 2204375.656199999153614 ], [ -11046573.7279, 2204256.7522 ], [ -11046593.1508, 2204191.981300000101328 ], [ -11046607.4901, 2204187.105399999767542 ], [ -11046635.2155, 2204043.964499998837709 ], [ -11046666.4037, 2204065.560899998992682 ], [ -11046706.4665, 2204056.189300000667572 ], [ -11046734.5466, 2204021.755899999290705 ], [ -11046748.1655, 2203971.497499998658895 ], [ -11046839.4508, 2203908.336500000208616 ], [ -11047002.8335, 2203586.20719999819994 ], [ -11047046.2279, 2203545.253400001674891 ], [ -11047168.1941, 2203503.668600000441074 ], [ -11047336.4535, 2203525.667700000107288 ], [ -11047438.6904, 2203493.167300000786781 ], [ -11047605.7843, 2203420.365800000727177 ], [ -11047681.8702, 2203361.616099998354912 ], [ -11047758.1706, 2203328.914099998772144 ], [ -11047816.699, 2203259.855900000780821 ], [ -11048083.0678, 2203157.946400001645088 ], [ -11048271.5506, 2203107.246800001710653 ], [ -11048394.1857, 2202974.015299998223782 ], [ -11048467.4094, 2202940.118299998342991 ], [ -11048564.2886, 2202843.795499999076128 ], [ -11048706.2699, 2202799.735599998384714 ], [ -11048775.4872, 2202763.856100000441074 ], [ -11048830.8898, 2202687.77760000154376 ], [ -11048943.3392, 2202660.465700000524521 ], [ -11049000.1868, 2202624.016399998217821 ], [ -11049105.9948, 2202508.13399999961257 ], [ -11049057.9503, 2202390.523299999535084 ], [ -11049061.064, 2202323.784200001507998 ], [ -11049041.4273, 2202265.082400001585484 ], [ -11049061.141, 2202129.361900001764297 ], [ -11049039.086, 2201985.001200001686811 ], [ -11049043.9608, 2201930.227000001817942 ], [ -11049092.1511, 2201763.457899998873472 ], [ -11049166.8176, 2201675.079999998211861 ], [ -11049399.3758, 2201502.557700000703335 ], [ -11049524.3175, 2201424.691700000315905 ], [ -11049534.8396, 2201393.89640000090003 ], [ -11049492.0471, 2201218.897900000214577 ], [ -11049438.4524, 2201192.645500000566244 ], [ -11049391.8529, 2201225.633099999278784 ], [ -11049202.2104, 2201244.4835 ], [ -11049122.9798, 2201307.807199999690056 ], [ -11048998.2117, 2201343.870299998670816 ], [ -11048953.9734, 2201376.130199998617172 ], [ -11048944.5636, 2201395.693599998950958 ], [ -11049008.0692, 2201492.105900000780821 ], [ -11049005.6492, 2201515.166600000113249 ], [ -11048988.7016, 2201521.998500000685453 ], [ -11048896.5628, 2201458.836100000888109 ], [ -11048780.5799, 2201327.916999999433756 ], [ -11048744.0693, 2201322.330200001597404 ], [ -11048623.7584, 2201314.770100001245737 ], [ -11048529.0869, 2201342.445000000298023 ], [ -11048444.2614, 2201334.8092 ], [ -11048376.1515, 2201310.706000000238419 ], [ -11048337.3747, 2201323.554000001400709 ], [ -11048235.7943, 2201410.538699999451637 ], [ -11048197.4392, 2201414.603300001472235 ], [ -11048129.4877, 2201399.870200000703335 ], [ -11048109.7277, 2201375.680399999022484 ], [ -11048096.13, 2201324.519400000572205 ], [ -11048120.3975, 2201220.344799999147654 ], [ -11048215.9632, 2201126.106499999761581 ], [ -11048295.4976, 2200954.654699999839067 ], [ -11048273.6345, 2200633.158100001513958 ], [ -11048235.8596, 2200525.91780000180006 ], [ -11048202.0772, 2200471.956599999219179 ], [ -11048198.152, 2200429.224800001829863 ] ] ] } },
{ "type": "Feature", "properties": { "OBJECTID": 289, "ID": "09017", "NAME": "Venustiano Carranza", "TOTPOP_CY": 454626, "AREA": 33.86, "Shape__Area": 38272589.909390204, "Shape__Length": 28415.486612621684, "metro_only_count": 1204.0, "bus_only_count": 993.0, "bus_metro_count": 712.0, "n_cat": "6", "label_range": "332 – 1830" }, "geometry": { "type": "Polygon", "coordinates": [ [ [ -11034619.7662, 2202598.04450000077486 ], [ -11033855.4281, 2202737.63120000064373 ], [ -11033383.6269, 2202749.2635000012815 ], [ -11031725.9509, 2203114.699000000953674 ], [ -11031547.9856, 2203139.828400000929832 ], [ -11031543.733, 2203164.991599999368191 ], [ -11031535.197, 2203165.592199999839067 ], [ -11031329.9861, 2203162.424100000411272 ], [ -11029560.412, 2202899.098499998450279 ], [ -11029474.9391, 2202900.999899998307228 ], [ -11029421.4101, 2202917.283900000154972 ], [ -11029370.5575, 2202911.744899999350309 ], [ -11029310.1198, 2202930.089699998497963 ], [ -11029211.3983, 2203080.869899999350309 ], [ -11029235.9663, 2203094.438000001013279 ], [ -11028801.1768, 2203784.151200000196695 ], [ -11028413.1195, 2204432.229200001806021 ], [ -11028365.7875, 2204476.903000000864267 ], [ -11028282.0566, 2204522.079599998891354 ], [ -11028194.0317, 2204541.867499999701977 ], [ -11027077.4529, 2204551.727899998426437 ], [ -11026955.3907, 2204607.575300000607967 ], [ -11026906.6664, 2204649.416799999773502 ], [ -11026868.525, 2204710.808699999004602 ], [ -11026839.7123, 2204699.78830000013113 ], [ -11026774.0269, 2204951.477099999785423 ], [ -11026455.1791, 2205693.394400000572205 ], [ -11026258.1301, 2206185.000799998641014 ], [ -11025996.1987, 2206765.067899998277426 ], [ -11025801.3881, 2207087.043999999761581 ], [ -11025877.276, 2207177.513700000941753 ], [ -11025904.5705, 2207260.1382 ], [ -11026292.2561, 2208009.823899999260902 ], [ -11026481.0218, 2207802.162599999457598 ], [ -11027563.1418, 2207373.433299999684095 ], [ -11028130.7067, 2207592.041400000452995 ], [ -11028209.0945, 2207567.753100000321865 ], [ -11028265.6245, 2207572.431499999016523 ], [ -11029323.4502, 2207958.579700000584126 ], [ -11029459.582, 2207964.28660000115633 ], [ -11029632.747, 2208007.010099999606609 ], [ -11030331.7879, 2207488.693399999290705 ], [ -11030373.5861, 2207564.680100001394749 ], [ -11030418.4489, 2207617.294399999082088 ], [ -11030862.7197, 2208056.561900001019239 ], [ -11031006.7692, 2208177.356300000101328 ], [ -11031086.426, 2208198.083799999207258 ], [ -11031175.7419, 2208195.834800001233816 ], [ -11031728.0526, 2207981.761199999600649 ], [ -11031812.8802, 2207968.082100000232458 ], [ -11031913.6324, 2207981.637499999254942 ], [ -11032718.1062, 2208292.343199998140335 ], [ -11032712.493, 2208313.192800000309944 ], [ -11032751.3115, 2208328.27250000089407 ], [ -11032757.3851, 2208311.175999999046326 ], [ -11033072.3402, 2208434.848099999129772 ], [ -11033670.5389, 2208932.893100000917912 ], [ -11034237.4535, 2209143.309799998998642 ], [ -11034341.9146, 2208993.342500001192093 ], [ -11034358.7973, 2208951.136100001633167 ], [ -11034480.2647, 2208382.241900000721216 ], [ -11034520.2983, 2208225.6206 ], [ -11034568.1982, 2208116.678100001066923 ], [ -11034598.102, 2208012.557500001043081 ], [ -11034643.4856, 2207774.426100000739098 ], [ -11034640.9921, 2207682.0735 ], [ -11034587.0401, 2207592.688299998641014 ], [ -11034409.2547, 2207229.850900001823902 ], [ -11034330.6642, 2207102.473000001162291 ], [ -11034371.4108, 2206755.432799998670816 ], [ -11034656.5291, 2204786.140799999237061 ], [ -11034782.6696, 2204491.688000001013279 ], [ -11034900.7111, 2203710.536899998784065 ], [ -11034788.4292, 2203218.962799999862909 ], [ -11034785.8621, 2203150.032999999821186 ], [ -11034738.2739, 2203127.795000001788139 ], [ -11034716.3129, 2203061.543400000780821 ], [ -11034619.7662, 2202598.04450000077486 ] ] ] } },
{ "type": "Feature", "properties": { "OBJECTID": 524, "ID": "13069", "NAME": "Tizayuca", "TOTPOP_CY": 172446, "AREA": 76.81, "Shape__Area": 87254034.287440553, "Shape__Length": 51132.820014011253, "metro_only_count": 0.0, "bus_only_count": 593.0, "bus_metro_count": 74.0, "n_cat": "1", "label_range": "0 – 0" }, "geometry": { "type": "MultiPolygon", "coordinates": [ [ [ [ -11015514.6704, 2249184.398400001227856 ], [ -11015444.8186, 2249263.267200000584126 ], [ -11015399.3156, 2249372.240200001746416 ], [ -11015251.1461, 2249325.826699998229742 ], [ -11015136.1563, 2249305.842300001531839 ], [ -11015068.3337, 2249310.731100000441074 ], [ -11014925.4145, 2249413.615899998694658 ], [ -11014790.5952, 2249889.980000000447035 ], [ -11014657.2666, 2249857.577500000596046 ], [ -11014561.4962, 2249802.981100000441074 ], [ -11013798.5603, 2251431.836100000888109 ], [ -11013507.8316, 2252307.206900000572205 ], [ -11013100.6917, 2253017.547800000756979 ], [ -11012573.5661, 2254487.839299999177456 ], [ -11012275.4942, 2254392.681200001388788 ], [ -11012232.8979, 2254428.886 ], [ -11012136.646, 2254442.319699998944998 ], [ -11012099.2449, 2254423.494600001722574 ], [ -11012011.9236, 2254307.627099998295307 ], [ -11011519.5386, 2254123.550200000405312 ], [ -11011433.4085, 2254085.48589999973774 ], [ -11011415.3335, 2254044.819400001317263 ], [ -11011314.7298, 2254007.311599999666214 ], [ -11011212.5627, 2254308.39979999884963 ], [ -11011104.8444, 2254271.757599998265505 ], [ -11011100.9986, 2254358.306000001728535 ], [ -11010720.9682, 2254539.195799998939037 ], [ -11010518.2732, 2254494.47859999909997 ], [ -11010504.6745, 2254542.093100000172853 ], [ -11010374.5387, 2254509.556000001728535 ], [ -11010341.7695, 2254631.499499998986721 ], [ -11010246.0436, 2254613.545000001788139 ], [ -11010214.3399, 2254711.2018 ], [ -11010167.3475, 2254693.3915 ], [ -11010128.8709, 2254794.276200000196695 ], [ -11010179.774, 2254811.811999998986721 ], [ -11010157.9711, 2254883.786899998784065 ], [ -11010264.0874, 2254900.927400000393391 ], [ -11010233.5847, 2254998.051899999380112 ], [ -11010328.7885, 2255019.957400001585484 ], [ -11010322.2219, 2255061.554999999701977 ], [ -11010372.0005, 2255254.612199999392033 ], [ -11010346.8869, 2255320.2971 ], [ -11010349.415, 2255364.073100000619888 ], [ -11010330.111, 2255358.972199998795986 ], [ -11010161.3463, 2255933.237399999052286 ], [ -11009829.1421, 2256371.160399999469519 ], [ -11009957.1117, 2256356.724199999123812 ], [ -11010182.8109, 2256274.201400000602007 ], [ -11010476.0019, 2256113.077199999243021 ], [ -11010332.1182, 2256345.366799999028444 ], [ -11010315.7395, 2256403.404800001531839 ], [ -11010322.657, 2256509.772799998521805 ], [ -11010076.8591, 2256872.803899999707937 ], [ -11010459.4754, 2257092.737399999052286 ], [ -11010553.4137, 2257116.383900001645088 ], [ -11011443.6131, 2257546.219200000166893 ], [ -11011377.2879, 2257658.506099998950958 ], [ -11011323.4315, 2257710.523499999195337 ], [ -11011214.6434, 2257658.560600001364946 ], [ -11011123.3614, 2257807.482700001448393 ], [ -11011300.2425, 2257895.808600001037121 ], [ -11011248.6178, 2258005.654199998825788 ], [ -11011050.3716, 2257915.202100001275539 ], [ -11010959.0127, 2258055.999000001698732 ], [ -11011177.7756, 2258158.0735 ], [ -11011149.7185, 2258215.050799999386072 ], [ -11010932.3184, 2258106.817200001329184 ], [ -11010882.6933, 2258205.211800001561642 ], [ -11011105.911, 2258313.912399999797344 ], [ -11011034.4116, 2258467.0962999984622 ], [ -11011436.698, 2258605.563200000673532 ], [ -11011387.7329, 2258701.453299999237061 ], [ -11011449.217, 2258728.895899999886751 ], [ -11011443.2202, 2258741.252700001001358 ], [ -11011488.0219, 2258779.913400001823902 ], [ -11011640.2557, 2258871.734900001436472 ], [ -11011712.6577, 2258928.571100000292063 ], [ -11011641.6871, 2259046.27589999884367 ], [ -11011669.2911, 2259011.602600000798702 ], [ -11011756.5377, 2259011.320900000631809 ], [ -11011915.7881, 2259088.860199999064207 ], [ -11011853.2643, 2259188.418800000101328 ], [ -11011981.0881, 2259258.583999998867512 ], [ -11012049.9114, 2259277.1418999992311 ], [ -11012165.4677, 2259350.489500001072884 ], [ -11012171.7272, 2259344.52930000051856 ], [ -11012246.7308, 2259367.756000000983477 ], [ -11012473.8707, 2259236.638399999588728 ], [ -11012365.433, 2259479.280699998140335 ], [ -11012960.8266, 2259821.232500001788139 ], [ -11013356.278, 2260031.914799999445677 ], [ -11013508.0776, 2259920.719399999827147 ], [ -11013595.4076, 2259773.9824 ], [ -11013652.4444, 2259595.229800000786781 ], [ -11013700.4265, 2259668.277899999171495 ], [ -11013742.2014, 2259682.456199999898672 ], [ -11013789.893, 2259679.9857 ], [ -11013927.9972, 2259555.495900001376867 ], [ -11013997.4971, 2259735.789500001817942 ], [ -11013980.5831, 2259755.026200000196695 ], [ -11013983.4052, 2259837.24100000038743 ], [ -11014036.5647, 2259844.683600001037121 ], [ -11014205.5031, 2259910.494800001382828 ], [ -11014128.587, 2260037.876499999314547 ], [ -11014150.9076, 2260080.561299998313189 ], [ -11014283.6064, 2260157.787500001490116 ], [ -11014159.4347, 2260369.453899998217821 ], [ -11014295.259, 2260443.420299999415874 ], [ -11014310.4452, 2260465.688099998980761 ], [ -11014202.5076, 2260662.329999998211861 ], [ -11014362.6061, 2260755.301699999719858 ], [ -11014303.7633, 2260864.067600000649691 ], [ -11014480.0169, 2260883.072599999606609 ], [ -11014507.2925, 2260946.579 ], [ -11014581.8777, 2260940.869300000369549 ], [ -11014863.0763, 2261017.996100001037121 ], [ -11015016.8279, 2261125.817699998617172 ], [ -11015140.1159, 2261305.011399999260902 ], [ -11015154.3674, 2261379.379799999296665 ], [ -11015137.3519, 2261927.158399999141693 ], [ -11015366.6924, 2261983.255399998277426 ], [ -11015419.6871, 2261982.873199999332428 ], [ -11015807.7079, 2261814.677799999713898 ], [ -11015823.8336, 2261851.396099999547005 ], [ -11015626.7514, 2260761.69819999858737 ], [ -11016337.817, 2260435.458500001579523 ], [ -11015458.4574, 2259831.61089999973774 ], [ -11015728.8927, 2259432.363400001078844 ], [ -11016845.3903, 2260200.594700001180172 ], [ -11022920.6717, 2257362.691700000315905 ], [ -11022860.6861, 2257258.61879999935627 ], [ -11022899.5286, 2256939.437899999320507 ], [ -11022679.7283, 2256888.9507 ], [ -11022708.4599, 2256673.907999999821186 ], [ -11022503.15, 2256625.284400001168251 ], [ -11022525.5576, 2256418.243299998342991 ], [ -11022368.1697, 2256380.728399999439716 ], [ -11021792.3651, 2255335.817800000309944 ], [ -11021795.2973, 2255315.42339999973774 ], [ -11021777.0942, 2255308.002700001001358 ], [ -11020775.5816, 2253494.65260000154376 ], [ -11020763.7697, 2253583.708500001579523 ], [ -11020646.4768, 2253397.486099999397993 ], [ -11020635.6765, 2253297.280999999493361 ], [ -11020854.3559, 2253198.58669999986887 ], [ -11020871.2542, 2253155.824000000953674 ], [ -11021552.2011, 2252729.073399998247623 ], [ -11021542.4884, 2252713.836599998176098 ], [ -11020369.1743, 2252171.638099998235703 ], [ -11019432.4398, 2251691.541200000792742 ], [ -11018317.8355, 2251142.882100000977516 ], [ -11018137.0114, 2251040.59010000154376 ], [ -11018135.4407, 2251003.591099999845028 ], [ -11017994.8175, 2250887.182700000703335 ], [ -11017330.4917, 2250389.797499999403954 ], [ -11016278.8951, 2249955.917199999094009 ], [ -11016328.1053, 2249815.558800000697374 ], [ -11016257.1269, 2249794.741599999368191 ], [ -11016248.0855, 2249738.808600001037121 ], [ -11016207.3962, 2249706.822900000959635 ], [ -11016172.8959, 2249689.173500001430511 ], [ -11016146.6479, 2249700.914200000464916 ], [ -11016081.8444, 2249680.688000001013279 ], [ -11016037.8031, 2249601.984299998730421 ], [ -11015917.1672, 2249549.979699999094009 ], [ -11015859.0451, 2249508.453699998557568 ], [ -11015713.6996, 2249483.583799999207258 ], [ -11015675.9157, 2249449.976399999111891 ], [ -11015641.0437, 2249447.0456000007689 ], [ -11015584.9286, 2249417.426899999380112 ], [ -11015664.6779, 2249214.782299999147654 ], [ -11015514.6704, 2249184.398400001227856 ] ] ] ] } },
{ "type": "Feature", "properties": { "OBJECTID": 666, "ID": "15002", "NAME": "Acolman", "TOTPOP_CY": 175727, "AREA": 86.9, "Shape__Area": 98455244.107758537, "Shape__Length": 61867.182299014283, "metro_only_count": 1.0, "bus_only_count": 740.0, "bus_metro_count": 233.0, "n_cat": "3", "label_range": "0 – 1" }, "geometry": { "type": "MultiPolygon", "coordinates": [ [ [ [ -11017581.8812, 2225141.7516999989748 ], [ -11017586.4899, 2225294.331199999898672 ], [ -11017576.088, 2225290.1415 ], [ -11017594.8577, 2226191.573699999600649 ], [ -11017516.4555, 2226180.907800000160933 ], [ -11017232.4239, 2226715.103100001811981 ], [ -11017235.6665, 2226733.0702 ], [ -11015091.9849, 2226901.47410000115633 ], [ -11014894.5809, 2226902.903999999165535 ], [ -11013862.5957, 2226857.473799999803305 ], [ -11013831.8226, 2226814.653200000524521 ], [ -11013769.3568, 2226759.797400001436472 ], [ -11013659.3797, 2226719.291299998760223 ], [ -11013756.4749, 2225925.176899999380112 ], [ -11012950.6007, 2225914.424899999052286 ], [ -11012233.0954, 2225929.374400001019239 ], [ -11012138.061, 2226375.790100000798702 ], [ -11012010.2705, 2226897.846099998801947 ], [ -11011415.9348, 2226655.352899998426437 ], [ -11010888.8982, 2226412.781100001186132 ], [ -11010706.8362, 2226761.623100001364946 ], [ -11010454.2769, 2226640.470199998468161 ], [ -11010341.4734, 2227087.646000001579523 ], [ -11010171.0332, 2226882.990600001066923 ], [ -11009720.8679, 2226416.272399999201298 ], [ -11009628.9742, 2226294.961599998176098 ], [ -11009480.5597, 2226043.634399998933077 ], [ -11009129.4257, 2225585.729299999773502 ], [ -11009021.7507, 2225423.425799999386072 ], [ -11009034.7986, 2225689.002599999308586 ], [ -11006697.7416, 2225547.347699999809265 ], [ -11006373.2201, 2225558.299100000411272 ], [ -11006066.7437, 2226508.309300001710653 ], [ -11005978.0133, 2226680.165600001811981 ], [ -11005378.2325, 2227397.199700001627207 ], [ -11005151.4849, 2227633.800700001418591 ], [ -11005141.5707, 2227711.61540000140667 ], [ -11005079.891, 2227850.283300001174212 ], [ -11004972.7092, 2227922.036299999803305 ], [ -11004925.7869, 2228080.540100000798702 ], [ -11004855.3206, 2228418.628499999642372 ], [ -11004935.6262, 2228623.286499999463558 ], [ -11005072.7686, 2229062.49439999833703 ], [ -11004990.5548, 2229337.195700000971556 ], [ -11004507.0854, 2229534.805100001394749 ], [ -11004189.1267, 2229637.6385000012815 ], [ -11004183.3441, 2229631.305700000375509 ], [ -11004013.4624, 2229693.493700001388788 ], [ -11003920.2902, 2229710.821800000965595 ], [ -11003918.8219, 2229727.707699999213219 ], [ -11003668.1744, 2229777.673500001430511 ], [ -11003676.9573, 2229756.0793999992311 ], [ -11002902.6409, 2229900.062199998646975 ], [ -11002920.3295, 2230221.397100001573563 ], [ -11004052.0336, 2230688.854899998754263 ], [ -11004071.539, 2231062.818399999290705 ], [ -11004067.094, 2231193.74040000140667 ], [ -11004244.0029, 2231617.699700001627207 ], [ -11004311.0161, 2231605.794199999421835 ], [ -11005065.0464, 2231966.156199999153614 ], [ -11004971.9177, 2232313.972600001841784 ], [ -11004855.1023, 2232497.540300000458956 ], [ -11004895.9277, 2232526.268699999898672 ], [ -11004958.606, 2232517.01630000025034 ], [ -11005416.5311, 2232516.827199999243021 ], [ -11005746.7903, 2232504.504000000655651 ], [ -11006052.0986, 2232182.708500001579523 ], [ -11006102.4328, 2232243.950199998915195 ], [ -11006312.5817, 2232203.226700000464916 ], [ -11006420.4146, 2232232.71339999884367 ], [ -11006496.9969, 2232205.861699998378754 ], [ -11006687.9734, 2232232.585799999535084 ], [ -11007185.5335, 2232055.058600001037121 ], [ -11007492.5506, 2231920.14640000090003 ], [ -11007953.4911, 2231740.972899999469519 ], [ -11008017.6657, 2231723.029500000178814 ], [ -11008070.2497, 2231735.761199999600649 ], [ -11008531.8214, 2231533.488400001078844 ], [ -11008570.4115, 2231990.975900001823902 ], [ -11008561.6228, 2232024.848799999803305 ], [ -11008530.5023, 2232055.455899998545647 ], [ -11008388.8772, 2232115.077799998223782 ], [ -11008237.6264, 2233164.074999999254942 ], [ -11008535.4849, 2233208.896499998867512 ], [ -11008505.0312, 2233546.903900001198053 ], [ -11008866.3878, 2233749.569400001317263 ], [ -11009003.4498, 2233562.233899999409914 ], [ -11008969.5008, 2233504.160999998450279 ], [ -11008928.7111, 2233487.234900001436472 ], [ -11008924.1862, 2233452.801300000399351 ], [ -11008974.6727, 2233261.629099998623133 ], [ -11009034.0483, 2233187.940999999642372 ], [ -11009018.1063, 2233104.135200001299381 ], [ -11009077.8069, 2232932.889899998903275 ], [ -11009485.5912, 2233032.489199999719858 ], [ -11009504.1695, 2232886.607900001108646 ], [ -11009533.7994, 2232815.010000001639128 ], [ -11009940.199, 2232833.866900000721216 ], [ -11009958.7637, 2232781.892099998891354 ], [ -11010002.7016, 2232717.180300001055002 ], [ -11010027.587, 2232848.89979999884963 ], [ -11010142.6246, 2232898.326200000941753 ], [ -11010221.5704, 2232946.1239 ], [ -11010295.946, 2233095.49269999936223 ], [ -11010342.0802, 2233247.136199999600649 ], [ -11010358.5899, 2233273.871300000697374 ], [ -11010419.9346, 2233321.448699999600649 ], [ -11010469.1914, 2233399.725299999117851 ], [ -11010499.7575, 2233474.725400000810623 ], [ -11010523.9626, 2233706.180700000375509 ], [ -11010534.664, 2233710.847699999809265 ], [ -11010954.3818, 2234547.959899999201298 ], [ -11011050.0876, 2235910.451400000602007 ], [ -11011463.477, 2235975.297200001776218 ], [ -11011499.2285, 2235794.405699998140335 ], [ -11012398.5553, 2236234.967199999839067 ], [ -11012998.7143, 2236370.25450000166893 ], [ -11013441.7881, 2235137.026099998503923 ], [ -11013775.6472, 2234032.954100001603365 ], [ -11013942.0622, 2233369.907299999147654 ], [ -11014235.5918, 2232436.25279999896884 ], [ -11015401.3451, 2232924.3279 ], [ -11016035.7603, 2233139.647599998861551 ], [ -11016078.9023, 2232852.469900000840425 ], [ -11016157.1844, 2232595.221099998801947 ], [ -11016212.253, 2232499.809999998658895 ], [ -11016949.5665, 2231662.958399999886751 ], [ -11017387.0688, 2231323.287399999797344 ], [ -11017592.7137, 2231178.390999998897314 ], [ -11017931.7936, 2230887.866900000721216 ], [ -11018287.7636, 2229541.675500001758337 ], [ -11018275.2513, 2229132.7357 ], [ -11018484.3729, 2228290.673300001770258 ], [ -11018576.3772, 2228027.2676 ], [ -11018621.4328, 2227720.27309999987483 ], [ -11018824.495, 2226596.468899998813868 ], [ -11019023.5721, 2226582.757399998605251 ], [ -11019105.8941, 2226032.298500001430511 ], [ -11019094.2992, 2226018.022799998521805 ], [ -11020321.2498, 2224101.232700001448393 ], [ -11018430.4752, 2223734.579 ], [ -11018059.9806, 2224148.566799998283386 ], [ -11018019.9302, 2224909.924499999731779 ], [ -11017610.6485, 2224816.974599998444319 ], [ -11017572.1899, 2224835.699799999594688 ], [ -11017581.8812, 2225141.7516999989748 ] ] ] ] } },
{ "type": "Feature", "properties": { "OBJECTID": 673, "ID": "15009", "NAME": "Amecameca", "TOTPOP_CY": 54755, "AREA": 176.42, "Shape__Area": 198672948.42065114, "Shape__Length": 96936.302738511367, "metro_only_count": 0.0, "bus_only_count": 138.0, "bus_metro_count": 17.0, "n_cat": "1", "label_range": "0 – 0" }, "geometry": { "type": "MultiPolygon", "coordinates": [ [ [ [ -10984074.4105, 2176515.826200000941753 ], [ -10984272.4513, 2176447.7621 ], [ -10984417.9302, 2176477.605200000107288 ], [ -10984564.8564, 2176452.146499998867512 ], [ -10984704.8162, 2176466.744100000709295 ], [ -10984847.6836, 2176402.438700001686811 ], [ -10984965.4197, 2176386.753499999642372 ], [ -10985297.952, 2176216.57490000128746 ], [ -10987247.684, 2175115.452500000596046 ], [ -10989064.3391, 2176022.053399998694658 ], [ -10989118.1197, 2176029.630699999630451 ], [ -10989202.0501, 2175980.680700000375509 ], [ -10989332.6002, 2175867.453200001269579 ], [ -10989393.0721, 2175791.92509999871254 ], [ -10989452.096, 2175667.931099999696016 ], [ -10989522.3086, 2175584.164200000464916 ], [ -10989602.6735, 2175522.250799998641014 ], [ -10989635.624, 2175481.8279 ], [ -10989931.5501, 2175271.938299998641014 ], [ -10990280.2273, 2175048.8147 ], [ -10990550.7147, 2175317.648800000548363 ], [ -10990616.9834, 2175426.1283 ], [ -10990963.9884, 2175827.424400001764297 ], [ -10991106.8201, 2176022.833599999547005 ], [ -10991227.0898, 2176225.9309 ], [ -10991257.7149, 2176236.895599998533726 ], [ -10991422.6591, 2176256.58559999987483 ], [ -10991588.4227, 2176216.625500001013279 ], [ -10991702.9705, 2176219.726599998772144 ], [ -10991760.9747, 2176238.720100000500679 ], [ -10991890.0887, 2176231.089600000530481 ], [ -10991960.3736, 2176199.684099998325109 ], [ -10992072.4723, 2176197.646000001579523 ], [ -10992123.3163, 2176182.957100000232458 ], [ -10992241.5578, 2176041.283700000494719 ], [ -10992417.2166, 2175913.498799998313189 ], [ -10992530.0055, 2175901.925000000745058 ], [ -10992698.6154, 2175911.990299999713898 ], [ -10992831.8669, 2175851.041400000452995 ], [ -10992996.1724, 2175953.246199999004602 ], [ -10993147.6058, 2175957.509399998933077 ], [ -10993243.226, 2175889.173799999058247 ], [ -10993273.9913, 2175922.439800001680851 ], [ -10993328.745, 2175949.6787 ], [ -10993449.1037, 2175960.765900000929832 ], [ -10993543.8253, 2175944.921700000762939 ], [ -10993608.9928, 2175907.20160000026226 ], [ -10993658.3899, 2175926.443500000983477 ], [ -10993696.0626, 2175918.506799999624491 ], [ -10993760.7081, 2175875.45719999819994 ], [ -10993798.6713, 2175794.29280000180006 ], [ -10993799.0031, 2175691.506400000303984 ], [ -10993741.8695, 2175569.733600001782179 ], [ -10993733.9067, 2175539.898899998515844 ], [ -10993741.1314, 2175483.191399998962879 ], [ -10993808.1056, 2175377.835099998861551 ], [ -10993926.8456, 2175261.90260000154376 ], [ -10993702.7706, 2175223.245799999684095 ], [ -10993644.7887, 2175188.0152000002563 ], [ -10993634.179, 2175158.177499998360872 ], [ -10993701.0407, 2175088.240699999034405 ], [ -10993762.5505, 2174866.5168999992311 ], [ -10993844.407, 2174677.576400000602007 ], [ -10993937.48, 2174499.302299998700619 ], [ -10994158.4471, 2174191.799699999392033 ], [ -10994298.7197, 2174046.344900000840425 ], [ -10994361.1631, 2174014.211100000888109 ], [ -10994414.965, 2174006.2972999997437 ], [ -10994438.6815, 2173981.834300000220537 ], [ -10994497.6563, 2173874.076999999582767 ], [ -10994497.7164, 2173819.35190000012517 ], [ -10994521.7068, 2173821.670499999076128 ], [ -10994519.203, 2173762.852000001817942 ], [ -10994546.7752, 2173712.24379999935627 ], [ -10994583.6657, 2173645.284499999135733 ], [ -10994630.9754, 2173619.66950000077486 ], [ -10994650.6963, 2173596.514600001275539 ], [ -10994598.1388, 2173549.374600000679493 ], [ -10994699.4819, 2173412.656599998474121 ], [ -10994679.657, 2173393.724700000137091 ], [ -10994814.2644, 2173226.163800001144409 ], [ -10994857.2407, 2173293.583799999207258 ], [ -10994923.7496, 2173185.5735 ], [ -10994873.7705, 2173153.024999998509884 ], [ -10995023.0775, 2172942.100000001490116 ], [ -10994959.1414, 2172893.546599999070168 ], [ -10995710.7873, 2172496.779500000178814 ], [ -10995812.6858, 2172774.370799999684095 ], [ -10995815.2517, 2172838.614500001072884 ], [ -10996021.7737, 2173452.480700001120567 ], [ -10995827.2087, 2173710.036899998784065 ], [ -10995850.6402, 2173774.672499999403954 ], [ -10995789.853, 2173856.965599998831749 ], [ -10996106.8041, 2174125.1435999982059 ], [ -10996167.6225, 2174035.756000000983477 ], [ -10996201.5092, 2174027.810699999332428 ], [ -10996257.6744, 2174045.090900000184774 ], [ -10996322.3888, 2174281.007399998605251 ], [ -10996596.6734, 2175020.431699998676777 ], [ -10997066.9202, 2175104.623799998313189 ], [ -10997219.536, 2175715.929200001060963 ], [ -10997479.2189, 2175675.500100001692772 ], [ -10997609.3223, 2175640.506400000303984 ], [ -10997870.1404, 2175532.703600000590086 ], [ -10998188.4631, 2175419.373700000345707 ], [ -10998317.5113, 2175387.035199999809265 ], [ -10998554.5649, 2175363.0760000012815 ], [ -10998580.9188, 2175352.189300000667572 ], [ -10998727.2404, 2175219.747900001704693 ], [ -10998919.2342, 2175106.529500000178814 ], [ -10999104.6738, 2175106.469700001180172 ], [ -10999149.856, 2175093.207100000232458 ], [ -10999177.7627, 2174883.058899998664856 ], [ -10999191.0042, 2174874.22690000012517 ], [ -10999236.6061, 2174873.5962999984622 ], [ -10999310.7908, 2174950.886599998921156 ], [ -10999669.0736, 2174848.507599998265505 ], [ -11000377.867, 2174870.045499999076128 ], [ -10999993.3026, 2174269.499200001358986 ], [ -10999942.1269, 2174168.178800001740456 ], [ -10999940.4003, 2174068.7516999989748 ], [ -10999835.1244, 2173887.590799998492002 ], [ -10999727.8602, 2173764.644999999552965 ], [ -10999727.9447, 2173686.400299999862909 ], [ -10999700.0291, 2173562.635299999266863 ], [ -10999646.6883, 2173524.364900000393391 ], [ -10999511.6422, 2173487.876299999654293 ], [ -10999266.0736, 2173523.364399999380112 ], [ -10998918.8046, 2173609.157600000500679 ], [ -10998505.6356, 2173614.988699998706579 ], [ -10998306.3693, 2173714.028299998492002 ], [ -10998210.2627, 2173718.503100000321865 ], [ -10997693.5589, 2173806.767099998891354 ], [ -10997658.0357, 2173763.999099999666214 ], [ -10997636.6945, 2173714.108399998396635 ], [ -10997391.3742, 2173440.086399998515844 ], [ -10997313.514, 2173395.260200001299381 ], [ -10997283.7282, 2173351.748199999332428 ], [ -10997193.4349, 2173276.388900000602007 ], [ -10997256.9281, 2173240.441700000315905 ], [ -10997288.8279, 2173194.863099999725819 ], [ -10997348.4685, 2173027.99439999833703 ], [ -10997361.5496, 2172954.406100001186132 ], [ -10997368.5726, 2172861.175299998372793 ], [ -10997352.1142, 2172718.595400001853704 ], [ -10997239.9542, 2172615.586100000888109 ], [ -10997296.0347, 2172555.624099999666214 ], [ -10997296.628, 2172541.834699999541044 ], [ -10997336.8958, 2172518.596500001847744 ], [ -10997422.182, 2172344.21059999987483 ], [ -10997426.6747, 2172313.256799999624491 ], [ -10997301.0664, 2172242.12220000103116 ], [ -10997314.0398, 2172168.886 ], [ -10997328.836, 2172147.687100000679493 ], [ -10997256.5442, 2172104.874400001019239 ], [ -10997129.7798, 2172301.696600001305342 ], [ -10997108.6139, 2172317.909000001847744 ], [ -10997036.5234, 2172252.118700001388788 ], [ -10996746.5549, 2172065.806499999016523 ], [ -10996518.9034, 2171950.788499999791384 ], [ -10996467.5171, 2172007.533700000494719 ], [ -10996275.8025, 2171991.770899999886751 ], [ -10996147.7485, 2171966.160399999469519 ], [ -10995978.3013, 2171908.556099999696016 ], [ -10995889.2825, 2171929.605999998748302 ], [ -10995774.8795, 2171914.863499999046326 ], [ -10995681.0427, 2171917.49379999935627 ], [ -10995603.6291, 2171901.7566 ], [ -10995537.1767, 2171912.146200001239777 ], [ -10995577.5807, 2171756.19819999858737 ], [ -10995886.5584, 2170857.500500001013279 ], [ -10995785.516, 2170392.040100000798702 ], [ -10995553.9625, 2170432.32209999859333 ], [ -10995480.0596, 2170432.885400000959635 ], [ -10995535.3055, 2170371.341899998486042 ], [ -10995514.7337, 2170338.071199998259544 ], [ -10995460.6044, 2170302.83390000090003 ], [ -10995378.62, 2170293.444299999624491 ], [ -10995341.7565, 2170257.3695 ], [ -10995354.1897, 2170142.186500001698732 ], [ -10995579.9177, 2169719.478900000452995 ], [ -10995604.5972, 2169598.4529 ], [ -10995630.1608, 2169568.087799999862909 ], [ -10995733.0891, 2169631.626800000667572 ], [ -10995782.8144, 2169540.703499998897314 ], [ -10995758.4231, 2169503.121899999678135 ], [ -10995809.1184, 2169513.241799999028444 ], [ -10995914.3773, 2169289.889400001615286 ], [ -10995971.0111, 2169317.200199998915195 ], [ -10996132.6813, 2169339.24439999833703 ], [ -10996152.0631, 2169302.367800001055002 ], [ -10996320.4296, 2169380.455800000578165 ], [ -10996367.1181, 2169382.198300000280142 ], [ -10996361.6925, 2169399.11879999935627 ], [ -10996534.1888, 2169422.8935999982059 ], [ -10996638.2721, 2169431.465199999511242 ], [ -10996793.3895, 2169409.127599999308586 ], [ -10996836.1551, 2169309.826900001615286 ], [ -10997193.457, 2168676.522900000214577 ], [ -10996989.2572, 2168238.16270000115037 ], [ -10997037.9416, 2168215.471599999815226 ], [ -10997108.2633, 2168155.856699999421835 ], [ -10997451.4645, 2168119.96510000154376 ], [ -10997501.5226, 2168083.59010000154376 ], [ -10997757.201, 2167759.557500001043081 ], [ -10997937.9137, 2167475.316399998962879 ], [ -10997774.5892, 2167051.299600001424551 ], [ -10997987.2285, 2166797.77140000090003 ], [ -10998314.6257, 2166334.766800001263618 ], [ -10998244.3432, 2166247.333999998867512 ], [ -10998244.0904, 2166190.290699999779463 ], [ -10998484.8589, 2165748.7364999987185 ], [ -10998579.1321, 2165517.877700001001358 ], [ -10998721.1391, 2165544.749800000339746 ], [ -10998765.0843, 2165472.650800000876188 ], [ -10998738.9756, 2165370.185100000351667 ], [ -10999554.0653, 2165705.083200000226498 ], [ -10999951.639, 2164764.315699998289347 ], [ -11000221.9596, 2164083.396600000560284 ], [ -11000311.9234, 2163814.617199998348951 ], [ -10999165.8449, 2163856.513000000268221 ], [ -10998435.9674, 2163829.692800000309944 ], [ -10997885.0707, 2163828.420699998736382 ], [ -10997527.7462, 2163741.50789999961853 ], [ -10997446.8314, 2163657.775800000876188 ], [ -10997460.2277, 2163514.61769999936223 ], [ -10997430.8982, 2163454.541299998760223 ], [ -10997493.0057, 2162915.089499998837709 ], [ -10997604.0224, 2162396.265000000596046 ], [ -10998132.4293, 2162450.210099998861551 ], [ -10998178.4454, 2162242.613800000399351 ], [ -10998036.7835, 2162093.183899998664856 ], [ -10998010.0491, 2162015.378199998289347 ], [ -10997934.7281, 2161886.10020000115037 ], [ -10997868.1212, 2161965.430500000715256 ], [ -10997489.8264, 2161732.723999999463558 ], [ -10997207.3053, 2161532.181800000369549 ], [ -10997035.2164, 2161455.795000001788139 ], [ -10996969.6207, 2161614.337699998170137 ], [ -10996979.1205, 2161620.171900000423193 ], [ -10996487.8364, 2163096.715700000524521 ], [ -10996521.2532, 2163154.932599999010563 ], [ -10996545.9283, 2163169.688299998641014 ], [ -10996568.0275, 2163164.422400001436472 ], [ -10996570.3586, 2163207.8761 ], [ -10996652.0326, 2163253.048500001430511 ], [ -10996619.1666, 2163402.540399998426437 ], [ -10996655.9254, 2163428.295200001448393 ], [ -10996626.272, 2163528.320799998939037 ], [ -10996640.7448, 2163563.468100000172853 ], [ -10996590.7657, 2163665.479100000113249 ], [ -10996595.166, 2163686.758400000631809 ], [ -10996575.9568, 2163734.344200000166893 ], [ -10996603.9837, 2163820.405200000852346 ], [ -10996598.4133, 2163848.159499999135733 ], [ -10996622.7066, 2163933.626400001347065 ], [ -10996196.779, 2163725.240499999374151 ], [ -10996154.2685, 2163673.487399999052286 ], [ -10996139.1468, 2163678.560499999672174 ], [ -10996107.1926, 2163662.076299998909235 ], [ -10995990.8482, 2163590.862700000405312 ], [ -10995995.8063, 2163581.0793999992311 ], [ -10995939.6701, 2163553.348999999463558 ], [ -10995880.9212, 2163636.6886 ], [ -10995684.439, 2163503.094700001180172 ], [ -10995638.2314, 2163496.815600000321865 ], [ -10995620.1854, 2163545.760200001299381 ], [ -10995404.033, 2163750.479899998754263 ], [ -10995339.1483, 2163696.28489999845624 ], [ -10995282.2895, 2163680.431000001728535 ], [ -10995173.0116, 2163601.7804000005126 ], [ -10995025.4432, 2163749.817899998277426 ], [ -10994955.2809, 2163868.685100000351667 ], [ -10994904.617, 2163925.303399998694658 ], [ -10994873.4576, 2163930.583799999207258 ], [ -10994831.4745, 2163976.303399998694658 ], [ -10994798.69, 2163962.686999998986721 ], [ -10994778.3106, 2163970.908700000494719 ], [ -10994771.7061, 2164011.352299999445677 ], [ -10994731.4017, 2164035.516699999570847 ], [ -10994716.7988, 2164075.948899999260902 ], [ -10994634.5761, 2164086.750100001692772 ], [ -10994607.611, 2164121.5768 ], [ -10994549.0024, 2164135.072000000625849 ], [ -10994461.8204, 2164191.6402000002563 ], [ -10994427.2869, 2164250.940400000661612 ], [ -10994380.4992, 2164272.43470000103116 ], [ -10994354.7355, 2164253.50450000166893 ], [ -10994362.6036, 2164241.381700001657009 ], [ -10994056.4394, 2163319.5636 ], [ -10994024.6999, 2163344.497400000691414 ], [ -10994003.7352, 2163339.145199999213219 ], [ -10993966.1504, 2163355.326499998569489 ], [ -10993878.0699, 2163349.618700001388788 ], [ -10993825.3502, 2163360.189899999648333 ], [ -10993750.0448, 2163397.873799998313189 ], [ -10993691.4962, 2163408.439100001007318 ], [ -10993633.9252, 2163438.16330000013113 ], [ -10993573.1891, 2163454.046700000762939 ], [ -10993561.8624, 2163472.925200000405312 ], [ -10993509.2027, 2163486.424499999731779 ], [ -10993475.3161, 2163505.272599998861551 ], [ -10993423.4935, 2163578.115899998694658 ], [ -10993357.2872, 2163631.781599998474121 ], [ -10993252.9143, 2163690.978999998420477 ], [ -10993097.0257, 2163747.444400001317263 ], [ -10992928.0382, 2163854.985300000756979 ], [ -10992849.3609, 2163933.113899998366833 ], [ -10992803.6955, 2163951.943599998950958 ], [ -10992777.7791, 2163992.357799999415874 ], [ -10992706.3654, 2163984.005399998277426 ], [ -10992644.886, 2164059.498399998992682 ], [ -10992608.8818, 2164078.341099999845028 ], [ -10992554.6771, 2164059.36769999936223 ], [ -10992501.0355, 2164018.571699999272823 ], [ -10992450.9763, 2164043.461500000208616 ], [ -10992443.4675, 2164076.408900000154972 ], [ -10992384.8146, 2164087.706500001251698 ], [ -10992363.0517, 2164106.475000001490116 ], [ -10992304.7503, 2164126.880899999290705 ], [ -10992236.8244, 2164114.221700001507998 ], [ -10992179.8, 2164150.778000000864267 ], [ -10992091.8229, 2164152.457800000905991 ], [ -10992028.9619, 2164164.033700000494719 ], [ -10991999.097, 2164181.372600000351667 ], [ -10991924.7613, 2164145.015700001269579 ], [ -10991921.1411, 2164243.864599999040365 ], [ -10990847.4558, 2164081.305799998342991 ], [ -10990846.2814, 2164116.432900000363588 ], [ -10990471.4409, 2164061.295899998396635 ], [ -10990441.8029, 2164393.956500001251698 ], [ -10990447.7374, 2164527.418800000101328 ], [ -10990435.855, 2164922.021099999547005 ], [ -10990464.7639, 2164890.535900000482798 ], [ -10990498.4903, 2164875.552499998360872 ], [ -10990602.7176, 2164887.828899998217821 ], [ -10990681.1221, 2164862.27250000089407 ], [ -10990781.8496, 2164866.97580000013113 ], [ -10990776.5353, 2164997.862700000405312 ], [ -10990800.5446, 2165002.500199999660254 ], [ -10990832.5891, 2164984.414099998772144 ], [ -10990921.4132, 2165010.595199998468161 ], [ -10990947.8849, 2165002.110399998724461 ], [ -10990983.6341, 2165020.486400000751019 ], [ -10991095.9509, 2165037.819899998605251 ], [ -10991167.722, 2165080.857200000435114 ], [ -10991201.0053, 2165074.499499998986721 ], [ -10991262.2756, 2165137.453099999576807 ], [ -10991263.5581, 2165214.219300001859665 ], [ -10991276.0157, 2165238.518100000917912 ], [ -10991311.02, 2165275.654599998146296 ], [ -10991373.6585, 2165314.493099998682737 ], [ -10991555.6281, 2165362.045099999755621 ], [ -10991878.1374, 2165401.365699999034405 ], [ -10991717.3942, 2165783.610800001770258 ], [ -10991716.0361, 2165808.016600001603365 ], [ -10991672.1229, 2165761.906399998813868 ], [ -10991549.3585, 2165674.958000000566244 ], [ -10991515.4917, 2165677.568300001323223 ], [ -10991437.4324, 2165728.817899998277426 ], [ -10991349.8439, 2165741.993700001388788 ], [ -10991226.9662, 2165695.763599999248981 ], [ -10991062.8301, 2165592.5143 ], [ -10990859.5506, 2165483.879099998623133 ], [ -10990819.7974, 2165481.156700000166893 ], [ -10990751.9248, 2165534.8147 ], [ -10990717.5237, 2165540.084899999201298 ], [ -10990655.3395, 2165507.5185999982059 ], [ -10990611.4385, 2165456.082400001585484 ], [ -10990558.3046, 2165428.853700000792742 ], [ -10990492.7496, 2165434.074499998241663 ], [ -10990438.5424, 2165417.754900000989437 ], [ -10990388.8751, 2165331.18019999936223 ], [ -10990355.6498, 2165301.320000000298023 ], [ -10990254.1763, 2165268.691599998623133 ], [ -10990145.3605, 2165192.669700000435114 ], [ -10990061.3933, 2165049.08559999987483 ], [ -10990047.1878, 2164957.243700001388788 ], [ -10990028.5262, 2164919.4222999997437 ], [ -10989983.5019, 2164870.64640000090003 ], [ -10989903.2695, 2164748.894000001251698 ], [ -10989808.9306, 2164683.540300000458956 ], [ -10989776.8796, 2164621.480200000107288 ], [ -10989597.7198, 2164534.434300001710653 ], [ -10989549.5273, 2164482.991500001400709 ], [ -10989471.2152, 2164447.4712999984622 ], [ -10989443.3564, 2164412.295400001108646 ], [ -10989257.3014, 2164298.357700001448393 ], [ -10989049.6203, 2164230.155200000852346 ], [ -10989037.3564, 2164202.991599999368191 ], [ -10988865.0138, 2164118.878199998289347 ], [ -10988764.6036, 2164048.455699998885393 ], [ -10988685.0859, 2164021.179400000721216 ], [ -10988582.0307, 2163950.751499999314547 ], [ -10988525.0384, 2163945.334399998188019 ], [ -10988486.9127, 2163926.376400001347065 ], [ -10988435.4218, 2163869.339999999850988 ], [ -10988256.3823, 2163877.290800001472235 ], [ -10988039.3348, 2163833.815400000661612 ], [ -10987807.641, 2163849.657800000160933 ], [ -10987621.2389, 2163792.3918999992311 ], [ -10987503.0397, 2163727.521899998188019 ], [ -10987419.2251, 2163702.894000001251698 ], [ -10987269.8088, 2163713.5489999987185 ], [ -10987150.5467, 2163689.127000000327826 ], [ -10987063.3578, 2163690.913800001144409 ], [ -10986851.4278, 2163773.421100001782179 ], [ -10986848.618, 2163833.46680000051856 ], [ -10986785.8673, 2163858.814500000327826 ], [ -10986750.3563, 2163858.750999998301268 ], [ -10986700.3717, 2163888.469999998807907 ], [ -10986676.6195, 2163928.880699999630451 ], [ -10986672.2545, 2163969.589400000870228 ], [ -10986735.5998, 2164015.475099999457598 ], [ -10986728.6247, 2164034.358800001442432 ], [ -10986258.2775, 2164071.587200000882149 ], [ -10986186.167, 2164082.369600001722574 ], [ -10986125.4154, 2164109.141699999570847 ], [ -10986021.7303, 2164214.433600001037121 ], [ -10985994.7742, 2164271.580800000578165 ], [ -10985951.1126, 2164313.947299998253584 ], [ -10985926.787, 2164367.375900000333786 ], [ -10985760.361, 2164574.405799999833107 ], [ -10985576.6716, 2164723.122099999338388 ], [ -10985422.1257, 2164881.3114 ], [ -10985306.6962, 2164936.107900001108646 ], [ -10985239.2812, 2164940.018699999898672 ], [ -10985188.2211, 2164959.300500001758337 ], [ -10985116.263, 2164953.899599999189377 ], [ -10985075.6926, 2164976.713899999856949 ], [ -10984957.3301, 2165164.808699999004602 ], [ -10984779.2868, 2165164.9054000005126 ], [ -10984526.4033, 2165144.241599999368191 ], [ -10984407.8191, 2165168.621800001710653 ], [ -10983923.0429, 2165123.361200001090765 ], [ -10983652.6032, 2165138.027899999171495 ], [ -10983446.464, 2165077.980900000780821 ], [ -10983164.8446, 2165049.850099999457598 ], [ -10983081.2927, 2165070.192099999636412 ], [ -10982838.4748, 2165182.329700000584126 ], [ -10982702.0974, 2165201.651700001209974 ], [ -10982439.5959, 2165128.686900001019239 ], [ -10982300.0202, 2165102.087499998509884 ], [ -10982185.7529, 2165037.835200000554323 ], [ -10982016.6063, 2164991.514800000935793 ], [ -10981805.5234, 2164965.304299999028444 ], [ -10981701.0357, 2164972.491099998354912 ], [ -10981613.7221, 2165005.949400000274181 ], [ -10981430.1186, 2165034.379000000655651 ], [ -10981398.7877, 2165058.590500000864267 ], [ -10981355.1215, 2165067.692600000649691 ], [ -10981331.7544, 2165055.964999999850988 ], [ -10981165.8115, 2164884.683899998664856 ], [ -10981099.7168, 2164855.594700001180172 ], [ -10980988.827, 2164775.393899999558926 ], [ -10980752.3042, 2164456.988800000399351 ], [ -10980630.3749, 2164338.281800001859665 ], [ -10980651.9898, 2164324.665100000798702 ], [ -10980476.2129, 2164055.653799999505281 ], [ -10980288.9736, 2164274.368700001388788 ], [ -10980149.6393, 2164484.990200001746416 ], [ -10980081.4194, 2164606.644200000911951 ], [ -10980047.3657, 2164699.888700000941753 ], [ -10980041.9132, 2164820.189599998295307 ], [ -10980021.0195, 2164859.3783 ], [ -10979881.1502, 2164931.97580000013113 ], [ -10979834.3881, 2164969.401299998164177 ], [ -10979728.5567, 2165126.980000000447035 ], [ -10979645.1549, 2165179.319899998605251 ], [ -10979616.7185, 2165242.56810000166297 ], [ -10979562.0561, 2165294.151999998837709 ], [ -10979520.9825, 2165327.875999998301268 ], [ -10979394.0471, 2165359.693999998271465 ], [ -10979357.5477, 2165390.781800001859665 ], [ -10979244.348, 2165404.405999999493361 ], [ -10979194.5659, 2165423.206500001251698 ], [ -10979087.9988, 2165431.6349 ], [ -10979061.6048, 2165464.674699999392033 ], [ -10978984.1309, 2165461.376200001686811 ], [ -10979010.8398, 2165792.752099998295307 ], [ -10979098.4116, 2165946.631400000303984 ], [ -10979246.2027, 2166119.143399998545647 ], [ -10979549.0708, 2166414.751200001686811 ], [ -10979715.2808, 2166561.322200000286102 ], [ -10979726.2791, 2166784.336899999529123 ], [ -10979602.228, 2166895.770199999213219 ], [ -10979525.3529, 2166993.832100000232458 ], [ -10979308.133, 2168629.530600000172853 ], [ -10979203.5917, 2168653.5439000017941 ], [ -10979034.3093, 2168737.282200001180172 ], [ -10978965.544, 2168907.386999998241663 ], [ -10978939.2536, 2169018.648899998515844 ], [ -10979103.8562, 2169630.314300000667572 ], [ -10980514.5446, 2169447.809500001370907 ], [ -10980627.7154, 2169711.878199998289347 ], [ -10980564.1007, 2171069.6732 ], [ -10980433.9214, 2172674.5735 ], [ -10980035.6793, 2172254.2621 ], [ -10980141.9718, 2173082.212999999523163 ], [ -10980466.6115, 2174202.246300000697374 ], [ -10982566.0327, 2175562.914200000464916 ], [ -10983801.9139, 2176245.676399998366833 ], [ -10983868.1846, 2176298.274900000542402 ], [ -10984074.4105, 2176515.826200000941753 ] ] ] ] } },
{ "type": "Feature", "properties": { "OBJECTID": 674, "ID": "15010", "NAME": "Apaxco", "TOTPOP_CY": 32683, "AREA": 75.66, "Shape__Area": 86108303.249029458, "Shape__Length": 56896.884454834864, "metro_only_count": 0.0, "bus_only_count": 87.0, "bus_metro_count": 1.0, "n_cat": "1", "label_range": "0 – 0" }, "geometry": { "type": "MultiPolygon", "coordinates": [ [ [ [ -11033782.1109, 2276368.57660000026226 ], [ -11033782.3404, 2276502.765900000929832 ], [ -11034645.7419, 2276788.25730000063777 ], [ -11034823.4892, 2276757.143699999898672 ], [ -11034955.8447, 2276592.341499999165535 ], [ -11035198.7305, 2276376.877599999308586 ], [ -11035449.4319, 2276290.894400000572205 ], [ -11035681.522, 2276239.969900000840425 ], [ -11036023.8104, 2276369.868099998682737 ], [ -11036118.2206, 2276357.335900001227856 ], [ -11036479.6136, 2276235.595499999821186 ], [ -11036625.3154, 2276144.568999998271465 ], [ -11036716.6385, 2276132.344999998807907 ], [ -11036769.9729, 2276140.625799998641014 ], [ -11036806.2095, 2276171.69819999858737 ], [ -11036861.57, 2276188.171 ], [ -11036957.8478, 2276266.84569999948144 ], [ -11036973.033, 2276302.566199999302626 ], [ -11037041.8083, 2276319.515500001609325 ], [ -11037102.8493, 2276295.156199999153614 ], [ -11037371.8228, 2276289.168099999427795 ], [ -11037403.3306, 2276258.289799999445677 ], [ -11037481.9322, 2276221.096599999815226 ], [ -11037494.8341, 2276197.535999998450279 ], [ -11037724.3683, 2276119.470600001513958 ], [ -11037767.5391, 2276122.780999999493361 ], [ -11037890.8366, 2276102.48369999974966 ], [ -11038048.5118, 2276125.848700001835823 ], [ -11038285.2071, 2276251.962699998170137 ], [ -11038365.1022, 2275048.250700000673532 ], [ -11038592.7883, 2274503.029599998146296 ], [ -11039261.597, 2274556.030999999493361 ], [ -11039317.1008, 2273447.067499998956919 ], [ -11039415.131, 2273340.932599999010563 ], [ -11040667.2626, 2272804.518100000917912 ], [ -11040357.3326, 2272218.152100000530481 ], [ -11040598.848, 2272135.515599999576807 ], [ -11040771.4667, 2272100.891600001603365 ], [ -11040819.5889, 2272067.255399998277426 ], [ -11040874.2011, 2271997.184399999678135 ], [ -11040930.0279, 2271895.612399999052286 ], [ -11041006.7448, 2271857.15430000051856 ], [ -11041096.1979, 2271895.913199998438358 ], [ -11041322.8955, 2271948.11939999833703 ], [ -11041565.9917, 2272075.25959999859333 ], [ -11041620.7643, 2272119.936000000685453 ], [ -11041729.9395, 2272265.756099998950958 ], [ -11041786.1525, 2272315.809500001370907 ], [ -11041821.6938, 2272222.165399998426437 ], [ -11041816.8367, 2272146.796399999409914 ], [ -11041810.2245, 2272113.684999998658895 ], [ -11041730.3182, 2272062.777699999511242 ], [ -11041735.1128, 2272021.304499998688698 ], [ -11041772.5127, 2271985.090999998152256 ], [ -11041835.3793, 2271953.756799999624491 ], [ -11041863.2859, 2271925.168400000780821 ], [ -11041870.5854, 2271893.029899999499321 ], [ -11041854.4716, 2271859.343199998140335 ], [ -11041795.3865, 2271826.678100001066923 ], [ -11041662.7071, 2271781.389800000935793 ], [ -11041698.0768, 2271669.026500001549721 ], [ -11041692.3917, 2271549.804299999028444 ], [ -11041742.3729, 2271509.683800000697374 ], [ -11041764.6023, 2271463.768800001591444 ], [ -11041752.926, 2271417.94370000064373 ], [ -11041698.3127, 2271338.011399999260902 ], [ -11041712.5892, 2271270.652199998497963 ], [ -11041706.5091, 2271242.9474 ], [ -11041691.8729, 2271232.681000001728535 ], [ -11041854.3615, 2271144.3893 ], [ -11041881.3948, 2271144.3585 ], [ -11042044.2835, 2271285.198300000280142 ], [ -11042103.4911, 2271308.192099999636412 ], [ -11042306.2954, 2271309.998399998992682 ], [ -11042550.5179, 2271233.51630000025034 ], [ -11042583.2753, 2271090.811200000345707 ], [ -11042619.6662, 2270845.629200000315905 ], [ -11042646.0357, 2270770.146000001579523 ], [ -11042643.0589, 2270456.698300000280142 ], [ -11042664.3499, 2270426.873399998992682 ], [ -11042614.0991, 2270211.495999999344349 ], [ -11042616.3478, 2270175.384399998933077 ], [ -11042651.2164, 2270158.3827 ], [ -11042699.5013, 2270279.234200000762939 ], [ -11042711.7787, 2270402.462600000202656 ], [ -11042767.5276, 2270388.649300001561642 ], [ -11042884.3205, 2270283.12049999833107 ], [ -11042897.0064, 2270241.329100001603365 ], [ -11043012.4259, 2270030.3257 ], [ -11043098.4102, 2269913.069499999284744 ], [ -11043095.811, 2269857.045499999076128 ], [ -11043118.5456, 2269803.534099999815226 ], [ -11043273.0259, 2269591.714899998158216 ], [ -11043502.6769, 2269469.901399999856949 ], [ -11043531.0168, 2269442.825800001621246 ], [ -11043530.1027, 2269426.589899998158216 ], [ -11043614.4673, 2269315.225000001490116 ], [ -11043623.6333, 2269312.247400000691414 ], [ -11043626.0378, 2269340.037099998444319 ], [ -11043647.1919, 2269374.38120000064373 ], [ -11043843.7153, 2269301.848400000482798 ], [ -11043859.6886, 2269272.559399999678135 ], [ -11043946.8194, 2269248.579900000244379 ], [ -11043961.5059, 2269224.485800001770258 ], [ -11044009.7339, 2269204.4945 ], [ -11043985.3778, 2269149.636999998241663 ], [ -11043974.7239, 2269150.990699999034405 ], [ -11043886.412, 2269047.387600000947714 ], [ -11043996.3633, 2268994.048799999058247 ], [ -11043967.3892, 2268940.323100000619888 ], [ -11044138.3635, 2268840.351199999451637 ], [ -11044130.9709, 2268805.966600000858307 ], [ -11044181.402, 2268685.080800000578165 ], [ -11044328.5406, 2268724.945099998265505 ], [ -11044267.7947, 2268927.503400001674891 ], [ -11044285.5268, 2268949.056800000369549 ], [ -11044459.3088, 2268718.855399999767542 ], [ -11044437.8643, 2268690.808400001376867 ], [ -11044527.1291, 2268464.9956 ], [ -11044489.8026, 2268458.604899998754263 ], [ -11044539.7339, 2268315.32209999859333 ], [ -11044558.9515, 2268319.439500000327826 ], [ -11044564.8175, 2268273.27930000051856 ], [ -11044428.755, 2268190.25279999896884 ], [ -11044358.3965, 2268165.693399999290705 ], [ -11044349.0213, 2268142.227099999785423 ], [ -11044607.1869, 2267655.156199999153614 ], [ -11043729.6295, 2267515.22520000115037 ], [ -11043538.5162, 2267562.796999998390675 ], [ -11043488.3558, 2267363.83729999884963 ], [ -11043500.9214, 2267360.8849 ], [ -11043482.0106, 2267339.215999998152256 ], [ -11043339.3502, 2267384.695799998939037 ], [ -11043347.8105, 2267402.981100000441074 ], [ -11042837.4639, 2267352.344900000840425 ], [ -11042688.2112, 2267325.656199999153614 ], [ -11042721.5481, 2267103.665100000798702 ], [ -11042748.8103, 2267063.340999998152256 ], [ -11042748.3616, 2267037.60359999909997 ], [ -11042863.5518, 2267030.741700001060963 ], [ -11042859.1524, 2266835.345400001853704 ], [ -11042768.4169, 2266825.230599999427795 ], [ -11042747.2885, 2266835.423599999397993 ], [ -11042748.1824, 2266787.595499999821186 ], [ -11042722.589, 2266719.55970000103116 ], [ -11042718.3009, 2266618.852600000798702 ], [ -11042676.5719, 2266639.5456000007689 ], [ -11042665.3092, 2266634.6537000015378 ], [ -11042659.9506, 2266611.702100001275539 ], [ -11042791.0216, 2266273.601500000804663 ], [ -11042827.0544, 2266016.9358000010252 ], [ -11042006.7067, 2266141.225499998778105 ], [ -11042149.0097, 2266228.951099999248981 ], [ -11042125.8943, 2266362.759700000286102 ], [ -11041669.6901, 2266595.505300000309944 ], [ -11041493.1253, 2266716.853799998760223 ], [ -11041418.579, 2266789.798000000417233 ], [ -11041360.7698, 2266886.875500001013279 ], [ -11041254.6994, 2266969.43129999935627 ], [ -11041259.0962, 2266987.2051 ], [ -11041040.0751, 2267101.269200000911951 ], [ -11040909.535, 2267237.47410000115633 ], [ -11040686.2309, 2267513.869199998676777 ], [ -11040646.6208, 2267743.9967 ], [ -11040688.35, 2267826.927499998360872 ], [ -11040703.4538, 2267834.016699999570847 ], [ -11040686.4286, 2267981.286200001835823 ], [ -11040706.3647, 2268119.827799998223782 ], [ -11040681.5807, 2268123.986000001430511 ], [ -11040593.3979, 2268098.450800001621246 ], [ -11040506.6242, 2268116.00959999859333 ], [ -11040393.1773, 2268163.852800000458956 ], [ -11040316.2024, 2268254.754999998956919 ], [ -11040309.9272, 2268327.356100000441074 ], [ -11040162.283, 2268456.27419999986887 ], [ -11040097.0554, 2268467.870000001043081 ], [ -11040112.8214, 2268589.016399998217821 ], [ -11040125.3738, 2268606.984200000762939 ], [ -11040062.5706, 2268782.746899999678135 ], [ -11040027.7345, 2268812.193999998271465 ], [ -11039989.5564, 2268818.687899999320507 ], [ -11039981.508, 2267887.291799999773502 ], [ -11039843.2948, 2267901.840900000184774 ], [ -11039836.6735, 2267802.758099999278784 ], [ -11039696.019, 2267793.633099999278784 ], [ -11039603.9168, 2267474.807799998670816 ], [ -11039461.1094, 2267478.907800000160933 ], [ -11039440.228, 2266686.962400000542402 ], [ -11039448.8586, 2266382.302700001746416 ], [ -11039034.3093, 2265387.728999998420477 ], [ -11038960.5023, 2265292.770899999886751 ], [ -11038844.3014, 2265096.473600000143051 ], [ -11038812.7268, 2265083.77140000090003 ], [ -11038840.2706, 2265053.137899998575449 ], [ -11038836.361, 2265002.698699999600649 ], [ -11038780.4798, 2265014.2522 ], [ -11038667.4326, 2264845.513399999588728 ], [ -11038659.4398, 2264854.674899999052286 ], [ -11038631.4519, 2264843.017299998551607 ], [ -11038572.5706, 2264846.477299999445677 ], [ -11038586.296, 2264949.3893 ], [ -11038522.8931, 2264955.475900001823902 ], [ -11038460.4193, 2264977.78830000013113 ], [ -11038424.9498, 2265008.266399998217821 ], [ -11038416.6943, 2264900.427000001072884 ], [ -11038330.0688, 2264905.15989999845624 ], [ -11038349.67, 2264897.804099999368191 ], [ -11037972.0108, 2264831.469799999147654 ], [ -11037917.1849, 2264956.124600000679493 ], [ -11037862.4179, 2264940.443199999630451 ], [ -11037601.4227, 2264724.300299998372793 ], [ -11037515.8135, 2264698.948600001633167 ], [ -11037420.3114, 2264730.537200000137091 ], [ -11037326.0973, 2264783.343600001186132 ], [ -11037291.0984, 2264788.436599999666214 ], [ -11037237.9389, 2264770.261700000613928 ], [ -11037235.3775, 2264735.82880000025034 ], [ -11037251.5923, 2264715.301100000739098 ], [ -11037169.1234, 2264680.929999999701977 ], [ -11037165.8785, 2264692.212200000882149 ], [ -11036983.6941, 2264738.6316 ], [ -11036888.9484, 2264737.5801 ], [ -11036881.4125, 2264805.963899999856949 ], [ -11036861.8271, 2264840.6385000012815 ], [ -11036827.3705, 2264971.837000001221895 ], [ -11036823.7504, 2265056.875999998301268 ], [ -11036847.1485, 2265160.820700000971556 ], [ -11036793.7184, 2265200.807900000363588 ], [ -11036789.2856, 2265241.3246 ], [ -11036826.8038, 2265414.795200001448393 ], [ -11036886.028, 2265468.750100001692772 ], [ -11036871.5987, 2265534.836899999529123 ], [ -11036724.8329, 2265528.426399998366833 ], [ -11036659.9347, 2265651.510299999266863 ], [ -11036669.595, 2265699.985599998384714 ], [ -11036637.8311, 2265743.472100000828505 ], [ -11036568.1073, 2265799.646999999880791 ], [ -11036528.6956, 2265806.921500001102686 ], [ -11036477.7981, 2265859.766699999570847 ], [ -11036413.8174, 2265995.34180000051856 ], [ -11036395.1313, 2266006.855700001120567 ], [ -11036327.1763, 2265995.498100001364946 ], [ -11036301.3744, 2266040.646899998188019 ], [ -11036303.1636, 2266108.363699998706579 ], [ -11036228.4224, 2266145.634100001305342 ], [ -11036219.6604, 2266201.652699999511242 ], [ -11036233.2024, 2266265.688799999654293 ], [ -11036275.1334, 2266313.542599998414516 ], [ -11036288.6852, 2266400.95890000090003 ], [ -11036279.8196, 2266548.617199998348951 ], [ -11036420.4619, 2267267.1114999987185 ], [ -11036509.6732, 2267827.628800000995398 ], [ -11036544.7782, 2268127.040300000458956 ], [ -11035953.7919, 2268576.586500000208616 ], [ -11034637.9854, 2269668.67850000038743 ], [ -11034266.5466, 2269500.518300000578165 ], [ -11034113.2608, 2269450.13230000063777 ], [ -11033914.4654, 2269365.704199999570847 ], [ -11033906.0442, 2269396.837499998509884 ], [ -11033838.2229, 2269441.398600000888109 ], [ -11033805.074, 2269484.578499998897314 ], [ -11033724.1157, 2269530.089600000530481 ], [ -11033711.7403, 2269560.574099998921156 ], [ -11033664.7959, 2269583.728300001472235 ], [ -11033628.7417, 2269620.323399998247623 ], [ -11033544.7667, 2269670.719399999827147 ], [ -11033470.2951, 2269699.410799998790026 ], [ -11033451.6501, 2269693.415199998766184 ], [ -11033398.5007, 2269724.864100001752377 ], [ -11033358.9979, 2269716.426300000399351 ], [ -11033332.7065, 2269727.486400000751019 ], [ -11033303.3726, 2269724.354800000786781 ], [ -11033294.0441, 2269743.377900000661612 ], [ -11033251.0758, 2269751.188000001013279 ], [ -11033249.5575, 2269761.011700000613928 ], [ -11033241.4479, 2269752.386700000613928 ], [ -11033180.5961, 2269828.537200000137091 ], [ -11033151.4816, 2269841.076900001615286 ], [ -11033148.5284, 2269857.535900000482798 ], [ -11033113.4371, 2269871.476700000464916 ], [ -11033087.4808, 2269902.86430000141263 ], [ -11032965.5748, 2269946.104600001126528 ], [ -11032974.7297, 2270012.27479999884963 ], [ -11032952.6594, 2270050.980099998414516 ], [ -11032905.7395, 2270088.070000000298023 ], [ -11032622.0029, 2270511.430399999022484 ], [ -11032516.2704, 2270646.126299999654293 ], [ -11032256.7791, 2270889.5337999984622 ], [ -11032146.9903, 2270915.386700000613928 ], [ -11032128.4042, 2270906.526599999517202 ], [ -11032052.8262, 2270920.589000001549721 ], [ -11031947.775, 2270881.852200001478195 ], [ -11031921.7431, 2270882.195700000971556 ], [ -11031904.9192, 2270899.281199999153614 ], [ -11031833.7116, 2270903.063099998980761 ], [ -11031796.3071, 2270884.477099999785423 ], [ -11031532.0122, 2271059.690600000321865 ], [ -11031413.2444, 2271242.3739 ], [ -11031380.7636, 2271329.591899998486042 ], [ -11031310.3341, 2271427.731600001454353 ], [ -11031329.4567, 2271585.751299999654293 ], [ -11031356.5796, 2271615.796399999409914 ], [ -11031363.0495, 2271675.889800000935793 ], [ -11031379.4568, 2271697.009100001305342 ], [ -11031375.1665, 2271732.897599998861551 ], [ -11031393.3918, 2271764.270500000566244 ], [ -11031413.4671, 2271884.040300000458956 ], [ -11031418.5468, 2271995.830299999564886 ], [ -11031403.5252, 2272071.389800000935793 ], [ -11031428.6943, 2272295.569600000977516 ], [ -11031406.1322, 2272416.91950000077486 ], [ -11031418.2561, 2272490.492600001394749 ], [ -11031406.7901, 2272556.456300001591444 ], [ -11031370.8095, 2272581.186099998652935 ], [ -11031305.7889, 2272724.627300001680851 ], [ -11031276.2392, 2272742.595600001513958 ], [ -11031252.5604, 2272734.681200001388788 ], [ -11031262.6704, 2272653.692499998956919 ], [ -11031285.6445, 2272581.976199999451637 ], [ -11031302.2945, 2272412.467700000852346 ], [ -11031186.8808, 2272158.210900001227856 ], [ -11031099.142, 2272380.602000001817942 ], [ -11030840.2742, 2272818.014600001275539 ], [ -11030643.8075, 2273196.377999998629093 ], [ -11030531.4963, 2273274.39750000089407 ], [ -11029979.5542, 2273500.572799999266863 ], [ -11030043.9891, 2274319.246599998325109 ], [ -11030942.1539, 2275201.306699998676777 ], [ -11032036.0926, 2275586.097100000828505 ], [ -11033781.4231, 2275966.01630000025034 ], [ -11033782.1109, 2276368.57660000026226 ] ] ] ] } },
{ "type": "Feature", "properties": { "OBJECTID": 675, "ID": "15011", "NAME": "Atenco", "TOTPOP_CY": 77349, "AREA": 87.61, "Shape__Area": 99161737.878383264, "Shape__Length": 52365.572350097515, "metro_only_count": 1.0, "bus_only_count": 337.0, "bus_metro_count": 51.0, "n_cat": "3", "label_range": "0 – 1" }, "geometry": { "type": "MultiPolygon", "coordinates": [ [ [ [ -11013665.7361, 2224919.361299999058247 ], [ -11013711.0822, 2224970.041900001466274 ], [ -11013827.4522, 2224956.533700000494719 ], [ -11014093.006, 2224481.491799999028444 ], [ -11014136.198, 2224374.259500000625849 ], [ -11014205.5098, 2224379.848000001162291 ], [ -11014306.578, 2224390.496599998325109 ], [ -11014941.4741, 2224527.531199999153614 ], [ -11014902.1917, 2224656.014199998229742 ], [ -11014825.1709, 2224745.778000000864267 ], [ -11014888.9516, 2224813.036400001496077 ], [ -11014961.8357, 2224831.120700001716614 ], [ -11014929.0933, 2225000.395399998873472 ], [ -11016775.3739, 2225107.633900001645088 ], [ -11016780.3696, 2225133.915300000458956 ], [ -11016880.6431, 2225114.469099998474121 ], [ -11016902.5174, 2225124.287300001829863 ], [ -11016915.998, 2225105.357700001448393 ], [ -11016977.0078, 2225081.572700001299381 ], [ -11016984.9663, 2225052.191799998283386 ], [ -11017156.0798, 2225105.582600001245737 ], [ -11017586.4899, 2225294.331199999898672 ], [ -11017572.1899, 2224835.699799999594688 ], [ -11017610.6485, 2224816.974599998444319 ], [ -11018019.9302, 2224909.924499999731779 ], [ -11018059.9806, 2224148.566799998283386 ], [ -11018430.4752, 2223734.579 ], [ -11020321.2498, 2224101.232700001448393 ], [ -11020476.9901, 2223854.829799998551607 ], [ -11020265.1696, 2223798.770799998193979 ], [ -11020021.9479, 2223699.22069999948144 ], [ -11019858.8856, 2223595.348900001496077 ], [ -11019615.9376, 2223405.008699998259544 ], [ -11019482.1354, 2223254.716499999165535 ], [ -11019328.248, 2223031.013599999248981 ], [ -11019210.4207, 2222796.6404 ], [ -11019131.1336, 2222548.1228 ], [ -11019098.6883, 2222288.936799999326468 ], [ -11019087.0922, 2222098.353100001811981 ], [ -11019019.7305, 2222097.815400000661612 ], [ -11019645.7558, 2220854.848200000822544 ], [ -11019755.6615, 2220732.012800000607967 ], [ -11020017.0764, 2220557.848900001496077 ], [ -11020298.7003, 2220443.454900000244379 ], [ -11020641.366, 2220374.551300000399351 ], [ -11020855.4612, 2220350.645899999886751 ], [ -11021157.5079, 2220360.918600000441074 ], [ -11021513.5744, 2220467.614599999040365 ], [ -11021752.4737, 2220566.747999999672174 ], [ -11021963.235, 2220688.205899998545647 ], [ -11022068.1958, 2220697.830299999564886 ], [ -11022121.0079, 2220723.260099999606609 ], [ -11022249.227, 2212753.990200001746416 ], [ -11015462.7144, 2215382.614199999719858 ], [ -11013014.8932, 2216022.870900001376867 ], [ -11012237.7308, 2216216.615800000727177 ], [ -11012126.8755, 2216267.091499999165535 ], [ -11011542.1487, 2216465.682399999350309 ], [ -11011219.93, 2216563.34010000154376 ], [ -11011205.9226, 2216577.373799998313189 ], [ -11011186.8849, 2216648.9496 ], [ -11011149.1141, 2218095.129099998623133 ], [ -11011117.3446, 2218589.379099998623133 ], [ -11011092.9389, 2218640.627599999308586 ], [ -11011102.5358, 2218688.28999999910593 ], [ -11011079.5305, 2218698.638700000941753 ], [ -11011078.2269, 2218738.0504 ], [ -11010955.4629, 2218950.606100000441074 ], [ -11010943.3522, 2218948.126499999314547 ], [ -11010645.5059, 2218297.872099999338388 ], [ -11008960.0608, 2218273.479200001806021 ], [ -11008692.8608, 2218254.236099999397993 ], [ -11008971.0148, 2218652.269799999892712 ], [ -11009315.9437, 2218678.911200001835823 ], [ -11009526.8217, 2218756.161200001835823 ], [ -11009507.215, 2219061.467399999499321 ], [ -11009452.3603, 2219466.86879999935627 ], [ -11009607.6398, 2219491.151000000536442 ], [ -11009557.8598, 2219896.223900001496077 ], [ -11009538.9222, 2219925.293299999088049 ], [ -11009763.9076, 2219957.669300001114607 ], [ -11009786.1028, 2219879.383000001311302 ], [ -11009965.0888, 2219741.225699998438358 ], [ -11010014.8585, 2219611.214000001549721 ], [ -11010075.4897, 2219517.14979999884963 ], [ -11010155.0389, 2219534.636300001293421 ], [ -11010659.1144, 2220333.611099999397993 ], [ -11010750.4857, 2221791.623100001364946 ], [ -11010730.3981, 2222054.103399999439716 ], [ -11010755.9847, 2222063.849199999123812 ], [ -11010716.8428, 2222245.4463 ], [ -11010708.7666, 2222980.890999998897314 ], [ -11010852.0124, 2223019.991500001400709 ], [ -11011397.9645, 2223218.747400000691414 ], [ -11011427.6989, 2223186.557399999350309 ], [ -11011845.0535, 2223313.028599999845028 ], [ -11012368.4934, 2223410.888999998569489 ], [ -11012304.5449, 2223797.069499999284744 ], [ -11012499.2939, 2223973.841099999845028 ], [ -11012717.8061, 2223938.87779999896884 ], [ -11012646.7509, 2224224.613899998366833 ], [ -11012947.6105, 2223928.807500001043081 ], [ -11013601.1453, 2224945.368500001728535 ], [ -11013630.2252, 2224886.087000001221895 ], [ -11013665.7361, 2224919.361299999058247 ] ] ] ] } },
{ "type": "Feature", "properties": { "OBJECTID": 677, "ID": "15013", "NAME": "Atizapán de Zaragoza", "TOTPOP_CY": 536569, "AREA": 93.56, "Shape__Area": 105926224.02282561, "Shape__Length": 66717.837551506978, "metro_only_count": 4.0, "bus_only_count": 2528.0, "bus_metro_count": 248.0, "n_cat": "4", "label_range": "2 – 12" }, "geometry": { "type": "MultiPolygon", "coordinates": [ [ [ [ -11056056.3674, 2215765.164500001817942 ], [ -11056016.3124, 2215838.190099999308586 ], [ -11056077.1875, 2215887.996199999004602 ], [ -11056041.7456, 2215913.399599999189377 ], [ -11056052.4178, 2215941.920899998396635 ], [ -11055989.4745, 2215968.04839999973774 ], [ -11055966.6249, 2215941.343299999833107 ], [ -11055916.2228, 2215926.356899999082088 ], [ -11055887.1016, 2215939.164299998432398 ], [ -11055886.2468, 2215959.157200001180172 ], [ -11055918.9202, 2215997.2324 ], [ -11055876.3259, 2216039.567499998956919 ], [ -11055827.715, 2215989.632100000977516 ], [ -11055773.4511, 2215986.221200000494719 ], [ -11055743.4605, 2216011.145199999213219 ], [ -11055718.1355, 2216000.390500001609325 ], [ -11055684.0293, 2216002.664000000804663 ], [ -11055629.347, 2215875.069499999284744 ], [ -11055606.1503, 2215867.267499998211861 ], [ -11055545.2875, 2215887.284000001847744 ], [ -11055529.9431, 2215908.446199998259544 ], [ -11055548.3843, 2215944.99040000140667 ], [ -11055409.0458, 2215998.173700001090765 ], [ -11055354.9889, 2215980.129299998283386 ], [ -11055315.5786, 2215942.353100001811981 ], [ -11055276.9807, 2215953.191799998283386 ], [ -11055143.5609, 2215882.223299998790026 ], [ -11055110.6572, 2215892.3059 ], [ -11055099.9493, 2215908.398899998515844 ], [ -11055090.2835, 2215967.589999999850988 ], [ -11055113.5236, 2216017.478000000119209 ], [ -11055051.5654, 2216030.589099999517202 ], [ -11054936.8562, 2216009.653499998152256 ], [ -11054906.9836, 2215994.113200001418591 ], [ -11054895.1715, 2216087.528200000524521 ], [ -11054915.2691, 2216189.410799998790026 ], [ -11054901.0236, 2216209.620200000703335 ], [ -11054805.3456, 2216193.228100001811981 ], [ -11054748.2721, 2216197.578000001609325 ], [ -11054746.4899, 2216305.201400000602007 ], [ -11054735.368, 2216309.566500000655651 ], [ -11054690.6566, 2216279.41950000077486 ], [ -11054626.5064, 2216266.02250000089407 ], [ -11054595.8245, 2216327.19310000166297 ], [ -11054536.1183, 2216246.788800001144409 ], [ -11054518.747, 2216251.762200001627207 ], [ -11054485.449, 2216321.958399999886751 ], [ -11054502.1213, 2216359.520399998873472 ], [ -11054500.8422, 2216392.321600001305342 ], [ -11054478.2633, 2216410.741700001060963 ], [ -11054484.8306, 2216386.694200001657009 ], [ -11054474.9681, 2216370.7007 ], [ -11054430.5852, 2216358.602800000458956 ], [ -11054404.2613, 2216297.799499999731779 ], [ -11054346.8573, 2216283.395100001245737 ], [ -11054336.4691, 2216349.333799999207258 ], [ -11054387.6047, 2216369.991599999368191 ], [ -11054402.6596, 2216393.884199999272823 ], [ -11054399.2075, 2216512.8695 ], [ -11054384.5847, 2216560.1699 ], [ -11054345.1843, 2216569.4298 ], [ -11054329.1346, 2216607.50959999859333 ], [ -11054306.5943, 2216628.951299998909235 ], [ -11054310.7509, 2216675.820999998599291 ], [ -11054294.9158, 2216679.371399998664856 ], [ -11054257.4855, 2216662.488699998706579 ], [ -11054214.7045, 2216728.539599999785423 ], [ -11054223.6575, 2216752.292700000107288 ], [ -11054196.3089, 2216779.015299998223782 ], [ -11054119.0043, 2216810.201400000602007 ], [ -11054045.0112, 2216945.901000000536442 ], [ -11053975.5167, 2217008.775699999183416 ], [ -11053941.4063, 2217107.59010000154376 ], [ -11053961.4816, 2217150.870400000363588 ], [ -11053952.4257, 2217196.400600001215935 ], [ -11053885.2789, 2217268.342599999159575 ], [ -11053881.1266, 2217302.869600001722574 ], [ -11053905.2329, 2217306.955299999564886 ], [ -11053910.3963, 2217386.153799999505281 ], [ -11053842.5824, 2217514.506700001657009 ], [ -11053836.374, 2217612.828499998897314 ], [ -11053808.7669, 2217632.112399999052286 ], [ -11053742.7699, 2217580.932799998670816 ], [ -11053630.0978, 2217587.540100000798702 ], [ -11053593.8667, 2217536.30970000103116 ], [ -11053553.4388, 2217517.145500000566244 ], [ -11053513.1284, 2217584.398200001567602 ], [ -11053559.8552, 2217791.013700000941753 ], [ -11053513.4721, 2217889.943199999630451 ], [ -11053470.0628, 2217938.006499998271465 ], [ -11053394.557, 2217971.079599998891354 ], [ -11053333.2644, 2217916.155699998140335 ], [ -11053285.9759, 2217969.018300000578165 ], [ -11053204.1962, 2217962.08839999884367 ], [ -11053185.2889, 2217927.74379999935627 ], [ -11053202.3861, 2217868.873199999332428 ], [ -11053158.5117, 2217831.996800001710653 ], [ -11053130.9268, 2217864.102299999445677 ], [ -11053151.5644, 2218014.848400000482798 ], [ -11053107.3003, 2218001.463199999183416 ], [ -11053083.2531, 2217954.414200000464916 ], [ -11053056.9217, 2218029.176199998706579 ], [ -11053035.0229, 2218057.431400001049042 ], [ -11052859.5233, 2218163.13740000128746 ], [ -11052806.446, 2218133.25450000166893 ], [ -11052826.0929, 2218104.515900000929832 ], [ -11052676.0264, 2218097.922499999403954 ], [ -11052712.861, 2218123.348999999463558 ], [ -11052690.9722, 2218142.007100000977516 ], [ -11052604.4447, 2218162.031800001859665 ], [ -11052555.1034, 2218120.844700001180172 ], [ -11052488.9374, 2218172.080200001597404 ], [ -11052489.9994, 2218231.15430000051856 ], [ -11052416.7044, 2218199.137899998575449 ], [ -11052429.584, 2218092.209100000560284 ], [ -11052418.1916, 2218086.592500001192093 ], [ -11052298.905, 2218081.348000001162291 ], [ -11052286.1044, 2218093.852099999785423 ], [ -11052223.0563, 2218094.837200000882149 ], [ -11052228.7559, 2218078.263900000602007 ], [ -11052115.1388, 2218073.272199999541044 ], [ -11051939.0391, 2218029.221000000834465 ], [ -11051943.0778, 2218022.852000001817942 ], [ -11051614.0163, 2217903.399000000208616 ], [ -11051548.202, 2217919.265700001269579 ], [ -11051592.4726, 2217869.950300000607967 ], [ -11051612.0582, 2217821.035500001162291 ], [ -11051659.448, 2217819.521200001239777 ], [ -11051700.5004, 2217842.1891999989748 ], [ -11051733.796, 2217809.581599999219179 ], [ -11051733.8105, 2217738.874400001019239 ], [ -11051720.401, 2217695.328200001269579 ], [ -11051708.915, 2217665.013599999248981 ], [ -11051674.8869, 2217631.535900000482798 ], [ -11051654.6301, 2217634.388399999588728 ], [ -11051663.4711, 2217704.264899998903275 ], [ -11051649.8166, 2217741.267400000244379 ], [ -11051627.6963, 2217747.259500000625849 ], [ -11051570.0072, 2217714.797400001436472 ], [ -11051550.7901, 2217716.799499999731779 ], [ -11051539.0838, 2217755.473299998790026 ], [ -11051548.783, 2217807.971700001507998 ], [ -11051521.3962, 2217846.376400001347065 ], [ -11051485.509, 2217869.376299999654293 ], [ -11051462.683, 2217864.28660000115633 ], [ -11051446.6329, 2217845.276700001209974 ], [ -11051455.593, 2217761.70160000026226 ], [ -11051421.2944, 2217709.1891999989748 ], [ -11051358.2631, 2217721.96000000089407 ], [ -11051308.6046, 2217789.884399998933077 ], [ -11051261.9238, 2217721.240699999034405 ], [ -11051235.6291, 2217730.404199998825788 ], [ -11051195.9893, 2217715.26630000025034 ], [ -11051162.1359, 2217725.658300001174212 ], [ -11051147.0444, 2217744.838100001215935 ], [ -11051147.3761, 2217764.2989999987185 ], [ -11051119.0152, 2217768.32209999859333 ], [ -11051074.3884, 2217731.097500000149012 ], [ -11051062.8879, 2217673.394000001251698 ], [ -11051002.791, 2217607.670499999076128 ], [ -11051000.3453, 2217568.289500001817942 ], [ -11050943.3876, 2217550.158700000494719 ], [ -11050890.0945, 2217558.618099998682737 ], [ -11050846.2558, 2217583.975299999117851 ], [ -11050819.4734, 2217577.963199999183416 ], [ -11050809.8799, 2217557.974399998784065 ], [ -11050813.1059, 2217520.602600000798702 ], [ -11050832.8651, 2217495.6283 ], [ -11050895.656, 2217490.82209999859333 ], [ -11050997.1538, 2217502.9857 ], [ -11051034.7731, 2217477.016800001263618 ], [ -11051071.7, 2217404.74100000038743 ], [ -11051154.6263, 2217396.644200000911951 ], [ -11051218.0918, 2217343.934399999678135 ], [ -11051244.4244, 2217335.977000001817942 ], [ -11051256.1631, 2217315.83729999884963 ], [ -11051259.2633, 2217268.9496 ], [ -11051277.4974, 2217251.010400000959635 ], [ -11051285.233, 2217220.910300001502037 ], [ -11051326.9845, 2217236.421 ], [ -11051362.973, 2217233.761100001633167 ], [ -11051410.7758, 2217212.822999998927116 ], [ -11051492.1003, 2217149.467000000178814 ], [ -11051664.0577, 2217154.126499999314547 ], [ -11051693.2947, 2217112.857799999415874 ], [ -11051697.3133, 2217079.442499998956919 ], [ -11051660.4788, 2217127.08219999819994 ], [ -11051603.2673, 2217129.120799999684095 ], [ -11051514.2551, 2217110.55689999833703 ], [ -11051470.0813, 2217118.154100000858307 ], [ -11051328.7434, 2217215.336500000208616 ], [ -11051301.372, 2217188.763900000602007 ], [ -11051288.8686, 2217200.518100000917912 ], [ -11051269.7818, 2217191.676100000739098 ], [ -11051230.6542, 2217198.537300001829863 ], [ -11051220.1913, 2217209.083599999547005 ], [ -11051205.6595, 2217292.597199998795986 ], [ -11051152.2162, 2217331.969399999827147 ], [ -11051097.3379, 2217308.136399999260902 ], [ -11051062.8611, 2217315.679099999368191 ], [ -11051030.9259, 2217274.01799999922514 ], [ -11051020.976, 2217322.202599998563528 ], [ -11051000.0292, 2217325.4956 ], [ -11050996.9099, 2217363.501299999654293 ], [ -11050978.9831, 2217380.702300000935793 ], [ -11050868.3504, 2217349.480000000447035 ], [ -11050843.7087, 2217327.396000001579523 ], [ -11050807.8416, 2217333.9527000002563 ], [ -11050731.5421, 2217311.8935999982059 ], [ -11050701.9299, 2217323.186799999326468 ], [ -11050696.6323, 2217255.173099998384714 ], [ -11050969.1193, 2216780.222800001502037 ], [ -11050885.4606, 2216733.659000001847744 ], [ -11050748.5706, 2216720.899900000542402 ], [ -11050731.0001, 2216730.202300000935793 ], [ -11050680.0814, 2216810.673500001430511 ], [ -11050599.3988, 2216872.727400001138449 ], [ -11050554.1804, 2216860.681200001388788 ], [ -11050461.9119, 2216893.367199998348951 ], [ -11050407.244, 2216989.164299998432398 ], [ -11050383.8435, 2216997.877399999648333 ], [ -11050373.326, 2216970.325399998575449 ], [ -11050421.5953, 2216731.656399998813868 ], [ -11050487.9762, 2216535.024399999529123 ], [ -11050511.1785, 2216422.328200001269579 ], [ -11050503.876, 2216392.352200001478195 ], [ -11050483.7071, 2216381.037399999797344 ], [ -11050449.8626, 2216388.3838 ], [ -11050431.3524, 2216409.487399999052286 ], [ -11050358.4794, 2216534.102000001817942 ], [ -11050327.6093, 2216665.885400000959635 ], [ -11050305.8263, 2216690.078000001609325 ], [ -11050260.6607, 2216705.101599998772144 ], [ -11050245.824, 2216726.980399999767542 ], [ -11050177.5028, 2216982.087000001221895 ], [ -11050151.4318, 2217027.066599998623133 ], [ -11050042.6181, 2217134.25279999896884 ], [ -11050011.0234, 2217141.970300000160933 ], [ -11049918.9265, 2217136.423700001090765 ], [ -11049852.6269, 2216960.982700001448393 ], [ -11049883.5023, 2216853.52930000051856 ], [ -11049904.2664, 2216732.625999998301268 ], [ -11049900.689, 2216701.890299998223782 ], [ -11049811.2193, 2216618.912000000476837 ], [ -11049802.5758, 2216589.19539999961853 ], [ -11049813.901, 2216556.835700001567602 ], [ -11049946.1073, 2216496.9814000017941 ], [ -11049955.9883, 2216480.4814000017941 ], [ -11049948.306, 2216452.499200001358986 ], [ -11049719.8616, 2216413.989700000733137 ], [ -11049514.8023, 2216505.417899999767542 ], [ -11049449.9719, 2216503.785599999129772 ], [ -11049403.0075, 2216485.073600001633167 ], [ -11049365.3535, 2216449.040899999439716 ], [ -11049307.4464, 2216293.294799998402596 ], [ -11049223.0306, 2216204.835700001567602 ], [ -11049176.7365, 2216190.910199999809265 ], [ -11049077.487, 2216186.336500000208616 ], [ -11048940.7386, 2216217.533900000154972 ], [ -11048823.9413, 2216213.13740000128746 ], [ -11048387.7815, 2216018.239799998700619 ], [ -11048313.4423, 2216017.168699998408556 ], [ -11048188.5313, 2216072.2445 ], [ -11048225.0189, 2216423.261300001293421 ], [ -11048400.1213, 2216446.481300000101328 ], [ -11048358.5578, 2216479.8260000012815 ], [ -11048201.1454, 2216455.998799998313189 ], [ -11048183.0036, 2216553.789799999445677 ], [ -11048176.742, 2216692.450899999588728 ], [ -11048160.6095, 2216711.972100000828505 ], [ -11048097.0739, 2216729.935600001364946 ], [ -11048026.0331, 2216776.076900001615286 ], [ -11047997.7012, 2216849.365899998694658 ], [ -11047971.6347, 2216872.728399999439716 ], [ -11047936.2062, 2216889.841699998825788 ], [ -11047843.2153, 2216902.890500001609325 ], [ -11047700.0006, 2216831.572599999606609 ], [ -11047544.2424, 2216785.035599999129772 ], [ -11047542.5192, 2216835.726399999111891 ], [ -11047574.892, 2216964.203600000590086 ], [ -11047582.5976, 2217071.518300000578165 ], [ -11047572.4297, 2217101.806000001728535 ], [ -11047539.5704, 2217129.443199999630451 ], [ -11047492.1962, 2217149.006299998611212 ], [ -11047249.1712, 2217107.446899998933077 ], [ -11047149.3486, 2217006.184300001710653 ], [ -11047059.9214, 2216945.937600001692772 ], [ -11047021.9549, 2216931.984099999070168 ], [ -11046915.2817, 2217176.117800001055002 ], [ -11046738.1058, 2217473.9857 ], [ -11046833.6588, 2217611.304900001734495 ], [ -11046911.3063, 2217983.310899998992682 ], [ -11046935.8338, 2218138.51240000128746 ], [ -11046920.8052, 2218241.873799998313189 ], [ -11046901.3646, 2218293.136700000613928 ], [ -11046912.434, 2218383.911200001835823 ], [ -11046596.3158, 2218740.579500000923872 ], [ -11046591.3197, 2218757.166499998420477 ], [ -11046501.8721, 2218768.664599999785423 ], [ -11046555.557, 2218828.291200000792742 ], [ -11046361.7324, 2219204.380300000309944 ], [ -11045701.0343, 2219201.845199998468161 ], [ -11045650.0376, 2219277.276299998164177 ], [ -11045727.0887, 2219407.3277000002563 ], [ -11045744.6872, 2219396.736299999058247 ], [ -11045842.7475, 2219661.113899998366833 ], [ -11045849.478, 2219675.6371 ], [ -11045870.0107, 2219671.085400000214577 ], [ -11045927.6047, 2219897.459100000560284 ], [ -11045946.0998, 2220053.046 ], [ -11045974.4074, 2220091.458599999547005 ], [ -11045988.2219, 2220296.323600001633167 ], [ -11045967.1789, 2220316.517200000584126 ], [ -11045973.4775, 2220433.100999999791384 ], [ -11045997.2736, 2220426.734299998730421 ], [ -11045998.3025, 2220465.057500001043081 ], [ -11046057.4126, 2220508.2820999994874 ], [ -11045929.7638, 2220629.933400001376867 ], [ -11045812.424, 2220716.473600000143051 ], [ -11045654.9758, 2220788.478199999779463 ], [ -11045587.4018, 2220801.537000000476837 ], [ -11045338.5881, 2220684.883900001645088 ], [ -11045121.0099, 2220631.588599998503923 ], [ -11045051.463, 2220751.612300001084805 ], [ -11045086.8268, 2220788.985300000756979 ], [ -11045189.4201, 2220851.843899998813868 ], [ -11045297.2508, 2220882.046599999070168 ], [ -11045317.5443, 2220878.613600000739098 ], [ -11045322.5294, 2220890.871399998664856 ], [ -11045200.9907, 2220972.045800000429153 ], [ -11045131.3679, 2220917.631700001657009 ], [ -11044936.8759, 2220820.894600000232458 ], [ -11044799.1897, 2220699.178100001066923 ], [ -11044709.584, 2220783.699499998241663 ], [ -11044503.3603, 2221041.306800000369549 ], [ -11044718.4119, 2221369.0077 ], [ -11044797.3616, 2221579.504999998956919 ], [ -11044810.8179, 2221604.817699998617172 ], [ -11044860.2346, 2221636.726500000804663 ], [ -11044859.2931, 2221658.427999999374151 ], [ -11044900.5514, 2221757.908599998801947 ], [ -11044286.9515, 2221720.361299999058247 ], [ -11044544.7686, 2222570.210200000554323 ], [ -11044312.6078, 2222610.1217 ], [ -11044256.7304, 2222639.791799999773502 ], [ -11044293.1768, 2222778.080299999564886 ], [ -11044338.9124, 2222881.756799999624491 ], [ -11044360.5924, 2222985.936599999666214 ], [ -11044351.2513, 2223074.137499999254942 ], [ -11044440.4146, 2223159.0482 ], [ -11044487.643, 2223226.836100000888109 ], [ -11044510.0149, 2223308.645199999213219 ], [ -11044589.0708, 2223427.568300001323223 ], [ -11044608.6697, 2223510.607299998402596 ], [ -11044683.7422, 2223600.163600001484156 ], [ -11044818.4457, 2223947.970100000500679 ], [ -11044840.4903, 2224070.698300000280142 ], [ -11044818.057, 2224091.831700000911951 ], [ -11044807.603, 2224151.778799999505281 ], [ -11044787.0635, 2224193.920200001448393 ], [ -11044349.2285, 2224955.791600000113249 ], [ -11044182.5972, 2225213.726100001484156 ], [ -11044290.6253, 2225347.031300000846386 ], [ -11044311.6678, 2225391.355700001120567 ], [ -11044333.0235, 2225405.760200001299381 ], [ -11044326.5922, 2225473.404800001531839 ], [ -11044346.679, 2225500.718600001186132 ], [ -11044337.2604, 2225539.564599998295307 ], [ -11044384.5276, 2225597.743200000375509 ], [ -11044438.933, 2225699.52309999987483 ], [ -11044476.265, 2225725.863499999046326 ], [ -11044578.2245, 2225755.856199998408556 ], [ -11044635.9128, 2225799.2489 ], [ -11044663.1735, 2225841.2544 ], [ -11044674.7077, 2225860.229899998754263 ], [ -11044677.7152, 2225906.862399999052286 ], [ -11044747.2042, 2226016.849500000476837 ], [ -11044752.4866, 2226035.8766999989748 ], [ -11044733.2827, 2226096.606100000441074 ], [ -11044790.5012, 2226202.596700001507998 ], [ -11044946.1155, 2226232.342500001192093 ], [ -11045100.3123, 2226242.740200001746416 ], [ -11045146.9327, 2226270.353799998760223 ], [ -11045244.8747, 2226287.975600000470877 ], [ -11045842.6037, 2226587.489 ], [ -11045904.8761, 2226599.767000000923872 ], [ -11046523.975, 2226832.730200000107288 ], [ -11046988.7749, 2226941.062399998307228 ], [ -11047115.4785, 2226952.558499999344349 ], [ -11047352.38, 2227055.0537 ], [ -11047426.9972, 2227108.815999999642372 ], [ -11047508.8353, 2227148.522799998521805 ], [ -11047578.8347, 2227086.556699998676777 ], [ -11047584.8941, 2227018.354299999773502 ], [ -11047617.0156, 2227015.893699999898672 ], [ -11048150.5373, 2226506.942200001329184 ], [ -11048527.9917, 2226455.564800001680851 ], [ -11048802.1626, 2226674.5548 ], [ -11048909.5961, 2226672.9463 ], [ -11049365.1209, 2226720.26630000025034 ], [ -11049533.0643, 2226710.978999998420477 ], [ -11049919.6701, 2226662.339400000870228 ], [ -11050254.155, 2226603.68299999833107 ], [ -11050612.163, 2225614.9254 ], [ -11050891.3224, 2225405.019200000911951 ], [ -11050912.7835, 2225395.732799999415874 ], [ -11050941.4562, 2225426.997699998319149 ], [ -11051049.5062, 2225349.226700000464916 ], [ -11051127.7861, 2225264.525800000876188 ], [ -11051334.5504, 2225121.875500001013279 ], [ -11051631.961, 2224879.600999999791384 ], [ -11051685.7194, 2224827.038199998438358 ], [ -11051724.2499, 2224763.443399999290705 ], [ -11051737.4111, 2224723.173900000751019 ], [ -11051732.2564, 2224643.720499999821186 ], [ -11051810.3356, 2224558.346200000494719 ], [ -11051885.0758, 2224638.982700001448393 ], [ -11052047.4497, 2224493.197799999266863 ], [ -11051980.3816, 2224422.317099999636412 ], [ -11052082.4931, 2224335.887699998915195 ], [ -11052117.5721, 2224382.9358000010252 ], [ -11052957.055, 2223608.1739999987185 ], [ -11054107.7997, 2224384.582899998873472 ], [ -11054462.7153, 2224461.1897 ], [ -11054489.2026, 2224434.289700001478195 ], [ -11054530.3567, 2224440.124400001019239 ], [ -11054550.0455, 2224463.75959999859333 ], [ -11054554.7652, 2224588.252399999648333 ], [ -11054595.1086, 2224637.564899999648333 ], [ -11054641.4456, 2224635.407000001519918 ], [ -11054615.253, 2224547.193500000983477 ], [ -11054615.0749, 2224448.874099999666214 ], [ -11054710.0729, 2224516.862700000405312 ], [ -11054714.9175, 2224574.335099998861551 ], [ -11054816.2745, 2224684.83219999819994 ], [ -11054890.9981, 2224737.239700000733137 ], [ -11055010.5141, 2224797.072700001299381 ], [ -11055064.1478, 2224803.985100001096725 ], [ -11055093.19, 2224832.211399998515844 ], [ -11055126.1973, 2224829.31870000064373 ], [ -11055212.8194, 2224851.190499998629093 ], [ -11055222.7558, 2224866.563099998980761 ], [ -11055257.6701, 2224877.048799999058247 ], [ -11055338.6305, 2224872.486600000411272 ], [ -11055365.9416, 2224887.578099999576807 ], [ -11055425.4475, 2224893.411699999123812 ], [ -11055452.9022, 2224889.3849 ], [ -11055542.304, 2224840.21680000051856 ], [ -11055578.4383, 2224852.142700001597404 ], [ -11055743.1243, 2224860.687100000679493 ], [ -11055764.068, 2224855.096900001168251 ], [ -11055866.4698, 2224763.616799999028444 ], [ -11055874.1607, 2224912.557500001043081 ], [ -11055912.7887, 2225000.74720000103116 ], [ -11055890.1162, 2225104.470300000160933 ], [ -11055950.5983, 2225123.341600000858307 ], [ -11056052.7169, 2225097.170299999415874 ], [ -11056216.3123, 2225148.790800001472235 ], [ -11056247.3917, 2225181.963899999856949 ], [ -11056274.0806, 2225189.078499998897314 ], [ -11056300.8194, 2225151.994600001722574 ], [ -11056419.3168, 2225108.206500001251698 ], [ -11056431.6065, 2225089.597100000828505 ], [ -11056437.6724, 2225037.956599999219179 ], [ -11056512.6047, 2225013.031599998474121 ], [ -11056536.0776, 2224932.446400001645088 ], [ -11056555.5629, 2224916.921100001782179 ], [ -11056661.2331, 2224852.700399998575449 ], [ -11056795.3073, 2224808.535399999469519 ], [ -11056844.2992, 2224759.096000000834465 ], [ -11056891.3303, 2224634.724899999797344 ], [ -11056940.3622, 2224607.216600000858307 ], [ -11057020.6781, 2224589.534099999815226 ], [ -11057043.8211, 2224570.710900001227856 ], [ -11057128.7593, 2224465.443300001323223 ], [ -11057126.1098, 2224428.438400000333786 ], [ -11057175.9231, 2224433.445599999278784 ], [ -11057216.7971, 2224332.749299999326468 ], [ -11057313.9793, 2224330.659200001507998 ], [ -11057419.0228, 2224106.54109999909997 ], [ -11057444.1767, 2223922.88910000026226 ], [ -11057496.1795, 2223930.314599998295307 ], [ -11057542.8867, 2223889.009199999272823 ], [ -11057539.7173, 2223841.530799999833107 ], [ -11057594.4589, 2223811.22749999910593 ], [ -11057609.9767, 2223750.387899998575449 ], [ -11057683.0857, 2223673.164200000464916 ], [ -11057778.343, 2223709.5489999987185 ], [ -11057796.6075, 2223692.172600001096725 ], [ -11057767.2914, 2223605.057599999010563 ], [ -11057824.7699, 2223557.111000001430511 ], [ -11057814.13, 2223461.962600000202656 ], [ -11057851.4435, 2223448.009300000965595 ], [ -11057826.774, 2223397.820599999278784 ], [ -11057880.2415, 2223286.0945999994874 ], [ -11057872.2165, 2223232.721200000494719 ], [ -11057774.0327, 2223201.636799998581409 ], [ -11057509.2136, 2222929.669799998402596 ], [ -11057775.6437, 2222479.431200001388788 ], [ -11058010.3337, 2222180.785199999809265 ], [ -11058040.6439, 2222124.6706000007689 ], [ -11058055.121, 2222032.648499999195337 ], [ -11058191.2836, 2221901.170400001108646 ], [ -11058214.4839, 2221865.144200000911951 ], [ -11058510.0717, 2221610.229699999094009 ], [ -11058586.9522, 2221612.962200000882149 ], [ -11058788.4461, 2221400.850999999791384 ], [ -11058819.1236, 2221400.205899998545647 ], [ -11058849.2398, 2221348.400499999523163 ], [ -11058976.468, 2221226.138599999248981 ], [ -11059050.2896, 2221176.194400001317263 ], [ -11059221.9459, 2220962.06810000166297 ], [ -11059251.357, 2220944.334300000220537 ], [ -11059327.9515, 2220933.218699999153614 ], [ -11059424.2395, 2220843.905299998819828 ], [ -11059446.4589, 2220843.491700001060963 ], [ -11059496.8912, 2220880.3277000002563 ], [ -11059592.8162, 2220839.711300000548363 ], [ -11059738.5368, 2220735.654899999499321 ], [ -11059792.7223, 2220609.267499998211861 ], [ -11059843.9887, 2220548.550599999725819 ], [ -11059877.7463, 2220526.719300001859665 ], [ -11059974.219, 2220515.931200001388788 ], [ -11060040.1358, 2220539.925500001758337 ], [ -11060082.4851, 2220428.2346 ], [ -11060075.698, 2220386.021899998188019 ], [ -11060045.4669, 2220322.238299999386072 ], [ -11060067.4792, 2220303.409099999815226 ], [ -11060003.8422, 2220284.591899998486042 ], [ -11059907.1758, 2220222.606499999761581 ], [ -11059830.9664, 2220157.910300001502037 ], [ -11059721.142, 2220033.500100001692772 ], [ -11059533.1435, 2220066.714899998158216 ], [ -11059525.4579, 2220023.227400001138449 ], [ -11059485.0422, 2220026.2467 ], [ -11059455.2509, 2219972.129799999296665 ], [ -11059409.4986, 2219991.172400001436472 ], [ -11059478.3197, 2220112.9989 ], [ -11059523.0088, 2220270.105200000107288 ], [ -11059459.5123, 2220305.464699998497963 ], [ -11059407.2711, 2220316.514899998903275 ], [ -11059392.7049, 2220313.875799998641014 ], [ -11059346.7457, 2220267.796900000423193 ], [ -11059323.6134, 2220273.4496 ], [ -11059285.974, 2220306.086100000888109 ], [ -11059222.3695, 2220308.885899998247623 ], [ -11059190.1101, 2220330.569200001657009 ], [ -11059176.3989, 2220420.273699998855591 ], [ -11059163.5114, 2220444.587799999862909 ], [ -11059125.7197, 2220417.707800000905991 ], [ -11059107.3931, 2220423.08390000090003 ], [ -11059065.8297, 2220404.219200000166893 ], [ -11059045.938, 2220423.206900000572205 ], [ -11059076.8638, 2220482.928300000727177 ], [ -11059017.1519, 2220520.9496 ], [ -11059022.7324, 2220578.05350000038743 ], [ -11058963.0919, 2220637.691399998962879 ], [ -11058928.4525, 2220594.524900000542402 ], [ -11058877.0697, 2220489.205800000578165 ], [ -11058782.093, 2220426.943500000983477 ], [ -11058664.0043, 2220375.670000001788139 ], [ -11058545.7506, 2220229.650800000876188 ], [ -11058345.0955, 2220142.994699999690056 ], [ -11058302.1012, 2220178.502999998629093 ], [ -11058177.3377, 2219947.177000001072884 ], [ -11058048.0768, 2219871.040899999439716 ], [ -11057957.2179, 2219840.094399999827147 ], [ -11057581.5279, 2219775.712400000542402 ], [ -11057536.7931, 2219762.186700001358986 ], [ -11057482.2932, 2219719.058699999004602 ], [ -11057423.0423, 2219721.842999998480082 ], [ -11057377.7453, 2219708.319600000977516 ], [ -11057264.4934, 2219651.692099999636412 ], [ -11057118.4755, 2219651.707499999552965 ], [ -11056999.8646, 2219616.7060999982059 ], [ -11056938.3829, 2219584.264400001615286 ], [ -11056913.0221, 2219551.754200000315905 ], [ -11056884.8528, 2219459.733800001442432 ], [ -11056847.6987, 2219137.415899999439716 ], [ -11056699.1617, 2218196.983399998396635 ], [ -11056676.7921, 2218116.69990000128746 ], [ -11056682.8701, 2217940.559000000357628 ], [ -11056666.5575, 2217854.128499999642372 ], [ -11056671.342, 2217718.5548 ], [ -11056660.1266, 2217469.333500001579523 ], [ -11056360.0625, 2216873.225699998438358 ], [ -11056329.6378, 2216773.217399999499321 ], [ -11056233.0727, 2215829.528299998492002 ], [ -11056147.202, 2215774.311700001358986 ], [ -11056056.3674, 2215765.164500001817942 ] ] ] ] } },
{ "type": "Feature", "properties": { "OBJECTID": 679, "ID": "15015", "NAME": "Atlautla", "TOTPOP_CY": 32685, "AREA": 167.7, "Shape__Area": 188647828.40139019, "Shape__Length": 88223.87110251961, "metro_only_count": 0.0, "bus_only_count": 91.0, "bus_metro_count": 9.0, "n_cat": "1", "label_range": "0 – 0" }, "geometry": { "type": "MultiPolygon", "coordinates": [ [ [ [ -10991549.3585, 2165674.958000000566244 ], [ -10991672.1229, 2165761.906399998813868 ], [ -10991716.0361, 2165808.016600001603365 ], [ -10991717.3942, 2165783.610800001770258 ], [ -10991878.1374, 2165401.365699999034405 ], [ -10991555.6281, 2165362.045099999755621 ], [ -10991373.6585, 2165314.493099998682737 ], [ -10991311.02, 2165275.654599998146296 ], [ -10991276.0157, 2165238.518100000917912 ], [ -10991263.5581, 2165214.219300001859665 ], [ -10991262.2756, 2165137.453099999576807 ], [ -10991201.0053, 2165074.499499998986721 ], [ -10991167.722, 2165080.857200000435114 ], [ -10991095.9509, 2165037.819899998605251 ], [ -10990983.6341, 2165020.486400000751019 ], [ -10990947.8849, 2165002.110399998724461 ], [ -10990921.4132, 2165010.595199998468161 ], [ -10990832.5891, 2164984.414099998772144 ], [ -10990800.5446, 2165002.500199999660254 ], [ -10990776.5353, 2164997.862700000405312 ], [ -10990781.8496, 2164866.97580000013113 ], [ -10990681.1221, 2164862.27250000089407 ], [ -10990602.7176, 2164887.828899998217821 ], [ -10990498.4903, 2164875.552499998360872 ], [ -10990464.7639, 2164890.535900000482798 ], [ -10990435.855, 2164922.021099999547005 ], [ -10990447.7374, 2164527.418800000101328 ], [ -10990441.8029, 2164393.956500001251698 ], [ -10990471.4409, 2164061.295899998396635 ], [ -10990846.2814, 2164116.432900000363588 ], [ -10990847.4558, 2164081.305799998342991 ], [ -10991921.1411, 2164243.864599999040365 ], [ -10991924.7613, 2164145.015700001269579 ], [ -10991999.097, 2164181.372600000351667 ], [ -10992028.9619, 2164164.033700000494719 ], [ -10992091.8229, 2164152.457800000905991 ], [ -10992179.8, 2164150.778000000864267 ], [ -10992236.8244, 2164114.221700001507998 ], [ -10992304.7503, 2164126.880899999290705 ], [ -10992363.0517, 2164106.475000001490116 ], [ -10992384.8146, 2164087.706500001251698 ], [ -10992443.4675, 2164076.408900000154972 ], [ -10992450.9763, 2164043.461500000208616 ], [ -10992501.0355, 2164018.571699999272823 ], [ -10992554.6771, 2164059.36769999936223 ], [ -10992608.8818, 2164078.341099999845028 ], [ -10992644.886, 2164059.498399998992682 ], [ -10992706.3654, 2163984.005399998277426 ], [ -10992777.7791, 2163992.357799999415874 ], [ -10992803.6955, 2163951.943599998950958 ], [ -10992849.3609, 2163933.113899998366833 ], [ -10992928.0382, 2163854.985300000756979 ], [ -10993097.0257, 2163747.444400001317263 ], [ -10993252.9143, 2163690.978999998420477 ], [ -10993357.2872, 2163631.781599998474121 ], [ -10993423.4935, 2163578.115899998694658 ], [ -10993475.3161, 2163505.272599998861551 ], [ -10993509.2027, 2163486.424499999731779 ], [ -10993561.8624, 2163472.925200000405312 ], [ -10993573.1891, 2163454.046700000762939 ], [ -10993633.9252, 2163438.16330000013113 ], [ -10993691.4962, 2163408.439100001007318 ], [ -10993750.0448, 2163397.873799998313189 ], [ -10993825.3502, 2163360.189899999648333 ], [ -10993878.0699, 2163349.618700001388788 ], [ -10993966.1504, 2163355.326499998569489 ], [ -10994003.7352, 2163339.145199999213219 ], [ -10994024.6999, 2163344.497400000691414 ], [ -10994056.4394, 2163319.5636 ], [ -10994362.6036, 2164241.381700001657009 ], [ -10994354.7355, 2164253.50450000166893 ], [ -10994380.4992, 2164272.43470000103116 ], [ -10994427.2869, 2164250.940400000661612 ], [ -10994461.8204, 2164191.6402000002563 ], [ -10994549.0024, 2164135.072000000625849 ], [ -10994607.611, 2164121.5768 ], [ -10994634.5761, 2164086.750100001692772 ], [ -10994716.7988, 2164075.948899999260902 ], [ -10994731.4017, 2164035.516699999570847 ], [ -10994771.7061, 2164011.352299999445677 ], [ -10994778.3106, 2163970.908700000494719 ], [ -10994798.69, 2163962.686999998986721 ], [ -10994831.4745, 2163976.303399998694658 ], [ -10994873.4576, 2163930.583799999207258 ], [ -10994904.617, 2163925.303399998694658 ], [ -10994955.2809, 2163868.685100000351667 ], [ -10995025.4432, 2163749.817899998277426 ], [ -10995173.0116, 2163601.7804000005126 ], [ -10995282.2895, 2163680.431000001728535 ], [ -10995339.1483, 2163696.28489999845624 ], [ -10995404.033, 2163750.479899998754263 ], [ -10995620.1854, 2163545.760200001299381 ], [ -10995638.2314, 2163496.815600000321865 ], [ -10995684.439, 2163503.094700001180172 ], [ -10995880.9212, 2163636.6886 ], [ -10995939.6701, 2163553.348999999463558 ], [ -10995995.8063, 2163581.0793999992311 ], [ -10995990.8482, 2163590.862700000405312 ], [ -10996107.1926, 2163662.076299998909235 ], [ -10996139.1468, 2163678.560499999672174 ], [ -10996154.2685, 2163673.487399999052286 ], [ -10996196.779, 2163725.240499999374151 ], [ -10996622.7066, 2163933.626400001347065 ], [ -10996598.4133, 2163848.159499999135733 ], [ -10996603.9837, 2163820.405200000852346 ], [ -10996575.9568, 2163734.344200000166893 ], [ -10996595.166, 2163686.758400000631809 ], [ -10996590.7657, 2163665.479100000113249 ], [ -10996640.7448, 2163563.468100000172853 ], [ -10996626.272, 2163528.320799998939037 ], [ -10996655.9254, 2163428.295200001448393 ], [ -10996619.1666, 2163402.540399998426437 ], [ -10996652.0326, 2163253.048500001430511 ], [ -10996570.3586, 2163207.8761 ], [ -10996568.0275, 2163164.422400001436472 ], [ -10996545.9283, 2163169.688299998641014 ], [ -10996521.2532, 2163154.932599999010563 ], [ -10996487.8364, 2163096.715700000524521 ], [ -10996979.1205, 2161620.171900000423193 ], [ -10996969.6207, 2161614.337699998170137 ], [ -10997035.2164, 2161455.795000001788139 ], [ -10996877.7048, 2161379.209300000220537 ], [ -10996822.0675, 2161335.823699999600649 ], [ -10996751.6746, 2161276.053199999034405 ], [ -10996788.5926, 2161239.331900000572205 ], [ -10996739.9272, 2161201.466099999845028 ], [ -10996710.6177, 2161214.895500000566244 ], [ -10996650.9216, 2161106.1985 ], [ -10996301.5733, 2160862.573300000280142 ], [ -10995899.5128, 2160557.692800000309944 ], [ -10995915.7399, 2160533.499800000339746 ], [ -10995997.0853, 2160493.423500001430511 ], [ -10996074.0106, 2160474.894200000911951 ], [ -10996141.6916, 2160472.585900001227856 ], [ -10996226.9478, 2160400.053199999034405 ], [ -10996315.3222, 2160346.415300000458956 ], [ -10996414.3509, 2160309.020899999886751 ], [ -10996419.8289, 2160293.062600001692772 ], [ -10996404.3812, 2160268.563700001686811 ], [ -10996269.6056, 2160151.587099999189377 ], [ -10996271.8888, 2160127.378100000321865 ], [ -10996285.9171, 2160119.413699999451637 ], [ -10996320.7836, 2160130.365800000727177 ], [ -10996344.4623, 2160119.485599998384714 ], [ -10996365.3814, 2160125.098299998790026 ], [ -10996383.186, 2160108.890299998223782 ], [ -10996403.0142, 2160114.502900000661612 ], [ -10996425.2013, 2160087.656100001186132 ], [ -10996453.6734, 2160085.031199999153614 ], [ -10996460.7744, 2160066.148800000548363 ], [ -10996396.2905, 2159965.758099999278784 ], [ -10996380.4942, 2159906.402800001204014 ], [ -10996434.8212, 2159787.82149999961257 ], [ -10996463.9047, 2159774.268899999558926 ], [ -10996505.172, 2159793.477099999785423 ], [ -10996515.7407, 2159725.908300001174212 ], [ -10996538.0893, 2159718.227899998426437 ], [ -10996515.6907, 2159648.165100000798702 ], [ -10996496.0104, 2159441.294599998742342 ], [ -10996464.3279, 2159401.170000001788139 ], [ -10996438.5886, 2159392.867899999022484 ], [ -10996459.2549, 2159349.293000001460314 ], [ -10996611.9319, 2159166.63569999858737 ], [ -10996683.1508, 2159025.560699999332428 ], [ -10996807.7875, 2158937.077199999243021 ], [ -10996914.0085, 2158819.617600001394749 ], [ -10996936.8602, 2158781.512600000947714 ], [ -10996862.8928, 2158739.480500001460314 ], [ -10996925.894, 2158706.034099999815226 ], [ -10996939.9838, 2158586.5658 ], [ -10996985.1527, 2158535.994600001722574 ], [ -10997078.4864, 2158520.170499999076128 ], [ -10996995.3563, 2158482.674899999052286 ], [ -10997060.1743, 2158474.7676 ], [ -10997106.5232, 2158444.243299998342991 ], [ -10997115.6682, 2158425.426100000739098 ], [ -10997126.5797, 2158431.749400001019239 ], [ -10997169.7762, 2158372.660100001841784 ], [ -10997207.0703, 2158377.932 ], [ -10997304.2211, 2158268.3805 ], [ -10997369.4566, 2158170.8277000002563 ], [ -10997353.1134, 2158054.646099999547005 ], [ -10997404.8729, 2157988.906899999827147 ], [ -10997414.5921, 2157917.629200000315905 ], [ -10997316.2916, 2157858.396600000560284 ], [ -10997313.7636, 2157810.886599998921156 ], [ -10997353.5257, 2157730.696899998933077 ], [ -10997415.9258, 2157649.171300001442432 ], [ -10997401.3073, 2157625.324499998241663 ], [ -10997409.8589, 2157596.359200000762939 ], [ -10997385.4999, 2157565.670200001448393 ], [ -10997388.8874, 2157552.357299998402596 ], [ -10997354.8447, 2157470.030699998140335 ], [ -10997329.4428, 2157478.702799998223782 ], [ -10997145.7901, 2157362.117400001734495 ], [ -10997108.2801, 2157377.00899999961257 ], [ -10997107.7078, 2157273.488400001078844 ], [ -10997032.8319, 2157220.9070999994874 ], [ -10996965.7931, 2157260.929499998688698 ], [ -10996957.4289, 2157232.4983000010252 ], [ -10996803.8825, 2157162.869100000709295 ], [ -10996807.1339, 2157150.31980000063777 ], [ -10996637.0956, 2157054.90260000154376 ], [ -10996615.0543, 2157055.359499998390675 ], [ -10996491.7179, 2156993.006799999624491 ], [ -10996433.6448, 2156996.589800000190735 ], [ -10996358.5221, 2157071.980599999427795 ], [ -10996292.072, 2156978.101399999111891 ], [ -10996033.9221, 2156794.861000001430511 ], [ -10996044.5777, 2156783.718800000846386 ], [ -10995912.3902, 2156691.977000001817942 ], [ -10995890.7631, 2156700.8607 ], [ -10995713.784, 2156594.683899998664856 ], [ -10995770.2742, 2156497.380800001323223 ], [ -10995624.9088, 2156392.668299999088049 ], [ -10995621.5179, 2156344.089099999517202 ], [ -10995599.2573, 2156302.281199999153614 ], [ -10995585.9058, 2156306.15260000154376 ], [ -10995550.7834, 2156356.287200000137091 ], [ -10995498.4031, 2156228.33219999819994 ], [ -10995370.3, 2156375.140099998563528 ], [ -10995179.0309, 2156195.067899998277426 ], [ -10995182.0452, 2156138.609900001436472 ], [ -10995208.7655, 2156095.549600001424551 ], [ -10995250.3888, 2155929.9560999982059 ], [ -10995283.0776, 2155861.067800000309944 ], [ -10995372.8348, 2155826.951900001615286 ], [ -10995438.8582, 2155785.400499999523163 ], [ -10995551.8776, 2155674.574200000613928 ], [ -10995721.8245, 2155536.259700000286102 ], [ -10995859.2619, 2155333.422800000756979 ], [ -10996146.9949, 2155197.162500001490116 ], [ -10996329.2203, 2155070.269900001585484 ], [ -10996571.9349, 2154939.1305 ], [ -10996714.2157, 2154760.804499998688698 ], [ -10996809.209, 2154722.019799999892712 ], [ -10996860.8267, 2154647.802799999713898 ], [ -10996910.7825, 2154530.897399999201298 ], [ -10997196.6043, 2154382.014600001275539 ], [ -10997263.087, 2154405.192499998956919 ], [ -10997304.7511, 2154399.03999999910593 ], [ -10997586.3938, 2154316.585299998521805 ], [ -10997631.6876, 2154253.396999999880791 ], [ -10997644.8967, 2154138.435499999672174 ], [ -10997718.9074, 2154111.64750000089407 ], [ -10997740.7649, 2153977.067499998956919 ], [ -10998020.0847, 2153880.231600001454353 ], [ -10998239.7947, 2153663.550900001078844 ], [ -10998278.359, 2153576.221900001168251 ], [ -10998329.9812, 2153519.423900000751019 ], [ -10998340.738, 2153489.996100001037121 ], [ -10998394.1625, 2153466.32039999961853 ], [ -10998438.4076, 2153413.332600001245737 ], [ -10998433.3501, 2153340.616500001400709 ], [ -10998462.3913, 2153274.54619999974966 ], [ -10998515.6356, 2153267.883000001311302 ], [ -10998541.9335, 2153149.580400001257658 ], [ -10998635.1257, 2153121.906199999153614 ], [ -10998663.2628, 2153031.03489999845624 ], [ -10998583.6951, 2152819.649099998176098 ], [ -10998652.3314, 2152695.545499999076128 ], [ -10998699.5342, 2152672.309799998998642 ], [ -10998832.5766, 2152419.707400001585484 ], [ -10999067.9961, 2152527.3026 ], [ -10999132.105, 2152455.336199998855591 ], [ -10999138.0851, 2152430.871899999678135 ], [ -10999122.3267, 2152276.8564000017941 ], [ -10999142.9453, 2152182.458700001239777 ], [ -10999173.0272, 2152177.171999998390675 ], [ -10999213.7668, 2152212.325899999588728 ], [ -10999233.624, 2152215.006299998611212 ], [ -10999268.5257, 2152212.386 ], [ -10999306.2043, 2152182.903599999845028 ], [ -10999315.4482, 2152123.335400000214577 ], [ -10999254.3693, 2152071.936599999666214 ], [ -10999132.6249, 2152006.906500000506639 ], [ -10999126.784, 2151971.793000001460314 ], [ -10999156.9271, 2151939.377599999308586 ], [ -10999213.3493, 2151925.874400001019239 ], [ -10999278.1896, 2151988.182599999010563 ], [ -10999313.1372, 2151972.261500000953674 ], [ -10999343.2792, 2151939.846099998801947 ], [ -10999350.9035, 2151891.182399999350309 ], [ -10999335.99, 2151834.516600001603365 ], [ -10999301.1659, 2151796.443999998271465 ], [ -10999259.8274, 2151796.39809999987483 ], [ -10999249.2053, 2151742.396499998867512 ], [ -10999274.525, 2151709.975499998778105 ], [ -10999304.8996, 2151580.482999999076128 ], [ -10999329.6526, 2151553.381799999624491 ], [ -10999364.2397, 2151467.248599998652935 ], [ -10999468.6572, 2151356.721400000154972 ], [ -10999524.8022, 2151235.2379 ], [ -10999591.19, 2151170.686099998652935 ], [ -10999599.1523, 2151145.725400000810623 ], [ -10999583.4176, 2151073.651099998503923 ], [ -10999600.7078, 2151060.727699998766184 ], [ -10999622.799, 2150991.954 ], [ -10999671.4135, 2150982.104200001806021 ], [ -10999713.1182, 2150943.908500000834465 ], [ -10999762.2357, 2150941.5779 ], [ -10999777.0022, 2150992.326200000941753 ], [ -10999794.8122, 2150990.989 ], [ -10999814.9054, 2150911.477200001478195 ], [ -10999842.9312, 2150913.405200000852346 ], [ -10999909.4758, 2150791.918699998408556 ], [ -10999948.393, 2150757.378199998289347 ], [ -10999978.682, 2150769.30799999833107 ], [ -11000009.7768, 2150754.523800000548363 ], [ -11000100.9542, 2150673.160199999809265 ], [ -11000128.3622, 2150759.6732 ], [ -11000207.3692, 2150564.677000001072884 ], [ -11000275.7002, 2150491.325500000268221 ], [ -11000434.0119, 2150470.250199999660254 ], [ -11000471.1037, 2150451.406199999153614 ], [ -11000488.3403, 2150429.755199998617172 ], [ -11000506.2285, 2150359.562300000339746 ], [ -11000493.6414, 2150229.896099999547005 ], [ -11000499.6202, 2150194.796399999409914 ], [ -11000517.9292, 2150157.050599999725819 ], [ -11000553.9733, 2150130.099700000137091 ], [ -11000620.0281, 2150130.295099999755621 ], [ -11000734.3276, 2150168.315999999642372 ], [ -11000893.1704, 2150201.188900001347065 ], [ -11000936.2288, 2150168.787000000476837 ], [ -11000982.3907, 2150163.513799998909235 ], [ -11001063.5985, 2150109.7357 ], [ -11001143.1271, 2150088.274399999529123 ], [ -11001148.5352, 2150061.291799999773502 ], [ -11001138.9538, 2150031.496100001037121 ], [ -11001077.4353, 2149923.322599999606609 ], [ -11001076.5034, 2149861.229600001126528 ], [ -11001117.9702, 2149799.169100001454353 ], [ -11001120.1764, 2149772.184599999338388 ], [ -11001111.6837, 2149742.5176 ], [ -11001058.6479, 2149674.788100000470877 ], [ -11001059.8202, 2149621.7516999989748 ], [ -11000754.0978, 2149379.755699999630451 ], [ -11000678.1903, 2148724.812899999320507 ], [ -11000563.3854, 2148595.454300001263618 ], [ -11000294.7781, 2148373.89919999986887 ], [ -11000241.722, 2148257.136 ], [ -10999696.3166, 2148205.642499998211861 ], [ -10999411.2609, 2148221.067800000309944 ], [ -10998974.9887, 2148136.3838 ], [ -10998719.1722, 2148057.383699998259544 ], [ -10998304.9321, 2147907.5793999992311 ], [ -10998303.9202, 2147929.072200000286102 ], [ -10998237.1029, 2148028.851700000464916 ], [ -10998050.7708, 2148274.208599999547005 ], [ -10998044.804, 2148295.878499999642372 ], [ -10998056.3902, 2148390.4222999997437 ], [ -10998016.8284, 2148544.217999998480082 ], [ -10997905.1514, 2148768.125300001353025 ], [ -10997787.606, 2148759.742899999022484 ], [ -10997756.3553, 2148811.031700000166893 ], [ -10997646.2492, 2149042.931499999016523 ], [ -10997668.709, 2149078.188000001013279 ], [ -10997500.3338, 2149442.31700000166893 ], [ -10997519.5454, 2149488.3462999984622 ], [ -10997486.744, 2149507.19029999896884 ], [ -10997440.0155, 2149509.665600001811981 ], [ -10997397.8942, 2149614.926199998706579 ], [ -10997358.9747, 2149720.1919 ], [ -10997295.5894, 2149957.729800000786781 ], [ -10997151.8215, 2150343.5810999982059 ], [ -10997172.7083, 2150367.935699999332428 ], [ -10997109.7561, 2150424.50789999961853 ], [ -10997084.5144, 2150416.369600001722574 ], [ -10997060.4882, 2150586.548500001430511 ], [ -10997067.0661, 2150753.968299999833107 ], [ -10997021.0155, 2150929.443199999630451 ], [ -10997013.6896, 2151061.752900000661612 ], [ -10997032.3623, 2151115.892700001597404 ], [ -10997131.4979, 2151205.246100001037121 ], [ -10997140.5526, 2151229.587699998170137 ], [ -10997140.4157, 2151291.555799998342991 ], [ -10997113.9751, 2151348.440200001001358 ], [ -10997070.9011, 2151386.153099998831749 ], [ -10997012.3226, 2151407.625999998301268 ], [ -10996883.9511, 2151420.7676 ], [ -10996738.8673, 2151463.677299998700619 ], [ -10996705.4625, 2151506.721599999815226 ], [ -10996642.8365, 2151647.07490000128746 ], [ -10996616.9981, 2151676.5647 ], [ -10996564.3318, 2151687.403900001198053 ], [ -10996327.5886, 2151665.034600000828505 ], [ -10996285.6734, 2151670.302299998700619 ], [ -10995866.9851, 2151820.579 ], [ -10995733.6167, 2151893.283599998801947 ], [ -10995674.299, 2151995.871800001710653 ], [ -10995716.0025, 2152284.769499998539686 ], [ -10995715.8167, 2152354.986999999731779 ], [ -10995699.5463, 2152419.8629 ], [ -10995675.8864, 2152438.7179000005126 ], [ -10995659.2364, 2152433.377000000327826 ], [ -10995347.1288, 2152259.558899998664856 ], [ -10995335.3043, 2152483.76069999858737 ], [ -10995310.1674, 2152656.613000001758337 ], [ -10995282.6303, 2152688.229200001806021 ], [ -10995255.7867, 2152698.83219999819994 ], [ -10995174.7261, 2152690.748399998992682 ], [ -10995144.6253, 2152709.591899998486042 ], [ -10995116.0382, 2152817.541999999433756 ], [ -10995008.653, 2153030.147199999541044 ], [ -10994996.2219, 2153106.491399999707937 ], [ -10994925.4249, 2153271.903499998152256 ], [ -10994757.9368, 2153248.2972999997437 ], [ -10994741.6743, 2153317.942800000309944 ], [ -10994898.2474, 2153343.599599998444319 ], [ -10994878.9658, 2153353.415399998426437 ], [ -10994866.0149, 2153389.870000001043081 ], [ -10994845.2905, 2153382.327399998903275 ], [ -10994667.8762, 2153584.054000001400709 ], [ -10994658.4842, 2153615.498500000685453 ], [ -10994681.9559, 2153629.910500001162291 ], [ -10994667.0201, 2153647.212699998170137 ], [ -10994698.2974, 2153685.035799998790026 ], [ -10994752.0126, 2153723.920800000429153 ], [ -10994731.7079, 2153771.250500001013279 ], [ -10994759.7148, 2153802.727299999445677 ], [ -10994857.047, 2153867.366399999707937 ], [ -10994865.7188, 2153892.7331000007689 ], [ -10994888.7508, 2153901.667500000447035 ], [ -10994890.268, 2153922.693599998950958 ], [ -10994966.2892, 2153962.396200001239777 ], [ -10994998.7122, 2153964.981499999761581 ], [ -10994908.3419, 2154126.227099999785423 ], [ -10994872.182, 2154288.33219999819994 ], [ -10994813.8215, 2154336.27309999987483 ], [ -10994796.6627, 2154420.200599998235703 ], [ -10994571.8897, 2154392.55180000141263 ], [ -10994407.0512, 2154333.0132 ], [ -10994391.53, 2154322.352699998766184 ], [ -10994358.1342, 2154224.394400000572205 ], [ -10994322.7535, 2154201.445500001311302 ], [ -10994297.6999, 2154113.514699999243021 ], [ -10994271.7468, 2154105.000500001013279 ], [ -10994213.8417, 2154018.654800001531839 ], [ -10994102.7105, 2153945.694200001657009 ], [ -10994030.4006, 2153939.052000001072884 ], [ -10993977.8356, 2153914.637499999254942 ], [ -10993924.6338, 2153930.994600001722574 ], [ -10993888.5062, 2153915.72410000115633 ], [ -10993867.9343, 2153826.846999999135733 ], [ -10993639.9054, 2153638.50450000166893 ], [ -10993656.0911, 2153576.05350000038743 ], [ -10993433.0569, 2153514.533700000494719 ], [ -10993343.753, 2153508.195300001651049 ], [ -10993117.4905, 2153616.911499999463558 ], [ -10993007.7362, 2153546.982299998402596 ], [ -10992906.6271, 2153556.423799999058247 ], [ -10992858.8911, 2153569.017099998891354 ], [ -10992836.7273, 2153590.039200000464916 ], [ -10992792.1595, 2153597.953899998217821 ], [ -10992699.27, 2153665.877000000327826 ], [ -10992612.4485, 2153676.455899998545647 ], [ -10992503.5816, 2153622.376299999654293 ], [ -10992382.999, 2153620.809099998325109 ], [ -10992305.945, 2153530.004999998956919 ], [ -10992235.5832, 2153487.098999999463558 ], [ -10992090.2646, 2153499.461199998855591 ], [ -10991967.9366, 2153578.140599999576807 ], [ -10991844.9886, 2153580.619899999350309 ], [ -10991817.5384, 2153591.4847999997437 ], [ -10991835.1269, 2153721.048300001770258 ], [ -10991827.5572, 2153748.167899999767542 ], [ -10991777.5991, 2153783.204599998891354 ], [ -10991699.16, 2153809.9543999992311 ], [ -10991632.423, 2153883.003100000321865 ], [ -10991542.7561, 2153907.075899999588728 ], [ -10991433.151, 2153960.908100001513958 ], [ -10991264.993, 2154001.35249999910593 ], [ -10991211.3491, 2153982.385299999266863 ], [ -10991102.9708, 2153879.547800000756979 ], [ -10991028.8877, 2153871.190200001001358 ], [ -10990975.7804, 2153846.904199998825788 ], [ -10990860.4802, 2153727.829300001263618 ], [ -10990697.4149, 2153592.722100000828505 ], [ -10990604.511, 2153616.782999999821186 ], [ -10990472.9125, 2153611.260499998927116 ], [ -10990377.8134, 2153646.223900001496077 ], [ -10990348.2657, 2153646.177999999374151 ], [ -10990251.7118, 2153594.692899998277426 ], [ -10990209.7955, 2153597.286299999803305 ], [ -10990086.7841, 2153640.449499998241663 ], [ -10989725.1471, 2153812.774000000208616 ], [ -10989564.0043, 2153474.976700000464916 ], [ -10986240.758, 2154575.401200000196695 ], [ -10983477.7448, 2155089.456999998539686 ], [ -10983279.0585, 2155354.682300001382828 ], [ -10982609.238, 2155427.0055 ], [ -10981912.9744, 2155641.247400000691414 ], [ -10979769.3965, 2156766.704700000584126 ], [ -10979360.5435, 2156947.71000000089407 ], [ -10979222.6975, 2157462.123599998652935 ], [ -10979050.7769, 2157797.919599998742342 ], [ -10978314.2259, 2159064.046599999070168 ], [ -10979417.8015, 2160070.132599998265505 ], [ -10979387.8834, 2160125.033399999141693 ], [ -10979379.7983, 2160209.302700001746416 ], [ -10979336.771, 2160312.839000001549721 ], [ -10979274.1528, 2160386.629099998623133 ], [ -10979219.5705, 2160477.763000000268221 ], [ -10979193.9749, 2160485.997099999338388 ], [ -10979167.404, 2160626.300799999386072 ], [ -10979124.8645, 2160703.295299999415874 ], [ -10979103.9809, 2160803.325899999588728 ], [ -10979187.3491, 2160954.921100001782179 ], [ -10979185.3175, 2161014.715500000864267 ], [ -10979146.5226, 2161190.94310000166297 ], [ -10979173.3919, 2161285.9485 ], [ -10979164.7056, 2161337.523200001567602 ], [ -10979577.7788, 2161887.20380000025034 ], [ -10979564.12, 2161959.588899999856949 ], [ -10979525.5277, 2161988.939800001680851 ], [ -10979480.2809, 2162005.148200001567602 ], [ -10979461.4612, 2162054.337499998509884 ], [ -10979416.9668, 2162066.446199998259544 ], [ -10979266.2814, 2162234.776900000870228 ], [ -10979192.8995, 2162379.771299999207258 ], [ -10979100.0167, 2162457.418299999088049 ], [ -10979052.0905, 2162473.523400001227856 ], [ -10978714.5184, 2162752.853999998420477 ], [ -10979007.6862, 2162994.030699998140335 ], [ -10979169.3989, 2163107.080800000578165 ], [ -10979467.1863, 2162919.202500000596046 ], [ -10980134.7481, 2163591.18189999833703 ], [ -10980261.3819, 2163702.598400000482798 ], [ -10980651.9898, 2164324.665100000798702 ], [ -10980630.3749, 2164338.281800001859665 ], [ -10980752.3042, 2164456.988800000399351 ], [ -10980988.827, 2164775.393899999558926 ], [ -10981099.7168, 2164855.594700001180172 ], [ -10981165.8115, 2164884.683899998664856 ], [ -10981331.7544, 2165055.964999999850988 ], [ -10981377.4165, 2165065.77250000089407 ], [ -10981430.1186, 2165034.379000000655651 ], [ -10981613.7221, 2165005.949400000274181 ], [ -10981701.0357, 2164972.491099998354912 ], [ -10981805.5234, 2164965.304299999028444 ], [ -10982016.6063, 2164991.514800000935793 ], [ -10982185.7529, 2165037.835200000554323 ], [ -10982300.0202, 2165102.087499998509884 ], [ -10982439.5959, 2165128.686900001019239 ], [ -10982702.0974, 2165201.651700001209974 ], [ -10982838.4748, 2165182.329700000584126 ], [ -10983081.2927, 2165070.192099999636412 ], [ -10983164.8446, 2165049.850099999457598 ], [ -10983446.464, 2165077.980900000780821 ], [ -10983652.6032, 2165138.027899999171495 ], [ -10983923.0429, 2165123.361200001090765 ], [ -10984407.8191, 2165168.621800001710653 ], [ -10984526.4033, 2165144.241599999368191 ], [ -10984779.2868, 2165164.9054000005126 ], [ -10984957.3301, 2165164.808699999004602 ], [ -10985075.6926, 2164976.713899999856949 ], [ -10985116.263, 2164953.899599999189377 ], [ -10985188.2211, 2164959.300500001758337 ], [ -10985239.2812, 2164940.018699999898672 ], [ -10985306.6962, 2164936.107900001108646 ], [ -10985422.1257, 2164881.3114 ], [ -10985576.6716, 2164723.122099999338388 ], [ -10985760.361, 2164574.405799999833107 ], [ -10985926.787, 2164367.375900000333786 ], [ -10985951.1126, 2164313.947299998253584 ], [ -10985994.7742, 2164271.580800000578165 ], [ -10986021.7303, 2164214.433600001037121 ], [ -10986125.4154, 2164109.141699999570847 ], [ -10986186.167, 2164082.369600001722574 ], [ -10986258.2775, 2164071.587200000882149 ], [ -10986728.6247, 2164034.358800001442432 ], [ -10986735.5998, 2164015.475099999457598 ], [ -10986672.2545, 2163969.589400000870228 ], [ -10986676.6195, 2163928.880699999630451 ], [ -10986700.3717, 2163888.469999998807907 ], [ -10986750.3563, 2163858.750999998301268 ], [ -10986785.8673, 2163858.814500000327826 ], [ -10986848.618, 2163833.46680000051856 ], [ -10986851.4278, 2163773.421100001782179 ], [ -10987063.3578, 2163690.913800001144409 ], [ -10987150.5467, 2163689.127000000327826 ], [ -10987269.8088, 2163713.5489999987185 ], [ -10987419.2251, 2163702.894000001251698 ], [ -10987503.0397, 2163727.521899998188019 ], [ -10987621.2389, 2163792.3918999992311 ], [ -10987807.641, 2163849.657800000160933 ], [ -10988039.3348, 2163833.815400000661612 ], [ -10988256.3823, 2163877.290800001472235 ], [ -10988435.4218, 2163869.339999999850988 ], [ -10988486.9127, 2163926.376400001347065 ], [ -10988525.0384, 2163945.334399998188019 ], [ -10988582.0307, 2163950.751499999314547 ], [ -10988685.0859, 2164021.179400000721216 ], [ -10988764.6036, 2164048.455699998885393 ], [ -10988865.0138, 2164118.878199998289347 ], [ -10989037.3564, 2164202.991599999368191 ], [ -10989049.6203, 2164230.155200000852346 ], [ -10989257.3014, 2164298.357700001448393 ], [ -10989443.3564, 2164412.295400001108646 ], [ -10989471.2152, 2164447.4712999984622 ], [ -10989549.5273, 2164482.991500001400709 ], [ -10989597.7198, 2164534.434300001710653 ], [ -10989776.8796, 2164621.480200000107288 ], [ -10989808.9306, 2164683.540300000458956 ], [ -10989903.2695, 2164748.894000001251698 ], [ -10989983.5019, 2164870.64640000090003 ], [ -10990028.5262, 2164919.4222999997437 ], [ -10990047.1878, 2164957.243700001388788 ], [ -10990061.3933, 2165049.08559999987483 ], [ -10990145.3605, 2165192.669700000435114 ], [ -10990254.1763, 2165268.691599998623133 ], [ -10990355.6498, 2165301.320000000298023 ], [ -10990388.8751, 2165331.18019999936223 ], [ -10990438.5424, 2165417.754900000989437 ], [ -10990492.7496, 2165434.074499998241663 ], [ -10990558.3046, 2165428.853700000792742 ], [ -10990611.4385, 2165456.082400001585484 ], [ -10990655.3395, 2165507.5185999982059 ], [ -10990717.5237, 2165540.084899999201298 ], [ -10990751.9248, 2165534.8147 ], [ -10990819.7974, 2165481.156700000166893 ], [ -10990859.5506, 2165483.879099998623133 ], [ -10991062.8301, 2165592.5143 ], [ -10991226.9662, 2165695.763599999248981 ], [ -10991349.8439, 2165741.993700001388788 ], [ -10991437.4324, 2165728.817899998277426 ], [ -10991515.4917, 2165677.568300001323223 ], [ -10991549.3585, 2165674.958000000566244 ] ] ] ] } },
{ "type": "Feature", "properties": { "OBJECTID": 680, "ID": "15016", "NAME": "Axapusco", "TOTPOP_CY": 29847, "AREA": 286.51, "Shape__Area": 325182450.94968712, "Shape__Length": 170820.45858734765, "metro_only_count": 2.0, "bus_only_count": 57.0, "bus_metro_count": 7.0, "n_cat": "4", "label_range": "2 – 12" }, "geometry": { "type": "MultiPolygon", "coordinates": [ [ [ [ -10994266.0506, 2258282.216400001198053 ], [ -10994726.6373, 2258418.48589999973774 ], [ -10995137.228, 2258645.306600000709295 ], [ -10995374.8495, 2258734.820300001651049 ], [ -10995645.8312, 2258908.414299998432398 ], [ -10995902.6853, 2259040.374699998646975 ], [ -10995896.7855, 2259050.791799999773502 ], [ -10996203.2113, 2259239.797699999064207 ], [ -10996974.7689, 2258692.954300001263618 ], [ -10997689.627, 2257883.672200001776218 ], [ -10997580.5728, 2257866.674699999392033 ], [ -10997488.7732, 2257828.387600000947714 ], [ -10997432.9666, 2257784.225900001823902 ], [ -10997382.3661, 2257698.1908 ], [ -10997382.2961, 2257600.991799999028444 ], [ -10997411.4086, 2257504.733399998396635 ], [ -10997196.4694, 2257464.489199999719858 ], [ -10997370.9638, 2257062.209100000560284 ], [ -10997276.1485, 2257019.309799998998642 ], [ -10997325.2739, 2256963.867800001055002 ], [ -10997254.939, 2256873.014699999243021 ], [ -10997340.7696, 2256723.296100001782179 ], [ -10997221.4973, 2256676.685699999332428 ], [ -10997327.5347, 2256560.074099998921156 ], [ -10997466.6319, 2256452.53770000115037 ], [ -10997512.4486, 2256429.6875 ], [ -10997671.4318, 2256164.583700001239777 ], [ -10997702.461, 2256125.852600000798702 ], [ -10997828.2933, 2256029.011 ], [ -10998054.4321, 2256133.418000001460314 ], [ -10998053.575, 2256148.662200000137091 ], [ -10998079.557, 2256170.567699998617172 ], [ -10998322.7376, 2256322.0702 ], [ -10998441.3598, 2256415.211100000888109 ], [ -10998470.6712, 2256479.462000001221895 ], [ -10998554.7386, 2256600.766100000590086 ], [ -10998643.5014, 2256620.21510000154376 ], [ -10998903.3836, 2256735.173700001090765 ], [ -10998995.5895, 2256814.442200001329184 ], [ -10999044.383, 2256984.475900001823902 ], [ -10999055.8011, 2256996.191300000995398 ], [ -10999201.4035, 2257011.123799998313189 ], [ -10999341.2141, 2256981.9879 ], [ -10999405.0291, 2256988.903799999505281 ], [ -10999831.1547, 2257124.316500000655651 ], [ -10999888.0491, 2257148.344300001859665 ], [ -10999900.55, 2257216.683699999004602 ], [ -10999943.8021, 2257311.064800001680851 ], [ -11000016.1522, 2257381.83839999884367 ], [ -11000095.5385, 2257168.068399999290705 ], [ -11000179.431, 2256982.614 ], [ -11000417.8517, 2256335.040899999439716 ], [ -11000895.1416, 2255505.074099998921156 ], [ -11000390.0664, 2255146.330299999564886 ], [ -11000386.6255, 2255052.121199999004602 ], [ -11000440.0656, 2254917.536299999803305 ], [ -11000474.3452, 2254776.557 ], [ -11000558.2814, 2254543.341400001198053 ], [ -11000577.9547, 2254458.015900000929832 ], [ -11000842.9497, 2253690.259300000965595 ], [ -11001152.2488, 2253273.512499999254942 ], [ -11001337.823, 2252256.72580000013113 ], [ -10999723.9987, 2251492.013799998909235 ], [ -11000208.9974, 2250223.324499998241663 ], [ -11000449.8071, 2249624.298599999397993 ], [ -11001471.8995, 2250493.531899999827147 ], [ -11001769.3559, 2249918.051699999719858 ], [ -11002030.5484, 2249375.349399998784065 ], [ -11002220.9239, 2249037.739399999380112 ], [ -11000775.0727, 2248054.618000000715256 ], [ -11000876.1231, 2247949.866599999368191 ], [ -11000610.794, 2247788.203299999237061 ], [ -11000387.0384, 2247661.413400001823902 ], [ -11000129.3063, 2247536.392799999564886 ], [ -10999937.0283, 2247465.012699998915195 ], [ -10999673.8501, 2247437.255399998277426 ], [ -10999493.643, 2247473.080899998545647 ], [ -10999472.4377, 2247428.924699999392033 ], [ -10999729.3966, 2246860.652800001204014 ], [ -10999833.5802, 2246662.1195 ], [ -11000163.0126, 2246181.730099998414516 ], [ -11000386.6545, 2245810.367899999022484 ], [ -11001395.2559, 2246283.672699999064207 ], [ -11001840.5216, 2246051.88120000064373 ], [ -11002678.6872, 2246129.938499998301268 ], [ -11002973.7384, 2246413.241500001400709 ], [ -11003037.028, 2246498.289099998772144 ], [ -11003125.9667, 2246701.75620000064373 ], [ -11003137.4705, 2246765.910199999809265 ], [ -11003208.2853, 2246862.455699998885393 ], [ -11003362.8245, 2247386.173900000751019 ], [ -11003867.3824, 2247564.100699998438358 ], [ -11003969.6315, 2247706.11430000141263 ], [ -11004002.9038, 2247794.610500000417233 ], [ -11004261.715, 2248044.47690000012517 ], [ -11004593.6218, 2248243.353700000792742 ], [ -11004889.9766, 2247952.269499998539686 ], [ -11005077.8137, 2247676.062800001353025 ], [ -11005244.1317, 2247692.492899999022484 ], [ -11005531.818, 2247762.218800000846386 ], [ -11006083.8435, 2246118.182399999350309 ], [ -11005979.9902, 2246133.872999999672174 ], [ -11005735.3356, 2246064.196800000965595 ], [ -11005407.5097, 2245892.084199998527765 ], [ -11004975.0625, 2245586.271099999547005 ], [ -11004781.8563, 2245428.161299999803305 ], [ -11004487.4641, 2245242.711500000208616 ], [ -11003776.0503, 2244979.926199998706579 ], [ -11003542.9796, 2244861.863600000739098 ], [ -11002833.7564, 2244623.521299999207258 ], [ -11002623.8634, 2244519.4560999982059 ], [ -11002080.1457, 2244287.23930000141263 ], [ -11001894.2889, 2244194.327500000596046 ], [ -11001552.3166, 2243991.694200001657009 ], [ -11001347.7169, 2243851.461300000548363 ], [ -11001209.152, 2243789.057100001722574 ], [ -11001217.4419, 2243733.391399998217821 ], [ -11001062.9014, 2243706.221599999815226 ], [ -11000515.9989, 2243435.064899999648333 ], [ -11000420.6258, 2243377.7787000015378 ], [ -11000247.5887, 2243304.375199999660254 ], [ -11000067.5582, 2243206.378899998962879 ], [ -10999909.6305, 2243135.393699999898672 ], [ -10999718.2957, 2243029.366399999707937 ], [ -10999166.3203, 2242803.221900001168251 ], [ -10998924.7779, 2242726.946699999272823 ], [ -10997879.0337, 2241770.784600000828505 ], [ -10997858.7358, 2241949.121800001710653 ], [ -10997804.4227, 2241843.985800001770258 ], [ -10997774.6486, 2241811.07209999859333 ], [ -10997683.9988, 2241616.047600001096725 ], [ -10997632.0092, 2241549.873399998992682 ], [ -10997456.2458, 2241370.39640000090003 ], [ -10997437.4773, 2241365.662200000137091 ], [ -10997417.7882, 2241407.320700000971556 ], [ -10997274.2384, 2241283.310400001704693 ], [ -10997250.1153, 2241260.467799998819828 ], [ -10997262.1902, 2241194.281700000166893 ], [ -10996874.1392, 2240855.240200001746416 ], [ -10996748.2247, 2240976.85190000012517 ], [ -10996581.4683, 2241201.168299999088049 ], [ -10995978.246, 2242280.818599998950958 ], [ -10995853.1492, 2242667.208500001579523 ], [ -10995713.7328, 2243152.203000001609325 ], [ -10995677.9649, 2243236.060199998319149 ], [ -10995630.0906, 2243436.9397 ], [ -10995521.6277, 2243726.991500001400709 ], [ -10995420.6686, 2243929.687899999320507 ], [ -10995126.9386, 2243950.1266999989748 ], [ -10995066.8687, 2243945.230200000107288 ], [ -10995174.2683, 2243709.955899998545647 ], [ -10995235.965, 2243609.834199998527765 ], [ -10995085.0738, 2243397.727299999445677 ], [ -10994980.0827, 2243503.83729999884963 ], [ -10994713.4247, 2243167.259300000965595 ], [ -10994666.0674, 2243160.670200001448393 ], [ -10994507.8721, 2243030.052299998700619 ], [ -10994431.3612, 2242992.003199998289347 ], [ -10994248.7082, 2242923.607799999415874 ], [ -10994066.0142, 2242885.139400001615286 ], [ -10994178.7194, 2242681.955899998545647 ], [ -10994288.5059, 2242573.893399998545647 ], [ -10994389.0018, 2242506.16609999909997 ], [ -10994538.3102, 2242335.632100000977516 ], [ -10994731.0713, 2242045.990800000727177 ], [ -10994809.7607, 2241893.31980000063777 ], [ -10994863.1374, 2241838.868200000375509 ], [ -10994894.1164, 2241845.008699998259544 ], [ -10994977.1094, 2241704.082499999552965 ], [ -10995292.0734, 2241509.055399999022484 ], [ -10995523.8427, 2241439.934300001710653 ], [ -10996198.2042, 2240703.291000001132488 ], [ -10996274.3201, 2240407.747099999338388 ], [ -10996290.2206, 2240323.73589999973774 ], [ -10996280.4214, 2240281.927499998360872 ], [ -10996311.2951, 2240177.431600000709295 ], [ -10996412.6098, 2240035.897300001233816 ], [ -10996461.774, 2239994.497099999338388 ], [ -10996543.2066, 2239788.0929000005126 ], [ -10996630.4367, 2239708.686599999666214 ], [ -10996734.1719, 2239649.390900000929832 ], [ -10996773.5612, 2239564.826699998229742 ], [ -10996809.1064, 2239446.4239999987185 ], [ -10996774.0866, 2239391.793099999427795 ], [ -10996763.1963, 2239350.776200000196695 ], [ -10996799.2468, 2239295.125 ], [ -10996783.207, 2239200.532499998807907 ], [ -10996764.5226, 2239167.050700001418591 ], [ -10996808.0346, 2239080.973400000482798 ], [ -10996966.9443, 2239069.207499999552965 ], [ -10996898.4994, 2238883.726700000464916 ], [ -10996962.5405, 2238730.965799998492002 ], [ -10996824.0851, 2238658.960700001567602 ], [ -10997004.9075, 2238300.529500000178814 ], [ -10996868.7904, 2238260.31810000166297 ], [ -10996495.0197, 2238281.982900001108646 ], [ -10996291.5979, 2238202.978799998760223 ], [ -10995901.3885, 2237886.454599998891354 ], [ -10995883.7109, 2237839.479400001466274 ], [ -10995787.1247, 2237815.107299998402596 ], [ -10995774.4153, 2237794.17850000038743 ], [ -10995825.049, 2237616.246899999678135 ], [ -10995705.238, 2237563.9298 ], [ -10995724.0811, 2237508.043099999427795 ], [ -10995608.6606, 2237454.240299999713898 ], [ -10995527.7611, 2237492.479200001806021 ], [ -10995428.0738, 2237450.60190000012517 ], [ -10995462.9322, 2237340.22690000012517 ], [ -10995521.119, 2237258.382100000977516 ], [ -10995456.3398, 2237225.063900001347065 ], [ -10995434.7372, 2237125.962799999862909 ], [ -10995470.162, 2237056.886799998581409 ], [ -10995336.4732, 2236978.357799999415874 ], [ -10995389.0639, 2236895.437699999660254 ], [ -10995564.8029, 2236720.257599998265505 ], [ -10995545.3632, 2236706.652300000190735 ], [ -10995815.0579, 2236705.556499999016523 ], [ -10995851.8047, 2236588.212000001221895 ], [ -10995242.0775, 2236444.530999999493361 ], [ -10995152.698, 2236928.666999999433756 ], [ -10994836.6777, 2236977.699400000274181 ], [ -10994841.0014, 2237007.5625 ], [ -10994800.1594, 2237096.381999999284744 ], [ -10994856.0519, 2237251.508099999278784 ], [ -10994841.2797, 2237297.670400001108646 ], [ -10994477.1347, 2237776.815000001341105 ], [ -10994420.7156, 2237779.844099998474121 ], [ -10994368.5793, 2237799.966499999165535 ], [ -10994544.6077, 2237882.561999998986721 ], [ -10994651.4709, 2238277.451400000602007 ], [ -10994495.4701, 2238315.915399998426437 ], [ -10994726.9523, 2238456.714999999850988 ], [ -10994655.4663, 2238587.783900000154972 ], [ -10994668.7322, 2238596.353100001811981 ], [ -10994636.2392, 2238665.7652000002563 ], [ -10994625.7618, 2238660.407499998807907 ], [ -10994617.7802, 2238764.318500000983477 ], [ -10994520.871, 2238989.123100001364946 ], [ -10994139.0344, 2239384.240600001066923 ], [ -10993719.2616, 2239134.661200001835823 ], [ -10993642.3721, 2239228.806200001388788 ], [ -10993534.6371, 2239247.4923 ], [ -10993486.941, 2239227.264199998229742 ], [ -10993428.7131, 2239181.532000001519918 ], [ -10993327.8943, 2239175.068599998950958 ], [ -10993274.0704, 2239147.516100000590086 ], [ -10993254.948, 2239161.064100001007318 ], [ -10993208.8439, 2239157.574499998241663 ], [ -10993190.3993, 2239131.228399999439716 ], [ -10993142.66, 2239108.470100000500679 ], [ -10993066.2881, 2239009.672699999064207 ], [ -10992748.8628, 2238861.25959999859333 ], [ -10992640.8596, 2238826.589200001209974 ], [ -10992603.8359, 2238838.334800001233816 ], [ -10992495.6608, 2238764.362300001084805 ], [ -10992396.7201, 2238751.2654 ], [ -10992275.273, 2238801.3882 ], [ -10992191.7008, 2238803.804099999368191 ], [ -10992047.8839, 2238774.167399998754263 ], [ -10991939.8073, 2238783.790399998426437 ], [ -10991809.2085, 2238751.747699998319149 ], [ -10991783.9834, 2238729.044100001454353 ], [ -10991778.2705, 2238685.499800000339746 ], [ -10991658.7612, 2238564.491700001060963 ], [ -10991514.3742, 2238606.564899999648333 ], [ -10991369.5632, 2238516.0757 ], [ -10991237.2408, 2238450.629900000989437 ], [ -10991044.9589, 2238379.534699998795986 ], [ -10991004.542, 2238365.845800001174212 ], [ -10990934.9107, 2238400.998700000345707 ], [ -10990916.6008, 2238392.689599998295307 ], [ -10990891.3758, 2238349.371599998325109 ], [ -10990806.2565, 2238311.036499999463558 ], [ -10990650.6062, 2238157.698399998247623 ], [ -10990561.7766, 2238108.285500001162291 ], [ -10990464.5907, 2238094.1316 ], [ -10990134.6404, 2237762.884700000286102 ], [ -10990130.1084, 2237668.322500001639128 ], [ -10990059.749, 2237641.880199998617172 ], [ -10990032.3287, 2237566.011399999260902 ], [ -10989951.2038, 2237483.19819999858737 ], [ -10989871.4689, 2237468.514199998229742 ], [ -10989779.7315, 2237526.214000001549721 ], [ -10989729.4108, 2237496.286400001496077 ], [ -10989599.3006, 2237505.101199999451637 ], [ -10989458.4902, 2237400.656500000506639 ], [ -10989425.8243, 2237396.915600001811981 ], [ -10989280.5149, 2237398.778999999165535 ], [ -10989098.7402, 2237453.268500000238419 ], [ -10989073.5241, 2237472.76969999819994 ], [ -10988779.7597, 2237413.9857 ], [ -10988628.8693, 2237420.387299999594688 ], [ -10988564.8107, 2237330.62950000166893 ], [ -10988540.444, 2237331.155600000172853 ], [ -10988450.9598, 2237291.883900001645088 ], [ -10988395.3413, 2237293.476599998772144 ], [ -10988343.0122, 2237272.903000000864267 ], [ -10988331.5329, 2237283.857799999415874 ], [ -10988324.1736, 2237264.08839999884367 ], [ -10988234.8207, 2237260.0777000002563 ], [ -10988073.6413, 2237127.037599999457598 ], [ -10988051.1347, 2237139.317699998617172 ], [ -10988017.5541, 2237136.642000000923872 ], [ -10988002.8822, 2237120.344099998474121 ], [ -10987870.5745, 2237092.82319999858737 ], [ -10987845.355, 2237057.81810000166297 ], [ -10987725.6788, 2237004.387800000607967 ], [ -10987665.8634, 2236952.823899999260902 ], [ -10987543.6637, 2236898.053100001066923 ], [ -10987541.4696, 2236888.966600000858307 ], [ -10987486.1081, 2236878.547699999064207 ], [ -10987370.7478, 2236763.129700001329184 ], [ -10987184.3477, 2236736.13060000166297 ], [ -10987137.3441, 2236751.080299999564886 ], [ -10987106.0779, 2236724.899599999189377 ], [ -10987108.6125, 2236690.969700001180172 ], [ -10987071.9696, 2236693.370900001376867 ], [ -10987022.9912, 2236602.27250000089407 ], [ -10986967.6154, 2236612.153200000524521 ], [ -10986950.166, 2236605.464699998497963 ], [ -10986919.8358, 2236567.265900000929832 ], [ -10986853.1278, 2236528.788899999111891 ], [ -10986790.4649, 2236462.003400001674891 ], [ -10986640.2614, 2236449.692800000309944 ], [ -10986573.0032, 2236470.245400000363588 ], [ -10986471.1783, 2236463.820700000971556 ], [ -10986441.9614, 2236486.515500001609325 ], [ -10986391.4446, 2236464.0713 ], [ -10986356.9275, 2236469.670899998396635 ], [ -10986281.3228, 2236447.491300001740456 ], [ -10986252.1293, 2236415.693799998611212 ], [ -10986175.6549, 2236387.901900000870228 ], [ -10986147.3175, 2236352.634199999272823 ], [ -10986062.561, 2236317.891699999570847 ], [ -10985991.4879, 2236193.404899999499321 ], [ -10985943.9045, 2236141.229600001126528 ], [ -10985696.1465, 2235939.517200000584126 ], [ -10985562.0877, 2235848.719000000506639 ], [ -10985510.3685, 2235783.181000001728535 ], [ -10985444.1625, 2235654.847300000488758 ], [ -10985394.9248, 2235608.277199998497963 ], [ -10985231.3228, 2235563.365800000727177 ], [ -10985130.0342, 2235489.186599999666214 ], [ -10985017.6765, 2235330.583999998867512 ], [ -10985002.9487, 2235295.29839999973774 ], [ -10984887.5439, 2235171.946600001305342 ], [ -10984858.7867, 2235074.135299999266863 ], [ -10984770.606, 2234983.688999999314547 ], [ -10984663.6138, 2234770.8794 ], [ -10984591.3038, 2234713.316700000315905 ], [ -10984401.6654, 2234510.763900000602007 ], [ -10984350.2872, 2234401.6554000005126 ], [ -10984272.605, 2234427.904100000858307 ], [ -10983796.6283, 2234382.878499999642372 ], [ -10983353.243, 2234290.491799999028444 ], [ -10983320.1131, 2234310.547800000756979 ], [ -10983269.1967, 2234285.536100000143051 ], [ -10983218.5418, 2234225.339899998158216 ], [ -10983118.7807, 2234159.172499999403954 ], [ -10983029.656, 2234117.597300000488758 ], [ -10982752.1386, 2233919.934399999678135 ], [ -10982698.7034, 2233688.269799999892712 ], [ -10982723.4818, 2233580.155299998819828 ], [ -10982789.973, 2233450.4901 ], [ -10982886.3089, 2233302.190600000321865 ], [ -10983302.0481, 2232844.371199999004602 ], [ -10983294.8815, 2232804.783700000494719 ], [ -10983316.4327, 2232629.276099998503923 ], [ -10983310.5462, 2232526.265099998563528 ], [ -10983265.9827, 2232445.665600001811981 ], [ -10983102.3242, 2232345.979800000786781 ], [ -10983007.8498, 2232240.489199999719858 ], [ -10982916.2971, 2232179.541799999773502 ], [ -10982775.2708, 2232136.219099998474121 ], [ -10982776.7114, 2232124.905499998480082 ], [ -10982754.2105, 2232126.22580000013113 ], [ -10982720.0599, 2232103.304400000721216 ], [ -10982571.7946, 2232083.357299998402596 ], [ -10982566.7607, 2232057.578899998217821 ], [ -10982556.0395, 2232057.100299999117851 ], [ -10982285.1256, 2231670.212699998170137 ], [ -10982203.4739, 2231754.286400001496077 ], [ -10982013.5985, 2232124.443399999290705 ], [ -10981919.3131, 2232040.908300001174212 ], [ -10981883.9357, 2231988.297200001776218 ], [ -10981775.3114, 2232020.874800000339746 ], [ -10981746.0177, 2232009.024599999189377 ], [ -10981732.4122, 2231971.659699998795986 ], [ -10981730.6623, 2231871.433899998664856 ], [ -10981659.4345, 2231836.343699999153614 ], [ -10981547.3615, 2231730.289500001817942 ], [ -10981435.7825, 2231747.02140000090003 ], [ -10981396.7283, 2231729.254200000315905 ], [ -10981351.6538, 2231679.050700001418591 ], [ -10981310.2018, 2231652.869899999350309 ], [ -10981097.191, 2231529.987300001084805 ], [ -10981063.088, 2231527.808899998664856 ], [ -10981020.6198, 2231476.19819999858737 ], [ -10980979.1599, 2231477.014699999243021 ], [ -10980950.218, 2231518.162200000137091 ], [ -10980877.8981, 2231519.975299999117851 ], [ -10980770.6294, 2231554.124200001358986 ], [ -10980733.6248, 2231554.157200001180172 ], [ -10980714.2452, 2231590.938400000333786 ], [ -10980720.4411, 2231614.031700000166893 ], [ -10980670.4197, 2231662.9857 ], [ -10980601.7512, 2231786.642200000584126 ], [ -10980523.4792, 2231829.707699999213219 ], [ -10980512.5031, 2231847.679499998688698 ], [ -10980525.1578, 2231847.866099998354912 ], [ -10980440.7587, 2232031.073399998247623 ], [ -10980417.5275, 2232016.095600001513958 ], [ -10980386.9003, 2232032.812399998307228 ], [ -10980364.6007, 2232052.273699998855591 ], [ -10980344.0543, 2232096.472199998795986 ], [ -10980312.0679, 2232119.694899998605251 ], [ -10980262.4717, 2232107.627099998295307 ], [ -10980165.7382, 2232118.535300001502037 ], [ -10980069.8032, 2232232.3766999989748 ], [ -10979992.3126, 2232268.993700001388788 ], [ -10979772.8696, 2232268.06810000166297 ], [ -10979740.9321, 2232291.0168999992311 ], [ -10979520.3637, 2232352.930300001055002 ], [ -10979385.1484, 2232410.626499999314547 ], [ -10979317.2468, 2232333.005300000309944 ], [ -10979265.7025, 2232353.221200000494719 ], [ -10979239.2742, 2232391.462400000542402 ], [ -10979188.7674, 2232375.17119999974966 ], [ -10979155.9827, 2232328.997900001704693 ], [ -10979036.941, 2232285.458799999207258 ], [ -10978897.4153, 2232271.61430000141263 ], [ -10978823.4101, 2232304.452300000935793 ], [ -10978807.575, 2232339.334199998527765 ], [ -10978677.4458, 2232415.996599998325109 ], [ -10978575.4057, 2232519.814300000667572 ], [ -10978572.1152, 2232558.994800001382828 ], [ -10978589.2284, 2232604.006499998271465 ], [ -10978557.1385, 2232687.808699999004602 ], [ -10978460.1146, 2232867.015599999576807 ], [ -10978388.9266, 2232917.579300001263618 ], [ -10978291.5099, 2232934.046 ], [ -10978461.8833, 2233005.011900000274181 ], [ -10978560.508, 2233115.401999998837709 ], [ -10978697.8328, 2233204.41609999909997 ], [ -10978840.2638, 2233235.037000000476837 ], [ -10978892.1298, 2233164.079799998551607 ], [ -10978988.9943, 2233161.477800000458956 ], [ -10979209.317, 2233214.3462999984622 ], [ -10979192.2574, 2233404.171300001442432 ], [ -10979292.7119, 2233422.342199999839067 ], [ -10979457.5235, 2233588.214099999517202 ], [ -10979444.4014, 2233660.633200000971556 ], [ -10979545.7255, 2233651.355599999427795 ], [ -10979600.5726, 2233690.341899998486042 ], [ -10979655.0401, 2233693.7787000015378 ], [ -10979674.7815, 2233725.3574 ], [ -10979767.1444, 2233762.06980000063777 ], [ -10979780.2678, 2233800.270300000905991 ], [ -10979800.0516, 2233811.931200001388788 ], [ -10979895.4768, 2233750.761 ], [ -10979917.8855, 2233766.552499998360872 ], [ -10979944.512, 2233811.591899998486042 ], [ -10979992.0365, 2233974.344099998474121 ], [ -10980026.5334, 2234054.084399998188019 ], [ -10980052.9128, 2234069.078299999237061 ], [ -10980087.7, 2234012.724599998444319 ], [ -10980236.8282, 2233915.013099998235703 ], [ -10980286.1082, 2233863.777499999850988 ], [ -10980324.0903, 2233857.219999998807907 ], [ -10980373.4995, 2233886.6798 ], [ -10980411.7111, 2233957.192899998277426 ], [ -10980428.9054, 2234020.884100001305342 ], [ -10980543.1158, 2234106.643100000917912 ], [ -10980495.1181, 2234166.28940000012517 ], [ -10980498.2577, 2234242.643699999898672 ], [ -10980478.3123, 2234307.329999998211861 ], [ -10980383.8866, 2234414.881799999624491 ], [ -10980245.1015, 2234517.619300000369549 ], [ -10980221.9136, 2234554.082600001245737 ], [ -10979995.1156, 2234586.027199998497963 ], [ -10979904.4524, 2234524.421799998730421 ], [ -10979757.6511, 2234467.67119999974966 ], [ -10979724.6247, 2234472.578499998897314 ], [ -10979690.4107, 2234513.7029 ], [ -10979669.2757, 2234587.671700000762939 ], [ -10979689.3965, 2234733.083700001239777 ], [ -10979664.5691, 2234762.906300000846386 ], [ -10979591.8975, 2234806.932799998670816 ], [ -10979554.769, 2234890.760200001299381 ], [ -10979480.2375, 2234964.911499999463558 ], [ -10979453.2813, 2235045.633600000292063 ], [ -10979429.5925, 2235241.773899998515844 ], [ -10979422.9179, 2235469.604499999433756 ], [ -10979392.1311, 2235635.897799998521805 ], [ -10979357.1114, 2235750.541600000113249 ], [ -10979381.6717, 2235966.567099999636412 ], [ -10979371.5282, 2236021.018100000917912 ], [ -10979287.2761, 2236200.658599998801947 ], [ -10979058.0883, 2236354.773299999535084 ], [ -10978944.3854, 2236449.594900000840425 ], [ -10978897.0556, 2236505.631700001657009 ], [ -10978919.4096, 2236646.539500001817942 ], [ -10978892.1281, 2236943.047499999403954 ], [ -10978867.4457, 2237014.920200001448393 ], [ -10978781.1732, 2237068.253699999302626 ], [ -10978764.0421, 2237100.760499998927116 ], [ -10978775.6995, 2237158.147100001573563 ], [ -10978816.6864, 2237189.395100001245737 ], [ -10978824.1101, 2237213.678899999707937 ], [ -10979142.3316, 2237529.295499999076128 ], [ -10979087.5389, 2237627.360199999064207 ], [ -10979434.9893, 2237934.846599999815226 ], [ -10979409.5137, 2237947.350600000470877 ], [ -10979432.2899, 2238011.916000001132488 ], [ -10979529.6809, 2238081.726700000464916 ], [ -10979523.2167, 2238160.7989999987185 ], [ -10979540.4133, 2238238.461599998176098 ], [ -10979541.6312, 2238363.4239999987185 ], [ -10979437.4752, 2238453.043400000780821 ], [ -10979378.3221, 2238674.89640000090003 ], [ -10979411.6544, 2238675.50899999961257 ], [ -10979440.8926, 2238717.790500000119209 ], [ -10979492.5446, 2238746.764899998903275 ], [ -10979552.0471, 2238824.917100001126528 ], [ -10979575.0548, 2238838.32880000025034 ], [ -10979572.7062, 2238874.387600000947714 ], [ -10979583.7066, 2238880.824999999254942 ], [ -10979600.5314, 2238872.050999999046326 ], [ -10979608.1077, 2238893.974300000816584 ], [ -10979600.2686, 2238898.229899998754263 ], [ -10979650.858, 2238927.471599999815226 ], [ -10979651.8464, 2238958.462400000542402 ], [ -10979692.7274, 2238991.686700001358986 ], [ -10979691.5374, 2239019.199799999594688 ], [ -10979711.4927, 2239056.916600000113249 ], [ -10979705.4733, 2239079.07660000026226 ], [ -10979716.9748, 2239097.268300000578165 ], [ -10979701.1676, 2239156.27140000090003 ], [ -10979455.9818, 2239383.872600000351667 ], [ -10979444.3102, 2239429.754299998283386 ], [ -10979473.3133, 2239518.254099998623133 ], [ -10979826.7184, 2239294.956000000238419 ], [ -10979826.5068, 2239416.246100001037121 ], [ -10979536.4146, 2239620.726199999451637 ], [ -10979629.7004, 2239787.658700000494719 ], [ -10979642.2129, 2239913.789000000804663 ], [ -10979665.4719, 2239988.649399999529123 ], [ -10979691.9513, 2240048.023299999535084 ], [ -10979766.9128, 2240154.819200001657009 ], [ -10979662.875, 2240234.806699998676777 ], [ -10979625.8833, 2240242.109200000762939 ], [ -10979613.6572, 2240215.568900000303984 ], [ -10979623.0747, 2240160.707100000232458 ], [ -10979617.9573, 2240087.10080000013113 ], [ -10979611.1112, 2240065.461300000548363 ], [ -10979573.7713, 2240051.749299999326468 ], [ -10979513.0307, 2240046.793299999088049 ], [ -10979352.4481, 2240203.232200000435114 ], [ -10979303.9318, 2240194.566399998962879 ], [ -10979282.81, 2240169.401299998164177 ], [ -10979240.139, 2240159.680599998682737 ], [ -10979206.8044, 2240105.898899998515844 ], [ -10979178.2589, 2240105.830200001597404 ], [ -10979146.2755, 2240154.109700001776218 ], [ -10979164.8403, 2240217.741099998354912 ], [ -10979157.0155, 2240242.300700001418591 ], [ -10979164.77, 2240358.003800000995398 ], [ -10979019.9502, 2240447.688299998641014 ], [ -10979099.8909, 2240558.223600000143051 ], [ -10978851.7228, 2240768.418200001120567 ], [ -10978824.8326, 2240658.546300001442432 ], [ -10978748.9353, 2240549.620099999010563 ], [ -10978651.9937, 2240635.145199999213219 ], [ -10978494.551, 2240723.726500000804663 ], [ -10978471.0918, 2240733.021699998527765 ], [ -10978438.9827, 2240691.263999998569489 ], [ -10978306.814, 2240710.175999999046326 ], [ -10977908.1011, 2240900.483399998396635 ], [ -10977871.664, 2241011.853799998760223 ], [ -10977657.6845, 2240971.968899998813868 ], [ -10977436.7374, 2240881.171399999409914 ], [ -10977201.1333, 2240725.5713 ], [ -10977065.5261, 2240583.034099999815226 ], [ -10977003.6703, 2240490.5724 ], [ -10976956.6814, 2240560.388700000941753 ], [ -10976609.5682, 2241420.613499999046326 ], [ -10976459.4684, 2241386.029500000178814 ], [ -10976441.5514, 2241589.570300001651049 ], [ -10976456.3258, 2241629.422400001436472 ], [ -10976521.3999, 2241707.606800001114607 ], [ -10976533.1085, 2241778.710700001567602 ], [ -10976427.6121, 2243176.775699999183416 ], [ -10976412.6384, 2243170.213899999856949 ], [ -10976378.5154, 2243619.98369999974966 ], [ -10976294.5753, 2243639.421500001102686 ], [ -10976278.4285, 2243772.914500001817942 ], [ -10976369.0497, 2243752.507500000298023 ], [ -10976367.5718, 2243939.880199998617172 ], [ -10976334.3809, 2244165.901999998837709 ], [ -10976291.741, 2244302.917500000447035 ], [ -10976021.2615, 2244785.122099999338388 ], [ -10976036.8328, 2244797.305599998682737 ], [ -10975752.9903, 2245311.964699998497963 ], [ -10976168.3634, 2245203.497900001704693 ], [ -10976037.7956, 2245594.604699999094009 ], [ -10976621.6798, 2245880.083399999886751 ], [ -10976852.3472, 2246017.785700000822544 ], [ -10977400.1871, 2246292.509300000965595 ], [ -10977170.8956, 2246645.028000000864267 ], [ -10977359.9606, 2246748.810199998319149 ], [ -10977417.4549, 2246935.677999999374151 ], [ -10977594.8314, 2247184.920000001788139 ], [ -10977596.6591, 2247466.32490000128746 ], [ -10977510.4492, 2247548.228199999779463 ], [ -10977463.9387, 2247610.357099998742342 ], [ -10977432.1236, 2247699.454999998211861 ], [ -10977463.6425, 2247740.43189999833703 ], [ -10977518.8326, 2247750.648800000548363 ], [ -10977551.2676, 2247739.252399999648333 ], [ -10977532.7429, 2247772.913600001484156 ], [ -10978047.1692, 2247939.515000000596046 ], [ -10978381.936, 2247817.784000001847744 ], [ -10978913.8392, 2247600.136 ], [ -10978724.6934, 2248630.131099998950958 ], [ -10978986.1658, 2248705.920400001108646 ], [ -10979412.0909, 2248857.503400001674891 ], [ -10979507.6753, 2248832.37779999896884 ], [ -10979476.4703, 2248875.249899998307228 ], [ -10979682.3735, 2248933.344500001519918 ], [ -10979726.151, 2248931.169799998402596 ], [ -10980124.7706, 2249213.55180000141263 ], [ -10980419.6359, 2249444.229899998754263 ], [ -10980426.5187, 2249492.271600000560284 ], [ -10980412.0773, 2249498.782400000840425 ], [ -10980413.619, 2249645.200300000607967 ], [ -10980329.1999, 2250249.570099998265505 ], [ -10980371.3466, 2250395.276900000870228 ], [ -10980421.0262, 2250480.580400001257658 ], [ -10980471.4763, 2250527.634500000625849 ], [ -10980500.2501, 2250615.847899999469519 ], [ -10980528.3059, 2250639.590599998831749 ], [ -10980923.9945, 2250232.559399999678135 ], [ -10981152.7684, 2250013.852899998426437 ], [ -10981463.2706, 2249749.342399999499321 ], [ -10981708.8691, 2249519.97859999909997 ], [ -10982032.8124, 2249822.697500001639128 ], [ -10982381.3436, 2250066.124499998986721 ], [ -10982443.2627, 2250089.387200001627207 ], [ -10983049.4776, 2250585.447500001639128 ], [ -10984928.9347, 2249044.268800001591444 ], [ -10985115.968, 2249212.936799999326468 ], [ -10985722.6182, 2249692.197700001299381 ], [ -10986775.7606, 2248177.00730000063777 ], [ -10986924.991, 2247991.519799999892712 ], [ -10987210.4956, 2247565.9485 ], [ -10988783.5556, 2245426.410599999129772 ], [ -10988790.7313, 2245430.727000001817942 ], [ -10988862.3698, 2245368.435899998992682 ], [ -10989354.3074, 2244698.931200001388788 ], [ -10989720.3961, 2244151.775699999183416 ], [ -10989748.1724, 2244066.460499998182058 ], [ -10989908.3068, 2243804.269200000911951 ], [ -10990072.5351, 2243280.798000000417233 ], [ -10990122.3416, 2243296.836399998515844 ], [ -10990060.4525, 2243480.139400001615286 ], [ -10990068.8873, 2243546.945900000631809 ], [ -10990202.7589, 2243305.3794 ], [ -10991194.9634, 2241794.63569999858737 ], [ -10991685.1951, 2242183.820999998599291 ], [ -10991834.0606, 2242315.424199998378754 ], [ -10992546.8181, 2242801.063499998301268 ], [ -10992630.4823, 2242883.962499998509884 ], [ -10992728.1886, 2242917.798000000417233 ], [ -10992782.1274, 2242951.313499998301268 ], [ -10992782.7162, 2242964.823899999260902 ], [ -10992951.9464, 2243052.144499998539686 ], [ -10992812.6958, 2243307.606600001454353 ], [ -10992769.3581, 2243409.357200000435114 ], [ -10990452.5977, 2247459.307100001722574 ], [ -10990979.8593, 2247712.837699998170137 ], [ -10991029.9931, 2247751.702799998223782 ], [ -10991316.5228, 2247888.142499998211861 ], [ -10992431.5322, 2248371.1283 ], [ -10992988.034, 2248658.8827 ], [ -10993655.1637, 2248975.427799999713898 ], [ -10994154.5375, 2249145.849500000476837 ], [ -10994169.6358, 2249125.951699998229742 ], [ -10994433.7134, 2249151.950899999588728 ], [ -10994379.1012, 2249438.159099999815226 ], [ -10994350.6913, 2249805.773600000888109 ], [ -10994347.0465, 2250387.62049999833107 ], [ -10994156.4999, 2250943.109700001776218 ], [ -10994340.3417, 2250975.83219999819994 ], [ -10994684.5641, 2251066.891199998557568 ], [ -10994911.3408, 2251091.4662000015378 ], [ -10995965.4485, 2251328.964899998158216 ], [ -10995873.367, 2251531.1435999982059 ], [ -10995756.0599, 2251860.176100000739098 ], [ -10995818.9742, 2251952.885299999266863 ], [ -10995784.1146, 2251987.988000001758337 ], [ -10995850.0277, 2252047.8739 ], [ -10995811.9902, 2252073.73200000077486 ], [ -10995827.8264, 2252238.0154 ], [ -10995975.632, 2252561.498199999332428 ], [ -10995949.5454, 2252675.286499999463558 ], [ -10995980.5489, 2252907.758200000971556 ], [ -10996039.7025, 2253035.340999998152256 ], [ -10995999.0948, 2253319.508600000292063 ], [ -10995983.785, 2253310.583500001579523 ], [ -10995869.0257, 2253564.743200000375509 ], [ -10995865.8753, 2253656.901200000196695 ], [ -10995917.1236, 2253756.401500001549721 ], [ -10995935.5913, 2253914.589899998158216 ], [ -10995979.4922, 2253975.704199999570847 ], [ -10996034.4925, 2254013.054000001400709 ], [ -10996073.0552, 2254100.165100000798702 ], [ -10996112.0773, 2254148.326499998569489 ], [ -10996119.7406, 2254190.0559 ], [ -10996134.5227, 2254201.723499998450279 ], [ -10996144.8664, 2254234.772399999201298 ], [ -10994380.1153, 2253243.667599998414516 ], [ -10994262.4126, 2253492.870299998670816 ], [ -10993701.948, 2253153.044199999421835 ], [ -10993401.9076, 2253028.645300000905991 ], [ -10993192.4119, 2252912.417300000786781 ], [ -10992842.1919, 2253665.509199999272823 ], [ -10992732.984, 2253944.712900001555681 ], [ -10992650.8237, 2254197.974500000476837 ], [ -10992541.763, 2254420.689599998295307 ], [ -10992483.997, 2254504.771200001239777 ], [ -10992453.9607, 2254523.015299998223782 ], [ -10992314.4006, 2254496.140000000596046 ], [ -10992213.0788, 2254525.199999999254942 ], [ -10992131.4851, 2254534.884300000965595 ], [ -10992089.1311, 2254523.659200001507998 ], [ -10991949.9385, 2254417.920299999415874 ], [ -10991888.0692, 2254339.48200000077486 ], [ -10991540.3451, 2254855.599599998444319 ], [ -10991327.8502, 2255317.691399998962879 ], [ -10991365.0247, 2255424.447200000286102 ], [ -10991358.7296, 2255504.372600000351667 ], [ -10991314.8339, 2255669.874400001019239 ], [ -10991281.2523, 2255887.741599999368191 ], [ -10991132.4682, 2256303.6217 ], [ -10990991.6969, 2256658.334199998527765 ], [ -10990494.4727, 2257042.021200001239777 ], [ -10990679.3599, 2257066.1897 ], [ -10990926.0028, 2257196.044799998402596 ], [ -10991075.7085, 2257307.082899998873472 ], [ -10991140.3307, 2257329.927299998700619 ], [ -10991219.1093, 2257347.612100001424551 ], [ -10991335.1175, 2257353.854699999094009 ], [ -10991443.6096, 2257270.499000001698732 ], [ -10991542.6092, 2257300.452300000935793 ], [ -10991557.8711, 2257309.702500000596046 ], [ -10991529.802, 2257570.59910000115633 ], [ -10991602.783, 2257584.155499998480082 ], [ -10991564.2352, 2257784.788100000470877 ], [ -10991630.1687, 2257795.375999998301268 ], [ -10991594.4429, 2257939.946800000965595 ], [ -10991650.0304, 2257957.138700000941753 ], [ -10992044.2827, 2258141.711199998855591 ], [ -10992826.1263, 2258414.938400000333786 ], [ -10993062.0168, 2258463.401999998837709 ], [ -10993198.1706, 2258468.713500000536442 ], [ -10993375.9622, 2258428.445799998939037 ], [ -10993490.6002, 2258393.026599999517202 ], [ -10993507.2725, 2258378.38060000166297 ], [ -10993960.3295, 2258246.573899999260902 ], [ -10994052.4297, 2258230.861299999058247 ], [ -10994074.432, 2258217.270100001245737 ], [ -10994266.0506, 2258282.216400001198053 ] ] ] ] } },
{ "type": "Feature", "properties": { "OBJECTID": 681, "ID": "15017", "NAME": "Ayapango", "TOTPOP_CY": 10301, "AREA": 50.67, "Shape__Area": 57075656.588737935, "Shape__Length": 48237.65648839053, "metro_only_count": 0.0, "bus_only_count": 31.0, "bus_metro_count": 3.0, "n_cat": "1", "label_range": "0 – 0" }, "geometry": { "type": "MultiPolygon", "coordinates": [ [ [ [ -11000302.2143, 2174751.9054000005126 ], [ -11000377.867, 2174870.045499999076128 ], [ -11000560.2293, 2174875.581199999898672 ], [ -11000951.021, 2174697.270799998193979 ], [ -11001211.316, 2174712.928800001740456 ], [ -11001371.0939, 2174308.750700000673532 ], [ -11001636.7635, 2174179.724599998444319 ], [ -11001659.2755, 2174143.998399998992682 ], [ -11001790.0271, 2174075.558400001376867 ], [ -11001868.7944, 2174085.432 ], [ -11002171.1949, 2174305.777399998158216 ], [ -11002311.6045, 2174346.566700000315905 ], [ -11002411.6962, 2174402.8761 ], [ -11002596.7383, 2174447.707899998873472 ], [ -11002655.3458, 2174521.135600000619888 ], [ -11002833.3099, 2174529.256700001657009 ], [ -11002934.2477, 2174588.4419 ], [ -11003175.2914, 2174594.635299999266863 ], [ -11003308.101, 2174556.155200000852346 ], [ -11003609.798, 2174625.549100000411272 ], [ -11003702.9325, 2174671.323399998247623 ], [ -11003812.0092, 2174688.937300000339746 ], [ -11003930.6497, 2174533.964800000190735 ], [ -11004017.0368, 2174476.982299998402596 ], [ -11004159.2297, 2174306.372600000351667 ], [ -11004150.0464, 2174280.852099999785423 ], [ -11004176.7692, 2174209.188400000333786 ], [ -11004096.3711, 2174260.357900001108646 ], [ -11004024.3849, 2174271.479100000113249 ], [ -11003920.1631, 2174341.421300001442432 ], [ -11003625.3871, 2174374.228900000452995 ], [ -11003456.8717, 2174352.894099999219179 ], [ -11003368.7223, 2174295.749400001019239 ], [ -11003430.3987, 2174057.88459999859333 ], [ -11003429.4903, 2174043.696800000965595 ], [ -11003409.9582, 2174030.72859999909997 ], [ -11003444.339, 2173824.035500001162291 ], [ -11003398.1973, 2173637.488000001758337 ], [ -11003292.1633, 2173684.875399999320507 ], [ -11003268.028, 2173706.421300001442432 ], [ -11003211.7807, 2173716.488899998366833 ], [ -11002907.8951, 2173615.299699999392033 ], [ -11002659.646, 2173506.169399999082088 ], [ -11002242.6709, 2173245.910799998790026 ], [ -11001955.0182, 2172897.377599999308586 ], [ -11001972.0165, 2172866.775199998170137 ], [ -11002037.7386, 2172853.2599 ], [ -11002096.1468, 2172826.957600001245737 ], [ -11002139.0549, 2172826.732500001788139 ], [ -11002525.2033, 2172306.57880000025034 ], [ -11002578.8971, 2172226.617199998348951 ], [ -11002665.9823, 2172046.729899998754263 ], [ -11002704.8774, 2171998.545200001448393 ], [ -11002745.4478, 2171969.658700000494719 ], [ -11002767.528, 2171936.186099998652935 ], [ -11002796.0625, 2171942.346599999815226 ], [ -11002854.6811, 2171918.089999999850988 ], [ -11002990.954, 2171827.490600001066923 ], [ -11003098.3205, 2171708.843299999833107 ], [ -11003081.5213, 2171704.506999999284744 ], [ -11003109.2298, 2171640.704199999570847 ], [ -11003051.9771, 2171604.276799999177456 ], [ -11003012.2205, 2171595.703299999237061 ], [ -11002956.1019, 2171543.2401 ], [ -11002857.7245, 2171492.218100000172853 ], [ -11002502.2614, 2171408.565499998629093 ], [ -11002484.6874, 2171373.518399998545647 ], [ -11002487.861, 2171349.6184 ], [ -11002438.9839, 2171335.8849 ], [ -11002408.7152, 2171306.861600000411272 ], [ -11002662.429, 2171178.394000001251698 ], [ -11002722.9824, 2171162.837900001555681 ], [ -11002757.8453, 2171096.748500000685453 ], [ -11002797.0043, 2170797.777499999850988 ], [ -11002899.211, 2170842.831900000572205 ], [ -11003097.224, 2170799.96339999884367 ], [ -11003115.4793, 2170771.442600000649691 ], [ -11003111.0776, 2170742.939599998295307 ], [ -11003126.9074, 2170687.053599998354912 ], [ -11003117.8147, 2170561.887699998915195 ], [ -11003232.8233, 2170588.426100000739098 ], [ -11003382.0939, 2170355.615499999374151 ], [ -11003394.653, 2170313.3301 ], [ -11003394.6541, 2170051.932199999690056 ], [ -11003421.6745, 2169963.33049999922514 ], [ -11003516.7104, 2169922.008200000971556 ], [ -11003648.3589, 2169823.875199999660254 ], [ -11003813.6694, 2169744.670800000429153 ], [ -11003838.3212, 2169719.506000000983477 ], [ -11003871.706, 2169644.76069999858737 ], [ -11003654.181, 2169608.531399998813868 ], [ -11003574.0754, 2169481.277699999511242 ], [ -11004062.0077, 2168244.839299999177456 ], [ -11004229.3643, 2167748.831799998879433 ], [ -11003935.4208, 2167774.313299998641014 ], [ -11003042.88, 2167813.979100000113249 ], [ -11002859.608, 2167717.814800001680851 ], [ -11002898.68, 2167644.14299999922514 ], [ -11002885.7102, 2167584.8761 ], [ -11002916.1796, 2167495.708399999886751 ], [ -11002949.0922, 2167448.334899999201298 ], [ -11002945.3964, 2167420.2632 ], [ -11002920.6078, 2167399.656100001186132 ], [ -11002872.8573, 2167395.24549999833107 ], [ -11002810.1877, 2167352.406500000506639 ], [ -11002758.1859, 2167248.818799998611212 ], [ -11002751.4145, 2167194.547400001436472 ], [ -11002799.2662, 2167086.6875 ], [ -11002847.1135, 2167060.276200000196695 ], [ -11002883.9057, 2167024.463100001215935 ], [ -11003202.2806, 2167119.401200000196695 ], [ -11003221.0593, 2166993.806000001728535 ], [ -11003179.6365, 2166978.827300000935793 ], [ -11003340.831, 2166813.438299998641014 ], [ -11003329.3597, 2166643.907600000500679 ], [ -11003418.1681, 2166472.3310999982059 ], [ -11003373.3029, 2166370.112300001084805 ], [ -11003334.6517, 2166360.129700001329184 ], [ -11003261.753, 2166442.352600000798702 ], [ -11003230.283, 2166443.227800000458956 ], [ -11003171.8703, 2166413.335200000554323 ], [ -11003158.3473, 2166453.109299998730421 ], [ -11003087.2598, 2166519.055500000715256 ], [ -11003044.9895, 2166533.485399998724461 ], [ -11002972.0208, 2166490.019299998879433 ], [ -11002921.7454, 2166409.497299998998642 ], [ -11002896.8923, 2166411.353900000452995 ], [ -11002856.9643, 2166433.856499999761581 ], [ -11002832.7244, 2166478.511100001633167 ], [ -11002825.8192, 2166505.710700001567602 ], [ -11002843.5992, 2166558.035599999129772 ], [ -11002836.7319, 2166616.210900001227856 ], [ -11002794.3736, 2166640.123799998313189 ], [ -11002731.0241, 2166649.690600000321865 ], [ -11002873.6966, 2166172.58500000089407 ], [ -11002468.9512, 2165643.388000000268221 ], [ -11002553.9915, 2165505.993099998682737 ], [ -11002823.0763, 2165158.268699999898672 ], [ -11002901.0211, 2165033.78999999910593 ], [ -11003068.2397, 2164979.907299999147654 ], [ -11003209.4975, 2164894.370099999010563 ], [ -11003507.6322, 2164626.137800000607967 ], [ -11003535.5768, 2164572.448100000619888 ], [ -11003285.4051, 2164493.794100001454353 ], [ -11003176.9164, 2164483.716699998825788 ], [ -11003050.2316, 2164412.752399999648333 ], [ -11003004.0416, 2164418.187300000339746 ], [ -11002956.0629, 2164367.042700000107288 ], [ -11002890.1987, 2164357.196400001645088 ], [ -11002855.6507, 2164377.706500001251698 ], [ -11002728.438, 2164403.720199998468161 ], [ -11002689.4006, 2164390.831799998879433 ], [ -11002680.2011, 2164360.117600001394749 ], [ -11002644.7248, 2164338.665600001811981 ], [ -11002363.6986, 2164219.162900000810623 ], [ -11002311.2815, 2164187.816700000315905 ], [ -11002308.6801, 2164165.592199999839067 ], [ -11002079.4298, 2164196.227000001817942 ], [ -11001968.3986, 2164190.7522 ], [ -11002229.9972, 2163575.739100001752377 ], [ -11002289.0223, 2163470.782699998468161 ], [ -11001876.3596, 2163410.78660000115633 ], [ -11001492.627, 2163381.33219999819994 ], [ -11001399.211, 2163376.6081000007689 ], [ -11001186.023, 2163407.28830000013113 ], [ -11001292.0828, 2163697.991700001060963 ], [ -11001430.9939, 2163939.831599999219179 ], [ -11001457.7206, 2164249.040399998426437 ], [ -11001346.5336, 2164316.910900000482798 ], [ -11000880.1216, 2164413.777300000190735 ], [ -11000806.4937, 2164444.149599999189377 ], [ -11000745.9114, 2164495.984900001436472 ], [ -11000688.7109, 2164605.259100001305342 ], [ -11000028.7045, 2164570.340799998492002 ], [ -10999554.0653, 2165705.083200000226498 ], [ -10998738.9756, 2165370.185100000351667 ], [ -10998765.0843, 2165472.650800000876188 ], [ -10998721.1391, 2165544.749800000339746 ], [ -10998579.1321, 2165517.877700001001358 ], [ -10998484.8589, 2165748.7364999987185 ], [ -10998244.0904, 2166190.290699999779463 ], [ -10998244.3432, 2166247.333999998867512 ], [ -10998314.6257, 2166334.766800001263618 ], [ -10997987.2285, 2166797.77140000090003 ], [ -10997774.5892, 2167051.299600001424551 ], [ -10997937.9137, 2167475.316399998962879 ], [ -10997757.201, 2167759.557500001043081 ], [ -10997501.5226, 2168083.59010000154376 ], [ -10997451.4645, 2168119.96510000154376 ], [ -10997108.2633, 2168155.856699999421835 ], [ -10997037.9416, 2168215.471599999815226 ], [ -10996989.2572, 2168238.16270000115037 ], [ -10997193.457, 2168676.522900000214577 ], [ -10996836.1551, 2169309.826900001615286 ], [ -10996793.3895, 2169409.127599999308586 ], [ -10996638.2721, 2169431.465199999511242 ], [ -10996534.1888, 2169422.8935999982059 ], [ -10996361.6925, 2169399.11879999935627 ], [ -10996367.1181, 2169382.198300000280142 ], [ -10996320.4296, 2169380.455800000578165 ], [ -10996152.0631, 2169302.367800001055002 ], [ -10996132.6813, 2169339.24439999833703 ], [ -10995971.0111, 2169317.200199998915195 ], [ -10995914.3773, 2169289.889400001615286 ], [ -10995809.1184, 2169513.241799999028444 ], [ -10995758.4231, 2169503.121899999678135 ], [ -10995782.8144, 2169540.703499998897314 ], [ -10995733.0891, 2169631.626800000667572 ], [ -10995630.1608, 2169568.087799999862909 ], [ -10995604.5972, 2169598.4529 ], [ -10995579.9177, 2169719.478900000452995 ], [ -10995354.1897, 2170142.186500001698732 ], [ -10995341.7565, 2170257.3695 ], [ -10995359.8171, 2170279.651500001549721 ], [ -10995378.62, 2170293.444299999624491 ], [ -10995478.814, 2170310.565699998289347 ], [ -10995530.5298, 2170358.329100001603365 ], [ -10995527.1346, 2170384.821199998259544 ], [ -10995480.0596, 2170432.885400000959635 ], [ -10995553.9625, 2170432.32209999859333 ], [ -10995785.516, 2170392.040100000798702 ], [ -10995886.5584, 2170857.500500001013279 ], [ -10995577.5807, 2171756.19819999858737 ], [ -10995537.1767, 2171912.146200001239777 ], [ -10995603.6291, 2171901.7566 ], [ -10995681.0427, 2171917.49379999935627 ], [ -10995774.8795, 2171914.863499999046326 ], [ -10995889.2825, 2171929.605999998748302 ], [ -10995978.3013, 2171908.556099999696016 ], [ -10996147.7485, 2171966.160399999469519 ], [ -10996275.8025, 2171991.770899999886751 ], [ -10996467.5171, 2172007.533700000494719 ], [ -10996518.9034, 2171950.788499999791384 ], [ -10996746.5549, 2172065.806499999016523 ], [ -10997036.5234, 2172252.118700001388788 ], [ -10997108.6139, 2172317.909000001847744 ], [ -10997129.7798, 2172301.696600001305342 ], [ -10997256.5442, 2172104.874400001019239 ], [ -10997328.836, 2172147.687100000679493 ], [ -10997314.0398, 2172168.886 ], [ -10997301.0664, 2172242.12220000103116 ], [ -10997426.6747, 2172313.256799999624491 ], [ -10997422.182, 2172344.21059999987483 ], [ -10997336.8958, 2172518.596500001847744 ], [ -10997296.628, 2172541.834699999541044 ], [ -10997296.0347, 2172555.624099999666214 ], [ -10997239.9542, 2172615.586100000888109 ], [ -10997352.1142, 2172718.595400001853704 ], [ -10997368.5726, 2172861.175299998372793 ], [ -10997361.5496, 2172954.406100001186132 ], [ -10997348.4685, 2173027.99439999833703 ], [ -10997288.8279, 2173194.863099999725819 ], [ -10997256.9281, 2173240.441700000315905 ], [ -10997193.4349, 2173276.388900000602007 ], [ -10997283.7282, 2173351.748199999332428 ], [ -10997313.514, 2173395.260200001299381 ], [ -10997391.3742, 2173440.086399998515844 ], [ -10997636.6945, 2173714.108399998396635 ], [ -10997658.0357, 2173763.999099999666214 ], [ -10997693.5589, 2173806.767099998891354 ], [ -10998210.2627, 2173718.503100000321865 ], [ -10998306.3693, 2173714.028299998492002 ], [ -10998505.6356, 2173614.988699998706579 ], [ -10998918.8046, 2173609.157600000500679 ], [ -10999266.0736, 2173523.364399999380112 ], [ -10999511.6422, 2173487.876299999654293 ], [ -10999646.6883, 2173524.364900000393391 ], [ -10999700.0291, 2173562.635299999266863 ], [ -10999727.9447, 2173686.400299999862909 ], [ -10999727.8602, 2173764.644999999552965 ], [ -10999835.1244, 2173887.590799998492002 ], [ -10999940.4003, 2174068.7516999989748 ], [ -10999942.1269, 2174168.178800001740456 ], [ -10999993.3026, 2174269.499200001358986 ], [ -11000302.2143, 2174751.9054000005126 ] ] ] ] } },
{ "type": "Feature", "properties": { "OBJECTID": 684, "ID": "15020", "NAME": "Coacalco de Berriozábal", "TOTPOP_CY": 300670, "AREA": 35.03, "Shape__Area": 39686512.240381509, "Shape__Length": 28265.03273136896, "metro_only_count": 67.0, "bus_only_count": 1244.0, "bus_metro_count": 428.0, "n_cat": "5", "label_range": "13 – 267" }, "geometry": { "type": "MultiPolygon", "coordinates": [ [ [ [ -11031810.0662, 2224344.480099998414516 ], [ -11031758.8525, 2224347.179900001734495 ], [ -11031476.887, 2224439.442699998617172 ], [ -11031334.0006, 2224471.826299998909235 ], [ -11031166.8933, 2224466.5801 ], [ -11030903.2698, 2224509.971599999815226 ], [ -11030778.7424, 2224496.424699999392033 ], [ -11030454.7303, 2224433.8607 ], [ -11030399.2452, 2224635.173099998384714 ], [ -11030259.0017, 2225372.589000001549721 ], [ -11030893.7597, 2225756.688400000333786 ], [ -11030750.4056, 2226168.972800001502037 ], [ -11030578.8815, 2226909.135499998927116 ], [ -11030495.1159, 2226923.355200000107288 ], [ -11030470.7759, 2226957.29619999974966 ], [ -11030158.8397, 2227556.490800000727177 ], [ -11030198.564, 2227585.165600001811981 ], [ -11030161.1998, 2227621.0304000005126 ], [ -11030164.005, 2227660.326999999582767 ], [ -11029801.2614, 2227980.4989 ], [ -11029883.5945, 2228147.369199998676777 ], [ -11029719.7479, 2228453.1831 ], [ -11029698.529, 2228445.590999998152256 ], [ -11029511.4145, 2228798.302000001072884 ], [ -11029501.4185, 2228814.378699999302626 ], [ -11029487.2259, 2228815.229600001126528 ], [ -11029486.5591, 2228856.766100000590086 ], [ -11029109.0702, 2229572.011300001293421 ], [ -11028901.1609, 2230003.386399999260902 ], [ -11028887.0134, 2230054.378600001335144 ], [ -11028860.9646, 2230409.769400000572205 ], [ -11028841.4302, 2230422.047499999403954 ], [ -11028850.8789, 2230442.046100001782179 ], [ -11028817.7961, 2230998.886599998921156 ], [ -11028803.9055, 2231050.147399999201298 ], [ -11028782.2222, 2231479.0962999984622 ], [ -11028764.4318, 2231634.817600000649691 ], [ -11028763.993, 2231699.465700000524521 ], [ -11028775.1897, 2231688.808499999344349 ], [ -11028778.5911, 2231728.202300000935793 ], [ -11028762.9413, 2231768.238099999725819 ], [ -11028782.5355, 2231809.428300000727177 ], [ -11028749.9466, 2231803.068900000303984 ], [ -11028696.9019, 2232454.285399999469519 ], [ -11029349.8319, 2232587.815400000661612 ], [ -11029493.1802, 2232629.836399998515844 ], [ -11031537.2856, 2233046.587099999189377 ], [ -11031816.9167, 2233109.334300000220537 ], [ -11032424.9817, 2233274.500300001353025 ], [ -11032489.2687, 2232826.747299998998642 ], [ -11032658.2709, 2231881.287500001490116 ], [ -11032701.2119, 2231557.397900000214577 ], [ -11033484.8627, 2231803.730099998414516 ], [ -11034018.8174, 2231984.625900000333786 ], [ -11034361.2457, 2230988.499699998646975 ], [ -11034353.701, 2230986.759399998933077 ], [ -11034535.6961, 2230205.420800000429153 ], [ -11034600.1054, 2230219.8277000002563 ], [ -11034626.4662, 2230136.897700000554323 ], [ -11034696.0495, 2230124.315999999642372 ], [ -11034717.216, 2230089.461899999529123 ], [ -11034744.4994, 2230074.617899999022484 ], [ -11034835.0586, 2230075.693500000983477 ], [ -11034876.3115, 2230091.918000001460314 ], [ -11034904.3454, 2230057.662000000476837 ], [ -11034935.4647, 2230043.023800000548363 ], [ -11034765.1276, 2229470.711899999529123 ], [ -11034734.427, 2229410.665600001811981 ], [ -11034678.0704, 2229232.184900000691414 ], [ -11034674.125, 2228911.219000000506639 ], [ -11034696.3936, 2228738.668999999761581 ], [ -11034602.2086, 2228702.45719999819994 ], [ -11034697.1907, 2228675.898600000888109 ], [ -11034718.2378, 2228336.532699998468161 ], [ -11034771.2603, 2228051.946199998259544 ], [ -11034965.9614, 2225919.5320999994874 ], [ -11034839.4823, 2225208.532800000160933 ], [ -11034400.4876, 2224849.326900001615286 ], [ -11033928.0619, 2224758.898600000888109 ], [ -11033752.8039, 2224593.513599999248981 ], [ -11033752.6903, 2224613.722500000149012 ], [ -11032470.715, 2224651.607999999076128 ], [ -11032421.799, 2224629.481499999761581 ], [ -11032214.9195, 2224474.508699998259544 ], [ -11032062.3417, 2224379.835200000554323 ], [ -11031810.0662, 2224344.480099998414516 ] ] ] ] } },
{ "type": "Feature", "properties": { "OBJECTID": 686, "ID": "15022", "NAME": "Cocotitlán", "TOTPOP_CY": 15479, "AREA": 14.78, "Shape__Area": 16658343.756186837, "Shape__Length": 21017.814038195294, "metro_only_count": 0.0, "bus_only_count": 44.0, "bus_metro_count": 10.0, "n_cat": "1", "label_range": "0 – 0" }, "geometry": { "type": "MultiPolygon", "coordinates": [ [ [ [ -11005475.0685, 2184145.754799999296665 ], [ -11006306.9356, 2184372.396600000560284 ], [ -11006355.1592, 2184138.797899998724461 ], [ -11006500.261, 2184200.401700001209974 ], [ -11006602.2484, 2184269.932599999010563 ], [ -11006667.1387, 2184024.627900000661612 ], [ -11006679.5131, 2184027.056800000369549 ], [ -11006756.9224, 2183745.796700000762939 ], [ -11006808.5491, 2183755.423799999058247 ], [ -11006670.1055, 2183311.417399998754263 ], [ -11006591.5896, 2183123.285999998450279 ], [ -11006583.4978, 2183068.038400001823902 ], [ -11006889.9871, 2183152.754999998956919 ], [ -11006959.8133, 2182888.714299999177456 ], [ -11007041.219, 2182906.932799998670816 ], [ -11007379.668, 2181689.385299999266863 ], [ -11007250.8058, 2181652.360300000756979 ], [ -11007431.5652, 2180994.832400001585484 ], [ -11007109.834, 2180895.524300001561642 ], [ -11007209.524, 2180603.934300001710653 ], [ -11007111.5539, 2180432.333599999547005 ], [ -11006807.0219, 2180361.801199998706579 ], [ -11006827.6637, 2180286.173000000417233 ], [ -11006146.9036, 2180103.75560000166297 ], [ -11004728.4061, 2180191.599300000816584 ], [ -11004745.7154, 2180067.227299999445677 ], [ -11004746.2942, 2179838.971200000494719 ], [ -11004756.5301, 2179830.989199999719858 ], [ -11004795.788, 2179855.259300000965595 ], [ -11004837.7577, 2179855.293400000780821 ], [ -11004881.2892, 2179836.151399999856949 ], [ -11004901.2832, 2179805.920000001788139 ], [ -11004934.3229, 2179804.128199998289347 ], [ -11004973.3514, 2179770.315600000321865 ], [ -11004994.9631, 2179725.651599999517202 ], [ -11005006.0916, 2179662.045400001108646 ], [ -11005057.5302, 2179591.542899999767542 ], [ -11005059.0095, 2179514.577599998563528 ], [ -11005091.782, 2179487.413800001144409 ], [ -11005098.9254, 2179458.081300001591444 ], [ -11005082.1106, 2179408.570900000631809 ], [ -11005012.2621, 2179351.5185999982059 ], [ -11004948.2957, 2179316.309799998998642 ], [ -11004769.3686, 2179318.319499999284744 ], [ -11004634.702, 2179300.19310000166297 ], [ -11004517.9157, 2179263.074700001627207 ], [ -11004388.804, 2179187.934099998325109 ], [ -11004312.6279, 2179156.166400000452995 ], [ -11004254.4859, 2179210.311200000345707 ], [ -11004094.1222, 2179240.302400000393391 ], [ -11003987.8434, 2179301.137200001627207 ], [ -11003922.6769, 2179298.587400000542402 ], [ -11003907.9349, 2179274.179000001400709 ], [ -11003886.4179, 2179272.976700000464916 ], [ -11003852.1215, 2179293.955899998545647 ], [ -11003823.3732, 2179351.650600001215935 ], [ -11003850.8659, 2179557.906399998813868 ], [ -11003792.8772, 2179618.443799998611212 ], [ -11003758.3559, 2179677.348700001835823 ], [ -11003171.8013, 2179576.681600000709295 ], [ -11003197.5706, 2179358.926100000739098 ], [ -11003231.965, 2179182.355799999088049 ], [ -11002883.712, 2179169.518800001591444 ], [ -11002721.6866, 2180139.470100000500679 ], [ -11001955.2219, 2179958.072599999606609 ], [ -11001916.6876, 2179959.103000000119209 ], [ -11001896.6489, 2180238.789500001817942 ], [ -11001957.898, 2180401.206300001591444 ], [ -11001955.194, 2180442.926899999380112 ], [ -11002196.4144, 2180803.902300000190735 ], [ -11002256.6094, 2180876.622900001704693 ], [ -11002405.5471, 2180987.836599998176098 ], [ -11002437.9299, 2181064.258600000292063 ], [ -11002424.3857, 2181142.0472999997437 ], [ -11002372.4551, 2181207.438700001686811 ], [ -11002303.3591, 2181228.955299999564886 ], [ -11002254.5188, 2181270.281500000506639 ], [ -11002239.3894, 2181322.76410000026226 ], [ -11002252.6275, 2181372.300599999725819 ], [ -11002410.2047, 2181509.576400000602007 ], [ -11002403.0001, 2181518.228700000792742 ], [ -11004031.789, 2182815.230999998748302 ], [ -11003994.9544, 2182993.634300000965595 ], [ -11004128.1082, 2183039.301699999719858 ], [ -11004495.5871, 2183201.672600001096725 ], [ -11004874.0456, 2183461.152100000530481 ], [ -11005030.5908, 2184025.573300000280142 ], [ -11005475.0685, 2184145.754799999296665 ] ] ] ] } },
{ "type": "Feature", "properties": { "OBJECTID": 687, "ID": "15023", "NAME": "Coyotepec", "TOTPOP_CY": 41892, "AREA": 39.92, "Shape__Area": 45329067.454076648, "Shape__Length": 41660.454785184775, "metro_only_count": 0.0, "bus_only_count": 286.0, "bus_metro_count": 18.0, "n_cat": "1", "label_range": "0 – 0" }, "geometry": { "type": "MultiPolygon", "coordinates": [ [ [ [ -11042928.6702, 2243417.241799999028444 ], [ -11042918.0269, 2243420.299199998378754 ], [ -11042866.5229, 2243538.654399998486042 ], [ -11042811.8273, 2243698.236099999397993 ], [ -11042449.7278, 2244842.950800001621246 ], [ -11042712.7889, 2244972.100299999117851 ], [ -11042583.8216, 2245394.46169999986887 ], [ -11042602.736, 2245415.020399998873472 ], [ -11042666.3094, 2245558.976799998432398 ], [ -11042283.6905, 2245470.25560000166297 ], [ -11041471.9435, 2245304.559799998998642 ], [ -11041421.1616, 2245315.886999998241663 ], [ -11041278.7584, 2245299.65430000051856 ], [ -11041261.5551, 2245312.767799999564886 ], [ -11041243.576, 2245268.513599999248981 ], [ -11041163.6764, 2245224.667700000107288 ], [ -11040878.0047, 2245373.348200000822544 ], [ -11040766.5221, 2245410.160000000149012 ], [ -11040654.7746, 2245529.494100000709295 ], [ -11040619.0647, 2245545.845400001853704 ], [ -11040675.9666, 2245904.340599998831749 ], [ -11040642.6011, 2246491.403099998831749 ], [ -11040664.8993, 2247080.92960000038147 ], [ -11040690.8179, 2247278.849700000137091 ], [ -11040675.6907, 2247418.925799999386072 ], [ -11040718.4575, 2247868.371199999004602 ], [ -11040700.0939, 2248196.854100000113249 ], [ -11040699.9395, 2248525.500599998980761 ], [ -11040707.626, 2248534.697900000959635 ], [ -11040697.8912, 2248706.133200000971556 ], [ -11041829.6151, 2249343.351500000804663 ], [ -11042132.8729, 2250537.571100000292063 ], [ -11042179.1739, 2250770.9358000010252 ], [ -11042241.1133, 2250849.211300000548363 ], [ -11043029.0827, 2251538.269200000911951 ], [ -11043045.6536, 2251515.462699998170137 ], [ -11043163.4788, 2251607.9551 ], [ -11043264.2562, 2251644.680700000375509 ], [ -11043253.1088, 2251578.389499999582767 ], [ -11043281.1101, 2251483.554499998688698 ], [ -11043266.948, 2251405.089299999177456 ], [ -11043300.5921, 2251353.587099999189377 ], [ -11043351.2173, 2251518.1402000002563 ], [ -11043390.5027, 2251518.59739999845624 ], [ -11043420.5325, 2251492.074700001627207 ], [ -11043472.3167, 2251510.151200000196695 ], [ -11043463.0604, 2251352.512499999254942 ], [ -11043491.3702, 2251358.2804000005126 ], [ -11043416.7615, 2250370.557199999690056 ], [ -11043586.6697, 2250492.527300000190735 ], [ -11044896.337, 2251299.978500001132488 ], [ -11045357.6082, 2251294.011199999600649 ], [ -11045458.8343, 2251221.911899998784065 ], [ -11045463.5621, 2251284.502599999308586 ], [ -11046726.7087, 2252083.602899998426437 ], [ -11047080.7671, 2251830.348400000482798 ], [ -11047553.857, 2251522.544700000435114 ], [ -11047516.104, 2251475.633499998599291 ], [ -11047573.7487, 2251428.668299999088049 ], [ -11047549.4398, 2251398.671500001102686 ], [ -11047188.2028, 2250080.211599998176098 ], [ -11051114.6537, 2249189.272799998521805 ], [ -11052034.1649, 2249171.063200000673532 ], [ -11051228.2419, 2248000.35249999910593 ], [ -11050833.2023, 2247606.497000001370907 ], [ -11051287.7867, 2246224.498100001364946 ], [ -11051260.085, 2245784.939899999648333 ], [ -11050855.6333, 2245912.164200000464916 ], [ -11050812.1853, 2245940.218499999493361 ], [ -11050216.1997, 2246022.946699999272823 ], [ -11050101.879, 2246050.384799998253584 ], [ -11049911.0451, 2246124.1787 ], [ -11049301.4251, 2246396.916700001806021 ], [ -11048766.8333, 2246710.150600001215935 ], [ -11048245.3026, 2247066.650600001215935 ], [ -11047467.7404, 2247573.185100000351667 ], [ -11046034.7782, 2248424.964299999177456 ], [ -11045668.1119, 2247851.344000000506639 ], [ -11045574.4566, 2247879.715799998492002 ], [ -11045498.4384, 2247784.303800001740456 ], [ -11045314.1465, 2247637.704100001603365 ], [ -11045272.2779, 2247640.565600000321865 ], [ -11045188.0108, 2247250.387899998575449 ], [ -11045161.8305, 2247173.590599998831749 ], [ -11045082.6978, 2247020.816599998623133 ], [ -11044976.5893, 2246861.089499998837709 ], [ -11044887.7599, 2246676.872299998998642 ], [ -11044912.6104, 2246674.409699998795986 ], [ -11044865.959, 2246564.763399999588728 ], [ -11044833.8656, 2246427.486600000411272 ], [ -11044647.8117, 2245235.306499999016523 ], [ -11044626.7436, 2245150.467599999159575 ], [ -11044577.2474, 2245153.640500001609325 ], [ -11044465.8733, 2245185.365299999713898 ], [ -11044223.8236, 2244663.979200001806021 ], [ -11044202.3245, 2244575.820700000971556 ], [ -11044235.9352, 2244525.271999999880791 ], [ -11044184.9241, 2244468.682799998670816 ], [ -11044195.3257, 2244426.417700000107288 ], [ -11044118.9209, 2244373.613699998706579 ], [ -11044088.1318, 2244250.747900001704693 ], [ -11044027.1232, 2244134.046399999409914 ], [ -11043989.9414, 2244087.061500001698732 ], [ -11043958.438, 2244010.140000000596046 ], [ -11043948.6975, 2243978.886700000613928 ], [ -11043965.0425, 2243956.687899999320507 ], [ -11043952.001, 2243940.937100000679493 ], [ -11043918.3665, 2243932.383299998939037 ], [ -11043792.4862, 2243686.208799999207258 ], [ -11043806.7807, 2243646.645899999886751 ], [ -11043731.7136, 2243598.1897 ], [ -11043652.3538, 2243585.965700000524521 ], [ -11043615.5494, 2243566.893500000238419 ], [ -11043248.5858, 2243483.521899998188019 ], [ -11043202.3148, 2243512.858199998736382 ], [ -11043138.3673, 2243474.481600001454353 ], [ -11043087.1481, 2243470.355200000107288 ], [ -11042928.6702, 2243417.241799999028444 ] ] ] ] } },
{ "type": "Feature", "properties": { "OBJECTID": 688, "ID": "15024", "NAME": "Cuautitlán", "TOTPOP_CY": 183254, "AREA": 40.86, "Shape__Area": 46359074.252229616, "Shape__Length": 63714.692932987389, "metro_only_count": 33.0, "bus_only_count": 622.0, "bus_metro_count": 150.0, "n_cat": "5", "label_range": "13 – 267" }, "geometry": { "type": "MultiPolygon", "coordinates": [ [ [ [ -11040411.2504, 2231648.372099999338388 ], [ -11040385.8576, 2231637.479299999773502 ], [ -11040338.1949, 2231672.91270000115037 ], [ -11040292.156, 2231613.859200000762939 ], [ -11040045.7098, 2231557.93129999935627 ], [ -11039955.8833, 2231900.138599999248981 ], [ -11039840.2513, 2231985.436700001358986 ], [ -11039801.0243, 2232029.663400001823902 ], [ -11039789.3871, 2232071.881700001657009 ], [ -11039655.992, 2232167.419399999082088 ], [ -11039624.8281, 2232208.178399998694658 ], [ -11039548.2403, 2232392.48030000180006 ], [ -11039515.9892, 2232540.979600001126528 ], [ -11038969.0862, 2232375.7456 ], [ -11038754.0006, 2232271.508900001645088 ], [ -11038432.5016, 2232918.083000000566244 ], [ -11038049.9283, 2232898.297899998724461 ], [ -11038051.017, 2232886.329 ], [ -11038025.5832, 2232886.429299999028444 ], [ -11038023.2054, 2232898.2989999987185 ], [ -11037251.8957, 2232853.016100000590086 ], [ -11037178.8461, 2233057.971000000834465 ], [ -11037112.4307, 2233098.3772 ], [ -11036758.2176, 2234302.955800000578165 ], [ -11036685.2377, 2234428.076699998229742 ], [ -11036649.6153, 2234523.348499998450279 ], [ -11036493.3884, 2234745.520599998533726 ], [ -11036427.3538, 2234819.333099998533726 ], [ -11036418.3859, 2234851.774700000882149 ], [ -11036427.3004, 2234906.0760000012815 ], [ -11036471.5283, 2234982.431400001049042 ], [ -11036530.7728, 2235033.447000000625849 ], [ -11036702.8276, 2235116.583000000566244 ], [ -11036541.6088, 2235176.583200000226498 ], [ -11036187.9657, 2236668.9070999994874 ], [ -11036206.7234, 2236758.203600000590086 ], [ -11036426.2529, 2236551.033300001174212 ], [ -11036631.6736, 2236328.2566 ], [ -11037108.1127, 2236404.208500001579523 ], [ -11037167.2567, 2236352.941700000315905 ], [ -11037157.0786, 2236423.308200001716614 ], [ -11037610.2725, 2236440.583000000566244 ], [ -11037515.8446, 2237029.1537000015378 ], [ -11037544.3623, 2237087.07319999858737 ], [ -11037733.4754, 2237141.182300001382828 ], [ -11037739.6102, 2237230.620999999344349 ], [ -11037854.8892, 2237267.519600000232458 ], [ -11037855.0018, 2237323.627500001341105 ], [ -11038408.7706, 2237501.254700001329184 ], [ -11038208.567, 2238297.868999999016523 ], [ -11037872.8495, 2239319.037599999457598 ], [ -11037809.6126, 2239301.5779 ], [ -11037583.3376, 2239962.869699999690056 ], [ -11037193.4924, 2239912.576999999582767 ], [ -11036745.2288, 2239871.433800000697374 ], [ -11036111.0951, 2239950.266100000590086 ], [ -11036063.044, 2240609.715599998831749 ], [ -11035862.7757, 2240649.288800001144409 ], [ -11035302.1709, 2240584.294799998402596 ], [ -11034339.6478, 2240419.85190000012517 ], [ -11034052.9803, 2241571.914500001817942 ], [ -11033767.7832, 2242270.410700000822544 ], [ -11034296.7789, 2242643.250100001692772 ], [ -11035087.9476, 2243630.6217 ], [ -11035435.802, 2244195.793000001460314 ], [ -11035728.264, 2244892.698399998247623 ], [ -11035996.8111, 2245229.872400000691414 ], [ -11036067.4334, 2245297.9391999989748 ], [ -11036648.9686, 2245404.401599999517202 ], [ -11036712.5197, 2245398.082699999213219 ], [ -11037211.7695, 2245283.134700000286102 ], [ -11037191.1035, 2245192.322999998927116 ], [ -11037186.2054, 2244944.377599999308586 ], [ -11037200.7958, 2243487.0088 ], [ -11037181.5923, 2243487.1305 ], [ -11037292.4742, 2242938.28319999948144 ], [ -11037481.7153, 2242978.46680000051856 ], [ -11038304.265, 2243229.544399999082088 ], [ -11038435.0676, 2243279.250999998301268 ], [ -11038707.2605, 2243207.592399999499321 ], [ -11038745.2572, 2243182.7676 ], [ -11038852.8085, 2242953.332400001585484 ], [ -11039033.1594, 2242819.729400001466274 ], [ -11039082.1482, 2242742.9386 ], [ -11038492.2189, 2242403.787500001490116 ], [ -11037632.4812, 2241718.822200000286102 ], [ -11038028.3129, 2239930.397100001573563 ], [ -11038782.7972, 2240064.785999998450279 ], [ -11038795.3831, 2240079.500799998641014 ], [ -11039157.8287, 2240114.156399998813868 ], [ -11038972.5437, 2241113.166900001466274 ], [ -11039997.2553, 2241291.425500001758337 ], [ -11040269.054, 2241330.057700000703335 ], [ -11040295.5313, 2241312.2029 ], [ -11040370.576, 2241331.50620000064373 ], [ -11040426.4997, 2241370.16330000013113 ], [ -11040533.7526, 2241395.215199999511242 ], [ -11040789.4248, 2241421.317299999296665 ], [ -11041199.2768, 2241490.330600000917912 ], [ -11041136.4099, 2241612.321199998259544 ], [ -11041335.2312, 2241750.775400001555681 ], [ -11041333.913, 2241884.053199999034405 ], [ -11041439.1894, 2241910.792399998754263 ], [ -11041418.7423, 2241989.453299999237061 ], [ -11041408.3146, 2242119.550299998372793 ], [ -11041739.4234, 2242207.600099999457598 ], [ -11041516.097, 2243063.076400000602007 ], [ -11042047.8883, 2243183.123599998652935 ], [ -11042305.879, 2243253.821699999272823 ], [ -11042381.4872, 2243160.622900001704693 ], [ -11042471.9999, 2243113.101100001484156 ], [ -11042887.1399, 2243144.298500001430511 ], [ -11042886.9117, 2243124.720300000160933 ], [ -11042904.673, 2243123.880300000309944 ], [ -11042903.817, 2242849.839400000870228 ], [ -11042880.4523, 2242768.102099999785423 ], [ -11042773.5978, 2242191.875 ], [ -11042705.0825, 2241610.254999998956919 ], [ -11042691.4088, 2241379.568399999290705 ], [ -11042680.145, 2241369.273899998515844 ], [ -11042675.4343, 2241331.463199999183416 ], [ -11042652.7694, 2240542.371899999678135 ], [ -11042627.6903, 2240338.577500000596046 ], [ -11042570.5214, 2239997.531800001859665 ], [ -11042470.2533, 2239573.066599998623133 ], [ -11042422.1456, 2239301.096400000154972 ], [ -11042390.0233, 2239276.949499998241663 ], [ -11042340.6896, 2239323.214200001209974 ], [ -11042309.0191, 2239374.937399998307228 ], [ -11042251.7931, 2239551.12950000166893 ], [ -11042060.6032, 2240470.320500001311302 ], [ -11042035.4485, 2240565.984700001776218 ], [ -11041961.6602, 2240703.840900000184774 ], [ -11041930.223, 2240871.899599999189377 ], [ -11041904.2251, 2240960.6233000010252 ], [ -11041863.6733, 2241044.239599999040365 ], [ -11041790.8103, 2241017.045400001108646 ], [ -11041471.3559, 2240845.74040000140667 ], [ -11041422.8281, 2240953.042199999094009 ], [ -11040830.4108, 2240854.8147 ], [ -11040370.3959, 2240750.405799999833107 ], [ -11040205.5311, 2240729.458399999886751 ], [ -11040175.2603, 2240129.136199999600649 ], [ -11040113.663, 2238076.609200000762939 ], [ -11040128.4273, 2237502.424100000411272 ], [ -11040131.4598, 2236665.352899998426437 ], [ -11040166.5099, 2235157.522100001573563 ], [ -11040191.7539, 2235159.801300000399351 ], [ -11040252.3838, 2235139.903799999505281 ], [ -11040304.5414, 2235106.451900001615286 ], [ -11040446.6519, 2234968.865899998694658 ], [ -11040560.7883, 2234899.110100001096725 ], [ -11040558.8289, 2234938.537200000137091 ], [ -11040802.5531, 2234959.425200000405312 ], [ -11040965.0958, 2234958.076699998229742 ], [ -11041059.3366, 2234971.570900000631809 ], [ -11041094.1318, 2234371.357900001108646 ], [ -11041296.1982, 2234249.668400000780821 ], [ -11041557.6406, 2234312.111900001764297 ], [ -11041581.1, 2234304.477400001138449 ], [ -11041925.1654, 2234379.0691 ], [ -11042016.7288, 2233815.115899998694658 ], [ -11042050.197, 2233782.270500000566244 ], [ -11042070.0598, 2233703.761799998581409 ], [ -11041947.7944, 2233692.766600001603365 ], [ -11041935.981, 2233767.067800000309944 ], [ -11041462.0358, 2233703.30290000140667 ], [ -11041487.3937, 2233809.6283 ], [ -11041129.0528, 2233790.887299999594688 ], [ -11041160.1888, 2232968.704500000923872 ], [ -11040895.0535, 2232929.949000000953674 ], [ -11040974.4021, 2232521.087499998509884 ], [ -11041121.5943, 2231469.669599998742342 ], [ -11041161.0815, 2231099.66950000077486 ], [ -11041173.853, 2230835.630300000309944 ], [ -11040658.9383, 2231160.735300000756979 ], [ -11040613.4974, 2231224.452500000596046 ], [ -11040584.6833, 2231318.918499998748302 ], [ -11040435.4399, 2231285.980399999767542 ], [ -11040411.2504, 2231648.372099999338388 ] ] ] ] } },
{ "type": "Feature", "properties": { "OBJECTID": 689, "ID": "15025", "NAME": "Chalco", "TOTPOP_CY": 409906, "AREA": 225.2, "Shape__Area": 254009705.85492525, "Shape__Length": 125978.54712859489, "metro_only_count": 8.0, "bus_only_count": 1587.0, "bus_metro_count": 680.0, "n_cat": "4", "label_range": "2 – 12" }, "geometry": { "type": "MultiPolygon", "coordinates": [ [ [ [ -11013468.4124, 2173473.950399998575449 ], [ -11013369.3824, 2173479.762600000947714 ], [ -11013218.7315, 2173525.394900001585484 ], [ -11013095.8092, 2173488.05180000141263 ], [ -11012887.8055, 2173530.591899998486042 ], [ -11012830.0997, 2173524.092700000852346 ], [ -11012242.1425, 2173606.461399998515844 ], [ -11012315.3004, 2173802.894799999892712 ], [ -11012139.4413, 2174240.559000000357628 ], [ -11012061.6768, 2174489.221200000494719 ], [ -11011724.9577, 2175748.842599999159575 ], [ -11010716.3153, 2176242.056800000369549 ], [ -11010169.8956, 2176039.018500000238419 ], [ -11010043.716, 2176216.862500000745058 ], [ -11009678.5523, 2176443.6074 ], [ -11009120.1516, 2177406.815900001674891 ], [ -11008862.6341, 2178158.002599999308586 ], [ -11008888.3901, 2178258.26069999858737 ], [ -11008847.3878, 2178452.2588 ], [ -11008740.4131, 2178610.58219999819994 ], [ -11008734.1091, 2178667.359999999403954 ], [ -11008625.9033, 2178929.106800001114607 ], [ -11008587.4689, 2178995.324400000274181 ], [ -11008495.5882, 2179252.053899999707937 ], [ -11008479.9222, 2179245.689500000327826 ], [ -11008378.2172, 2179499.309300001710653 ], [ -11008427.5674, 2179527.630399998277426 ], [ -11008341.73, 2179806.286499999463558 ], [ -11008316.9269, 2179824.849800001829863 ], [ -11008286.1394, 2179826.651299998164177 ], [ -11008234.3347, 2180023.288800001144409 ], [ -11008288.3636, 2180043.373100001364946 ], [ -11008284.8116, 2180083.00279999896884 ], [ -11009095.0926, 2180007.657299999147654 ], [ -11009198.546, 2179986.660799998790026 ], [ -11009174.0389, 2180042.682399999350309 ], [ -11008901.4178, 2180973.367800001055002 ], [ -11008869.6918, 2181117.210999999195337 ], [ -11008833.1835, 2181128.613800000399351 ], [ -11008779.1865, 2181121.874400001019239 ], [ -11008742.6592, 2181252.427999999374151 ], [ -11008679.1072, 2181233.516600001603365 ], [ -11008493.7413, 2181931.309900000691414 ], [ -11007979.5033, 2181783.962799999862909 ], [ -11007546.3268, 2181173.841699998825788 ], [ -11007431.5652, 2180994.832400001585484 ], [ -11007250.8058, 2181652.360300000756979 ], [ -11007379.668, 2181689.385299999266863 ], [ -11007041.219, 2182906.932799998670816 ], [ -11006959.8133, 2182888.714299999177456 ], [ -11006889.9871, 2183152.754999998956919 ], [ -11006583.4978, 2183068.038400001823902 ], [ -11006591.5896, 2183123.285999998450279 ], [ -11006670.1055, 2183311.417399998754263 ], [ -11006808.5491, 2183755.423799999058247 ], [ -11006756.9224, 2183745.796700000762939 ], [ -11006679.5131, 2184027.056800000369549 ], [ -11006667.1387, 2184024.627900000661612 ], [ -11006602.2484, 2184269.932599999010563 ], [ -11006500.261, 2184200.401700001209974 ], [ -11006355.1592, 2184138.797899998724461 ], [ -11006306.9356, 2184372.396600000560284 ], [ -11005030.5908, 2184025.573300000280142 ], [ -11004874.0456, 2183461.152100000530481 ], [ -11004495.5871, 2183201.672600001096725 ], [ -11004128.1082, 2183039.301699999719858 ], [ -11003994.9544, 2182993.634300000965595 ], [ -11004031.789, 2182815.230999998748302 ], [ -11002403.0001, 2181518.228700000792742 ], [ -11002410.2047, 2181509.576400000602007 ], [ -11002252.6275, 2181372.300599999725819 ], [ -11002239.3894, 2181322.76410000026226 ], [ -11002254.5188, 2181270.281500000506639 ], [ -11002303.3591, 2181228.955299999564886 ], [ -11002372.4551, 2181207.438700001686811 ], [ -11002405.2354, 2181169.227400001138449 ], [ -11002434.4623, 2181119.665500000119209 ], [ -11002431.0938, 2181040.825300000607967 ], [ -11002405.5471, 2180987.836599998176098 ], [ -11002256.6094, 2180876.622900001704693 ], [ -11002196.4144, 2180803.902300000190735 ], [ -11001955.194, 2180442.926899999380112 ], [ -11001957.898, 2180401.206300001591444 ], [ -11001896.6489, 2180238.789500001817942 ], [ -11001916.6876, 2179959.103000000119209 ], [ -11001955.2219, 2179958.072599999606609 ], [ -11002063.2172, 2179761.636999998241663 ], [ -11001384.9544, 2179236.901599999517202 ], [ -11000859.4829, 2179098.941599998623133 ], [ -11000794.8543, 2179097.287799999117851 ], [ -11000633.6021, 2179111.738400001078844 ], [ -11000528.7526, 2179749.474899999797344 ], [ -11000466.6064, 2179753.149300001561642 ], [ -11000452.1056, 2179745.070500001311302 ], [ -11000403.1396, 2179773.111699998378754 ], [ -11000223.1318, 2179832.839099999517202 ], [ -10999948.8438, 2179807.469099998474121 ], [ -10999594.584, 2179720.491900000721216 ], [ -10999571.3818, 2179837.475499998778105 ], [ -10999490.2276, 2179907.5636 ], [ -10999404.1129, 2179914.595400001853704 ], [ -10999418.3888, 2179941.500399999320507 ], [ -10999377.5109, 2179953.484400000423193 ], [ -10999520.6868, 2180317.44029999896884 ], [ -10999604.7842, 2180396.2434 ], [ -10999618.9184, 2180430.91499999910593 ], [ -10999608.7449, 2180510.216400001198053 ], [ -10999321.6185, 2180368.094099998474121 ], [ -10999221.7761, 2180354.355799999088049 ], [ -10999191.2, 2180337.021299999207258 ], [ -10999105.0934, 2180371.496300000697374 ], [ -10998878.4363, 2180358.903200000524521 ], [ -10998885.4511, 2180476.853999998420477 ], [ -10998946.6444, 2180446.779599998146296 ], [ -10998999.7539, 2180477.684500001370907 ], [ -10998997.5965, 2180541.881299998611212 ], [ -10998883.8719, 2180529.53489999845624 ], [ -10998895.895, 2180558.214800000190735 ], [ -10998965.0844, 2180566.587000001221895 ], [ -10999086.2991, 2180550.9879 ], [ -10999233.3779, 2180561.09010000154376 ], [ -10999253.9773, 2180571.26630000025034 ], [ -10999287.7017, 2180717.155200000852346 ], [ -10999284.8609, 2180768.263099998235703 ], [ -10999266.6568, 2180799.823399998247623 ], [ -10999204.6931, 2180875.454599998891354 ], [ -10999150.357, 2180967.178800001740456 ], [ -10999035.1368, 2181085.250500001013279 ], [ -10999011.7198, 2181124.326200000941753 ], [ -10999046.2474, 2181218.27309999987483 ], [ -10999051.2249, 2181505.109400000423193 ], [ -10999062.4111, 2181599.767099998891354 ], [ -10998999.9788, 2181969.49210000038147 ], [ -10998885.5322, 2182329.138799998909235 ], [ -10998770.0885, 2182318.6787 ], [ -10998727.4309, 2182337.569699998944998 ], [ -10998712.7745, 2182316.8301 ], [ -10998628.0103, 2182326.32209999859333 ], [ -10998608.6239, 2182305.950399998575449 ], [ -10998599.2642, 2182323.303800001740456 ], [ -10998563.1098, 2182334.832100000232458 ], [ -10998534.7378, 2182326.755899999290705 ], [ -10998534.3995, 2182308.421399999409914 ], [ -10998515.268, 2182321.997499998658895 ], [ -10998484.6442, 2182292.809300001710653 ], [ -10998460.1539, 2182290.589200001209974 ], [ -10998455.3948, 2182296.1765 ], [ -10998485.047, 2182318.534800000488758 ], [ -10998481.0842, 2182362.952300000935793 ], [ -10998404.3048, 2182365.799699999392033 ], [ -10998314.3653, 2182328.8935999982059 ], [ -10998310.2109, 2182349.976300001144409 ], [ -10998232.6358, 2182350.716699998825788 ], [ -10998190.5904, 2182339.967599999159575 ], [ -10998083.1325, 2182255.909099999815226 ], [ -10998065.4304, 2182252.587900001555681 ], [ -10998232.0301, 2180937.505300000309944 ], [ -10998579.8661, 2180573.85190000012517 ], [ -10998674.986, 2180552.14809999987483 ], [ -10998703.5761, 2180527.67680000141263 ], [ -10998694.5927, 2180481.853700000792742 ], [ -10998659.3255, 2180408.567299999296665 ], [ -10998617.6219, 2180375.972600001841784 ], [ -10998597.757, 2180297.2533 ], [ -10998541.2944, 2180233.3268 ], [ -10998498.2841, 2180214.665199998766184 ], [ -10998405.3267, 2180211.842399999499321 ], [ -10998386.6282, 2180306.960099998861551 ], [ -10998373.6519, 2180326.989799998700619 ], [ -10998373.3469, 2180431.844099998474121 ], [ -10998309.8179, 2180534.7971 ], [ -10998222.893, 2180644.030699998140335 ], [ -10998151.7876, 2180700.011700000613928 ], [ -10998103.565, 2180698.802299998700619 ], [ -10998020.7714, 2180749.431099999696016 ], [ -10997995.4505, 2180752.337200000882149 ], [ -10997906.7597, 2180833.386799998581409 ], [ -10997838.1763, 2180917.147999998182058 ], [ -10997816.5121, 2180968.530600000172853 ], [ -10997768.6684, 2180971.940000001341105 ], [ -10997690.0052, 2181131.18129999935627 ], [ -10997401.4718, 2181031.781899999827147 ], [ -10997324.774, 2180995.421799998730421 ], [ -10997388.1849, 2180370.496800001710653 ], [ -10997375.1161, 2180334.347699999809265 ], [ -10997376.5054, 2180273.174800001084805 ], [ -10997277.2585, 2180323.977000001817942 ], [ -10997276.6318, 2180303.494100000709295 ], [ -10996868.0168, 2180519.239399999380112 ], [ -10996590.73, 2180620.182900000363588 ], [ -10996547.6326, 2180624.027399998158216 ], [ -10996423.0895, 2180665.571699999272823 ], [ -10996353.6383, 2180724.306499999016523 ], [ -10996189.9455, 2180794.993200000375509 ], [ -10996086.2201, 2180898.71339999884367 ], [ -10996068.3455, 2180979.136300001293421 ], [ -10996150.4136, 2181054.5456000007689 ], [ -10996293.6062, 2181117.257100000977516 ], [ -10996415.3795, 2181125.114500001072884 ], [ -10996494.8158, 2181198.847800001502037 ], [ -10996467.921, 2181587.352800000458956 ], [ -10996478.756, 2181679.773499999195337 ], [ -10996434.7325, 2181677.258400000631809 ], [ -10996376.2174, 2181761.888999998569489 ], [ -10996148.4453, 2182014.119800001382828 ], [ -10996037.9307, 2182090.268800001591444 ], [ -10996119.056, 2182265.422400001436472 ], [ -10995944.0739, 2182351.227200001478195 ], [ -10995727.4542, 2182593.4276 ], [ -10995703.9433, 2182708.206999998539686 ], [ -10995760.6549, 2182912.895100001245737 ], [ -10995819.1034, 2182917.914200000464916 ], [ -10995846.0372, 2182935.071600001305342 ], [ -10995926.2351, 2182945.978700000792742 ], [ -10995965.0976, 2182962.151500001549721 ], [ -10996033.5436, 2182935.046700000762939 ], [ -10996099.0819, 2182945.880899999290705 ], [ -10996128.7786, 2182931.193599998950958 ], [ -10996270.2433, 2182922.400499999523163 ], [ -10996277.0605, 2182906.884399998933077 ], [ -10996358.2982, 2182917.248199999332428 ], [ -10996466.5964, 2182893.666299998760223 ], [ -10996552.3781, 2182902.926399998366833 ], [ -10996672.4963, 2182878.952100001275539 ], [ -10996727.4681, 2182896.017099998891354 ], [ -10996770.9363, 2182895.782600000500679 ], [ -10996801.6425, 2182877.642099998891354 ], [ -10996867.6572, 2182880.985800001770258 ], [ -10997003.4292, 2182848.130100000649691 ], [ -10996913.7847, 2182967.595100000500679 ], [ -10996855.5611, 2183150.636500000953674 ], [ -10997096.0046, 2183336.137499999254942 ], [ -10997030.0736, 2183376.100499998778105 ], [ -10996961.4862, 2183406.513000000268221 ], [ -10996786.5857, 2183444.411699999123812 ], [ -10996625.1567, 2183466.982500001788139 ], [ -10996454.8791, 2183458.489700000733137 ], [ -10996412.6945, 2183447.289900001138449 ], [ -10996344.5202, 2183400.075300000607967 ], [ -10996179.8943, 2183327.258099999278784 ], [ -10996086.5595, 2183335.419399999082088 ], [ -10996059.4142, 2183316.673599999397993 ], [ -10995965.3135, 2183318.8761 ], [ -10995744.8867, 2183340.937399998307228 ], [ -10995270.9329, 2183466.545099999755621 ], [ -10995247.9855, 2183421.675900001078844 ], [ -10995245.177, 2183349.810899998992682 ], [ -10995210.5453, 2183314.877900000661612 ], [ -10995146.4063, 2183327.13289999961853 ], [ -10994957.5895, 2183523.456399999558926 ], [ -10994841.5246, 2183592.660500001162291 ], [ -10994647.6105, 2183610.853700000792742 ], [ -10994527.9798, 2183552.188999999314547 ], [ -10994419.9809, 2183521.940000001341105 ], [ -10994312.4041, 2183524.457299999892712 ], [ -10994174.6675, 2183553.570999998599291 ], [ -10993957.8337, 2183571.91950000077486 ], [ -10993792.6021, 2183614.578499998897314 ], [ -10993626.9631, 2183622.07149999961257 ], [ -10993433.1236, 2183670.282699998468161 ], [ -10993028.1778, 2183668.906700000166893 ], [ -10992762.7934, 2183748.974599998444319 ], [ -10992632.632, 2183759.441300000995398 ], [ -10992565.8747, 2183778.259199999272823 ], [ -10992533.5453, 2183794.195700000971556 ], [ -10992339.3239, 2183964.138000000268221 ], [ -10992102.2702, 2184092.99210000038147 ], [ -10991709.7955, 2184197.101300001144409 ], [ -10991534.9928, 2184215.484900001436472 ], [ -10991402.1307, 2184209.689399998635054 ], [ -10991316.5739, 2184225.543699998408556 ], [ -10991216.5544, 2184222.460400000214577 ], [ -10991114.834, 2184243.883600000292063 ], [ -10990749.1973, 2184372.522900000214577 ], [ -10990542.496, 2184420.421 ], [ -10990038.6529, 2184404.972300000488758 ], [ -10989968.1142, 2184421.111999999731779 ], [ -10989882.9693, 2184469.462000001221895 ], [ -10989741.5412, 2184606.9662000015378 ], [ -10989638.7509, 2184633.706700000911951 ], [ -10989472.503, 2184638.499899998307228 ], [ -10989244.7779, 2184713.257100000977516 ], [ -10988978.1232, 2184820.714999999850988 ], [ -10988896.1955, 2184842.159000001847744 ], [ -10988849.9801, 2184847.677400000393391 ], [ -10988569.6097, 2184759.031399998813868 ], [ -10988513.7151, 2184770.1261 ], [ -10988426.288, 2184837.914000000804663 ], [ -10988315.0408, 2184851.847899999469519 ], [ -10988260.1036, 2184841.097699999809265 ], [ -10988198.3314, 2184843.924100000411272 ], [ -10988118.8593, 2184898.137899998575449 ], [ -10987857.4643, 2184871.854499999433756 ], [ -10987774.6893, 2184880.237100001424551 ], [ -10987694.261, 2184953.362300001084805 ], [ -10987458.7713, 2184954.022700000554323 ], [ -10987324.4788, 2185008.405299998819828 ], [ -10986860.006, 2185263.883499998599291 ], [ -10986639.3965, 2185421.213100001215935 ], [ -10986610.5546, 2185480.839699998497963 ], [ -10986310.9027, 2185633.231300000101328 ], [ -10985922.0158, 2185812.633900001645088 ], [ -10985329.0257, 2186134.104899998754263 ], [ -10985428.3942, 2186350.036800000816584 ], [ -10985566.0095, 2186445.945999998599291 ], [ -10985520.6032, 2186550.4037000015378 ], [ -10985773.9109, 2187100.824099998921156 ], [ -10986427.8895, 2189548.865600001066923 ], [ -10987119.9384, 2191288.099199999123812 ], [ -10987857.3731, 2191563.433200001716614 ], [ -10987967.8765, 2191574.857500001788139 ], [ -10988761.0536, 2192114.307900000363588 ], [ -10989694.906, 2192556.219000000506639 ], [ -10989768.6284, 2192509.43189999833703 ], [ -10989697.7982, 2192376.423599999397993 ], [ -10990110.1422, 2192161.894099999219179 ], [ -10991809.8751, 2192180.900800000876188 ], [ -10992038.6466, 2192218.627999998629093 ], [ -10992108.3081, 2192199.270799998193979 ], [ -10992195.6995, 2192090.209100000560284 ], [ -10992303.9944, 2191990.963199999183416 ], [ -10992489.2746, 2191875.83729999884963 ], [ -10992729.9819, 2191761.058899998664856 ], [ -10992856.1415, 2191718.602600000798702 ], [ -10993025.1856, 2191698.059300001710653 ], [ -10993180.6133, 2191699.083000000566244 ], [ -10993303.7035, 2191721.6435999982059 ], [ -10993421.2704, 2191760.188200000673532 ], [ -10993561.2914, 2191843.923799999058247 ], [ -10993839.7259, 2191792.34569999948144 ], [ -10994117.9333, 2191756.633000001311302 ], [ -10994387.4055, 2191763.933499999344349 ], [ -10994522.534, 2191747.195300001651049 ], [ -10994707.5126, 2191647.789799999445677 ], [ -10994918.729, 2191471.2027000002563 ], [ -10994963.4293, 2191446.911100000143051 ], [ -10995304.608, 2191358.118099998682737 ], [ -10995377.6625, 2191283.8235 ], [ -10995492.4696, 2191210.801600001752377 ], [ -10995531.4905, 2191111.361000001430511 ], [ -10995734.5517, 2190966.034000001847744 ], [ -10995899.0096, 2190894.284800000488758 ], [ -10996047.0422, 2190706.032600000500679 ], [ -10996249.0993, 2190527.732200000435114 ], [ -10996355.5976, 2190409.07880000025034 ], [ -10996547.5537, 2190381.691100001335144 ], [ -10996605.7123, 2190358.91160000115633 ], [ -10996732.6488, 2190264.851500000804663 ], [ -10996943.8342, 2190228.529599998146296 ], [ -10997112.3529, 2190172.97859999909997 ], [ -10997155.1232, 2190088.065000001341105 ], [ -10997189.7234, 2190110.737799998372793 ], [ -10997383.1723, 2189974.343199998140335 ], [ -10997459.8168, 2189933.589400000870228 ], [ -10997502.0002, 2189887.421900000423193 ], [ -10997560.1379, 2189851.464999999850988 ], [ -10997614.2147, 2189782.075399998575449 ], [ -10997661.697, 2189715.107599999755621 ], [ -10997687.7323, 2189624.782299999147654 ], [ -10997725.4853, 2189560.169300001114607 ], [ -10997829.9954, 2189453.89750000089407 ], [ -10997922.4762, 2189405.262800000607967 ], [ -10998218.6796, 2189144.863600000739098 ], [ -10998279.9877, 2189104.282499998807907 ], [ -10998328.4462, 2189098.562399998307228 ], [ -10998431.292, 2189035.411100000143051 ], [ -10998581.1793, 2188877.186299998313189 ], [ -10998642.1411, 2188841.528499998152256 ], [ -10998742.3765, 2188845.0962999984622 ], [ -10998751.2532, 2188827.627000000327826 ], [ -10998883.8213, 2188767.811900001019239 ], [ -10998935.8632, 2188758.256700001657009 ], [ -10998997.3482, 2188775.3684 ], [ -10999095.9305, 2188778.720199998468161 ], [ -10999116.6461, 2188766.688099998980761 ], [ -10999245.3847, 2188757.697599999606609 ], [ -10999342.3185, 2188707.934599999338388 ], [ -10999531.6898, 2188573.079599998891354 ], [ -10999654.023, 2188687.078299999237061 ], [ -10999912.6249, 2188983.763799998909235 ], [ -10999969.6829, 2189069.627999998629093 ], [ -11000048.673, 2189245.571400001645088 ], [ -11000092.4916, 2189550.304400000721216 ], [ -11000062.1292, 2189556.154399998486042 ], [ -11000044.6108, 2189540.743999999016523 ], [ -10999708.0733, 2189615.504799999296665 ], [ -10999594.6009, 2189631.080800000578165 ], [ -10999459.8818, 2189678.695900000631809 ], [ -10999426.033, 2189714.644099999219179 ], [ -10999406.1591, 2189720.666299998760223 ], [ -10999391.0642, 2189775.521200001239777 ], [ -10999316.4391, 2189814.430300001055002 ], [ -10999257.7, 2189909.658100001513958 ], [ -10999233.9946, 2189979.502300001680851 ], [ -10999079.4708, 2190082.9695999994874 ], [ -10999010.1835, 2190216.495200000703335 ], [ -10998980.3131, 2190218.273899998515844 ], [ -10998975.3582, 2190263.420800000429153 ], [ -10998987.1715, 2190280.750900000333786 ], [ -10998951.447, 2190359.84910000115633 ], [ -10998899.9815, 2190413.651599999517202 ], [ -10998899.3559, 2190432.83729999884963 ], [ -10998952.216, 2190606.380899999290705 ], [ -10999054.7646, 2190747.736299999058247 ], [ -10999048.6677, 2190779.973499998450279 ], [ -10999009.6357, 2190834.028299998492002 ], [ -10998998.5861, 2190874.985599998384714 ], [ -10998992.9789, 2190928.614799998700619 ], [ -10999019.5709, 2190980.345100000500679 ], [ -10999183.5302, 2191119.105799999088049 ], [ -10999306.2866, 2191206.385499998927116 ], [ -10999508.1644, 2191280.158300001174212 ], [ -10999685.924, 2191291.340599998831749 ], [ -10999845.6629, 2191258.483399998396635 ], [ -10999869.8371, 2191238.221200000494719 ], [ -10999976.0104, 2191205.002999998629093 ], [ -11000032.5905, 2191158.084600001573563 ], [ -11000043.3419, 2191108.017000000923872 ], [ -11000020.1463, 2191041.793699998408556 ], [ -11000032.1521, 2191022.717099998146296 ], [ -11000010.133, 2190888.3673 ], [ -11000133.2117, 2190635.671700000762939 ], [ -11000280.9777, 2190515.464200001209974 ], [ -11000310.9161, 2190449.631900001317263 ], [ -11000345.1958, 2190458.238499999046326 ], [ -11000433.6369, 2190400.225499998778105 ], [ -11000775.235, 2190588.14809999987483 ], [ -11000839.8975, 2190549.595199998468161 ], [ -11000898.8042, 2190473.184000000357628 ], [ -11000948.9037, 2190460.635600000619888 ], [ -11001051.2542, 2190392.466899998486042 ], [ -11001094.455, 2190390.965300001204014 ], [ -11001118.8161, 2190347.936599999666214 ], [ -11001163.8871, 2190330.425999999046326 ], [ -11001286.421, 2190219.265799999237061 ], [ -11001387.5347, 2190093.278299998492002 ], [ -11001489.5737, 2190035.5337999984622 ], [ -11001598.6066, 2189934.932799998670816 ], [ -11001655.079, 2189918.073600001633167 ], [ -11001698.9867, 2189798.179499998688698 ], [ -11001765.0828, 2189708.050999999046326 ], [ -11001762.9419, 2189674.1537000015378 ], [ -11001802.2323, 2189585.068300001323223 ], [ -11001871.1702, 2189513.698399998247623 ], [ -11001929.281, 2189483.580400001257658 ], [ -11001929.3078, 2189455.3412000015378 ], [ -11001952.8962, 2189426.936900001019239 ], [ -11001979.0351, 2189352.581199999898672 ], [ -11002121.6423, 2189152.355099998414516 ], [ -11002170.0818, 2189065.836100000888109 ], [ -11002226.2481, 2189023.348000001162291 ], [ -11002277.0254, 2188935.20549999922514 ], [ -11002330.1815, 2188906.033100001513958 ], [ -11002395.4504, 2188830.333700001239777 ], [ -11002492.2816, 2188827.666000001132488 ], [ -11002548.96, 2188796.445099998265505 ], [ -11002612.7616, 2188780.042199999094009 ], [ -11002659.4523, 2188740.248500000685453 ], [ -11002772.396, 2188725.090999998152256 ], [ -11002823.8156, 2188705.420099999755621 ], [ -11002927.9127, 2188685.6996 ], [ -11003073.2414, 2188680.471400000154972 ], [ -11003148.3797, 2188666.564100001007318 ], [ -11003323.9919, 2188680.838199999183416 ], [ -11003415.846, 2188724.804299999028444 ], [ -11003450.0946, 2188726.749200001358986 ], [ -11003473.3381, 2188724.4847999997437 ], [ -11003579.9454, 2188668.795499999076128 ], [ -11003640.0422, 2188668.991300001740456 ], [ -11003633.2118, 2188983.762600000947714 ], [ -11003708.2745, 2188974.074999999254942 ], [ -11004152.9421, 2189022.687100000679493 ], [ -11003752.7968, 2189873.34739999845624 ], [ -11003707.8036, 2190099.74040000140667 ], [ -11003658.4456, 2190453.737799998372793 ], [ -11003846.6457, 2190462.747900001704693 ], [ -11003851.851, 2190517.325399998575449 ], [ -11004305.2977, 2190389.515599999576807 ], [ -11004267.0793, 2190817.969000000506639 ], [ -11004960.8787, 2190861.920699998736382 ], [ -11005013.1123, 2190861.969700001180172 ], [ -11005194.3363, 2190590.527199998497963 ], [ -11005270.2894, 2190343.656899999827147 ], [ -11005693.4416, 2190459.318 ], [ -11006632.2568, 2190758.371899999678135 ], [ -11006697.7216, 2190729.162599999457598 ], [ -11006957.568, 2190198.469300001859665 ], [ -11007040.52, 2189996.683499999344349 ], [ -11007024.3355, 2189996.214200001209974 ], [ -11007140.1498, 2189616.848200000822544 ], [ -11007115.5614, 2189620.548000000417233 ], [ -11007183.6022, 2189198.047899998724461 ], [ -11007188.7174, 2188970.105000000447035 ], [ -11007244.3638, 2188911.621100001037121 ], [ -11007623.1617, 2188996.445900000631809 ], [ -11008838.5969, 2189121.69029999896884 ], [ -11009137.7501, 2189036.111400000751019 ], [ -11009329.2799, 2189060.686799999326468 ], [ -11009325.8345, 2189076.056800000369549 ], [ -11009404.7489, 2189083.164000000804663 ], [ -11009619.2361, 2189040.20160000026226 ], [ -11009987.9709, 2189003.503499999642372 ], [ -11010659.1124, 2189137.907200001180172 ], [ -11010698.0476, 2189017.079500000923872 ], [ -11010742.965, 2189031.426899999380112 ], [ -11010782.4, 2189003.695599999278784 ], [ -11010868.6814, 2189008.032400000840425 ], [ -11010935.6221, 2188994.479800000786781 ], [ -11011320.3536, 2188850.601599998772144 ], [ -11010779.9699, 2188087.815999999642372 ], [ -11011222.3544, 2187663.722100000828505 ], [ -11011557.2371, 2187362.41499999910593 ], [ -11011561.9191, 2187343.566300000995398 ], [ -11011979.8548, 2186971.281100001186132 ], [ -11012539.852, 2186448.240800000727177 ], [ -11012572.5635, 2186187.656700000166893 ], [ -11012622.4529, 2186188.8794 ], [ -11012608.1064, 2186185.649099998176098 ], [ -11012625.3196, 2186128.756000000983477 ], [ -11012756.0776, 2185873.876299999654293 ], [ -11012991.9527, 2185654.863699998706579 ], [ -11012979.761, 2185646.351100001484156 ], [ -11013182.1009, 2185530.846700001507998 ], [ -11013174.1916, 2185521.671399999409914 ], [ -11013219.4797, 2185482.1721 ], [ -11013235.8493, 2185501.165300000458956 ], [ -11013431.8316, 2185356.651599999517202 ], [ -11012990.2384, 2184356.725000001490116 ], [ -11012208.319, 2184104.955400001257658 ], [ -11012043.935, 2184100.50279999896884 ], [ -11012021.0965, 2184064.099500000476837 ], [ -11012008.8511, 2184013.437399998307228 ], [ -11012164.7298, 2183890.452799998223782 ], [ -11012456.9023, 2183552.3081 ], [ -11012438.9364, 2183550.77760000154376 ], [ -11013689.3424, 2182296.783599998801947 ], [ -11014448.7687, 2181565.210799999535084 ], [ -11014539.779, 2181494.961100000888109 ], [ -11014592.7736, 2181438.626499999314547 ], [ -11014534.1095, 2181433.671500001102686 ], [ -11014480.3019, 2181399.246500000357628 ], [ -11013984.1287, 2181236.479100000113249 ], [ -11014234.642, 2180337.592000000178814 ], [ -11015184.4555, 2180640.429099999368191 ], [ -11015329.9401, 2180412.045099999755621 ], [ -11015428.2021, 2180323.576499998569489 ], [ -11015385.8482, 2180296.930300001055002 ], [ -11015472.3513, 2180317.169100001454353 ], [ -11015503.141, 2180223.358300000429153 ], [ -11015894.1999, 2180281.086199998855591 ], [ -11016180.1494, 2180195.933499999344349 ], [ -11016148.4752, 2180132.003699999302626 ], [ -11016476.7091, 2180164.035300001502037 ], [ -11016570.3086, 2180034.593100000172853 ], [ -11016656.7707, 2180057.539299998432398 ], [ -11016973.498, 2179869.650499999523163 ], [ -11017048.3601, 2179758.887899998575449 ], [ -11017074.8009, 2179746.296599999070168 ], [ -11017126.0047, 2179742.976199999451637 ], [ -11016937.9838, 2179558.571100000292063 ], [ -11016961.8117, 2179396.135400000959635 ], [ -11017003.2415, 2179360.605900000780821 ], [ -11016976.2331, 2179327.015599999576807 ], [ -11016981.5086, 2179233.752900000661612 ], [ -11017012.7537, 2179218.94709999859333 ], [ -11017254.2225, 2178998.207699999213219 ], [ -11017034.1794, 2178865.704700000584126 ], [ -11016958.9207, 2178486.258900001645088 ], [ -11016953.6732, 2178251.897900000214577 ], [ -11017033.2888, 2177287.875199999660254 ], [ -11016890.4046, 2176968.285999998450279 ], [ -11016160.0062, 2176041.428599998354912 ], [ -11015789.6108, 2175742.928399998694658 ], [ -11015750.9762, 2175757.995700001716614 ], [ -11015610.8314, 2175439.817400000989437 ], [ -11015299.7515, 2175477.54619999974966 ], [ -11014334.7061, 2173913.3596 ], [ -11014372.1574, 2173496.6722999997437 ], [ -11014117.8813, 2173485.830400001257658 ], [ -11013994.556, 2173545.307199999690056 ], [ -11013838.1623, 2173560.291400000452995 ], [ -11013548.7561, 2173494.418999999761581 ], [ -11013531.8901, 2173500.451499998569489 ], [ -11013468.4124, 2173473.950399998575449 ] ] ] ] } },
{ "type": "Feature", "properties": { "OBJECTID": 692, "ID": "15028", "NAME": "Chiautla", "TOTPOP_CY": 30785, "AREA": 20.06, "Shape__Area": 22719768.601096071, "Shape__Length": 31430.586226324143, "metro_only_count": 0.0, "bus_only_count": 49.0, "bus_metro_count": 13.0, "n_cat": "1", "label_range": "0 – 0" }, "geometry": { "type": "MultiPolygon", "coordinates": [ [ [ [ -11007570.6099, 2218136.075300000607967 ], [ -11007515.8954, 2218821.761 ], [ -11007128.1396, 2218774.14299999922514 ], [ -11006935.4433, 2218772.542500000447035 ], [ -11006817.2118, 2218745.122499998658895 ], [ -11006740.142, 2218773.407200001180172 ], [ -11006632.6408, 2218834.804299999028444 ], [ -11006539.6545, 2218947.123599998652935 ], [ -11006507.3807, 2218964.404199998825788 ], [ -11006400.6461, 2218963.882399998605251 ], [ -11006142.3414, 2219040.701099999248981 ], [ -11006130.9007, 2219057.73200000077486 ], [ -11006000.2925, 2219111.046799998730421 ], [ -11005947.4488, 2219151.271299999207258 ], [ -11005875.282, 2219148.167700000107288 ], [ -11005822.8884, 2219162.53319999948144 ], [ -11005731.454, 2219213.336599998176098 ], [ -11005707.3377, 2219275.876200001686811 ], [ -11005795.3948, 2219379.226500000804663 ], [ -11005720.0125, 2219741.627300001680851 ], [ -11005578.2828, 2219866.122999999672174 ], [ -11005579.4348, 2220044.167300000786781 ], [ -11005528.0179, 2220349.942400000989437 ], [ -11005797.0388, 2220408.644499998539686 ], [ -11005724.9618, 2220712.340900000184774 ], [ -11005648.1341, 2220938.00789999961853 ], [ -11006133.2494, 2220944.3838 ], [ -11006119.4733, 2221093.323399998247623 ], [ -11006304.3474, 2221067.773299999535084 ], [ -11006517.4229, 2221076.590399999171495 ], [ -11006255.0039, 2221463.136599998921156 ], [ -11006122.9991, 2221795.593899998813868 ], [ -11006013.3204, 2221752.828600000590086 ], [ -11005525.4651, 2221631.980700001120567 ], [ -11005416.0458, 2221585.4441 ], [ -11005373.4505, 2221590.397300001233816 ], [ -11005272.4658, 2221641.584399998188019 ], [ -11005241.421, 2222472.963899999856949 ], [ -11005211.1298, 2222828.1554000005126 ], [ -11005965.4687, 2222986.354200001806021 ], [ -11005945.1484, 2223184.932599999010563 ], [ -11005900.4648, 2223318.363000001758337 ], [ -11005991.6566, 2223434.8147 ], [ -11006089.9584, 2223967.694699998944998 ], [ -11006023.6754, 2224580.546799998730421 ], [ -11006071.2945, 2224772.785900000482798 ], [ -11006229.5685, 2225000.148299999535084 ], [ -11006269.5868, 2225083.065099999308586 ], [ -11006373.2201, 2225558.299100000411272 ], [ -11006697.7416, 2225547.347699999809265 ], [ -11009034.7986, 2225689.002599999308586 ], [ -11009021.7507, 2225423.425799999386072 ], [ -11009129.4257, 2225585.729299999773502 ], [ -11009480.5597, 2226043.634399998933077 ], [ -11009628.9742, 2226294.961599998176098 ], [ -11009725.142, 2226003.287099998444319 ], [ -11009624.1961, 2225884.912599999457598 ], [ -11009474.0642, 2225750.881499998271465 ], [ -11009562.8248, 2225518.6371 ], [ -11009509.8568, 2225506.574799999594688 ], [ -11009530.6602, 2225377.223400000482798 ], [ -11009474.4906, 2225370.505800001323223 ], [ -11009492.6356, 2225246.069699998944998 ], [ -11009534.0699, 2225185.226300001144409 ], [ -11009525.6063, 2225136.102400001138449 ], [ -11009473.6, 2225125.393300000578165 ], [ -11009479.4465, 2225098.11540000140667 ], [ -11009604.7166, 2225038.997600000351667 ], [ -11009591.4885, 2224987.900800000876188 ], [ -11009605.4357, 2224896.338500000536442 ], [ -11009548.8119, 2224883.567699998617172 ], [ -11009568.1848, 2224771.945799998939037 ], [ -11009583.0861, 2224765.639600001275539 ], [ -11009596.7873, 2224716.896099999547005 ], [ -11009609.6202, 2224721.044700000435114 ], [ -11009616.2036, 2224691.633400000631809 ], [ -11009637.3387, 2224689.175700001418591 ], [ -11009637.2241, 2224677.124600000679493 ], [ -11009611.3768, 2224673.160300001502037 ], [ -11009619.4252, 2224613.388000000268221 ], [ -11009601.0553, 2224610.181099999696016 ], [ -11009616.0333, 2224527.017099998891354 ], [ -11009636.004, 2224531.128899998962879 ], [ -11009695.1013, 2224282.958799999207258 ], [ -11009715.8101, 2224286.312100000679493 ], [ -11009729.2675, 2224215.711899999529123 ], [ -11009740.0165, 2224217.064800001680851 ], [ -11009743.9103, 2224169.636599998921156 ], [ -11009661.2446, 2224166.538600001484156 ], [ -11009687.7609, 2224019.165699999779463 ], [ -11009759.492, 2224025.522399999201298 ], [ -11009750.0418, 2223400.651200000196695 ], [ -11010702.3099, 2223643.211599998176098 ], [ -11010716.8428, 2222245.4463 ], [ -11009103.2211, 2221813.787799999117851 ], [ -11008932.3501, 2221952.000399999320507 ], [ -11008590.9354, 2221789.568500000983477 ], [ -11008408.7598, 2221716.004999998956919 ], [ -11007876.6517, 2221699.105099998414516 ], [ -11007767.6778, 2221729.190900001674891 ], [ -11007662.9584, 2221711.772100001573563 ], [ -11007312.9999, 2221701.919100001454353 ], [ -11007172.7596, 2221671.125500001013279 ], [ -11007236.7874, 2221124.975699998438358 ], [ -11007383.0623, 2220725.2566 ], [ -11007446.2728, 2220496.944699998944998 ], [ -11008313.6546, 2220630.044399999082088 ], [ -11008331.4985, 2220390.083599999547005 ], [ -11008674.3266, 2220413.691100001335144 ], [ -11008696.4799, 2220344.03999999910593 ], [ -11008747.6923, 2220258.344000000506639 ], [ -11008767.6918, 2220196.948300000280142 ], [ -11008814.8814, 2219969.0077 ], [ -11008842.6712, 2219968.079 ], [ -11008858.7825, 2219853.212600000202656 ], [ -11008879.5058, 2219854.975000001490116 ], [ -11008736.7727, 2219514.395100001245737 ], [ -11008510.9825, 2219297.463799998164177 ], [ -11008355.1174, 2219213.043600000441074 ], [ -11008200.2676, 2219187.129200000315905 ], [ -11007700.3006, 2218148.237799998372793 ], [ -11007570.6099, 2218136.075300000607967 ] ] ] ] } },
{ "type": "Feature", "properties": { "OBJECTID": 693, "ID": "15029", "NAME": "Chicoloapan", "TOTPOP_CY": 205694, "AREA": 41.29, "Shape__Area": 46657445.175779752, "Shape__Length": 51618.193281296, "metro_only_count": 4.0, "bus_only_count": 914.0, "bus_metro_count": 343.0, "n_cat": "4", "label_range": "2 – 12" }, "geometry": { "type": "MultiPolygon", "coordinates": [ [ [ [ -11007737.1716, 2206307.229200001806021 ], [ -11007871.709, 2206336.113000001758337 ], [ -11008059.2191, 2205825.704199999570847 ], [ -11008031.0697, 2205821.5489999987185 ], [ -11008083.9899, 2205647.063999999314547 ], [ -11008299.0268, 2205667.899599999189377 ], [ -11008288.0484, 2205766.5669 ], [ -11008708.7872, 2205830.745700001716614 ], [ -11009389.331, 2205086.598000001162291 ], [ -11009528.458, 2205042.380800001323223 ], [ -11009753.8624, 2205050.24439999833703 ], [ -11009771.0213, 2204960.268300000578165 ], [ -11009994.9636, 2205002.965300001204014 ], [ -11009986.8341, 2205075.103300001472235 ], [ -11010097.7919, 2205094.104200001806021 ], [ -11010520.622, 2205130.443900000303984 ], [ -11010696.0471, 2205158.473099999129772 ], [ -11010858.5402, 2204940.528599999845028 ], [ -11011038.0029, 2204994.460799999535084 ], [ -11011117.8913, 2205088.3614999987185 ], [ -11011180.369, 2205104.5929000005126 ], [ -11011177.1967, 2205137.805700000375509 ], [ -11012214.0989, 2205371.2685999982059 ], [ -11012352.9176, 2204281.087099999189377 ], [ -11012434.2498, 2203548.742499999701977 ], [ -11012462.2232, 2203394.289900001138449 ], [ -11012287.7668, 2203349.542899999767542 ], [ -11011943.6858, 2203687.222600001841784 ], [ -11012321.0735, 2203047.789799999445677 ], [ -11012569.1088, 2202650.600099999457598 ], [ -11012854.2394, 2202792.551399998366833 ], [ -11013431.6978, 2202216.555300001055002 ], [ -11013803.8336, 2201795.528099998831749 ], [ -11013787.9171, 2201803.770700000226498 ], [ -11013188.6531, 2200978.602000001817942 ], [ -11013134.9816, 2201053.060400001704693 ], [ -11012649.9914, 2201593.438999999314547 ], [ -11012248.8473, 2201992.186000000685453 ], [ -11012031.9066, 2202044.766199998557568 ], [ -11011777.8967, 2202196.887699998915195 ], [ -11011821.4505, 2202402.353900000452995 ], [ -11011799.8722, 2202472.71059999987483 ], [ -11011776.6856, 2202515.234299998730421 ], [ -11011673.7418, 2202635.478900000452995 ], [ -11011493.8877, 2202814.442299999296665 ], [ -11011276.3746, 2202897.275199998170137 ], [ -11010935.363, 2202906.807799998670816 ], [ -11010818.9126, 2202999.689300000667572 ], [ -11010888.8915, 2202721.697999998927116 ], [ -11010947.2074, 2202299.135400000959635 ], [ -11010709.5547, 2202246.648800000548363 ], [ -11010121.594, 2202069.835999999195337 ], [ -11010003.0109, 2202008.659200001507998 ], [ -11009996.9095, 2202041.774300001561642 ], [ -11009376.1198, 2201923.694499999284744 ], [ -11008948.9134, 2201810.413800001144409 ], [ -11008966.5841, 2200969.894999999552965 ], [ -11008939.2764, 2200929.660599999129772 ], [ -11008959.4352, 2200827.389499999582767 ], [ -11008969.8759, 2199462.496800001710653 ], [ -11008987.2528, 2198922.544100001454353 ], [ -11009280.5386, 2198944.063700001686811 ], [ -11009412.5488, 2198379.855900000780821 ], [ -11009502.0032, 2198089.842099998146296 ], [ -11009502.3047, 2197703.106600001454353 ], [ -11009433.7218, 2197419.917100001126528 ], [ -11009468.4682, 2197033.418000001460314 ], [ -11009324.7657, 2197122.463599998503923 ], [ -11009221.4613, 2197214.914900001138449 ], [ -11009109.0919, 2197363.429999999701977 ], [ -11009035.5587, 2197439.414200000464916 ], [ -11008972.0899, 2197541.561299998313189 ], [ -11008691.2376, 2197832.896099999547005 ], [ -11008685.2776, 2198028.300599999725819 ], [ -11008714.2205, 2198277.828400000929832 ], [ -11008566.8904, 2198410.531800001859665 ], [ -11008371.0194, 2198460.708200000226498 ], [ -11008186.308, 2198561.9814000017941 ], [ -11008079.7306, 2198712.241399999707937 ], [ -11008063.7296, 2198767.801600001752377 ], [ -11008065.9917, 2198858.841299999505281 ], [ -11008015.0521, 2198898.415100000798702 ], [ -11007878.7869, 2198907.815099999308586 ], [ -11007911.1083, 2198939.989199999719858 ], [ -11007974.4002, 2199286.83049999922514 ], [ -11007950.4419, 2199756.178399998694658 ], [ -11007875.7121, 2199809.237700000405312 ], [ -11007777.181, 2199753.576499998569489 ], [ -11007630.5064, 2199769.081199999898672 ], [ -11007626.8195, 2199812.812100000679493 ], [ -11007461.9154, 2199850.730999998748302 ], [ -11007318.3823, 2199921.124499998986721 ], [ -11007041.0308, 2200081.389499999582767 ], [ -11006978.4602, 2200085.664799999445677 ], [ -11006829.9291, 2199993.317899998277426 ], [ -11006776.2663, 2200110.933899998664856 ], [ -11006701.7645, 2200179.64919999986887 ], [ -11006680.9003, 2201019.542599998414516 ], [ -11006314.1411, 2200961.4298 ], [ -11006176.5047, 2200920.450899999588728 ], [ -11004281.2181, 2200500.339099999517202 ], [ -11004046.305, 2201411.75560000166297 ], [ -11003668.2184, 2201558.585999999195337 ], [ -11003547.8476, 2201638.48030000180006 ], [ -11003295.0854, 2201697.7347999997437 ], [ -11003142.6324, 2201809.3717 ], [ -11002997.5408, 2201846.887600000947714 ], [ -11002623.9926, 2202021.489100001752377 ], [ -11002154.8297, 2202270.909499999135733 ], [ -11001343.4176, 2202413.137600000947714 ], [ -10999646.5458, 2202567.379299998283386 ], [ -10999624.2663, 2202267.513900000602007 ], [ -10999583.3217, 2202092.495900001376867 ], [ -10999505.1211, 2202070.918200001120567 ], [ -10999311.3083, 2202045.882599998265505 ], [ -10999102.7934, 2202066.35080000013113 ], [ -10998941.1607, 2202040.004200000315905 ], [ -10998781.4275, 2202030.106800001114607 ], [ -10998719.104, 2202062.822000000625849 ], [ -10998582.8936, 2201982.501200001686811 ], [ -10998501.8028, 2201964.429200001060963 ], [ -10998322.474, 2202513.0559 ], [ -10998278.0207, 2202680.101199999451637 ], [ -10998503.7432, 2202680.333799999207258 ], [ -10998800.8059, 2202774.271800000220537 ], [ -10999102.2692, 2202954.830299999564886 ], [ -10999201.3881, 2202950.386799998581409 ], [ -10999361.7172, 2203031.715900000184774 ], [ -10999413.6931, 2203031.645100001245737 ], [ -10999544.0705, 2203065.048799999058247 ], [ -10999655.0081, 2203152.484400000423193 ], [ -10999833.489, 2203217.842700000852346 ], [ -11000289.4159, 2203333.627900000661612 ], [ -11000459.5566, 2203459.950300000607967 ], [ -11000776.1648, 2203539.0121 ], [ -11000941.1403, 2203547.098099999129772 ], [ -11001029.0247, 2203562.281500000506639 ], [ -11001345.24, 2203843.949099998921156 ], [ -11001392.0821, 2203980.290899999439716 ], [ -11001443.5506, 2204037.605000000447035 ], [ -11001749.6915, 2204152.055399999022484 ], [ -11001821.015, 2204214.260299999266863 ], [ -11001914.9476, 2204243.431099999696016 ], [ -11002012.5613, 2204203.54280000180006 ], [ -11002149.8952, 2204194.592399999499321 ], [ -11002292.571, 2204269.239100001752377 ], [ -11002388.9292, 2204268.190999999642372 ], [ -11002525.427, 2204194.503699999302626 ], [ -11002717.3886, 2204018.6385000012815 ], [ -11002744.5949, 2204004.639800000935793 ], [ -11002991.9469, 2204017.405000001192093 ], [ -11003011.774, 2204007.480900000780821 ], [ -11003050.2505, 2204061.714400000870228 ], [ -11003112.871, 2204047.879599999636412 ], [ -11003195.5447, 2204067.51799999922514 ], [ -11003236.7472, 2204037.412500001490116 ], [ -11003266.6366, 2204055.215399999171495 ], [ -11003371.5619, 2204002.629700001329184 ], [ -11003485.9026, 2203982.135800000280142 ], [ -11003670.6396, 2204053.350499998778105 ], [ -11003982.1526, 2204204.156500000506639 ], [ -11004071.4732, 2204281.02589999884367 ], [ -11004258.3052, 2204281.592500001192093 ], [ -11004356.3622, 2204259.777399998158216 ], [ -11004726.0562, 2204281.657499998807907 ], [ -11004908.0171, 2204429.9199 ], [ -11004914.0729, 2204492.477600000798702 ], [ -11004994.5078, 2204602.958999998867512 ], [ -11005311.1993, 2204840.093299999833107 ], [ -11005374.163, 2204906.8257 ], [ -11005729.841, 2205078.799199998378754 ], [ -11005820.3679, 2205065.118700001388788 ], [ -11005996.8608, 2205159.438700001686811 ], [ -11006103.7731, 2205248.145500000566244 ], [ -11006295.435, 2205361.260000001639128 ], [ -11006407.2854, 2205347.5608000010252 ], [ -11006590.7636, 2205395.201299998909235 ], [ -11006591.879, 2205450.346599999815226 ], [ -11006607.2421, 2205482.390000000596046 ], [ -11006601.5047, 2205695.626600001007318 ], [ -11006782.4712, 2205712.450300000607967 ], [ -11006717.6544, 2205894.950899999588728 ], [ -11006820.6227, 2205902.805500000715256 ], [ -11006784.8213, 2205998.175599999725819 ], [ -11006894.7794, 2206004.698800001293421 ], [ -11006863.01, 2206093.191199999302626 ], [ -11006897.4142, 2206103.727899998426437 ], [ -11006918.6582, 2206193.020799998193979 ], [ -11007281.4309, 2206290.0581 ], [ -11007484.2194, 2206332.789700001478195 ], [ -11007511.5283, 2206327.974599998444319 ], [ -11007602.6344, 2206278.344500001519918 ], [ -11007737.1716, 2206307.229200001806021 ] ] ] ] } },
{ "type": "Feature", "properties": { "OBJECTID": 694, "ID": "15030", "NAME": "Chiconcuac", "TOTPOP_CY": 28373, "AREA": 6.84, "Shape__Area": 7737455.5181711577, "Shape__Length": 16309.761586178174, "metro_only_count": 0.0, "bus_only_count": 36.0, "bus_metro_count": 1.0, "n_cat": "1", "label_range": "0 – 0" }, "geometry": { "type": "MultiPolygon", "coordinates": [ [ [ [ -11007700.3006, 2218148.237799998372793 ], [ -11008200.2676, 2219187.129200000315905 ], [ -11008355.1174, 2219213.043600000441074 ], [ -11008510.9825, 2219297.463799998164177 ], [ -11008736.7727, 2219514.395100001245737 ], [ -11008879.5058, 2219854.975000001490116 ], [ -11008858.7825, 2219853.212600000202656 ], [ -11008842.6712, 2219968.079 ], [ -11008814.8814, 2219969.0077 ], [ -11008767.6918, 2220196.948300000280142 ], [ -11008747.6923, 2220258.344000000506639 ], [ -11008696.4799, 2220344.03999999910593 ], [ -11008674.3266, 2220413.691100001335144 ], [ -11008331.4985, 2220390.083599999547005 ], [ -11008313.6546, 2220630.044399999082088 ], [ -11007446.2728, 2220496.944699998944998 ], [ -11007383.0623, 2220725.2566 ], [ -11007236.7874, 2221124.975699998438358 ], [ -11007172.7596, 2221671.125500001013279 ], [ -11007312.9999, 2221701.919100001454353 ], [ -11007662.9584, 2221711.772100001573563 ], [ -11007767.6778, 2221729.190900001674891 ], [ -11007876.6517, 2221699.105099998414516 ], [ -11008408.7598, 2221716.004999998956919 ], [ -11008590.9354, 2221789.568500000983477 ], [ -11008932.3501, 2221952.000399999320507 ], [ -11009103.2211, 2221813.787799999117851 ], [ -11010716.8428, 2222245.4463 ], [ -11010755.9847, 2222063.849199999123812 ], [ -11010730.3981, 2222054.103399999439716 ], [ -11010750.4857, 2221791.623100001364946 ], [ -11010659.1144, 2220333.611099999397993 ], [ -11010155.0389, 2219534.636300001293421 ], [ -11010075.4897, 2219517.14979999884963 ], [ -11010014.8585, 2219611.214000001549721 ], [ -11009965.0888, 2219741.225699998438358 ], [ -11009786.1028, 2219879.383000001311302 ], [ -11009763.9076, 2219957.669300001114607 ], [ -11009538.9222, 2219925.293299999088049 ], [ -11009557.8598, 2219896.223900001496077 ], [ -11009607.6398, 2219491.151000000536442 ], [ -11009452.3603, 2219466.86879999935627 ], [ -11009507.215, 2219061.467399999499321 ], [ -11009526.8217, 2218756.161200001835823 ], [ -11009315.9437, 2218678.911200001835823 ], [ -11008971.0148, 2218652.269799999892712 ], [ -11008692.8608, 2218254.236099999397993 ], [ -11008084.2367, 2218187.660300001502037 ], [ -11008033.886, 2218191.86540000140667 ], [ -11008009.7602, 2218180.24549999833107 ], [ -11007700.3006, 2218148.237799998372793 ] ] ] ] } },
{ "type": "Feature", "properties": { "OBJECTID": 695, "ID": "15031", "NAME": "Chimalhuacán", "TOTPOP_CY": 722558, "AREA": 54.82, "Shape__Area": 61962174.289138272, "Shape__Length": 48060.85418606126, "metro_only_count": 332.0, "bus_only_count": 2035.0, "bus_metro_count": 1489.0, "n_cat": "6", "label_range": "332 – 1830" }, "geometry": { "type": "MultiPolygon", "coordinates": [ [ [ [ -11008972.9669, 2199606.834199998527765 ], [ -11008959.4352, 2200827.389499999582767 ], [ -11008939.2764, 2200929.660599999129772 ], [ -11008966.5841, 2200969.894999999552965 ], [ -11008948.9134, 2201810.413800001144409 ], [ -11009376.1198, 2201923.694499999284744 ], [ -11009996.9095, 2202041.774300001561642 ], [ -11010003.0109, 2202008.659200001507998 ], [ -11010121.594, 2202069.835999999195337 ], [ -11010709.5547, 2202246.648800000548363 ], [ -11010947.2074, 2202299.135400000959635 ], [ -11010888.8915, 2202721.697999998927116 ], [ -11010818.9126, 2202999.689300000667572 ], [ -11010935.363, 2202906.807799998670816 ], [ -11011276.3746, 2202897.275199998170137 ], [ -11011493.8877, 2202814.442299999296665 ], [ -11011673.7418, 2202635.478900000452995 ], [ -11011776.6856, 2202515.234299998730421 ], [ -11011799.8722, 2202472.71059999987483 ], [ -11011821.4505, 2202402.353900000452995 ], [ -11011777.8967, 2202196.887699998915195 ], [ -11012031.9066, 2202044.766199998557568 ], [ -11012248.8473, 2201992.186000000685453 ], [ -11012649.9914, 2201593.438999999314547 ], [ -11013134.9816, 2201053.060400001704693 ], [ -11013188.6531, 2200978.602000001817942 ], [ -11013787.9171, 2201803.770700000226498 ], [ -11013803.8336, 2201795.528099998831749 ], [ -11013431.6978, 2202216.555300001055002 ], [ -11012854.2394, 2202792.551399998366833 ], [ -11012569.1088, 2202650.600099999457598 ], [ -11012321.0735, 2203047.789799999445677 ], [ -11011943.6858, 2203687.222600001841784 ], [ -11012287.7668, 2203349.542899999767542 ], [ -11012462.2232, 2203394.289900001138449 ], [ -11012434.2498, 2203548.742499999701977 ], [ -11012352.9176, 2204281.087099999189377 ], [ -11012214.0989, 2205371.2685999982059 ], [ -11012339.8519, 2207094.727699998766184 ], [ -11013978.2355, 2209589.843299999833107 ], [ -11015177.682, 2209370.996199999004602 ], [ -11018216.1544, 2208188.833799999207258 ], [ -11017998.3654, 2207558.446699999272823 ], [ -11018018.1424, 2207528.609700001776218 ], [ -11018069.8002, 2207320.836100000888109 ], [ -11018275.6622, 2206448.442600000649691 ], [ -11018278.6133, 2206385.190600000321865 ], [ -11018311.7108, 2206308.177000001072884 ], [ -11018358.3492, 2206295.835299998521805 ], [ -11019558.724, 2205576.72859999909997 ], [ -11019580.0751, 2205453.826200000941753 ], [ -11019582.0276, 2205156.1974 ], [ -11019213.7315, 2205134.146499998867512 ], [ -11019125.8437, 2205324.889199998229742 ], [ -11018798.3863, 2205024.607599999755621 ], [ -11018920.9134, 2204805.981600001454353 ], [ -11018998.1346, 2204641.75730000063777 ], [ -11019088.9645, 2204429.196899998933077 ], [ -11019111.7762, 2204333.299699999392033 ], [ -11019137.7425, 2204218.779800001531839 ], [ -11019001.7926, 2204167.381000000983477 ], [ -11019236.9494, 2203756.561500001698732 ], [ -11019292.588, 2203725.219500001519918 ], [ -11019359.0456, 2203750.572500001639128 ], [ -11019366.6188, 2203743.672400001436472 ], [ -11019384.6581, 2203622.876800000667572 ], [ -11019358.5036, 2203540.485100001096725 ], [ -11018200.0184, 2201432.335299998521805 ], [ -11017905.4136, 2201390.684999998658895 ], [ -11017810.7364, 2201328.377300001680851 ], [ -11017753.4742, 2201494.558699999004602 ], [ -11017703.8162, 2201447.390599999576807 ], [ -11017246.2207, 2201190.707699999213219 ], [ -11017284.2942, 2201086.866700001060963 ], [ -11017207.5484, 2201058.918600000441074 ], [ -11017163.1987, 2201139.798599999397993 ], [ -11016954.7986, 2201024.755899999290705 ], [ -11017029.0108, 2200891.16950000077486 ], [ -11017027.4612, 2200867.513799998909235 ], [ -11017049.6071, 2200829.912500001490116 ], [ -11017152.2069, 2200883.263900000602007 ], [ -11017379.6316, 2200244.837099999189377 ], [ -11017507.3785, 2200173.493700001388788 ], [ -11016830.7086, 2198933.321800000965595 ], [ -11016600.7558, 2198985.374899998307228 ], [ -11016001.7789, 2200065.288199998438358 ], [ -11015916.818, 2200268.375599998980761 ], [ -11015774.7774, 2200162.9912 ], [ -11015722.0329, 2200287.707499999552965 ], [ -11015670.1047, 2200264.848099999129772 ], [ -11015622.9978, 2200403.480000000447035 ], [ -11015578.8429, 2200387.432700000703335 ], [ -11015541.5909, 2200508.212699998170137 ], [ -11015365.5826, 2200466.8618 ], [ -11015296.1742, 2200530.035500001162291 ], [ -11015046.5459, 2200589.965500000864267 ], [ -11014973.7773, 2200540.377000000327826 ], [ -11014924.6305, 2200734.740600001066923 ], [ -11014828.2366, 2200942.800299998372793 ], [ -11014474.7951, 2200778.151099998503923 ], [ -11014358.6498, 2200736.360599998384714 ], [ -11013928.3866, 2200531.777199998497963 ], [ -11013872.0257, 2200494.128199998289347 ], [ -11013830.6581, 2200491.33729999884963 ], [ -11013715.9424, 2200435.328299999237061 ], [ -11013711.858, 2200442.949499998241663 ], [ -11013405.3264, 2200296.826200000941753 ], [ -11012154.7077, 2199776.437899999320507 ], [ -11012021.0553, 2199713.006000000983477 ], [ -11012038.8959, 2199683.271999999880791 ], [ -11011903.3483, 2199618.834399998188019 ], [ -11011887.3092, 2199639.80350000038743 ], [ -11011399.5854, 2199453.157800000160933 ], [ -11010934.341, 2199343.299699999392033 ], [ -11010302.2143, 2199169.6809 ], [ -11010101.1191, 2198956.694699998944998 ], [ -11009407.5627, 2198959.070099998265505 ], [ -11009413.8482, 2198944.121599998325109 ], [ -11008987.2528, 2198922.544100001454353 ], [ -11008972.9669, 2199606.834199998527765 ] ] ] ] } },
{ "type": "Feature", "properties": { "OBJECTID": 697, "ID": "15033", "NAME": "Ecatepec de Morelos", "TOTPOP_CY": 1685857, "AREA": 156.19, "Shape__Area": 176851313.15800366, "Shape__Length": 77142.742795546801, "metro_only_count": 1244.0, "bus_only_count": 5327.0, "bus_metro_count": 3795.0, "n_cat": "6", "label_range": "332 – 1830" }, "geometry": { "type": "MultiPolygon", "coordinates": [ [ [ [ -11023830.9746, 2212070.048900000751019 ], [ -11023764.6437, 2212132.335999999195337 ], [ -11023704.067, 2212169.912200000137091 ], [ -11023552.107, 2212229.332600001245737 ], [ -11022428.8354, 2212340.431200001388788 ], [ -11022253.8045, 2212395.421599999070168 ], [ -11022121.0079, 2220723.260099999606609 ], [ -11022068.1958, 2220697.830299999564886 ], [ -11021963.235, 2220688.205899998545647 ], [ -11021752.4737, 2220566.747999999672174 ], [ -11021513.5744, 2220467.614599999040365 ], [ -11021157.5079, 2220360.918600000441074 ], [ -11020855.4612, 2220350.645899999886751 ], [ -11020641.366, 2220374.551300000399351 ], [ -11020298.7003, 2220443.454900000244379 ], [ -11020017.0764, 2220557.848900001496077 ], [ -11019755.6615, 2220732.012800000607967 ], [ -11019645.7558, 2220854.848200000822544 ], [ -11019019.7305, 2222097.815400000661612 ], [ -11019087.0922, 2222098.353100001811981 ], [ -11019098.6883, 2222288.936799999326468 ], [ -11019131.1336, 2222548.1228 ], [ -11019210.4207, 2222796.6404 ], [ -11019328.248, 2223031.013599999248981 ], [ -11019482.1354, 2223254.716499999165535 ], [ -11019615.9376, 2223405.008699998259544 ], [ -11019858.8856, 2223595.348900001496077 ], [ -11020021.9479, 2223699.22069999948144 ], [ -11020265.1696, 2223798.770799998193979 ], [ -11020476.9901, 2223854.829799998551607 ], [ -11019575.2494, 2225279.066799998283386 ], [ -11019094.2992, 2226018.022799998521805 ], [ -11019105.8941, 2226032.298500001430511 ], [ -11019023.5721, 2226582.757399998605251 ], [ -11018824.495, 2226596.468899998813868 ], [ -11018621.4328, 2227720.27309999987483 ], [ -11018576.3772, 2228027.2676 ], [ -11018484.3729, 2228290.673300001770258 ], [ -11018275.2513, 2229132.7357 ], [ -11018287.7636, 2229541.675500001758337 ], [ -11017931.7936, 2230887.866900000721216 ], [ -11018283.883, 2231389.103300001472235 ], [ -11018378.6883, 2231464.978300001472235 ], [ -11018642.0868, 2231525.650299999862909 ], [ -11019030.1395, 2231594.433499999344349 ], [ -11019145.6106, 2231586.530600000172853 ], [ -11019317.1465, 2231739.1418999992311 ], [ -11019351.2489, 2231786.496800001710653 ], [ -11019571.5189, 2231650.236200001090765 ], [ -11019599.5651, 2231593.040300000458956 ], [ -11019620.7167, 2231579.674800001084805 ], [ -11020445.555, 2231728.0746 ], [ -11021101.316, 2231832.598499998450279 ], [ -11021153.4925, 2231560.499000001698732 ], [ -11021215.5575, 2231561.613400001078844 ], [ -11021222.1724, 2231392.949000000953674 ], [ -11021201.1539, 2231248.603700000792742 ], [ -11021219.6796, 2231253.512200001627207 ], [ -11021293.9307, 2231326.122400000691414 ], [ -11021364.9228, 2231272.3235 ], [ -11021561.7489, 2231362.906300000846386 ], [ -11021583.2681, 2231359.36259999871254 ], [ -11022075.2213, 2231081.094300001859665 ], [ -11022507.3135, 2230473.142299998551607 ], [ -11022593.1734, 2230431.921799998730421 ], [ -11022222.5172, 2229761.508099999278784 ], [ -11021740.4137, 2228853.780699998140335 ], [ -11022177.339, 2228530.151299998164177 ], [ -11022628.6037, 2228224.487500000745058 ], [ -11022964.7987, 2227976.676699999719858 ], [ -11023086.8927, 2227673.310100000351667 ], [ -11023246.624, 2227631.076699998229742 ], [ -11023404.3468, 2227557.44310000166297 ], [ -11023397.2719, 2227528.5735 ], [ -11024123.6602, 2227457.259500000625849 ], [ -11025087.4545, 2227383.8607 ], [ -11026440.5158, 2230415.5132 ], [ -11026555.8574, 2230622.204700000584126 ], [ -11026624.3914, 2230575.095499999821186 ], [ -11027602.0949, 2232695.804499998688698 ], [ -11028289.2188, 2232552.655299998819828 ], [ -11028321.0562, 2232536.804499998688698 ], [ -11028330.2533, 2232542.262200001627207 ], [ -11028690.9228, 2232463.852400001138449 ], [ -11028696.9019, 2232454.285399999469519 ], [ -11028749.9466, 2231803.068900000303984 ], [ -11028782.5355, 2231809.428300000727177 ], [ -11028762.9413, 2231768.238099999725819 ], [ -11028778.5911, 2231728.202300000935793 ], [ -11028775.1897, 2231688.808499999344349 ], [ -11028763.993, 2231699.465700000524521 ], [ -11028764.4318, 2231634.817600000649691 ], [ -11028782.2222, 2231479.0962999984622 ], [ -11028803.9055, 2231050.147399999201298 ], [ -11028817.7961, 2230998.886599998921156 ], [ -11028850.8789, 2230442.046100001782179 ], [ -11028841.4302, 2230422.047499999403954 ], [ -11028860.9646, 2230409.769400000572205 ], [ -11028887.0134, 2230054.378600001335144 ], [ -11028901.1609, 2230003.386399999260902 ], [ -11029109.0702, 2229572.011300001293421 ], [ -11029486.5591, 2228856.766100000590086 ], [ -11029487.2259, 2228815.229600001126528 ], [ -11029501.4185, 2228814.378699999302626 ], [ -11029511.4145, 2228798.302000001072884 ], [ -11029698.529, 2228445.590999998152256 ], [ -11029719.7479, 2228453.1831 ], [ -11029883.5945, 2228147.369199998676777 ], [ -11029801.2614, 2227980.4989 ], [ -11030164.005, 2227660.326999999582767 ], [ -11030161.1998, 2227621.0304000005126 ], [ -11030198.564, 2227585.165600001811981 ], [ -11030158.8397, 2227556.490800000727177 ], [ -11030470.7759, 2226957.29619999974966 ], [ -11030495.1159, 2226923.355200000107288 ], [ -11030578.8815, 2226909.135499998927116 ], [ -11030750.4056, 2226168.972800001502037 ], [ -11030893.7597, 2225756.688400000333786 ], [ -11030259.0017, 2225372.589000001549721 ], [ -11030399.2452, 2224635.173099998384714 ], [ -11030454.7303, 2224433.8607 ], [ -11030778.7424, 2224496.424699999392033 ], [ -11030903.2698, 2224509.971599999815226 ], [ -11031166.8933, 2224466.5801 ], [ -11031334.0006, 2224471.826299998909235 ], [ -11031476.887, 2224439.442699998617172 ], [ -11031758.8525, 2224347.179900001734495 ], [ -11031810.0662, 2224344.480099998414516 ], [ -11032062.3417, 2224379.835200000554323 ], [ -11032214.9195, 2224474.508699998259544 ], [ -11032421.799, 2224629.481499999761581 ], [ -11032470.715, 2224651.607999999076128 ], [ -11033752.6903, 2224613.722500000149012 ], [ -11033831.8095, 2223869.1404 ], [ -11033643.5205, 2223512.656100001186132 ], [ -11033393.6728, 2223317.907200001180172 ], [ -11033192.6553, 2222545.958399999886751 ], [ -11031594.8321, 2222300.492499999701977 ], [ -11031477.3048, 2221984.128899998962879 ], [ -11031574.0845, 2221929.363000001758337 ], [ -11031701.0309, 2221884.553800001740456 ], [ -11031710.6201, 2221827.889199998229742 ], [ -11031698.614, 2221790.694299999624491 ], [ -11031466.4037, 2221621.243000000715256 ], [ -11031393.0513, 2221400.6858000010252 ], [ -11031358.9171, 2221255.185400001704693 ], [ -11031393.9141, 2221187.0559 ], [ -11031429.9745, 2221159.827799998223782 ], [ -11031542.6956, 2221127.116399999707937 ], [ -11031615.2413, 2220987.177799999713898 ], [ -11031495.8143, 2220942.309500001370907 ], [ -11031429.666, 2220854.824400000274181 ], [ -11031470.3804, 2220802.79619999974966 ], [ -11031385.4489, 2220718.577599998563528 ], [ -11031422.1501, 2220647.338799998164177 ], [ -11031325.0228, 2220598.560600001364946 ], [ -11031104.4611, 2220524.9463 ], [ -11031139.6728, 2220384.083000000566244 ], [ -11031129.4877, 2220330.039700001478195 ], [ -11031045.9981, 2220226.646699998527765 ], [ -11030949.6197, 2220080.173599999397993 ], [ -11030778.3819, 2220053.8761 ], [ -11030855.7533, 2219758.722899999469519 ], [ -11030879.6752, 2219620.052499998360872 ], [ -11030826.4027, 2219593.578699998557568 ], [ -11030819.3684, 2219579.454100001603365 ], [ -11030814.7876, 2219418.803800001740456 ], [ -11030665.8043, 2219091.282200001180172 ], [ -11030516.1137, 2218698.999000001698732 ], [ -11030501.2086, 2218618.130699999630451 ], [ -11030544.0711, 2218524.865800000727177 ], [ -11030482.0565, 2218495.90430000051856 ], [ -11030537.7211, 2218473.155999999493361 ], [ -11030478.7418, 2218321.165199998766184 ], [ -11030446.2445, 2218377.633099999278784 ], [ -11030382.4127, 2218232.78999999910593 ], [ -11030225.7205, 2218020.581799998879433 ], [ -11030038.5311, 2217850.798700001090765 ], [ -11029559.1631, 2217378.166799999773502 ], [ -11029626.6267, 2217169.852299999445677 ], [ -11030463.3688, 2216692.24040000140667 ], [ -11030601.1306, 2216567.852099999785423 ], [ -11030723.6962, 2216485.08219999819994 ], [ -11030479.1426, 2215819.943900000303984 ], [ -11030446.5338, 2215808.25279999896884 ], [ -11030390.5468, 2215810.117600001394749 ], [ -11030333.4195, 2215847.5185999982059 ], [ -11030465.8364, 2215701.195599999278784 ], [ -11030489.1625, 2215662.342700000852346 ], [ -11030504.3142, 2215626.417700000107288 ], [ -11030530.195, 2215339.923500001430511 ], [ -11030691.3041, 2215011.3902000002563 ], [ -11030136.7061, 2214775.183299999684095 ], [ -11029225.1642, 2214350.9331 ], [ -11027738.734, 2213747.957600001245737 ], [ -11027583.8163, 2213652.146099999547005 ], [ -11026952.2038, 2213379.442299999296665 ], [ -11026693.8991, 2213272.765000000596046 ], [ -11026594.9273, 2213243.67960000038147 ], [ -11025757.2337, 2212855.3805 ], [ -11024929.9806, 2212523.7544 ], [ -11023913.8096, 2212084.495099999010563 ], [ -11023830.9746, 2212070.048900000751019 ] ] ] ] } },
{ "type": "Feature", "properties": { "OBJECTID": 698, "ID": "15034", "NAME": "Ecatzingo", "TOTPOP_CY": 11093, "AREA": 53.17, "Shape__Area": 59781008.435232393, "Shape__Length": 42949.2746876776, "metro_only_count": 0.0, "bus_only_count": 16.0, "bus_metro_count": 2.0, "n_cat": "1", "label_range": "0 – 0" }, "geometry": { "type": "MultiPolygon", "coordinates": [ [ [ [ -10983910.092, 2154472.563900001347065 ], [ -10983477.7448, 2155089.456999998539686 ], [ -10986240.758, 2154575.401200000196695 ], [ -10989564.0043, 2153474.976700000464916 ], [ -10989725.1471, 2153812.774000000208616 ], [ -10990086.7841, 2153640.449499998241663 ], [ -10990209.7955, 2153597.286299999803305 ], [ -10990251.7118, 2153594.692899998277426 ], [ -10990348.2657, 2153646.177999999374151 ], [ -10990377.8134, 2153646.223900001496077 ], [ -10990472.9125, 2153611.260499998927116 ], [ -10990604.511, 2153616.782999999821186 ], [ -10990697.4149, 2153592.722100000828505 ], [ -10990860.4802, 2153727.829300001263618 ], [ -10990975.7804, 2153846.904199998825788 ], [ -10991028.8877, 2153871.190200001001358 ], [ -10991102.9708, 2153879.547800000756979 ], [ -10991211.3491, 2153982.385299999266863 ], [ -10991264.993, 2154001.35249999910593 ], [ -10991433.151, 2153960.908100001513958 ], [ -10991542.7561, 2153907.075899999588728 ], [ -10991632.423, 2153883.003100000321865 ], [ -10991699.16, 2153809.9543999992311 ], [ -10991777.5991, 2153783.204599998891354 ], [ -10991827.5572, 2153748.167899999767542 ], [ -10991835.1269, 2153721.048300001770258 ], [ -10991817.5384, 2153591.4847999997437 ], [ -10991844.9886, 2153580.619899999350309 ], [ -10991967.9366, 2153578.140599999576807 ], [ -10992090.2646, 2153499.461199998855591 ], [ -10992235.5832, 2153487.098999999463558 ], [ -10992305.945, 2153530.004999998956919 ], [ -10992382.999, 2153620.809099998325109 ], [ -10992503.5816, 2153622.376299999654293 ], [ -10992612.4485, 2153676.455899998545647 ], [ -10992699.27, 2153665.877000000327826 ], [ -10992792.1595, 2153597.953899998217821 ], [ -10992836.7273, 2153590.039200000464916 ], [ -10992858.8911, 2153569.017099998891354 ], [ -10992906.6271, 2153556.423799999058247 ], [ -10993007.7362, 2153546.982299998402596 ], [ -10993117.4905, 2153616.911499999463558 ], [ -10993343.753, 2153508.195300001651049 ], [ -10993433.0569, 2153514.533700000494719 ], [ -10993656.0911, 2153576.05350000038743 ], [ -10993639.9054, 2153638.50450000166893 ], [ -10993867.9343, 2153826.846999999135733 ], [ -10993888.5062, 2153915.72410000115633 ], [ -10993924.6338, 2153930.994600001722574 ], [ -10993977.8356, 2153914.637499999254942 ], [ -10994030.4006, 2153939.052000001072884 ], [ -10994102.7105, 2153945.694200001657009 ], [ -10994213.8417, 2154018.654800001531839 ], [ -10994271.7468, 2154105.000500001013279 ], [ -10994297.6999, 2154113.514699999243021 ], [ -10994322.7535, 2154201.445500001311302 ], [ -10994358.1342, 2154224.394400000572205 ], [ -10994391.53, 2154322.352699998766184 ], [ -10994407.0512, 2154333.0132 ], [ -10994571.8897, 2154392.55180000141263 ], [ -10994796.6627, 2154420.200599998235703 ], [ -10994813.8215, 2154336.27309999987483 ], [ -10994872.182, 2154288.33219999819994 ], [ -10994908.3419, 2154126.227099999785423 ], [ -10994998.7122, 2153964.981499999761581 ], [ -10994966.2892, 2153962.396200001239777 ], [ -10994890.268, 2153922.693599998950958 ], [ -10994888.7508, 2153901.667500000447035 ], [ -10994865.7188, 2153892.7331000007689 ], [ -10994857.047, 2153867.366399999707937 ], [ -10994759.7148, 2153802.727299999445677 ], [ -10994731.7079, 2153771.250500001013279 ], [ -10994752.0126, 2153723.920800000429153 ], [ -10994698.2974, 2153685.035799998790026 ], [ -10994667.0201, 2153647.212699998170137 ], [ -10994681.9559, 2153629.910500001162291 ], [ -10994658.4842, 2153615.498500000685453 ], [ -10994667.8762, 2153584.054000001400709 ], [ -10994845.2905, 2153382.327399998903275 ], [ -10994866.0149, 2153389.870000001043081 ], [ -10994878.9658, 2153353.415399998426437 ], [ -10994898.2474, 2153343.599599998444319 ], [ -10994741.6743, 2153317.942800000309944 ], [ -10994757.9368, 2153248.2972999997437 ], [ -10994925.4249, 2153271.903499998152256 ], [ -10994996.2219, 2153106.491399999707937 ], [ -10995008.653, 2153030.147199999541044 ], [ -10995116.0382, 2152817.541999999433756 ], [ -10995144.6253, 2152709.591899998486042 ], [ -10995174.7261, 2152690.748399998992682 ], [ -10995255.7867, 2152698.83219999819994 ], [ -10995282.6303, 2152688.229200001806021 ], [ -10995310.1674, 2152656.613000001758337 ], [ -10995335.3043, 2152483.76069999858737 ], [ -10995347.1288, 2152259.558899998664856 ], [ -10995659.2364, 2152433.377000000327826 ], [ -10995675.8864, 2152438.7179000005126 ], [ -10995699.5463, 2152419.8629 ], [ -10995715.8167, 2152354.986999999731779 ], [ -10995716.0025, 2152284.769499998539686 ], [ -10995674.299, 2151995.871800001710653 ], [ -10995733.6167, 2151893.283599998801947 ], [ -10995866.9851, 2151820.579 ], [ -10996285.6734, 2151670.302299998700619 ], [ -10996327.5886, 2151665.034600000828505 ], [ -10996564.3318, 2151687.403900001198053 ], [ -10996616.9981, 2151676.5647 ], [ -10996642.8365, 2151647.07490000128746 ], [ -10996705.4625, 2151506.721599999815226 ], [ -10996738.8673, 2151463.677299998700619 ], [ -10996883.9511, 2151420.7676 ], [ -10997012.3226, 2151407.625999998301268 ], [ -10997070.9011, 2151386.153099998831749 ], [ -10997113.9751, 2151348.440200001001358 ], [ -10997140.4157, 2151291.555799998342991 ], [ -10997140.5526, 2151229.587699998170137 ], [ -10997131.4979, 2151205.246100001037121 ], [ -10997032.3623, 2151115.892700001597404 ], [ -10997013.6896, 2151061.752900000661612 ], [ -10997021.0155, 2150929.443199999630451 ], [ -10997067.0661, 2150753.968299999833107 ], [ -10997060.4882, 2150586.548500001430511 ], [ -10997084.5144, 2150416.369600001722574 ], [ -10997109.7561, 2150424.50789999961853 ], [ -10997172.7083, 2150367.935699999332428 ], [ -10997151.8215, 2150343.5810999982059 ], [ -10997295.5894, 2149957.729800000786781 ], [ -10997358.9747, 2149720.1919 ], [ -10997397.8942, 2149614.926199998706579 ], [ -10997440.0155, 2149509.665600001811981 ], [ -10997486.744, 2149507.19029999896884 ], [ -10997519.5454, 2149488.3462999984622 ], [ -10997500.3338, 2149442.31700000166893 ], [ -10997668.709, 2149078.188000001013279 ], [ -10997646.2492, 2149042.931499999016523 ], [ -10997756.3553, 2148811.031700000166893 ], [ -10997787.606, 2148759.742899999022484 ], [ -10997905.1514, 2148768.125300001353025 ], [ -10998016.8284, 2148544.217999998480082 ], [ -10998056.3902, 2148390.4222999997437 ], [ -10998044.804, 2148295.878499999642372 ], [ -10998050.7708, 2148274.208599999547005 ], [ -10998237.1029, 2148028.851700000464916 ], [ -10998303.9202, 2147929.072200000286102 ], [ -10998304.9321, 2147907.5793999992311 ], [ -10998203.1539, 2147870.77140000090003 ], [ -10997810.9029, 2147691.258699998259544 ], [ -10997484.0712, 2147324.710700001567602 ], [ -10997363.8176, 2147485.8614999987185 ], [ -10997363.2015, 2147506.402100000530481 ], [ -10997333.9591, 2147525.875 ], [ -10996820.0137, 2148214.579300001263618 ], [ -10996730.3625, 2148009.600499998778105 ], [ -10996557.3907, 2147910.243099998682737 ], [ -10996494.3854, 2147910.165399998426437 ], [ -10996332.5599, 2147866.595600001513958 ], [ -10996238.6316, 2147854.569400001317263 ], [ -10996171.8568, 2147875.024300001561642 ], [ -10996128.6673, 2147909.502500001341105 ], [ -10996018.9672, 2148092.830800000578165 ], [ -10995740.6812, 2148257.630699999630451 ], [ -10995580.9783, 2148289.519600000232458 ], [ -10995423.919, 2148116.508900001645088 ], [ -10995335.1765, 2148097.25789999961853 ], [ -10995197.4808, 2148093.464699998497963 ], [ -10995173.2888, 2148098.6081000007689 ], [ -10995131.0778, 2148133.206399999558926 ], [ -10994887.7955, 2148139.977000001817942 ], [ -10994849.1845, 2148182.433600001037121 ], [ -10994784.2016, 2148208.8783 ], [ -10994675.987, 2148194.0099 ], [ -10994491.9826, 2148105.214000001549721 ], [ -10994435.0269, 2148012.533599998801947 ], [ -10994351.2781, 2147932.195700000971556 ], [ -10994253.514, 2147919.979400001466274 ], [ -10994149.2776, 2148010.701299998909235 ], [ -10994032.1888, 2148050.291200000792742 ], [ -10993970.7078, 2148013.53319999948144 ], [ -10993872.0687, 2147990.492499999701977 ], [ -10993515.0491, 2147981.880800001323223 ], [ -10993436.4408, 2148037.843499999493361 ], [ -10993375.881, 2148150.56700000166893 ], [ -10993417.7815, 2148206.042700000107288 ], [ -10993376.0669, 2148219.2364999987185 ], [ -10993138.4112, 2148138.866999998688698 ], [ -10993075.374, 2148161.511399999260902 ], [ -10993036.5536, 2148195.556699998676777 ], [ -10992907.2849, 2148213.2364999987185 ], [ -10992882.9572, 2148279.780299998819828 ], [ -10992855.4847, 2148286.236999999731779 ], [ -10992818.3662, 2148258.579 ], [ -10992763.4513, 2148248.757399998605251 ], [ -10992721.8657, 2148265.345300000160933 ], [ -10992670.0487, 2148349.711800001561642 ], [ -10992615.1502, 2148328.523299999535084 ], [ -10992577.9484, 2148359.322700001299381 ], [ -10992521.3692, 2148383.599500000476837 ], [ -10992443.8017, 2148398.103000000119209 ], [ -10992369.2758, 2148356.715799998492002 ], [ -10992298.8893, 2148370.8462999984622 ], [ -10992149.8124, 2148368.4474 ], [ -10992001.0619, 2148449.421599999070168 ], [ -10991794.2405, 2148468.603500001132488 ], [ -10991578.3939, 2148375.882399998605251 ], [ -10991363.8313, 2148336.121599998325109 ], [ -10991268.5452, 2148365.183899998664856 ], [ -10991074.159, 2148495.291900001466274 ], [ -10990946.4554, 2148545.438400000333786 ], [ -10990886.766, 2148539.9560999982059 ], [ -10990788.3507, 2148504.919399999082088 ], [ -10990692.2618, 2148503.083500001579523 ], [ -10990639.8762, 2148477.090500000864267 ], [ -10990501.3792, 2148455.177999999374151 ], [ -10990235.1284, 2148445.723499998450279 ], [ -10990049.8738, 2148412.885499998927116 ], [ -10989671.0725, 2148399.5154 ], [ -10989590.1334, 2148386.728000000119209 ], [ -10989325.8833, 2148250.682900000363588 ], [ -10989140.0599, 2148170.924499999731779 ], [ -10989051.9292, 2148156.316300000995398 ], [ -10988884.5714, 2148184.979200001806021 ], [ -10988796.3451, 2148230.043000001460314 ], [ -10988736.8863, 2148284.195000000298023 ], [ -10988674.5716, 2148379.467399999499321 ], [ -10988174.5333, 2148926.594200000166893 ], [ -10988099.7523, 2149125.937399998307228 ], [ -10987974.0758, 2149245.41160000115633 ], [ -10987901.4456, 2149254.1415 ], [ -10987874.5909, 2149270.807700000703335 ], [ -10987860.2183, 2149265.364199999719858 ], [ -10987882.6281, 2149297.717500001192093 ], [ -10987774.4989, 2149423.515500001609325 ], [ -10987679.9609, 2149457.8462999984622 ], [ -10987473.0402, 2149604.653900001198053 ], [ -10987395.5309, 2149615.509799998253584 ], [ -10987221.2936, 2149965.436999998986721 ], [ -10987277.0837, 2150069.898400001227856 ], [ -10987296.1881, 2150141.278099998831749 ], [ -10987230.2424, 2150213.650499999523163 ], [ -10987139.6182, 2150347.75620000064373 ], [ -10986827.622, 2150722.311599999666214 ], [ -10986753.5312, 2150738.928399998694658 ], [ -10986566.2628, 2150914.9814000017941 ], [ -10986537.4067, 2150956.377399999648333 ], [ -10986304.838, 2150967.970800001174212 ], [ -10986234.7691, 2150955.842999998480082 ], [ -10986164.3551, 2150981.390900000929832 ], [ -10986143.8923, 2151002.625799998641014 ], [ -10986224.1569, 2151118.5472999997437 ], [ -10983910.092, 2154472.563900001347065 ] ] ] ] } },
{ "type": "Feature", "properties": { "OBJECTID": 699, "ID": "15035", "NAME": "Huehuetoca", "TOTPOP_CY": 167261, "AREA": 119.76, "Shape__Area": 136036764.2469736, "Shape__Length": 82674.900577898778, "metro_only_count": 0.0, "bus_only_count": 468.0, "bus_metro_count": 39.0, "n_cat": "1", "label_range": "0 – 0" }, "geometry": { "type": "MultiPolygon", "coordinates": [ [ [ [ -11044045.0612, 2259771.801899999380112 ], [ -11044900.9077, 2259865.821400001645088 ], [ -11044929.2875, 2259894.407000001519918 ], [ -11045053.8195, 2259647.026500001549721 ], [ -11045105.9036, 2259480.941399998962879 ], [ -11045194.3337, 2259322.128600001335144 ], [ -11045672.8894, 2258688.312800001353025 ], [ -11046049.266, 2258278.053199999034405 ], [ -11046043.8869, 2258234.267000000923872 ], [ -11046157.6466, 2258114.365499999374151 ], [ -11046289.2431, 2258213.004000000655651 ], [ -11046418.4048, 2258348.796399999409914 ], [ -11046474.1137, 2258434.657600000500679 ], [ -11046677.9687, 2258323.195999998599291 ], [ -11046723.9369, 2258377.883400000631809 ], [ -11046739.2834, 2258434.66270000115037 ], [ -11046758.1531, 2258448.412500001490116 ], [ -11046809.5416, 2258438.00789999961853 ], [ -11046818.103, 2258387.941300000995398 ], [ -11046859.0587, 2258312.234999999403954 ], [ -11046879.0515, 2258204.738299999386072 ], [ -11046865.2714, 2258110.459399998188019 ], [ -11046895.1487, 2258050.6754 ], [ -11046942.4436, 2258238.666799999773502 ], [ -11047505.4909, 2258259.851500000804663 ], [ -11047977.3709, 2257581.245099999010563 ], [ -11048232.4606, 2256427.965300001204014 ], [ -11048780.0546, 2256529.305500000715256 ], [ -11048782.9812, 2256501.234400000423193 ], [ -11048804.5137, 2256472.846900001168251 ], [ -11048875.943, 2256442.670299999415874 ], [ -11048907.4464, 2256390.839899998158216 ], [ -11048982.173, 2256345.008000001311302 ], [ -11050297.0766, 2256341.783900000154972 ], [ -11050369.4499, 2256382.669599998742342 ], [ -11050485.8631, 2256411.206999998539686 ], [ -11050569.5767, 2256419.278999999165535 ], [ -11050626.7091, 2256400.722800001502037 ], [ -11050793.9266, 2256283.509300000965595 ], [ -11050895.6972, 2256059.123199999332428 ], [ -11051014.7655, 2255843.719399999827147 ], [ -11051078.2844, 2255693.035300001502037 ], [ -11051177.0147, 2255632.001299999654293 ], [ -11051236.2044, 2255637.858600001782179 ], [ -11051285.1305, 2255613.172499999403954 ], [ -11051356.5732, 2255445.781100001186132 ], [ -11051449.6639, 2255004.078299999237061 ], [ -11051476.3694, 2255020.723799999803305 ], [ -11051595.818, 2254490.177299998700619 ], [ -11051623.2086, 2254410.32149999961257 ], [ -11051594.119, 2254350.467999998480082 ], [ -11051620.0385, 2254286.399399999529123 ], [ -11051656.4368, 2254134.7820999994874 ], [ -11051948.4868, 2254392.736200001090765 ], [ -11051978.7188, 2254395.103300001472235 ], [ -11052122.3623, 2254290.712799999862909 ], [ -11052203.7646, 2254290.257599998265505 ], [ -11052219.9805, 2254258.536200001835823 ], [ -11052268.6961, 2254228.490800000727177 ], [ -11052279.4508, 2254179.4452 ], [ -11052368.8006, 2254160.23030000180006 ], [ -11052449.8829, 2254042.98759999871254 ], [ -11052502.743, 2253750.035900000482798 ], [ -11053685.2189, 2253520.922899998724461 ], [ -11054152.9688, 2252802.659200001507998 ], [ -11054089.7204, 2252773.619699999690056 ], [ -11054058.0246, 2252726.409800000488758 ], [ -11054122.7233, 2252581.8081 ], [ -11054132.82, 2252573.934099998325109 ], [ -11054245.4375, 2252642.682799998670816 ], [ -11054300.1221, 2252553.107299998402596 ], [ -11054373.8902, 2252507.806699998676777 ], [ -11054405.7342, 2252419.000700000673532 ], [ -11054458.7823, 2252342.097199998795986 ], [ -11054554.1275, 2252102.958599999547005 ], [ -11054624.1909, 2252117.922699999064207 ], [ -11054672.9711, 2252108.006499998271465 ], [ -11054703.5718, 2252078.840199999511242 ], [ -11054720.7149, 2252044.129099998623133 ], [ -11054703.1622, 2251951.077199999243021 ], [ -11054713.4501, 2251888.910999998450279 ], [ -11054693.8001, 2251854.382500000298023 ], [ -11054682.5191, 2251789.92850000038743 ], [ -11054801.7588, 2251780.174499999731779 ], [ -11054978.0288, 2251636.7324 ], [ -11054953.3281, 2251570.2665 ], [ -11054916.7452, 2251572.165600001811981 ], [ -11054913.496, 2251536.681499999016523 ], [ -11055003.758, 2251508.013999998569489 ], [ -11054978.7257, 2251414.7837999984622 ], [ -11055126.1829, 2251253.17339999973774 ], [ -11055187.8817, 2251092.729899998754263 ], [ -11055294.6404, 2251036.019099999219179 ], [ -11055352.6925, 2251028.868900001049042 ], [ -11055323.293, 2250939.161100000143051 ], [ -11055258.0764, 2250995.004299998283386 ], [ -11055163.2544, 2251052.434399999678135 ], [ -11055152.3774, 2251048.256299998611212 ], [ -11055150.9614, 2251007.563299998641014 ], [ -11055021.9454, 2251032.508499998599291 ], [ -11055020.4059, 2251066.239500001072884 ], [ -11054983.8231, 2251064.155499998480082 ], [ -11054988.0186, 2251002.524999998509884 ], [ -11054959.2638, 2250972.311999998986721 ], [ -11054964.4412, 2250868.707600001245737 ], [ -11054932.7274, 2250859.962400000542402 ], [ -11054912.5062, 2251066.403799999505281 ], [ -11054884.6819, 2251074.0641999989748 ], [ -11054893.553, 2250866.419100001454353 ], [ -11054828.4534, 2250899.624400001019239 ], [ -11054794.1169, 2250888.492499999701977 ], [ -11054842.3237, 2250867.884100001305342 ], [ -11054871.2991, 2250840.631700001657009 ], [ -11054984.3696, 2250796.1587999984622 ], [ -11055070.7635, 2250679.255699999630451 ], [ -11055097.0539, 2250585.13289999961853 ], [ -11055141.7408, 2250555.63060000166297 ], [ -11055222.5622, 2250471.422400001436472 ], [ -11055290.6464, 2250424.8310999982059 ], [ -11055301.8416, 2250395.636500000953674 ], [ -11055289.129, 2250353.806800000369549 ], [ -11055276.1547, 2250355.105799999088049 ], [ -11055270.6232, 2250336.4551 ], [ -11055262.587, 2250328.067400000989437 ], [ -11055260.0512, 2250334.802200000733137 ], [ -11055246.557, 2250289.732799999415874 ], [ -11055265.0173, 2250236.747900001704693 ], [ -11055263.8617, 2250195.679299999028444 ], [ -11055293.0875, 2250125.705200001597404 ], [ -11055330.0433, 2250105.449099998921156 ], [ -11055357.665, 2250106.826400000602007 ], [ -11055385.4071, 2250031.092999998480082 ], [ -11055436.3268, 2249971.748199999332428 ], [ -11055422.9028, 2249925.962600000202656 ], [ -11055383.3175, 2249896.279100000858307 ], [ -11055359.6422, 2249839.326999999582767 ], [ -11055293.4605, 2249782.189399998635054 ], [ -11055222.2059, 2249679.877599999308586 ], [ -11055104.4643, 2249603.756700001657009 ], [ -11055011.7986, 2249521.26240000128746 ], [ -11055010.5742, 2249506.527300000190735 ], [ -11055046.999, 2249456.536899998784065 ], [ -11055044.7682, 2249433.4560999982059 ], [ -11055026.3961, 2249404.510499998927116 ], [ -11054964.469, 2249398.621899999678135 ], [ -11054912.7723, 2249346.738800000399351 ], [ -11054896.5007, 2249270.7010000012815 ], [ -11054810.9605, 2249201.070900000631809 ], [ -11054760.2023, 2249080.306699998676777 ], [ -11055568.4709, 2248920.771499998867512 ], [ -11055595.1908, 2248962.136799998581409 ], [ -11055691.423, 2248902.258000001311302 ], [ -11055761.3586, 2248827.712699998170137 ], [ -11055848.9024, 2248925.112300001084805 ], [ -11055903.3788, 2248840.9527000002563 ], [ -11056074.4958, 2248920.758600000292063 ], [ -11056117.4651, 2248926.315699998289347 ], [ -11056180.0155, 2248913.645500000566244 ], [ -11056309.1528, 2248860.17960000038147 ], [ -11056435.3224, 2248850.26969999819994 ], [ -11056507.9872, 2248762.317800000309944 ], [ -11056602.3605, 2248794.770100001245737 ], [ -11056539.3537, 2248671.289900001138449 ], [ -11056601.6892, 2248632.078400000929832 ], [ -11056582.0603, 2248597.571100000292063 ], [ -11056683.8909, 2248511.769799999892712 ], [ -11056717.2422, 2248588.253100000321865 ], [ -11056750.5166, 2248546.69819999858737 ], [ -11056873.1818, 2248536.28830000013113 ], [ -11056960.2682, 2248550.321899998933077 ], [ -11057060.5528, 2248627.298900000751019 ], [ -11057187.0227, 2248759.80460000038147 ], [ -11057183.9549, 2248825.332299999892712 ], [ -11057453.3879, 2248960.494699999690056 ], [ -11057692.2652, 2248988.560400001704693 ], [ -11057774.921, 2249019.8728 ], [ -11057862.2824, 2249030.189800001680851 ], [ -11057872.487, 2249048.560100000351667 ], [ -11057978.4186, 2249077.9441 ], [ -11058010.4731, 2249124.220899999141693 ], [ -11058021.4547, 2249174.663600001484156 ], [ -11057965.618, 2249187.32660000026226 ], [ -11057933.7539, 2249222.695099998265505 ], [ -11057955.5547, 2249310.645899999886751 ], [ -11057971.7027, 2249318.110300000756979 ], [ -11058032.795, 2249312.38399999961257 ], [ -11058056.802, 2249330.768800001591444 ], [ -11058052.9325, 2249392.025800000876188 ], [ -11058043.7954, 2249401.230700001120567 ], [ -11057991.3017, 2249403.3191 ], [ -11057984.8562, 2249414.310499999672174 ], [ -11057988.9271, 2249446.518100000917912 ], [ -11058021.0952, 2249502.832299999892712 ], [ -11058117.1927, 2249548.190900001674891 ], [ -11058234.7095, 2249536.058899998664856 ], [ -11058293.2791, 2249590.442499998956919 ], [ -11058312.5374, 2249595.412999998778105 ], [ -11058349.5589, 2249576.121500000357628 ], [ -11058349.6391, 2249484.050999999046326 ], [ -11058391.6176, 2249435.6426 ], [ -11058403.5699, 2249401.389400001615286 ], [ -11058415.2086, 2249210.085499998182058 ], [ -11058445.1779, 2249167.7412 ], [ -11058471.0498, 2248957.767499998211861 ], [ -11058456.8485, 2248869.20549999922514 ], [ -11058480.8068, 2248826.8739 ], [ -11058512.6552, 2248680.715500000864267 ], [ -11058608.8098, 2248717.889800000935793 ], [ -11058673.9172, 2248859.879099998623133 ], [ -11058750.8366, 2248879.054900001734495 ], [ -11058674.3602, 2248677.915199998766184 ], [ -11058768.5386, 2248655.365499999374151 ], [ -11058801.211, 2248762.523400001227856 ], [ -11058776.8243, 2248844.227699998766184 ], [ -11058784.1057, 2248895.510800000280142 ], [ -11059036.0405, 2248822.103500001132488 ], [ -11059029.848, 2248778.715500000864267 ], [ -11059041.5877, 2248683.671100001782179 ], [ -11059076.3963, 2248637.857900001108646 ], [ -11059116.6494, 2248540.164000000804663 ], [ -11059107.0368, 2248499.7379 ], [ -11058994.1166, 2248486.2364999987185 ], [ -11058977.0925, 2248377.036800000816584 ], [ -11058955.2483, 2248340.930300001055002 ], [ -11058987.5787, 2248152.311900001019239 ], [ -11058972.8235, 2248086.244800001382828 ], [ -11058992.3755, 2248040.116099998354912 ], [ -11059084.1562, 2247968.0077 ], [ -11059142.7905, 2247948.971099998801947 ], [ -11059159.8859, 2247917.387299999594688 ], [ -11059157.3255, 2247888.970300000160933 ], [ -11059125.5058, 2247866.785900000482798 ], [ -11058972.0509, 2247833.782299999147654 ], [ -11058941.3321, 2247851.6809 ], [ -11058902.2636, 2247834.825899999588728 ], [ -11058917.9239, 2247795.96169999986887 ], [ -11059033.4971, 2247703.2347999997437 ], [ -11059139.9206, 2247566.043200001120567 ], [ -11059146.0009, 2247541.031700000166893 ], [ -11059096.1875, 2247489.739100001752377 ], [ -11058841.6567, 2247334.840599998831749 ], [ -11058775.4215, 2247267.867899999022484 ], [ -11058808.7062, 2247255.036899998784065 ], [ -11058864.5607, 2247266.211599998176098 ], [ -11058927.1312, 2247222.401299998164177 ], [ -11058899.0642, 2247110.600499998778105 ], [ -11058865.6416, 2247046.440400000661612 ], [ -11058832.9016, 2246912.525699999183416 ], [ -11058744.0618, 2246735.10190000012517 ], [ -11058670.2828, 2246656.64130000025034 ], [ -11058546.3995, 2246475.165899999439716 ], [ -11058508.6347, 2246452.519499998539686 ], [ -11058451.7604, 2246447.353500001132488 ], [ -11058429.0567, 2246402.003499999642372 ], [ -11058427.8357, 2246328.757500000298023 ], [ -11058469.8475, 2246189.700599998235703 ], [ -11058480.0878, 2246116.4662000015378 ], [ -11058467.6123, 2246085.991300001740456 ], [ -11058409.0881, 2246023.378600001335144 ], [ -11058408.0773, 2245989.413100000470877 ], [ -11058469.1372, 2245922.892400000244379 ], [ -11058510.6315, 2245906.36430000141263 ], [ -11058607.6387, 2245902.193500000983477 ], [ -11058629.1734, 2245848.893199998885393 ], [ -11058618.0449, 2245811.506999999284744 ], [ -11058580.5535, 2245784.013999998569489 ], [ -11058469.7462, 2245758.323300000280142 ], [ -11058431.5981, 2245738.35190000012517 ], [ -11058409.0169, 2245707.309999998658895 ], [ -11058445.8936, 2245610.624899998307228 ], [ -11058432.2337, 2245569.243299998342991 ], [ -11058398.19, 2245554.73030000180006 ], [ -11058404.2648, 2245435.261199999600649 ], [ -11058421.0895, 2245362.003199998289347 ], [ -11058441.0758, 2245329.361299999058247 ], [ -11058517.1793, 2245307.828200001269579 ], [ -11058543.1268, 2245264.482500001788139 ], [ -11058627.8632, 2245229.303399998694658 ], [ -11058651.1167, 2245183.290600001811981 ], [ -11058668.9245, 2245172.2993 ], [ -11058782.2767, 2245148.017099998891354 ], [ -11058862.7641, 2245066.881499998271465 ], [ -11058884.8877, 2245066.836500000208616 ], [ -11058897.794, 2245080.439399998635054 ], [ -11058901.4809, 2245164.610599998384714 ], [ -11058973.931, 2245160.454 ], [ -11059013.3403, 2245122.425700001418591 ], [ -11059043.0081, 2245032.840799998492002 ], [ -11059037.1115, 2244954.286499999463558 ], [ -11058990.1715, 2244883.833999998867512 ], [ -11058928.2677, 2244879.684399999678135 ], [ -11058879.6502, 2244909.44539999961853 ], [ -11058827.9678, 2244836.063099998980761 ], [ -11058752.4898, 2244787.045400001108646 ], [ -11058713.7829, 2244656.716699998825788 ], [ -11058671.211, 2244621.528099998831749 ], [ -11058655.6654, 2244537.381999999284744 ], [ -11058608.2164, 2244507.549699999392033 ], [ -11058603.9228, 2244485.64469999819994 ], [ -11058583.4367, 2244485.687300000339746 ], [ -11058564.0426, 2244469.425700001418591 ], [ -11058580.824, 2244423.162599999457598 ], [ -11058570.5715, 2244412.493599999696016 ], [ -11058541.988, 2244412.284200001507998 ], [ -11058496.1021, 2244447.65089999884367 ], [ -11058430.2811, 2244444.845199998468161 ], [ -11058390.8652, 2244458.285599999129772 ], [ -11058262.0274, 2244376.772199999541044 ], [ -11058198.9115, 2244360.330699998885393 ], [ -11058108.8006, 2244368.528900001198053 ], [ -11058088.3466, 2244346.657299999147654 ], [ -11058087.9103, 2244259.810699999332428 ], [ -11058050.7241, 2244229.954 ], [ -11058024.8935, 2244181.10359999909997 ], [ -11057957.5274, 2244115.768399998545647 ], [ -11057944.129, 2244056.205699998885393 ], [ -11057932.2501, 2244045.272999998182058 ], [ -11057866.4569, 2244034.447900000959635 ], [ -11057812.5338, 2244001.687600001692772 ], [ -11057791.038, 2243931.183200001716614 ], [ -11057703.5742, 2243775.834600001573563 ], [ -11057672.9302, 2243742.760400000959635 ], [ -11057544.8594, 2243756.641600001603365 ], [ -11057505.5346, 2243782.906700000166893 ], [ -11057449.414, 2243784.62049999833107 ], [ -11057373.827, 2243845.426699999719858 ], [ -11057342.0564, 2243844.953699998557568 ], [ -11057295.1141, 2243816.721500001847744 ], [ -11057258.5234, 2243813.318599998950958 ], [ -11057202.5664, 2243859.9243 ], [ -11057138.8983, 2243870.737399999052286 ], [ -11057071.481, 2243848.9551 ], [ -11056936.7076, 2243708.92790000140667 ], [ -11056823.018, 2243625.2423 ], [ -11056744.5756, 2243582.103999998420477 ], [ -11056703.5211, 2243571.495700001716614 ], [ -11056586.4641, 2243582.6754 ], [ -11056374.7258, 2243673.398299999535084 ], [ -11056292.2102, 2243684.511700000613928 ], [ -11056209.6778, 2243687.364500001072884 ], [ -11056167.6491, 2243672.288800001144409 ], [ -11055815.1124, 2243647.588799998164177 ], [ -11055459.7185, 2243634.912799999117851 ], [ -11055363.1899, 2243664.218600001186132 ], [ -11055330.2061, 2243732.419300001114607 ], [ -11055169.7244, 2243908.54450000077486 ], [ -11055104.9197, 2243895.837499998509884 ], [ -11054963.7377, 2244006.191799998283386 ], [ -11054835.2438, 2244141.104600001126528 ], [ -11054748.8066, 2244159.7018 ], [ -11054714.3008, 2244210.268500000238419 ], [ -11054736.7093, 2244262.603500001132488 ], [ -11054774.3386, 2244300.331799998879433 ], [ -11054760.614, 2244367.0456000007689 ], [ -11054818.5113, 2244437.4879 ], [ -11054813.9751, 2244490.739100001752377 ], [ -11054858.4038, 2244557.400299999862909 ], [ -11054357.1544, 2244656.915399998426437 ], [ -11053463.2656, 2244874.158100001513958 ], [ -11053217.8851, 2244610.027300000190735 ], [ -11053043.8638, 2244555.978500001132488 ], [ -11052993.6877, 2244432.031599998474121 ], [ -11052993.2023, 2244396.759399998933077 ], [ -11052954.9698, 2244336.965500000864267 ], [ -11052924.2378, 2244326.063000001013279 ], [ -11052764.5476, 2244320.458799999207258 ], [ -11052615.7282, 2244265.931800000369549 ], [ -11052520.1991, 2244243.1129 ], [ -11052422.6076, 2244264.9239999987185 ], [ -11052327.6332, 2244257.067699998617172 ], [ -11052194.2212, 2244181.400400001555681 ], [ -11052073.3304, 2244165.30350000038743 ], [ -11051997.1089, 2244092.212699998170137 ], [ -11051915.6063, 2244081.659600000828505 ], [ -11051842.0821, 2244013.907299999147654 ], [ -11051706.5972, 2243968.170499999076128 ], [ -11051595.9602, 2243952.053599998354912 ], [ -11051498.6168, 2243914.693599998950958 ], [ -11051378.7314, 2245274.793699998408556 ], [ -11051260.085, 2245784.939899999648333 ], [ -11051287.7867, 2246224.498100001364946 ], [ -11050833.2023, 2247606.497000001370907 ], [ -11051228.2419, 2248000.35249999910593 ], [ -11052034.1649, 2249171.063200000673532 ], [ -11051114.6537, 2249189.272799998521805 ], [ -11047188.2028, 2250080.211599998176098 ], [ -11047549.4398, 2251398.671500001102686 ], [ -11047573.7487, 2251428.668299999088049 ], [ -11047516.104, 2251475.633499998599291 ], [ -11047553.857, 2251522.544700000435114 ], [ -11047080.7671, 2251830.348400000482798 ], [ -11046726.7087, 2252083.602899998426437 ], [ -11045463.5621, 2251284.502599999308586 ], [ -11045458.8343, 2251221.911899998784065 ], [ -11045357.6082, 2251294.011199999600649 ], [ -11044896.337, 2251299.978500001132488 ], [ -11043586.6697, 2250492.527300000190735 ], [ -11043416.7615, 2250370.557199999690056 ], [ -11043491.3702, 2251358.2804000005126 ], [ -11043463.0604, 2251352.512499999254942 ], [ -11043472.3167, 2251510.151200000196695 ], [ -11043420.5325, 2251492.074700001627207 ], [ -11043390.5027, 2251518.59739999845624 ], [ -11043351.2173, 2251518.1402000002563 ], [ -11043300.5921, 2251353.587099999189377 ], [ -11043283.7972, 2251368.175999999046326 ], [ -11043266.948, 2251405.089299999177456 ], [ -11043281.1101, 2251483.554499998688698 ], [ -11043253.1088, 2251578.389499999582767 ], [ -11043264.2562, 2251644.680700000375509 ], [ -11043163.4788, 2251607.9551 ], [ -11043045.6536, 2251515.462699998170137 ], [ -11043029.0827, 2251538.269200000911951 ], [ -11042241.1133, 2250849.211300000548363 ], [ -11042179.1739, 2250770.9358000010252 ], [ -11041745.5224, 2250392.058600001037121 ], [ -11041118.9488, 2251564.301399998366833 ], [ -11040695.3374, 2251341.819899998605251 ], [ -11040349.2009, 2252142.661100000143051 ], [ -11039965.726, 2256072.971900001168251 ], [ -11041007.7, 2256323.9934 ], [ -11041287.6139, 2256474.292300000786781 ], [ -11040322.1658, 2257332.918299999088049 ], [ -11040073.1216, 2257570.682 ], [ -11039752.9433, 2257932.290600001811981 ], [ -11040048.707, 2258014.156700000166893 ], [ -11040688.0671, 2258132.780299998819828 ], [ -11040870.8338, 2258105.368200000375509 ], [ -11041149.3606, 2258139.44200000166893 ], [ -11041453.8975, 2258244.273899998515844 ], [ -11041628.6489, 2258364.214099999517202 ], [ -11041734.8645, 2258991.708500001579523 ], [ -11041851.3303, 2259259.5559 ], [ -11041899.9212, 2259328.520899999886751 ], [ -11042044.7456, 2259514.098000001162291 ], [ -11042254.7042, 2259719.5016999989748 ], [ -11042319.9485, 2259896.194299999624491 ], [ -11042388.3702, 2260141.059099998325109 ], [ -11042435.1209, 2260258.148899998515844 ], [ -11042423.2029, 2260386.532900001853704 ], [ -11043676.9365, 2260406.151700001209974 ], [ -11043678.0731, 2260311.232900001108646 ], [ -11043706.9593, 2260172.315499998629093 ], [ -11043706.9671, 2259838.646299999207258 ], [ -11043693.6388, 2259801.254700001329184 ], [ -11043694.8514, 2259759.740200001746416 ], [ -11043826.1147, 2259753.845899999141693 ], [ -11044045.0612, 2259771.801899999380112 ] ] ] ] } },
{ "type": "Feature", "properties": { "OBJECTID": 700, "ID": "15036", "NAME": "Hueypoxtla", "TOTPOP_CY": 47908, "AREA": 234.66, "Shape__Area": 266986286.56538033, "Shape__Length": 153857.57234056716, "metro_only_count": 0.0, "bus_only_count": 181.0, "bus_metro_count": 22.0, "n_cat": "1", "label_range": "0 – 0" }, "geometry": { "type": "MultiPolygon", "coordinates": [ [ [ [ -11019418.5315, 2280933.420800000429153 ], [ -11019402.6138, 2281119.24269999936223 ], [ -11019513.8042, 2280904.853900000452995 ], [ -11019528.7312, 2280893.8026 ], [ -11019578.8639, 2280948.06529999896884 ], [ -11019654.7103, 2280966.156399998813868 ], [ -11019747.2756, 2280833.095100000500679 ], [ -11019775.5731, 2280841.394600000232458 ], [ -11019801.6731, 2280821.2212999984622 ], [ -11019866.7538, 2280512.327300000935793 ], [ -11019917.2159, 2280485.629000000655651 ], [ -11020055.3546, 2280306.37950000166893 ], [ -11020142.7183, 2280154.922899998724461 ], [ -11020137.4504, 2280100.036800000816584 ], [ -11020221.4933, 2279947.50959999859333 ], [ -11020277.6496, 2279911.954999998211861 ], [ -11020540.3156, 2279448.76240000128746 ], [ -11020758.6945, 2279238.793499998748302 ], [ -11021257.908, 2279334.798000000417233 ], [ -11021631.4773, 2277640.877099998295307 ], [ -11021717.9848, 2277643.287300001829863 ], [ -11021775.2421, 2277330.79280000180006 ], [ -11021796.0886, 2277282.604899998754263 ], [ -11021798.1691, 2277234.419599998742342 ], [ -11021789.8291, 2277205.090700000524521 ], [ -11021666.1165, 2277194.918499998748302 ], [ -11021501.1144, 2277043.206599999219179 ], [ -11021513.4274, 2276954.7379 ], [ -11021482.5273, 2276946.961599998176098 ], [ -11021504.5172, 2276719.077199999243021 ], [ -11021290.3385, 2276695.7401 ], [ -11021254.8187, 2276914.48369999974966 ], [ -11021160.4833, 2276901.920400001108646 ], [ -11021238.2166, 2276462.473900001496077 ], [ -11021215.886, 2276460.062699999660254 ], [ -11021293.1194, 2276153.134399998933077 ], [ -11021501.819, 2275644.948600001633167 ], [ -11021570.2057, 2275503.514400001615286 ], [ -11021706.9027, 2275160.559900000691414 ], [ -11021734.0283, 2275131.330200001597404 ], [ -11022107.9949, 2274325.215599998831749 ], [ -11022185.6177, 2273699.684599999338388 ], [ -11022151.2947, 2273092.273499999195337 ], [ -11022135.0732, 2273077.270300000905991 ], [ -11022132.7188, 2273055.811700001358986 ], [ -11022205.6842, 2272946.357299998402596 ], [ -11022137.1727, 2272897.93299999833107 ], [ -11022195.6722, 2272800.923000000417233 ], [ -11022114.419, 2272752.911400001496077 ], [ -11022132.574, 2272749.078000001609325 ], [ -11022190.5482, 2272659.550500001758337 ], [ -11022208.2545, 2272669.186299998313189 ], [ -11022272.9602, 2272575.410100001841784 ], [ -11022336.7584, 2272594.423000000417233 ], [ -11022436.9962, 2272649.206500001251698 ], [ -11022509.5208, 2272544.4232 ], [ -11022555.9723, 2272581.186200000345707 ], [ -11022579.4762, 2272531.563999999314547 ], [ -11022592.6496, 2272549.633099999278784 ], [ -11022629.7582, 2272502.034499999135733 ], [ -11022742.0295, 2272291.193799998611212 ], [ -11022641.6537, 2272249.405200000852346 ], [ -11022667.7982, 2272156.691300000995398 ], [ -11022686.6902, 2272123.412799999117851 ], [ -11022735.171, 2272079.041999999433756 ], [ -11022622.2329, 2272021.507100000977516 ], [ -11022702.7514, 2271821.975099999457598 ], [ -11022894.5493, 2271912.854899998754263 ], [ -11023029.0477, 2271491.581900000572205 ], [ -11022314.9676, 2271133.1435999982059 ], [ -11022099.6269, 2271261.855999998748302 ], [ -11022087.3105, 2271255.61710000038147 ], [ -11022106.62, 2271246.03770000115037 ], [ -11022184.7163, 2271066.377000000327826 ], [ -11021882.6418, 2270913.197799999266863 ], [ -11021908.3577, 2270890.681600000709295 ], [ -11022021.8891, 2270841.402699999511242 ], [ -11022172.3485, 2270816.408700000494719 ], [ -11022176.493, 2270806.367800001055002 ], [ -11022157.7857, 2270796.182500001043081 ], [ -11022161.7866, 2270742.171900000423193 ], [ -11022115.6679, 2270740.436599999666214 ], [ -11022214.533, 2270392.174199998378754 ], [ -11021599.7311, 2270333.285999998450279 ], [ -11021493.8219, 2270570.265999998897314 ], [ -11021469.7713, 2270562.702100001275539 ], [ -11021436.3375, 2270317.631000000983477 ], [ -11021413.6885, 2270315.459899999201298 ], [ -11021088.2369, 2268879.485199999064207 ], [ -11021747.0035, 2268887.190900001674891 ], [ -11022033.1458, 2268860.752000000327826 ], [ -11022117.8187, 2268831.38910000026226 ], [ -11022190.8132, 2268825.512299999594688 ], [ -11023708.2202, 2268832.881299998611212 ], [ -11024086.879, 2269293.757599998265505 ], [ -11024232.7276, 2269513.487799998372793 ], [ -11024471.5546, 2269687.206700000911951 ], [ -11024333.6899, 2270595.079799998551607 ], [ -11024315.1664, 2270871.566100001335144 ], [ -11024291.0768, 2271856.693599998950958 ], [ -11024278.3743, 2271921.428800001740456 ], [ -11024181.7299, 2271931.466699998825788 ], [ -11024146.3693, 2271905.129200000315905 ], [ -11024045.6974, 2271910.903999999165535 ], [ -11024082.8558, 2271959.754299998283386 ], [ -11024075.7382, 2272031.898400001227856 ], [ -11024017.4837, 2272029.132199998944998 ], [ -11024019.5085, 2272105.3585 ], [ -11023979.1987, 2272147.270199999213219 ], [ -11023953.4939, 2272202.499000001698732 ], [ -11023989.0705, 2272221.491500001400709 ], [ -11024141.5105, 2272569.0810999982059 ], [ -11024184.8502, 2272632.200100000947714 ], [ -11023996.6614, 2272987.789900001138449 ], [ -11023848.5235, 2272941.4527000002563 ], [ -11023803.5441, 2273043.057900000363588 ], [ -11023752.0171, 2273062.154100000858307 ], [ -11023682.2928, 2273226.177799999713898 ], [ -11024061.9515, 2273376.021999999880791 ], [ -11024077.2439, 2273465.329100001603365 ], [ -11024050.1002, 2273643.637499999254942 ], [ -11024009.2804, 2274086.774599999189377 ], [ -11024038.9347, 2274352.039799999445677 ], [ -11024118.6507, 2274790.551899999380112 ], [ -11025021.7814, 2274676.890999998897314 ], [ -11025088.5074, 2274675.2051 ], [ -11025165.8421, 2274689.00959999859333 ], [ -11025327.2098, 2274754.746399998664856 ], [ -11025353.4434, 2274691.7654 ], [ -11025372.2908, 2274684.919799998402596 ], [ -11025393.0472, 2274635.171500001102686 ], [ -11025400.3171, 2274530.098099999129772 ], [ -11025377.1575, 2274492.246100001037121 ], [ -11025369.1404, 2274443.361900001764297 ], [ -11025341.6434, 2274409.195799998939037 ], [ -11025407.0391, 2274368.989599999040365 ], [ -11025458.7081, 2274370.624800000339746 ], [ -11026132.1454, 2273942.777699999511242 ], [ -11026239.9699, 2273390.0625 ], [ -11026273.2484, 2273407.113699998706579 ], [ -11026281.9024, 2273343.647999998182058 ], [ -11026310.7241, 2273363.62950000166893 ], [ -11026333.2519, 2273338.488699998706579 ], [ -11026286.5041, 2273316.126400001347065 ], [ -11026302.6724, 2273278.736999999731779 ], [ -11026333.9743, 2273244.402300000190735 ], [ -11026295.7896, 2273223.648600000888109 ], [ -11026321.3095, 2273165.694299999624491 ], [ -11026404.3416, 2273183.193799998611212 ], [ -11026418.6896, 2273200.564399998635054 ], [ -11026441.7549, 2273189.767499998211861 ], [ -11026347.8725, 2273065.958000000566244 ], [ -11026304.0348, 2272988.914099998772144 ], [ -11026259.1741, 2273014.143199998885393 ], [ -11026207.1691, 2273002.557399999350309 ], [ -11026164.3524, 2273027.391100000590086 ], [ -11026135.8412, 2273016.423700001090765 ], [ -11026193.153, 2272977.391199998557568 ], [ -11026183.645, 2272952.423799999058247 ], [ -11026198.3238, 2272943.589899998158216 ], [ -11026211.7211, 2272888.933600001037121 ], [ -11026136.8853, 2272836.193900000303984 ], [ -11026108.0114, 2272899.195999998599291 ], [ -11026117.4856, 2272965.952399998903275 ], [ -11026101.4778, 2273010.063299998641014 ], [ -11026076.5631, 2273010.164099998772144 ], [ -11026091.5548, 2272977.9527000002563 ], [ -11026086.1716, 2272962.567899998277426 ], [ -11026023.4397, 2272952.676399998366833 ], [ -11026005.2062, 2272920.858399998396635 ], [ -11026016.9861, 2272868.738600000739098 ], [ -11026001.7357, 2272837.066799998283386 ], [ -11025974.6217, 2272819.791600000113249 ], [ -11025902.3051, 2272719.325100000947714 ], [ -11025901.4701, 2272685.421399999409914 ], [ -11025888.1553, 2272662.884100001305342 ], [ -11025894.9168, 2272637.918400000780821 ], [ -11025923.5961, 2272611.945700000971556 ], [ -11025907.8533, 2272561.060699999332428 ], [ -11025940.2318, 2272554.579999998211861 ], [ -11025935.3101, 2272519.176699999719858 ], [ -11025944.2826, 2272500.579599998891354 ], [ -11025933.7562, 2272457.604499999433756 ], [ -11025958.6461, 2272449.939100001007318 ], [ -11025949.7095, 2272428.78940000012517 ], [ -11026047.8175, 2272333.440099999308586 ], [ -11026184.8919, 2272246.521899998188019 ], [ -11026185.6878, 2272227.27930000051856 ], [ -11026339.5236, 2272125.094999998807907 ], [ -11026951.2307, 2271874.293800000101328 ], [ -11026977.6749, 2271890.420499999076128 ], [ -11027062.2675, 2271728.341899998486042 ], [ -11027075.401, 2271730.812899999320507 ], [ -11027141.8655, 2271657.363499999046326 ], [ -11027102.7189, 2271616.029899999499321 ], [ -11027090.1318, 2271550.943799998611212 ], [ -11026970.8911, 2271321.049100000411272 ], [ -11026874.6908, 2271214.773400001227856 ], [ -11027071.3613, 2270910.904599998146296 ], [ -11027154.517, 2270497.316500000655651 ], [ -11027174.9364, 2270478.756799999624491 ], [ -11027174.0112, 2270407.353399999439716 ], [ -11027261.5296, 2269950.629200000315905 ], [ -11027387.8515, 2269969.030799999833107 ], [ -11028150.3867, 2271252.800200000405312 ], [ -11027994.7531, 2272609.272100001573563 ], [ -11027871.9331, 2273283.925999999046326 ], [ -11027747.8742, 2274109.437699999660254 ], [ -11027736.3204, 2274712.518699999898672 ], [ -11027999.9919, 2274945.31870000064373 ], [ -11028082.2914, 2275097.7456 ], [ -11028234.9828, 2275166.396000001579523 ], [ -11028882.2978, 2275153.785300001502037 ], [ -11028920.4515, 2275171.509500000625849 ], [ -11029348.5707, 2275198.892000000923872 ], [ -11029423.2659, 2275382.901500001549721 ], [ -11029481.0486, 2275452.7971 ], [ -11029434.2956, 2275595.453499998897314 ], [ -11029498.7105, 2276136.415100000798702 ], [ -11030141.8355, 2276879.964600000530481 ], [ -11030576.1319, 2277100.458399999886751 ], [ -11031026.4726, 2276824.762299999594688 ], [ -11031215.2393, 2276761.377099998295307 ], [ -11031294.5333, 2276660.9712999984622 ], [ -11031951.2905, 2276826.1699 ], [ -11032192.2604, 2276691.644000001251698 ], [ -11032772.3596, 2276648.314599998295307 ], [ -11033155.1785, 2276490.88910000026226 ], [ -11033782.3404, 2276502.765900000929832 ], [ -11033781.4231, 2275966.01630000025034 ], [ -11032036.0926, 2275586.097100000828505 ], [ -11030942.1539, 2275201.306699998676777 ], [ -11030043.9891, 2274319.246599998325109 ], [ -11029979.5542, 2273500.572799999266863 ], [ -11030531.4963, 2273274.39750000089407 ], [ -11030643.8075, 2273196.377999998629093 ], [ -11030840.2742, 2272818.014600001275539 ], [ -11031099.142, 2272380.602000001817942 ], [ -11031186.8808, 2272158.210900001227856 ], [ -11031302.2945, 2272412.467700000852346 ], [ -11031285.6445, 2272581.976199999451637 ], [ -11031262.6704, 2272653.692499998956919 ], [ -11031252.5604, 2272734.681200001388788 ], [ -11031276.2392, 2272742.595600001513958 ], [ -11031305.7889, 2272724.627300001680851 ], [ -11031370.8095, 2272581.186099998652935 ], [ -11031406.7901, 2272556.456300001591444 ], [ -11031418.2561, 2272490.492600001394749 ], [ -11031406.1322, 2272416.91950000077486 ], [ -11031428.6943, 2272295.569600000977516 ], [ -11031403.5252, 2272071.389800000935793 ], [ -11031418.5468, 2271995.830299999564886 ], [ -11031413.4671, 2271884.040300000458956 ], [ -11031393.3918, 2271764.270500000566244 ], [ -11031375.1665, 2271732.897599998861551 ], [ -11031379.4568, 2271697.009100001305342 ], [ -11031363.0495, 2271675.889800000935793 ], [ -11031356.5796, 2271615.796399999409914 ], [ -11031329.4567, 2271585.751299999654293 ], [ -11031310.3341, 2271427.731600001454353 ], [ -11031380.7636, 2271329.591899998486042 ], [ -11031413.2444, 2271242.3739 ], [ -11031532.0122, 2271059.690600000321865 ], [ -11031796.3071, 2270884.477099999785423 ], [ -11031833.7116, 2270903.063099998980761 ], [ -11031904.9192, 2270899.281199999153614 ], [ -11031921.7431, 2270882.195700000971556 ], [ -11031947.775, 2270881.852200001478195 ], [ -11032052.8262, 2270920.589000001549721 ], [ -11032128.4042, 2270906.526599999517202 ], [ -11032146.9903, 2270915.386700000613928 ], [ -11032256.7791, 2270889.5337999984622 ], [ -11032516.2704, 2270646.126299999654293 ], [ -11032622.0029, 2270511.430399999022484 ], [ -11032905.7395, 2270088.070000000298023 ], [ -11032952.6594, 2270050.980099998414516 ], [ -11032974.7297, 2270012.27479999884963 ], [ -11032965.5748, 2269946.104600001126528 ], [ -11033087.4808, 2269902.86430000141263 ], [ -11033113.4371, 2269871.476700000464916 ], [ -11033148.5284, 2269857.535900000482798 ], [ -11033151.4816, 2269841.076900001615286 ], [ -11033180.5961, 2269828.537200000137091 ], [ -11033241.4479, 2269752.386700000613928 ], [ -11033249.5575, 2269761.011700000613928 ], [ -11033251.0758, 2269751.188000001013279 ], [ -11033294.0441, 2269743.377900000661612 ], [ -11033303.3726, 2269724.354800000786781 ], [ -11033332.7065, 2269727.486400000751019 ], [ -11033358.9979, 2269716.426300000399351 ], [ -11033398.5007, 2269724.864100001752377 ], [ -11033451.6501, 2269693.415199998766184 ], [ -11033470.2951, 2269699.410799998790026 ], [ -11033544.7667, 2269670.719399999827147 ], [ -11033628.7417, 2269620.323399998247623 ], [ -11033664.7959, 2269583.728300001472235 ], [ -11033711.7403, 2269560.574099998921156 ], [ -11033724.1157, 2269530.089600000530481 ], [ -11033805.074, 2269484.578499998897314 ], [ -11033838.2229, 2269441.398600000888109 ], [ -11033906.0442, 2269396.837499998509884 ], [ -11033914.4654, 2269365.704199999570847 ], [ -11034113.2608, 2269450.13230000063777 ], [ -11034266.5466, 2269500.518300000578165 ], [ -11034637.9854, 2269668.67850000038743 ], [ -11035953.7919, 2268576.586500000208616 ], [ -11036544.7782, 2268127.040300000458956 ], [ -11034711.9959, 2266517.659200001507998 ], [ -11033708.3118, 2266480.241399999707937 ], [ -11033051.0503, 2266471.917300000786781 ], [ -11032914.5076, 2266454.380300000309944 ], [ -11032870.4867, 2266821.17339999973774 ], [ -11032849.1188, 2266890.675599999725819 ], [ -11032111.0929, 2267020.747600000351667 ], [ -11031999.4473, 2266831.011199999600649 ], [ -11032049.107, 2266644.6393 ], [ -11032022.7821, 2266310.765599999576807 ], [ -11031267.4738, 2266210.022700000554323 ], [ -11031223.7465, 2266255.457100000232458 ], [ -11031204.0552, 2266336.472500000149012 ], [ -11031140.75, 2266424.288100000470877 ], [ -11031076.6656, 2266446.521800000220537 ], [ -11030960.3766, 2266459.432300001382828 ], [ -11030909.7709, 2266491.293499998748302 ], [ -11030871.5728, 2266495.922600001096725 ], [ -11030988.4403, 2266202.545699998736382 ], [ -11031018.7917, 2266177.372999999672174 ], [ -11030776.3857, 2266143.632599998265505 ], [ -11030299.5376, 2266099.967700000852346 ], [ -11029794.6502, 2265966.393100000917912 ], [ -11027153.4829, 2265386.548300001770258 ], [ -11028267.8968, 2263719.971700001507998 ], [ -11029414.4796, 2263562.273800000548363 ], [ -11029869.8463, 2263352.399700000882149 ], [ -11030143.2349, 2263320.976100001484156 ], [ -11030294.1262, 2263323.277699999511242 ], [ -11030416.8593, 2263399.260000001639128 ], [ -11030449.673, 2263401.088199999183416 ], [ -11030477.8425, 2263392.025600001215935 ], [ -11030747.1207, 2263137.201499998569489 ], [ -11030705.3882, 2263089.850400000810623 ], [ -11030613.65, 2263027.648699998855591 ], [ -11030621.8073, 2262999.012200001627207 ], [ -11030450.0069, 2262836.504200000315905 ], [ -11030261.3171, 2262732.327599998563528 ], [ -11030204.8357, 2262640.505199998617172 ], [ -11030106.7389, 2262531.995999999344349 ], [ -11030232.4599, 2262379.179099999368191 ], [ -11030163.7412, 2262326.431200001388788 ], [ -11030122.4973, 2262278.517499998211861 ], [ -11030031.2709, 2262239.894499998539686 ], [ -11029939.2172, 2262174.973900001496077 ], [ -11030658.9469, 2261258.295200001448393 ], [ -11030042.5108, 2260666.022300001233816 ], [ -11029361.5249, 2260219.964499998837709 ], [ -11029785.5275, 2258818.386199999600649 ], [ -11029600.676, 2258766.862799998372793 ], [ -11028671.0826, 2258449.2956000007689 ], [ -11028816.1998, 2257421.27760000154376 ], [ -11028758.5249, 2257018.587699998170137 ], [ -11028829.0984, 2256049.772900000214577 ], [ -11027523.9694, 2254744.385099999606609 ], [ -11027111.9074, 2254360.309599999338388 ], [ -11026673.9007, 2254173.82490000128746 ], [ -11026666.5937, 2254161.795200001448393 ], [ -11026082.2075, 2253904.760200001299381 ], [ -11025983.8878, 2253852.385499998927116 ], [ -11025892.027, 2253821.665899999439716 ], [ -11025633.6579, 2253690.986999999731779 ], [ -11024428.2637, 2253291.831500001251698 ], [ -11024036.0518, 2256526.605599999427795 ], [ -11023797.1501, 2258307.057500001043081 ], [ -11023549.4697, 2258551.984200000762939 ], [ -11023289.1023, 2258761.920699998736382 ], [ -11022828.3244, 2259097.489700000733137 ], [ -11020716.7416, 2260700.334100000560284 ], [ -11020219.837, 2261222.497699998319149 ], [ -11019746.1827, 2261538.872299998998642 ], [ -11019430.0921, 2258991.560499999672174 ], [ -11016845.3903, 2260200.594700001180172 ], [ -11015728.8927, 2259432.363400001078844 ], [ -11015458.4574, 2259831.61089999973774 ], [ -11016337.817, 2260435.458500001579523 ], [ -11015626.7514, 2260761.69819999858737 ], [ -11015823.8336, 2261851.396099999547005 ], [ -11015807.7079, 2261814.677799999713898 ], [ -11015419.6871, 2261982.873199999332428 ], [ -11015366.6924, 2261983.255399998277426 ], [ -11015744.0465, 2264525.22069999948144 ], [ -11015759.0835, 2264520.385899998247623 ], [ -11015982.8302, 2264276.86939999833703 ], [ -11016226.2981, 2264155.141399998217821 ], [ -11016227.8154, 2264226.823300000280142 ], [ -11016319.4536, 2264251.231600001454353 ], [ -11016435.7569, 2264313.574999999254942 ], [ -11016420.8055, 2264436.389699999243021 ], [ -11016397.5621, 2264431.365600001066923 ], [ -11016380.0627, 2264642.627700001001358 ], [ -11016737.0387, 2264707.063400000333786 ], [ -11016765.8157, 2264695.768300000578165 ], [ -11016856.4844, 2264721.445599999278784 ], [ -11016843.4399, 2264826.909699998795986 ], [ -11017104.4362, 2265191.350400000810623 ], [ -11017286.2667, 2265059.890999998897314 ], [ -11017568.9259, 2265439.800999999046326 ], [ -11018755.4971, 2265760.19029999896884 ], [ -11018742.6272, 2266008.967199999839067 ], [ -11018748.7365, 2266100.204700000584126 ], [ -11018861.5008, 2266518.923799999058247 ], [ -11018925.3705, 2266672.642700001597404 ], [ -11019000.292, 2266578.026299998164177 ], [ -11020030.6027, 2266315.78319999948144 ], [ -11020604.9322, 2266140.573899999260902 ], [ -11020586.677, 2266255.460900001227856 ], [ -11020475.253, 2266623.843100000172853 ], [ -11020475.2516, 2266778.954 ], [ -11020425.9661, 2266906.0581 ], [ -11020361.8239, 2266975.038100000470877 ], [ -11020142.323, 2267924.8581000007689 ], [ -11018534.0793, 2267667.825899999588728 ], [ -11016961.2772, 2269741.851300001144409 ], [ -11016869.1559, 2269950.541499998420477 ], [ -11016760.164, 2269943.759399998933077 ], [ -11016667.3135, 2269968.078499998897314 ], [ -11016471.7041, 2269996.583299998193979 ], [ -11016234.8642, 2270060.08390000090003 ], [ -11016135.2865, 2270073.583200000226498 ], [ -11016020.2369, 2270153.577399998903275 ], [ -11015922.329, 2270171.451999999582767 ], [ -11015853.4236, 2270149.75620000064373 ], [ -11015696.1514, 2270155.110199999064207 ], [ -11015311.3098, 2269966.451200000941753 ], [ -11014902.1283, 2269953.310899998992682 ], [ -11014914.3567, 2270042.897599998861551 ], [ -11014869.3337, 2270101.061000000685453 ], [ -11014590.7343, 2270090.1985 ], [ -11014478.3493, 2270075.6864 ], [ -11014321.2853, 2270280.706500001251698 ], [ -11014269.8635, 2270423.499899998307228 ], [ -11014254.3758, 2270552.011999998241663 ], [ -11014338.5489, 2270964.27250000089407 ], [ -11014368.8823, 2271251.446400001645088 ], [ -11014351.5031, 2271477.662200000137091 ], [ -11014315.0571, 2271743.126299999654293 ], [ -11014297.3929, 2272245.653499998152256 ], [ -11014236.2962, 2272854.647999998182058 ], [ -11014187.7021, 2273104.753699999302626 ], [ -11014245.0217, 2273260.252999998629093 ], [ -11014301.8858, 2273362.675799999386072 ], [ -11014395.2651, 2273615.987100001424551 ], [ -11014492.5158, 2273665.382100000977516 ], [ -11014537.5146, 2273708.498599998652935 ], [ -11014586.7934, 2273779.633000001311302 ], [ -11014631.7733, 2273883.094099998474121 ], [ -11014693.9353, 2273883.114199999719858 ], [ -11014764.6299, 2274012.445099998265505 ], [ -11014783.8968, 2274096.157400000840425 ], [ -11014748.2969, 2274136.682599999010563 ], [ -11014754.1111, 2274193.18129999935627 ], [ -11014426.8462, 2275079.538199998438358 ], [ -11014514.6698, 2275254.369199998676777 ], [ -11014473.7409, 2275456.165300000458956 ], [ -11014522.0423, 2275761.285799998790026 ], [ -11014573.2603, 2275791.045000001788139 ], [ -11014562.8699, 2275855.035599999129772 ], [ -11014573.1302, 2275876.961899999529123 ], [ -11014597.9321, 2275879.188000001013279 ], [ -11014626.9933, 2275909.910399999469519 ], [ -11014626.4622, 2275955.217999998480082 ], [ -11014682.3157, 2275995.626400001347065 ], [ -11014696.3654, 2276059.478999998420477 ], [ -11014671.1359, 2276077.470899999141693 ], [ -11014698.1096, 2276096.80970000103116 ], [ -11014673.2587, 2276173.398600000888109 ], [ -11014688.2823, 2276191.780000001192093 ], [ -11014691.2112, 2276286.012899998575449 ], [ -11014730.0239, 2276322.063000001013279 ], [ -11014751.2536, 2276321.124600000679493 ], [ -11014763.8817, 2276342.793099999427795 ], [ -11014756.1105, 2276368.241099998354912 ], [ -11014793.7553, 2276373.148800000548363 ], [ -11014805.3204, 2276415.323699999600649 ], [ -11014840.6888, 2276423.8772 ], [ -11014835.7374, 2276457.349300000816584 ], [ -11014847.2277, 2276466.580600000917912 ], [ -11014833.9373, 2276533.97859999909997 ], [ -11014919.1914, 2276506.834899999201298 ], [ -11015022.9177, 2276548.616599999368191 ], [ -11015035.4478, 2276591.119899999350309 ], [ -11015056.8714, 2276592.452799998223782 ], [ -11015099.9607, 2276570.066199999302626 ], [ -11015164.4716, 2276571.672699999064207 ], [ -11015181.1506, 2276562.458000000566244 ], [ -11015268.0878, 2276420.621199999004602 ], [ -11015540.3375, 2276718.840300001204014 ], [ -11015638.4044, 2276328.734900001436472 ], [ -11015648.1136, 2276328.477699998766184 ], [ -11015755.0883, 2276351.088199999183416 ], [ -11015801.7356, 2276343.915199998766184 ], [ -11015996.4846, 2276439.662799999117851 ], [ -11016095.5321, 2276467.2060999982059 ], [ -11016160.5183, 2276422.780999999493361 ], [ -11016241.4153, 2276437.31810000166297 ], [ -11016258.7722, 2276479.577100001275539 ], [ -11016249.4883, 2276476.127000000327826 ], [ -11016203.5822, 2276777.482200000435114 ], [ -11016440.6826, 2276774.00450000166893 ], [ -11016487.6183, 2276709.277100000530481 ], [ -11016373.3377, 2276669.532999999821186 ], [ -11016488.106, 2276646.575199998915195 ], [ -11016512.0864, 2276675.2018 ], [ -11016514.0379, 2276703.640700001269579 ], [ -11016562.4619, 2276727.264899998903275 ], [ -11016619.4785, 2276731.8277000002563 ], [ -11016610.7632, 2276744.748700000345707 ], [ -11016628.0144, 2276794.736099999397993 ], [ -11016243.8209, 2276850.405299998819828 ], [ -11016163.2245, 2276893.326499998569489 ], [ -11016074.2067, 2277468.833099998533726 ], [ -11015999.3534, 2277585.448399998247623 ], [ -11015994.375, 2277612.106899999082088 ], [ -11015999.3378, 2277648.762899998575449 ], [ -11016030.7231, 2277718.581500001251698 ], [ -11016067.2992, 2277722.0945999994874 ], [ -11016228.1326, 2277698.806000001728535 ], [ -11016218.4935, 2277777.533100001513958 ], [ -11016237.2107, 2277823.5456000007689 ], [ -11016266.3353, 2277859.102099999785423 ], [ -11016343.3225, 2277900.946100000292063 ], [ -11016389.0928, 2277942.779699999839067 ], [ -11016491.0794, 2278072.660000000149012 ], [ -11016582.3925, 2278156.681000001728535 ], [ -11016667.6899, 2278133.949700001627207 ], [ -11016690.0897, 2278095.378199998289347 ], [ -11016746.6143, 2278051.454100001603365 ], [ -11016795.6661, 2278048.249899998307228 ], [ -11016829.7865, 2278058.972600001841784 ], [ -11016979.0015, 2278244.926600001752377 ], [ -11017143.3325, 2278309.809599999338388 ], [ -11017220.2542, 2278373.692800000309944 ], [ -11017292.1633, 2278410.681800000369549 ], [ -11017320.5888, 2278451.024599999189377 ], [ -11017320.5741, 2278536.74379999935627 ], [ -11017333.9438, 2278588.84910000115633 ], [ -11017454.6475, 2278651.752000000327826 ], [ -11017584.023, 2278739.1706000007689 ], [ -11017667.9934, 2278852.285100001841784 ], [ -11017753.9187, 2279036.852099999785423 ], [ -11017805.985, 2279082.438799999654293 ], [ -11017931.9475, 2279244.515999998897314 ], [ -11017980.6543, 2279288.413400001823902 ], [ -11018138.9317, 2279385.613600000739098 ], [ -11018315.3063, 2279443.033700000494719 ], [ -11018379.1313, 2279503.813700001686811 ], [ -11018416.0759, 2279608.483399998396635 ], [ -11018468.1403, 2279691.209899999201298 ], [ -11018557.6345, 2279751.184799998998642 ], [ -11018614.2704, 2279768.260499998927116 ], [ -11018632.9675, 2279835.527100000530481 ], [ -11018615.8657, 2279875.095600001513958 ], [ -11018679.1852, 2279986.381299998611212 ], [ -11018825.2051, 2280044.731300000101328 ], [ -11018959.3974, 2280128.666299998760223 ], [ -11019020.9829, 2280232.337999999523163 ], [ -11019103.8144, 2280274.609299998730421 ], [ -11019142.4647, 2280265.38569999858737 ], [ -11019166.0243, 2280283.486699998378754 ], [ -11019172.1358, 2280305.6754 ], [ -11019364.6618, 2280487.000300001353025 ], [ -11019459.9825, 2280731.991599999368191 ], [ -11019453.5836, 2280842.150600001215935 ], [ -11019418.5315, 2280933.420800000429153 ] ] ] ] } },
{ "type": "Feature", "properties": { "OBJECTID": 701, "ID": "15037", "NAME": "Huixquilucan", "TOTPOP_CY": 291978, "AREA": 141.19, "Shape__Area": 159509567.01034844, "Shape__Length": 66571.249910081693, "metro_only_count": 0.0, "bus_only_count": 1018.0, "bus_metro_count": 144.0, "n_cat": "1", "label_range": "0 – 0" }, "geometry": { "type": "MultiPolygon", "coordinates": [ [ [ [ -11060300.3628, 2190681.267499998211861 ], [ -11060326.9926, 2191075.506799999624491 ], [ -11057792.7187, 2193896.509199999272823 ], [ -11057676.1394, 2194111.836599998176098 ], [ -11057621.829, 2194241.894400000572205 ], [ -11057578.1918, 2194411.319699998944998 ], [ -11057547.9562, 2194609.268300000578165 ], [ -11057552.9534, 2194746.28319999948144 ], [ -11057528.0812, 2194820.966400001198053 ], [ -11057497.532, 2194864.102899998426437 ], [ -11057493.255, 2194980.12220000103116 ], [ -11057439.2005, 2195014.051199998706579 ], [ -11057401.8104, 2195123.063400000333786 ], [ -11057334.6783, 2195198.0066 ], [ -11057172.6892, 2195620.369300000369549 ], [ -11057240.4897, 2195670.147799998521805 ], [ -11057231.2421, 2195719.003800000995398 ], [ -11057192.1736, 2195811.121300000697374 ], [ -11057201.4977, 2195904.280000001192093 ], [ -11057219.92, 2195938.235500000417233 ], [ -11057178.7773, 2196125.86939999833703 ], [ -11057237.1756, 2196228.426600001752377 ], [ -11057214.3062, 2196349.398800000548363 ], [ -11057234.1342, 2196434.715199999511242 ], [ -11057196.3069, 2196551.253499999642372 ], [ -11057109.5033, 2196615.433499999344349 ], [ -11057105.4289, 2196663.459100000560284 ], [ -11057079.0786, 2196674.113200001418591 ], [ -11056963.3794, 2196619.597600001841784 ], [ -11056902.6715, 2196728.313099998980761 ], [ -11056887.6913, 2196776.465999998152256 ], [ -11056814.5098, 2196861.320900000631809 ], [ -11056812.7176, 2196897.280200000852346 ], [ -11056772.3934, 2196943.395799998193979 ], [ -11056670.7777, 2197124.699700001627207 ], [ -11056617.6011, 2197170.135200001299381 ], [ -11056498.8536, 2197208.275600001215935 ], [ -11056335.5688, 2197153.740499999374151 ], [ -11056263.8793, 2197096.67339999973774 ], [ -11056157.4508, 2197086.420099999755621 ], [ -11056044.1055, 2197148.750500001013279 ], [ -11056329.6322, 2197418.640700001269579 ], [ -11056200.9282, 2197793.179299999028444 ], [ -11056042.3499, 2197856.708999998867512 ], [ -11056034.6959, 2197935.107900001108646 ], [ -11055985.5081, 2198042.32209999859333 ], [ -11055902.455, 2198110.405499998480082 ], [ -11055738.6149, 2198061.063099998980761 ], [ -11055642.7275, 2198220.619800001382828 ], [ -11055562.5852, 2198463.758299998939037 ], [ -11055482.3461, 2198599.177000001072884 ], [ -11055217.3212, 2198594.3293999992311 ], [ -11055058.5641, 2198733.234999999403954 ], [ -11054889.8158, 2198730.443 ], [ -11054707.4814, 2198971.018699999898672 ], [ -11054582.6187, 2199352.578499998897314 ], [ -11054413.2094, 2199470.181099999696016 ], [ -11054171.1584, 2199382.126499999314547 ], [ -11054241.2229, 2199225.546900000423193 ], [ -11054198.7791, 2199127.300200000405312 ], [ -11054153.4977, 2198809.729400001466274 ], [ -11054132.652, 2198754.996300000697374 ], [ -11054124.1383, 2198619.1587999984622 ], [ -11054136.3345, 2198558.224199999123812 ], [ -11054162.5334, 2198510.879599999636412 ], [ -11053916.3182, 2198253.032499998807907 ], [ -11053851.6046, 2198414.040899999439716 ], [ -11053793.5727, 2198466.571400001645088 ], [ -11053744.0836, 2198477.079 ], [ -11053534.2151, 2198437.347800001502037 ], [ -11053443.3839, 2198530.258600000292063 ], [ -11053345.2034, 2198563.601399999111891 ], [ -11053292.4756, 2198688.625100001692772 ], [ -11053272.161, 2198772.474500000476837 ], [ -11053141.0247, 2198933.69029999896884 ], [ -11053095.1666, 2198958.208700001239777 ], [ -11053043.1214, 2198957.715399999171495 ], [ -11053031.3115, 2199020.695000000298023 ], [ -11052997.8767, 2199055.667100001126528 ], [ -11052980.5844, 2199138.888000000268221 ], [ -11052880.5559, 2199135.830699998885393 ], [ -11052864.6183, 2199158.630899999290705 ], [ -11052761.3483, 2199149.753499999642372 ], [ -11052695.4439, 2199229.399500001221895 ], [ -11052652.6349, 2199334.729299999773502 ], [ -11052511.0643, 2199305.391100000590086 ], [ -11052433.2363, 2199306.047400001436472 ], [ -11052430.075, 2199446.707699999213219 ], [ -11052363.6462, 2199490.141600001603365 ], [ -11052360.5437, 2199614.245099999010563 ], [ -11052338.4678, 2199621.386599998921156 ], [ -11052295.5887, 2199698.038499999791384 ], [ -11052270.061, 2199701.645700000226498 ], [ -11052223.3167, 2199687.067099999636412 ], [ -11052218.844, 2199723.646600000560284 ], [ -11052166.1587, 2199778.204300001263618 ], [ -11052114.1334, 2199891.929699998348951 ], [ -11051996.4019, 2199900.442600000649691 ], [ -11051802.9525, 2199993.915600001811981 ], [ -11051701.206, 2200107.268800001591444 ], [ -11051358.5568, 2200384.994600001722574 ], [ -11051361.49, 2200338.959100000560284 ], [ -11051096.0755, 2200556.640799999237061 ], [ -11051086.915, 2200580.623199999332428 ], [ -11051043.7398, 2200621.563700001686811 ], [ -11050994.8462, 2200833.168600000441074 ], [ -11050956.6347, 2200868.392799999564886 ], [ -11050710.7508, 2200919.508200000971556 ], [ -11050637.93, 2200951.6393 ], [ -11050643.4057, 2201025.142000000923872 ], [ -11050627.6807, 2201067.114900000393391 ], [ -11050497.9492, 2201158.286800000816584 ], [ -11050480.9445, 2201195.370299998670816 ], [ -11050391.8135, 2201181.419700000435114 ], [ -11050363.4348, 2201150.750399999320507 ], [ -11050239.4119, 2201229.4824 ], [ -11050240.608, 2201283.436900001019239 ], [ -11050141.4638, 2201283.377500001341105 ], [ -11050140.6194, 2201346.204999998211861 ], [ -11050095.4598, 2201354.901399999856949 ], [ -11050074.1056, 2201399.962499998509884 ], [ -11049763.8956, 2201613.129599999636412 ], [ -11049763.9612, 2201668.897399999201298 ], [ -11049748.171, 2201695.488899998366833 ], [ -11049745.7911, 2201733.689399998635054 ], [ -11049726.895, 2201736.96169999986887 ], [ -11049714.2022, 2201780.097899999469519 ], [ -11049730.0217, 2201833.089699998497963 ], [ -11049734.7116, 2201910.0135000012815 ], [ -11049699.5847, 2202044.884500000625849 ], [ -11049673.8765, 2202081.581300001591444 ], [ -11049558.2414, 2202150.249499998986721 ], [ -11049469.5932, 2202259.149900000542402 ], [ -11049486.4703, 2202294.822000000625849 ], [ -11049441.9003, 2202528.963899999856949 ], [ -11049364.4941, 2202648.706999998539686 ], [ -11049316.3697, 2202658.685899998992682 ], [ -11049325.3832, 2202592.205600000917912 ], [ -11049350.6148, 2202554.396699998527765 ], [ -11049377.0143, 2202451.170299999415874 ], [ -11049376.037, 2202384.677799999713898 ], [ -11049236.3989, 2202137.459499999880791 ], [ -11049202.2794, 2202171.478900000452995 ], [ -11049128.8788, 2202385.783599998801947 ], [ -11049131.6205, 2202506.844200000166893 ], [ -11049105.9948, 2202508.13399999961257 ], [ -11049000.1868, 2202624.016399998217821 ], [ -11048943.3392, 2202660.465700000524521 ], [ -11048830.8898, 2202687.77760000154376 ], [ -11048775.4872, 2202763.856100000441074 ], [ -11048706.2699, 2202799.735599998384714 ], [ -11048564.2886, 2202843.795499999076128 ], [ -11048467.4094, 2202940.118299998342991 ], [ -11048394.1857, 2202974.015299998223782 ], [ -11048271.5506, 2203107.246800001710653 ], [ -11048083.0678, 2203157.946400001645088 ], [ -11047816.699, 2203259.855900000780821 ], [ -11047758.1706, 2203328.914099998772144 ], [ -11047681.8702, 2203361.616099998354912 ], [ -11047605.7843, 2203420.365800000727177 ], [ -11047438.6904, 2203493.167300000786781 ], [ -11047364.6461, 2203519.160700000822544 ], [ -11047304.251, 2203526.868099998682737 ], [ -11047325.1801, 2203582.840999998152256 ], [ -11047287.1812, 2203588.450199998915195 ], [ -11047710.8843, 2204259.788199998438358 ], [ -11047790.9409, 2204481.7989999987185 ], [ -11047712.5351, 2204628.1985 ], [ -11047656.0852, 2204694.901999998837709 ], [ -11047519.2957, 2204794.979200001806021 ], [ -11047616.4131, 2204860.656500000506639 ], [ -11047793.361, 2204955.8918999992311 ], [ -11047920.2639, 2204966.03940000012517 ], [ -11048165.3863, 2204935.883299998939037 ], [ -11048321.7592, 2204875.784099999815226 ], [ -11048671.53, 2204777.288199998438358 ], [ -11049106.1583, 2205026.031199999153614 ], [ -11049158.8849, 2205269.666700001806021 ], [ -11049708.86, 2205496.666000001132488 ], [ -11049888.0666, 2205637.763700000941753 ], [ -11049987.9101, 2205760.898499999195337 ], [ -11050036.6256, 2205993.997099999338388 ], [ -11050028.4428, 2206190.619699999690056 ], [ -11050127.0115, 2206086.263900000602007 ], [ -11050163.03, 2206088.8706 ], [ -11050190.2032, 2206075.593199998140335 ], [ -11050194.1581, 2206034.271600000560284 ], [ -11050239.1504, 2205979.403299998492002 ], [ -11050239.3418, 2205954.178100001066923 ], [ -11050321.7715, 2205787.821600001305342 ], [ -11050350.1491, 2205784.054999999701977 ], [ -11050409.3276, 2205746.748599998652935 ], [ -11050491.3847, 2205641.603000000119209 ], [ -11050508.7762, 2205590.451099999248981 ], [ -11050548.5648, 2205581.501200001686811 ], [ -11050581.0325, 2205601.550799999386072 ], [ -11050617.6945, 2205604.194699998944998 ], [ -11050639.5696, 2205571.587999999523163 ], [ -11050641.2854, 2205531.798599999397993 ], [ -11050723.4292, 2205534.668099999427795 ], [ -11050751.8671, 2205579.369199998676777 ], [ -11050796.6669, 2205578.495799999684095 ], [ -11050833.187, 2205560.147399999201298 ], [ -11050873.9085, 2205456.15989999845624 ], [ -11050909.4674, 2205442.984099999070168 ], [ -11050962.9274, 2205485.566399998962879 ], [ -11050989.9435, 2205468.76799999922514 ], [ -11050993.557, 2205390.147999998182058 ], [ -11051028.9732, 2205363.015000000596046 ], [ -11051570.3647, 2206278.530900001525879 ], [ -11051714.612, 2206500.265500001609325 ], [ -11051808.5559, 2206673.632199998944998 ], [ -11052349.9437, 2206354.6897 ], [ -11052704.0512, 2206174.785399999469519 ], [ -11053049.3677, 2205974.621300000697374 ], [ -11053113.1345, 2206067.677999999374151 ], [ -11053182.4801, 2206216.391699999570847 ], [ -11053213.8598, 2206391.510899998247623 ], [ -11053259.6156, 2206383.976100001484156 ], [ -11053288.2728, 2206405.277699999511242 ], [ -11053366.6713, 2206429.084199998527765 ], [ -11053383.247, 2206408.658500000834465 ], [ -11053373.5199, 2206386.137499999254942 ], [ -11053422.6796, 2206334.022599998861551 ], [ -11053461.115, 2206323.222199998795986 ], [ -11053483.1294, 2206291.346000000834465 ], [ -11053465.9573, 2206227.980099998414516 ], [ -11053515.3319, 2206123.590199999511242 ], [ -11053542.4752, 2206103.347800001502037 ], [ -11053587.3512, 2206120.619300000369549 ], [ -11053648.0762, 2206118.315999999642372 ], [ -11053737.2807, 2206078.727099999785423 ], [ -11053802.1164, 2206085.177000001072884 ], [ -11053917.665, 2205982.296500001102686 ], [ -11053991.4421, 2206052.308600001037121 ], [ -11054004.53, 2206090.423000000417233 ], [ -11054072.4056, 2205996.426399998366833 ], [ -11054036.9372, 2205949.284099999815226 ], [ -11054046.8982, 2205902.594300001859665 ], [ -11054222.5603, 2206056.435499999672174 ], [ -11054255.602, 2206018.773400001227856 ], [ -11054210.0646, 2205938.3108000010252 ], [ -11054216.9587, 2205866.024399999529123 ], [ -11054313.2254, 2205848.519600000232458 ], [ -11054348.891, 2205868.458700001239777 ], [ -11054411.0409, 2205837.946400001645088 ], [ -11054465.8283, 2205824.246599998325109 ], [ -11054530.708, 2205824.043200001120567 ], [ -11054586.674, 2205805.008699998259544 ], [ -11054619.5668, 2205815.883000001311302 ], [ -11054650.3677, 2205861.700300000607967 ], [ -11054681.6519, 2205880.580200001597404 ], [ -11054709.2402, 2205926.668099999427795 ], [ -11054773.929, 2205945.4879 ], [ -11054829.9572, 2205942.720800001174212 ], [ -11054855.347, 2205980.546100001782179 ], [ -11054934.0476, 2206002.007399998605251 ], [ -11054949.2215, 2206037.183600001037121 ], [ -11055004.2357, 2206072.28999999910593 ], [ -11055009.6869, 2206102.149500001221895 ], [ -11055046.9836, 2206150.888000000268221 ], [ -11055083.0888, 2206161.489700000733137 ], [ -11055101.9931, 2206183.057799998670816 ], [ -11055189.3511, 2206223.705600000917912 ], [ -11055201.2177, 2206223.683200001716614 ], [ -11055237.695, 2206163.876600001007318 ], [ -11055332.9699, 2206131.167399998754263 ], [ -11055372.417, 2206171.633299998939037 ], [ -11055405.8519, 2206185.174800001084805 ], [ -11055624.0758, 2206221.932599999010563 ], [ -11055690.9812, 2206269.901900000870228 ], [ -11055749.8759, 2206268.737799998372793 ], [ -11055790.8758, 2206229.168800000101328 ], [ -11055814.5711, 2206223.371300000697374 ], [ -11055839.9786, 2206179.557700000703335 ], [ -11055910.5846, 2206134.857299998402596 ], [ -11055919.921, 2206096.392400000244379 ], [ -11055909.5015, 2205953.973999999463558 ], [ -11056065.0003, 2205906.415399998426437 ], [ -11056115.3428, 2205869.657699998468161 ], [ -11056146.089, 2205877.386100001633167 ], [ -11056203.602, 2205937.467999998480082 ], [ -11056253.8358, 2206018.620999999344349 ], [ -11056285.4508, 2206014.998199999332428 ], [ -11056315.5548, 2205979.290899999439716 ], [ -11056353.8665, 2205961.3081 ], [ -11056361.0711, 2205934.890999998897314 ], [ -11056420.2942, 2205911.76969999819994 ], [ -11056441.1967, 2205918.375399999320507 ], [ -11056494.2916, 2205985.932100001722574 ], [ -11056509.5367, 2206023.666299998760223 ], [ -11056539.4716, 2206046.20549999922514 ], [ -11056585.1056, 2206045.128899998962879 ], [ -11056630.4848, 2206094.443300001323223 ], [ -11056695.6908, 2206078.371800001710653 ], [ -11056732.8497, 2206084.186900001019239 ], [ -11056780.6031, 2206108.6891999989748 ], [ -11056826.0982, 2206167.906599998474121 ], [ -11056828.7942, 2206209.664000000804663 ], [ -11056931.4855, 2206279.259500000625849 ], [ -11056961.1812, 2206281.103100001811981 ], [ -11056998.07, 2206346.001499999314547 ], [ -11057078.0589, 2206348.1754 ], [ -11057107.0018, 2206395.119600001722574 ], [ -11057197.9945, 2206367.974700000137091 ], [ -11057233.4685, 2206406.269099999219179 ], [ -11057298.565, 2206427.718199998140335 ], [ -11057322.9604, 2206446.894999999552965 ], [ -11057347.9852, 2206445.801899999380112 ], [ -11057378.5189, 2206403.251800000667572 ], [ -11057477.01, 2206351.256900001317263 ], [ -11057518.8606, 2206293.291499998420477 ], [ -11057579.4909, 2206306.915100000798702 ], [ -11057616.9935, 2206341.299499999731779 ], [ -11057676.2161, 2206340.778200000524521 ], [ -11057685.3777, 2206373.213599998503923 ], [ -11057731.1624, 2206386.99210000038147 ], [ -11057787.4456, 2206362.505800001323223 ], [ -11057786.5684, 2206325.628100000321865 ], [ -11057769.5176, 2206298.330800000578165 ], [ -11057789.0419, 2206266.576499998569489 ], [ -11057858.6108, 2206240.678300000727177 ], [ -11057864.6411, 2206195.0713 ], [ -11057890.2069, 2206178.05970000103116 ], [ -11057916.3513, 2206119.803100001066923 ], [ -11057995.4538, 2206089.384100001305342 ], [ -11058013.758, 2206057.601700000464916 ], [ -11058095.833, 2206012.698699999600649 ], [ -11058134.0655, 2206025.64919999986887 ], [ -11058169.3846, 2206022.105999998748302 ], [ -11058181.6122, 2205974.775699999183416 ], [ -11058224.448, 2205961.335299998521805 ], [ -11058334.0176, 2205953.363699998706579 ], [ -11058335.2944, 2205923.191799998283386 ], [ -11058374.0627, 2205901.321600001305342 ], [ -11058479.344, 2205891.31980000063777 ], [ -11058519.4903, 2205869.743900001049042 ], [ -11058550.5764, 2205872.445799998939037 ], [ -11058650.3697, 2205849.261999998241663 ], [ -11058693.4427, 2205876.722699999809265 ], [ -11058730.8026, 2205918.034299999475479 ], [ -11058853.7595, 2205938.376899998635054 ], [ -11058895.1048, 2205884.995099999010563 ], [ -11058995.3556, 2205920.708000000566244 ], [ -11059043.3845, 2205869.7060999982059 ], [ -11059407.3635, 2205874.296799998730421 ], [ -11059493.4147, 2205828.513799998909235 ], [ -11059600.682, 2205848.55970000103116 ], [ -11059722.8473, 2205789.909800000488758 ], [ -11059802.2972, 2205737.234299998730421 ], [ -11059928.9031, 2205680.9199 ], [ -11059966.1372, 2205608.224700000137091 ], [ -11060069.6902, 2205661.337999999523163 ], [ -11060151.8118, 2205638.155099999159575 ], [ -11060334.5546, 2205709.33390000090003 ], [ -11060426.6026, 2205706.442899998277426 ], [ -11060533.2821, 2205662.167599998414516 ], [ -11060636.1681, 2205695.090999998152256 ], [ -11060711.9678, 2205704.250900000333786 ], [ -11060779.6701, 2205674.4864999987185 ], [ -11060836.2126, 2205734.086100000888109 ], [ -11060889.7929, 2205722.7599 ], [ -11060916.7241, 2205746.1996 ], [ -11060958.9991, 2205743.5176 ], [ -11060983.8291, 2205718.799699999392033 ], [ -11060996.5772, 2205624.716299999505281 ], [ -11061046.0921, 2205523.414000000804663 ], [ -11061135.5541, 2205464.284600000828505 ], [ -11061360.9103, 2205374.097899999469519 ], [ -11061477.2481, 2205230.105399999767542 ], [ -11061574.5413, 2205186.427200000733137 ], [ -11061623.3782, 2205148.179999999701977 ], [ -11061694.4749, 2205004.557799998670816 ], [ -11061803.7838, 2204857.914500001817942 ], [ -11061831.7394, 2204854.9199 ], [ -11061860.93, 2204873.794599998742342 ], [ -11061929.8476, 2204881.642499998211861 ], [ -11062078.37, 2204870.386399999260902 ], [ -11062125.6964, 2204856.683299999684095 ], [ -11062283.4975, 2204723.532999999821186 ], [ -11062319.527, 2204712.520199999213219 ], [ -11062412.7579, 2204717.680300001055002 ], [ -11062500.0549, 2204757.72690000012517 ], [ -11062609.8405, 2204746.551199998706579 ], [ -11062641.9907, 2204703.012200001627207 ], [ -11062766.1719, 2204364.061700001358986 ], [ -11062816.1989, 2204345.017000000923872 ], [ -11063085.1246, 2204284.419399999082088 ], [ -11063242.2754, 2204264.8684 ], [ -11063786.0756, 2204302.430300001055002 ], [ -11064120.1698, 2204301.541499998420477 ], [ -11064118.4756, 2204283.871800001710653 ], [ -11064165.468, 2204283.494100000709295 ], [ -11064239.3129, 2204194.24549999833107 ], [ -11064292.764, 2204227.416400000452995 ], [ -11064246.0662, 2204283.078499998897314 ], [ -11064241.6428, 2204308.1195 ], [ -11064383.2656, 2204321.854800000786781 ], [ -11064520.9044, 2204272.588799998164177 ], [ -11064597.9687, 2204352.874400001019239 ], [ -11064702.8206, 2204378.602099999785423 ], [ -11065210.9741, 2201651.545899998396635 ], [ -11065323.8385, 2201173.615699999034405 ], [ -11065496.4639, 2200114.05290000140667 ], [ -11065587.9841, 2197706.849399998784065 ], [ -11065606.5211, 2197610.337999999523163 ], [ -11065617.0351, 2197285.620799999684095 ], [ -11065622.6589, 2196928.13399999961257 ], [ -11065605.1973, 2196638.680500000715256 ], [ -11065583.0726, 2196568.360199999064207 ], [ -11065466.1206, 2196370.842599999159575 ], [ -11065357.8612, 2196246.344900000840425 ], [ -11065133.6569, 2195943.255800001323223 ], [ -11064932.7321, 2195589.204799998551607 ], [ -11064540.6682, 2194745.954 ], [ -11064402.1011, 2194367.253400001674891 ], [ -11064322.0466, 2194099.569699998944998 ], [ -11064225.4024, 2193848.184900000691414 ], [ -11064094.4484, 2193555.666999999433756 ], [ -11063143.2334, 2190973.2632 ], [ -11062565.3172, 2191433.172800000756979 ], [ -11062473.9082, 2191439.329900000244379 ], [ -11062417.2711, 2191429.497299998998642 ], [ -11062383.6559, 2191411.544599998742342 ], [ -11062277.1621, 2191312.023699998855591 ], [ -11062210.9671, 2191283.830400001257658 ], [ -11062076.3062, 2191254.518800001591444 ], [ -11061998.9769, 2191170.246800001710653 ], [ -11061965.5231, 2191148.600000001490116 ], [ -11061902.199, 2191132.063099998980761 ], [ -11061862.987, 2191137.975000001490116 ], [ -11061825.7227, 2191159.990800000727177 ], [ -11061062.5485, 2190689.8684 ], [ -11060300.3628, 2190681.267499998211861 ] ] ] ] } },
{ "type": "Feature", "properties": { "OBJECTID": 702, "ID": "15038", "NAME": "Isidro Fabela", "TOTPOP_CY": 12223, "AREA": 79.73, "Shape__Area": 90257103.142376125, "Shape__Length": 64143.407635644216, "metro_only_count": 0.0, "bus_only_count": 8.0, "bus_metro_count": 0.0, "n_cat": "2", "label_range": "0 – 0" }, "geometry": { "type": "MultiPolygon", "coordinates": [ [ [ [ -11060194.4223, 2224794.563999999314547 ], [ -11060264.8831, 2224801.138700000941753 ], [ -11060318.8218, 2224760.966299999505281 ], [ -11060300.4074, 2224709.922400001436472 ], [ -11060242.7717, 2224656.121599998325109 ], [ -11060256.808, 2224587.011399999260902 ], [ -11060296.372, 2224505.928100001066923 ], [ -11060291.9026, 2224493.378400001674891 ], [ -11060404.7906, 2224480.960099998861551 ], [ -11060456.9789, 2224402.8596 ], [ -11060608.8014, 2224491.7314000017941 ], [ -11060820.6913, 2224528.601700000464916 ], [ -11060871.0299, 2224480.198899999260902 ], [ -11060843.1845, 2224453.5625 ], [ -11060924.9308, 2224369.6097999997437 ], [ -11060927.8965, 2224437.632500000298023 ], [ -11061091.1954, 2224380.028999999165535 ], [ -11061046.3238, 2224292.780099999159575 ], [ -11060953.3272, 2224310.414200000464916 ], [ -11060970.4327, 2224117.046300001442432 ], [ -11060993.9501, 2224105.143300000578165 ], [ -11061061.0001, 2224140.515599999576807 ], [ -11061235.048, 2224303.032499998807907 ], [ -11061320.2499, 2224293.41950000077486 ], [ -11061305.0504, 2224253.828200001269579 ], [ -11061225.2809, 2224146.79450000077486 ], [ -11061314.2919, 2224156.735199999064207 ], [ -11061283.8227, 2224033.922200001776218 ], [ -11061407.7571, 2224070.546900000423193 ], [ -11061512.0311, 2223896.210900001227856 ], [ -11061568.4101, 2223874.763099998235703 ], [ -11061602.9779, 2223739.081799998879433 ], [ -11061629.3162, 2223706.458099998533726 ], [ -11061679.8686, 2223676.453000001609325 ], [ -11061785.1478, 2223724.80629999935627 ], [ -11061896.1, 2223697.33669999986887 ], [ -11062036.8768, 2223713.311299998313189 ], [ -11062069.2062, 2223707.636100001633167 ], [ -11062125.6564, 2223661.330600000917912 ], [ -11062154.7161, 2223650.590300001204014 ], [ -11062270.6456, 2223652.738299999386072 ], [ -11062308.3282, 2223639.041999999433756 ], [ -11062390.9196, 2223514.199000000953674 ], [ -11062477.4896, 2223443.270899999886751 ], [ -11062493.987, 2223386.377099998295307 ], [ -11062477.5295, 2223291.386700000613928 ], [ -11062514.5198, 2223254.137299999594688 ], [ -11062545.0281, 2223284.342500001192093 ], [ -11062604.9759, 2223304.399000000208616 ], [ -11062628.2782, 2223330.421700000762939 ], [ -11062630.2989, 2223410.188299998641014 ], [ -11062757.5281, 2223516.3695 ], [ -11062764.5089, 2223543.688799999654293 ], [ -11062720.069, 2223592.454199999570847 ], [ -11062723.088, 2223613.545800000429153 ], [ -11062760.3423, 2223633.013900000602007 ], [ -11062877.7073, 2223621.018699999898672 ], [ -11062941.2499, 2223634.521499998867512 ], [ -11062984.1679, 2223656.3574 ], [ -11063008.7562, 2223654.00730000063777 ], [ -11063114.1946, 2223591.531300000846386 ], [ -11063175.0362, 2223606.598400000482798 ], [ -11063198.9721, 2223602.230200000107288 ], [ -11063237.9674, 2223559.99040000140667 ], [ -11063281.7046, 2223538.86600000038743 ], [ -11063378.4927, 2223453.603199999779463 ], [ -11063486.0475, 2223275.721000000834465 ], [ -11063594.4047, 2223216.507399998605251 ], [ -11063627.2161, 2223183.05290000140667 ], [ -11063714.3927, 2223195.7635000012815 ], [ -11063757.1502, 2223183.19480000063777 ], [ -11063805.3928, 2223199.186299998313189 ], [ -11063832.4415, 2223173.360800001770258 ], [ -11063901.6286, 2223186.5702 ], [ -11063922.5177, 2223201.160599999129772 ], [ -11063952.2156, 2223181.9386 ], [ -11064070.1596, 2223174.107799999415874 ], [ -11064112.7471, 2223190.516600001603365 ], [ -11064193.2121, 2223126.385600000619888 ], [ -11064333.1919, 2223050.5757 ], [ -11064366.1649, 2223053.307300001382828 ], [ -11064453.2545, 2223101.494899999350309 ], [ -11064648.5233, 2223064.162999998778105 ], [ -11064689.4456, 2223076.175299998372793 ], [ -11064781.3832, 2223068.156399998813868 ], [ -11064914.7661, 2223013.305300001055002 ], [ -11064947.3579, 2223040.166700001806021 ], [ -11065052.0832, 2223004.764400001615286 ], [ -11065233.9002, 2223048.673500001430511 ], [ -11065327.2783, 2222996.7787000015378 ], [ -11065363.6799, 2222963.604800000786781 ], [ -11065389.7174, 2222959.924199998378754 ], [ -11065403.2328, 2222916.521099999547005 ], [ -11065504.655, 2222852.805799998342991 ], [ -11065536.7237, 2222864.144299998879433 ], [ -11065581.5633, 2222822.173300001770258 ], [ -11065667.1011, 2222778.438799999654293 ], [ -11065721.0567, 2222714.345400001853704 ], [ -11065763.7063, 2222724.951699998229742 ], [ -11065948.0037, 2222705.03770000115037 ], [ -11066059.3037, 2222663.301300000399351 ], [ -11066231.433, 2222499.093899998813868 ], [ -11066378.2868, 2222386.82490000128746 ], [ -11066553.6971, 2222384.929099999368191 ], [ -11066613.7644, 2222399.864599999040365 ], [ -11066884.1917, 2222629.289900001138449 ], [ -11066939.3393, 2222664.388999998569489 ], [ -11067087.2027, 2222707.000300001353025 ], [ -11067221.3985, 2222698.397599998861551 ], [ -11067380.7312, 2222643.551399998366833 ], [ -11067499.3039, 2222642.991399999707937 ], [ -11067655.1805, 2222664.225900001823902 ], [ -11067741.9628, 2222658.403799999505281 ], [ -11067870.6059, 2222614.574700001627207 ], [ -11067916.2961, 2222584.565400000661612 ], [ -11068046.2112, 2222446.08669999986887 ], [ -11068233.1112, 2222194.48930000141263 ], [ -11068351.9068, 2222101.773499999195337 ], [ -11068530.6547, 2221983.858899999409914 ], [ -11068768.3463, 2221929.927700001746416 ], [ -11068910.4735, 2221954.281700000166893 ], [ -11069174.3708, 2222119.893100000917912 ], [ -11069222.2995, 2222161.661800000816584 ], [ -11069381.0966, 2222242.128899998962879 ], [ -11069528.4972, 2222298.602099999785423 ], [ -11069748.6871, 2222359.956399999558926 ], [ -11069972.8334, 2222337.487300001084805 ], [ -11070358.7825, 2222211.026000000536442 ], [ -11071388.7315, 2221913.886399999260902 ], [ -11071617.9963, 2221836.945999998599291 ], [ -11071761.1376, 2221913.783700000494719 ], [ -11071865.0499, 2221799.031599998474121 ], [ -11072015.5816, 2221715.475900001823902 ], [ -11072095.4289, 2221623.048000000417233 ], [ -11072266.2441, 2221541.0691 ], [ -11072372.7714, 2221516.543000001460314 ], [ -11072704.0771, 2221316.790300000458956 ], [ -11072724.2194, 2221586.031199999153614 ], [ -11073075.9386, 2221718.3114 ], [ -11073461.7385, 2221826.75620000064373 ], [ -11073744.9677, 2221889.573800001293421 ], [ -11073677.7718, 2221940.945700000971556 ], [ -11073706.0883, 2222014.458099998533726 ], [ -11073688.2594, 2222041.552999999374151 ], [ -11073705.28, 2222067.330899998545647 ], [ -11073671.1628, 2222099.263999998569489 ], [ -11073690.0272, 2222158.860599998384714 ], [ -11073617.7085, 2222169.697900000959635 ], [ -11073581.0251, 2222210.039599999785423 ], [ -11073532.0514, 2222185.567099999636412 ], [ -11073494.2471, 2222238.874000001698732 ], [ -11073403.6844, 2222461.689399998635054 ], [ -11073582.4912, 2222417.682300001382828 ], [ -11073706.9855, 2222414.397700000554323 ], [ -11073756.6395, 2222427.872299998998642 ], [ -11073803.6053, 2222452.028599999845028 ], [ -11073868.8319, 2222603.722800001502037 ], [ -11073920.7278, 2222644.148200001567602 ], [ -11074125.3666, 2222740.9983000010252 ], [ -11074381.6896, 2222816.076900001615286 ], [ -11074457.6851, 2222821.198699999600649 ], [ -11074532.5543, 2222799.364900000393391 ], [ -11075460.803, 2222351.21000000089407 ], [ -11076700.0672, 2222354.785199999809265 ], [ -11077549.5819, 2222789.7346 ], [ -11078027.2862, 2222650.848200000822544 ], [ -11078119.7502, 2222633.215999998152256 ], [ -11078131.4657, 2222614.739999998360872 ], [ -11078696.0268, 2222593.797400001436472 ], [ -11079004.4831, 2222567.224800001829863 ], [ -11079014.0477, 2222320.565200001001358 ], [ -11078998.5007, 2222258.154100000858307 ], [ -11078985.3704, 2222051.871599998325109 ], [ -11078966.5931, 2221995.0777000002563 ], [ -11078889.685, 2221525.558299999684095 ], [ -11078613.7461, 2219778.797800000756979 ], [ -11078782.9918, 2218791.915899999439716 ], [ -11078707.5783, 2218756.653799999505281 ], [ -11078561.5274, 2218718.4054000005126 ], [ -11078319.1369, 2218601.457100000232458 ], [ -11078069.1012, 2218538.703400000929832 ], [ -11077247.0357, 2218492.340599998831749 ], [ -11077060.4698, 2218465.943999998271465 ], [ -11076621.7271, 2218302.057199999690056 ], [ -11076571.5199, 2218277.920499999076128 ], [ -11076380.2353, 2218145.855399999767542 ], [ -11076305.3673, 2218007.575800001621246 ], [ -11076294.9099, 2217877.38230000063777 ], [ -11076317.9775, 2217793.25560000166297 ], [ -11076409.264, 2217578.971999999135733 ], [ -11076451.7423, 2217511.067200001329184 ], [ -11076584.5666, 2217315.610599998384714 ], [ -11076805.6817, 2217027.831000000238419 ], [ -11076841.1157, 2216946.341499999165535 ], [ -11076835.6832, 2216913.801699999719858 ], [ -11076775.1455, 2216813.649099998176098 ], [ -11076529.3887, 2216505.1107 ], [ -11076445.1243, 2216410.098000001162291 ], [ -11076081.2355, 2216052.80970000103116 ], [ -11075974.283, 2215906.633400000631809 ], [ -11075852.3315, 2215820.002999998629093 ], [ -11075684.7375, 2215858.379000000655651 ], [ -11075625.9755, 2215852.946199998259544 ], [ -11075524.5723, 2215801.742800001055002 ], [ -11075392.3059, 2215668.979100000113249 ], [ -11075154.5631, 2215311.587699998170137 ], [ -11075105.097, 2215253.096500001847744 ], [ -11074340.5525, 2215245.069299999624491 ], [ -11074178.87, 2215261.535999998450279 ], [ -11074150.842, 2215269.620099999010563 ], [ -11074119.6212, 2215296.923000000417233 ], [ -11074086.3758, 2215405.344300001859665 ], [ -11074079.3136, 2215465.248199999332428 ], [ -11074001.8876, 2215456.225299999117851 ], [ -11073517.788, 2215207.894400000572205 ], [ -11072470.2683, 2215563.008200000971556 ], [ -11072077.0623, 2216105.674199998378754 ], [ -11071998.8258, 2216264.162300001829863 ], [ -11071930.5179, 2216473.800200000405312 ], [ -11071865.898, 2216626.64919999986887 ], [ -11071758.3134, 2216850.529399998486042 ], [ -11071707.0061, 2216887.203099999576807 ], [ -11071551.3848, 2217078.436299998313189 ], [ -11071406.4826, 2217200.122400000691414 ], [ -11071300.3338, 2217311.157800000160933 ], [ -11071137.1306, 2217414.534000001847744 ], [ -11071094.4495, 2217423.013900000602007 ], [ -11070939.0932, 2217506.087600000202656 ], [ -11070413.1053, 2217819.713899999856949 ], [ -11069537.8903, 2218297.60869999974966 ], [ -11069286.1557, 2218423.160599999129772 ], [ -11069022.1587, 2218512.94709999859333 ], [ -11068917.5846, 2218529.501899998635054 ], [ -11068872.6282, 2218564.5132 ], [ -11068819.7759, 2218586.188700001686811 ], [ -11068703.1499, 2218696.334300000220537 ], [ -11068474.5775, 2218816.469300001859665 ], [ -11068227.1066, 2218925.975999999791384 ], [ -11068092.548, 2218969.813200000673532 ], [ -11067941.0567, 2218826.88289999961853 ], [ -11067882.4726, 2218995.156899999827147 ], [ -11067691.3181, 2219042.06870000064373 ], [ -11067516.4162, 2219104.951499998569489 ], [ -11066776.7071, 2218899.1404 ], [ -11066504.0902, 2219062.861200001090765 ], [ -11066133.818, 2219327.424499999731779 ], [ -11065842.967, 2219512.800599999725819 ], [ -11065568.3887, 2219725.357599999755621 ], [ -11065459.3433, 2219820.8935999982059 ], [ -11065306.3437, 2219981.385400000959635 ], [ -11065137.0156, 2220093.876899998635054 ], [ -11064990.1184, 2220013.088100001215935 ], [ -11064861.7202, 2219818.294700000435114 ], [ -11064712.806, 2219620.882800001651049 ], [ -11064636.8381, 2219464.131900001317263 ], [ -11064629.1392, 2219423.63399999961257 ], [ -11064492.6939, 2219337.903299998492002 ], [ -11064434.1665, 2219398.113699998706579 ], [ -11064325.57, 2219386.392099998891354 ], [ -11064303.4241, 2219373.098000001162291 ], [ -11064272.022, 2219329.668699998408556 ], [ -11064236.1626, 2219240.348499998450279 ], [ -11064144.6725, 2219124.200100000947714 ], [ -11063994.5893, 2219051.420699998736382 ], [ -11063957.856, 2219024.552000001072884 ], [ -11063885.8458, 2218929.97580000013113 ], [ -11063643.3951, 2218786.951200000941753 ], [ -11063590.3648, 2218727.558899998664856 ], [ -11063566.0726, 2218716.673700001090765 ], [ -11063328.8064, 2218836.76630000025034 ], [ -11063242.2286, 2218894.071800000965595 ], [ -11063138.537, 2218986.642299998551607 ], [ -11063082.818, 2219087.112199999392033 ], [ -11063067.9158, 2219143.989599999040365 ], [ -11063088.4319, 2219317.412999998778105 ], [ -11063065.5584, 2219404.422600001096725 ], [ -11062995.9388, 2219537.528099998831749 ], [ -11062758.3184, 2219823.515999998897314 ], [ -11062760.1574, 2219890.535799998790026 ], [ -11062540.2992, 2219934.322200000286102 ], [ -11062371.5545, 2220005.409600000828505 ], [ -11062288.4143, 2220056.013399999588728 ], [ -11062146.314, 2220107.545899998396635 ], [ -11062085.6994, 2220118.140099998563528 ], [ -11061936.4287, 2220249.819400001317263 ], [ -11061661.1068, 2220413.360399998724461 ], [ -11061599.321, 2220466.722500000149012 ], [ -11061529.8644, 2220462.186299998313189 ], [ -11061478.0063, 2220484.162599999457598 ], [ -11061350.167, 2220472.171 ], [ -11061161.28, 2220472.181499999016523 ], [ -11060962.6215, 2220514.0482 ], [ -11060935.3872, 2220436.9221 ], [ -11060934.0812, 2220364.898499999195337 ], [ -11060692.2911, 2220171.320599999278784 ], [ -11060595.4921, 2220076.779800001531839 ], [ -11060551.2192, 2220049.91780000180006 ], [ -11060520.0175, 2220060.658500000834465 ], [ -11060467.4948, 2220161.119800001382828 ], [ -11060367.5419, 2220253.674100000411272 ], [ -11060193.0898, 2220311.153900001198053 ], [ -11060067.4792, 2220303.409099999815226 ], [ -11060045.4669, 2220322.238299999386072 ], [ -11060075.698, 2220386.021899998188019 ], [ -11060082.4851, 2220428.2346 ], [ -11060040.1358, 2220539.925500001758337 ], [ -11059974.219, 2220515.931200001388788 ], [ -11059877.7463, 2220526.719300001859665 ], [ -11059843.9887, 2220548.550599999725819 ], [ -11059792.7223, 2220609.267499998211861 ], [ -11059738.5368, 2220735.654899999499321 ], [ -11059592.8162, 2220839.711300000548363 ], [ -11059496.8912, 2220880.3277000002563 ], [ -11059446.4589, 2220843.491700001060963 ], [ -11059424.2395, 2220843.905299998819828 ], [ -11059327.9515, 2220933.218699999153614 ], [ -11059251.357, 2220944.334300000220537 ], [ -11059221.9459, 2220962.06810000166297 ], [ -11059050.2896, 2221176.194400001317263 ], [ -11058976.468, 2221226.138599999248981 ], [ -11058849.2398, 2221348.400499999523163 ], [ -11058819.1236, 2221400.205899998545647 ], [ -11058788.4461, 2221400.850999999791384 ], [ -11058586.9522, 2221612.962200000882149 ], [ -11058510.0717, 2221610.229699999094009 ], [ -11058214.4839, 2221865.144200000911951 ], [ -11058191.2836, 2221901.170400001108646 ], [ -11058055.121, 2222032.648499999195337 ], [ -11058040.6439, 2222124.6706000007689 ], [ -11058010.3337, 2222180.785199999809265 ], [ -11057775.6437, 2222479.431200001388788 ], [ -11057509.2136, 2222929.669799998402596 ], [ -11057774.0327, 2223201.636799998581409 ], [ -11057872.2165, 2223232.721200000494719 ], [ -11057880.2415, 2223286.0945999994874 ], [ -11057906.3516, 2223319.01410000026226 ], [ -11058361.419, 2223429.96339999884367 ], [ -11058341.6864, 2224098.520599998533726 ], [ -11060285.1701, 2223223.196800000965595 ], [ -11060590.0754, 2223357.977400001138449 ], [ -11060561.0455, 2223382.230200000107288 ], [ -11060598.1859, 2223459.221599999815226 ], [ -11060464.7852, 2223686.473700001835823 ], [ -11060445.2943, 2223740.874000001698732 ], [ -11060359.3623, 2223852.9353 ], [ -11060400.0434, 2223889.839699998497963 ], [ -11060353.7484, 2223928.639600001275539 ], [ -11060336.249, 2223965.531300000846386 ], [ -11060252.5123, 2224012.123599998652935 ], [ -11060185.0236, 2224020.030900001525879 ], [ -11060111.3324, 2224000.375399999320507 ], [ -11060105.6329, 2224021.701299998909235 ], [ -11060060.5385, 2224064.088599998503923 ], [ -11060047.976, 2224141.4551 ], [ -11060027.0056, 2224178.431099999696016 ], [ -11060021.177, 2224311.51630000025034 ], [ -11060048.9201, 2224405.535799998790026 ], [ -11060095.3947, 2224480.0099 ], [ -11060101.3481, 2224508.467300001531839 ], [ -11060071.1507, 2224565.168400000780821 ], [ -11060035.8867, 2224598.747000001370907 ], [ -11060020.3432, 2224645.676300000399351 ], [ -11060025.7377, 2224671.745999999344349 ], [ -11060037.8737, 2224696.19200000166893 ], [ -11060062.1482, 2224682.538600001484156 ], [ -11060137.8431, 2224782.707899998873472 ], [ -11060194.4223, 2224794.563999999314547 ] ] ] ] } },
{ "type": "Feature", "properties": { "OBJECTID": 703, "ID": "15039", "NAME": "Ixtapaluca", "TOTPOP_CY": 555562, "AREA": 324.03, "Shape__Area": 365871633.00672555, "Shape__Length": 119239.6615690841, "metro_only_count": 13.0, "bus_only_count": 2491.0, "bus_metro_count": 1157.0, "n_cat": "5", "label_range": "13 – 267" }, "geometry": { "type": "MultiPolygon", "coordinates": [ [ [ [ -10983347.1482, 2202120.905900001525879 ], [ -10983560.6912, 2202272.775400001555681 ], [ -10983827.9695, 2202430.61430000141263 ], [ -10984336.1272, 2202583.5779 ], [ -10985589.5835, 2202626.983600001782179 ], [ -10986136.612, 2202771.972600001841784 ], [ -10986424.6934, 2202867.952799998223782 ], [ -10986677.587, 2202933.467700000852346 ], [ -10986871.1683, 2203001.00899999961257 ], [ -10986964.1755, 2203056.370299998670816 ], [ -10987081.0589, 2203098.441100001335144 ], [ -10987328.4997, 2203212.738299999386072 ], [ -10987742.6427, 2203350.786800000816584 ], [ -10988675.6504, 2203453.969900000840425 ], [ -10988866.9149, 2203204.162300001829863 ], [ -10989027.9578, 2203036.435600001364946 ], [ -10989251.3748, 2202849.611699998378754 ], [ -10989398.3988, 2202700.526700001209974 ], [ -10989955.0597, 2202221.461899999529123 ], [ -10990086.4947, 2202121.41440000012517 ], [ -10990378.2552, 2202116.012699998915195 ], [ -10990609.6863, 2202091.579999998211861 ], [ -10990816.441, 2202083.371800001710653 ], [ -10991585.1466, 2202143.218699999153614 ], [ -10991812.3152, 2202175.559999998658895 ], [ -10992086.8646, 2202251.433600001037121 ], [ -10992313.4666, 2202359.7632 ], [ -10992451.3058, 2202441.02760000154376 ], [ -10992499.7354, 2202129.655900001525879 ], [ -10992551.9853, 2201923.885499998927116 ], [ -10992595.5847, 2201563.718699999153614 ], [ -10992696.2588, 2201550.268199998885393 ], [ -10992795.804, 2201488.02140000090003 ], [ -10992830.8061, 2201477.1402000002563 ], [ -10993034.8279, 2201523.030000001192093 ], [ -10993250.7211, 2201607.065200001001358 ], [ -10993459.5663, 2201707.353100001811981 ], [ -10993531.1349, 2201755.982599999755621 ], [ -10993888.5795, 2201834.344700001180172 ], [ -10994263.2799, 2202034.848900001496077 ], [ -10994517.9321, 2202137.590300001204014 ], [ -10994651.9542, 2202154.038899999111891 ], [ -10994958.2651, 2202256.844799999147654 ], [ -10995108.465, 2202291.976399999111891 ], [ -10995201.7062, 2202360.494899999350309 ], [ -10995732.2184, 2202958.421700000762939 ], [ -10995887.213, 2203063.361200001090765 ], [ -10995981.1244, 2203086.9510000012815 ], [ -10996055.9065, 2203085.97859999909997 ], [ -10996227.1949, 2203043.535000000149012 ], [ -10996337.585, 2203047.942099999636412 ], [ -10996565.7788, 2203097.030499998480082 ], [ -10996706.235, 2203146.804699998348951 ], [ -10996800.0228, 2203159.454799998551607 ], [ -10996978.2797, 2203114.343899998813868 ], [ -10997200.4557, 2203101.01969999819994 ], [ -10997363.118, 2203010.02140000090003 ], [ -10997406.1863, 2203009.539900001138449 ], [ -10997554.5807, 2203045.986400000751019 ], [ -10997679.3477, 2203033.869800001382828 ], [ -10997776.4884, 2203008.386900000274181 ], [ -10997921.875, 2202960.8293999992311 ], [ -10998046.1755, 2202856.714499998837709 ], [ -10998226.887, 2202738.265099998563528 ], [ -10998267.5819, 2202723.378800000995398 ], [ -10998322.474, 2202513.0559 ], [ -10998501.8028, 2201964.429200001060963 ], [ -10998582.8936, 2201982.501200001686811 ], [ -10998719.104, 2202062.822000000625849 ], [ -10998781.4275, 2202030.106800001114607 ], [ -10998941.1607, 2202040.004200000315905 ], [ -10999102.7934, 2202066.35080000013113 ], [ -10999311.3083, 2202045.882599998265505 ], [ -10999505.1211, 2202070.918200001120567 ], [ -10999583.3217, 2202092.495900001376867 ], [ -10999624.2663, 2202267.513900000602007 ], [ -10999646.5458, 2202567.379299998283386 ], [ -11001343.4176, 2202413.137600000947714 ], [ -11002154.8297, 2202270.909499999135733 ], [ -11002623.9926, 2202021.489100001752377 ], [ -11002997.5408, 2201846.887600000947714 ], [ -11003142.6324, 2201809.3717 ], [ -11003295.0854, 2201697.7347999997437 ], [ -11003547.8476, 2201638.48030000180006 ], [ -11003668.2184, 2201558.585999999195337 ], [ -11004046.305, 2201411.75560000166297 ], [ -11004281.2181, 2200500.339099999517202 ], [ -11006176.5047, 2200920.450899999588728 ], [ -11006314.1411, 2200961.4298 ], [ -11006680.9003, 2201019.542599998414516 ], [ -11006701.7645, 2200179.64919999986887 ], [ -11006776.2663, 2200110.933899998664856 ], [ -11006829.9291, 2199993.317899998277426 ], [ -11006978.4602, 2200085.664799999445677 ], [ -11007041.0308, 2200081.389499999582767 ], [ -11007318.3823, 2199921.124499998986721 ], [ -11007461.9154, 2199850.730999998748302 ], [ -11007626.8195, 2199812.812100000679493 ], [ -11007630.5064, 2199769.081199999898672 ], [ -11007777.181, 2199753.576499998569489 ], [ -11007875.7121, 2199809.237700000405312 ], [ -11007950.4419, 2199756.178399998694658 ], [ -11007974.4002, 2199286.83049999922514 ], [ -11007911.1083, 2198939.989199999719858 ], [ -11007878.7869, 2198907.815099999308586 ], [ -11008015.0521, 2198898.415100000798702 ], [ -11008065.9917, 2198858.841299999505281 ], [ -11008063.7296, 2198767.801600001752377 ], [ -11008079.7306, 2198712.241399999707937 ], [ -11008186.308, 2198561.9814000017941 ], [ -11008371.0194, 2198460.708200000226498 ], [ -11008566.8904, 2198410.531800001859665 ], [ -11008714.2205, 2198277.828400000929832 ], [ -11008685.2776, 2198028.300599999725819 ], [ -11008691.2376, 2197832.896099999547005 ], [ -11008972.0899, 2197541.561299998313189 ], [ -11009035.5587, 2197439.414200000464916 ], [ -11009109.0919, 2197363.429999999701977 ], [ -11009221.4613, 2197214.914900001138449 ], [ -11009324.7657, 2197122.463599998503923 ], [ -11009570.7884, 2196971.946899998933077 ], [ -11009851.1211, 2196772.336599998176098 ], [ -11009978.5085, 2196881.511999998241663 ], [ -11010087.429, 2196918.049699999392033 ], [ -11010347.5893, 2196964.171399999409914 ], [ -11010382.6804, 2196931.145100001245737 ], [ -11010570.205, 2196932.109099999070168 ], [ -11010646.1325, 2197150.185600001364946 ], [ -11010790.8313, 2197017.293600000441074 ], [ -11010858.1348, 2196919.184599999338388 ], [ -11011039.0446, 2196794.583200000226498 ], [ -11011101.2322, 2196622.084499999880791 ], [ -11011278.0809, 2196483.777199998497963 ], [ -11011154.0934, 2196482.665899999439716 ], [ -11011174.5149, 2196385.162500001490116 ], [ -11011523.3813, 2195916.37220000103116 ], [ -11011533.0304, 2195752.183600001037121 ], [ -11011718.2383, 2195697.441399998962879 ], [ -11012221.3244, 2195719.894400000572205 ], [ -11012339.539, 2195670.052099999040365 ], [ -11012460.0893, 2195654.179000001400709 ], [ -11012612.8429, 2195511.800299998372793 ], [ -11012674.0965, 2195473.592500001192093 ], [ -11012724.2314, 2195388.049199998378754 ], [ -11012827.5861, 2195287.743500001728535 ], [ -11012868.0874, 2195234.165899999439716 ], [ -11012926.1105, 2195183.089499998837709 ], [ -11013002.1583, 2195151.3783 ], [ -11013046.7909, 2195118.39750000089407 ], [ -11013464.0252, 2195072.571400001645088 ], [ -11013848.5616, 2195004.162500001490116 ], [ -11013925.9032, 2195010.836300000548363 ], [ -11013955.0021, 2194977.614 ], [ -11014015.6178, 2194940.821899998933077 ], [ -11014232.2134, 2194843.943300001323223 ], [ -11014304.2527, 2194778.784099999815226 ], [ -11014741.519, 2194499.204300001263618 ], [ -11014784.8856, 2194500.087900001555681 ], [ -11014840.9562, 2194464.981199998408556 ], [ -11014867.5495, 2194431.355200000107288 ], [ -11015096.0202, 2194308.620999999344349 ], [ -11015228.193, 2194222.194299999624491 ], [ -11015255.2338, 2194193.431400001049042 ], [ -11015272.0541, 2194188.427099999040365 ], [ -11015281.5652, 2194200.01069999858737 ], [ -11015363.5463, 2194016.862500000745058 ], [ -11015463.8265, 2193852.714899998158216 ], [ -11015501.0016, 2193782.364999998360872 ], [ -11015501.0071, 2193764.125700000673532 ], [ -11015047.2344, 2193225.913499999791384 ], [ -11011969.8859, 2189670.550900001078844 ], [ -11011648.8508, 2189311.488099999725819 ], [ -11011552.5772, 2189228.433400001376867 ], [ -11011500.524, 2189218.973000001162291 ], [ -11011217.2606, 2189232.021000001579523 ], [ -11011095.6808, 2189207.604699999094009 ], [ -11010852.785, 2189209.851500000804663 ], [ -11010659.1124, 2189137.907200001180172 ], [ -11009987.9709, 2189003.503499999642372 ], [ -11009619.2361, 2189040.20160000026226 ], [ -11009404.7489, 2189083.164000000804663 ], [ -11009325.8345, 2189076.056800000369549 ], [ -11009329.2799, 2189060.686799999326468 ], [ -11009137.7501, 2189036.111400000751019 ], [ -11008838.5969, 2189121.69029999896884 ], [ -11007623.1617, 2188996.445900000631809 ], [ -11007244.3638, 2188911.621100001037121 ], [ -11007188.7174, 2188970.105000000447035 ], [ -11007183.6022, 2189198.047899998724461 ], [ -11007115.5614, 2189620.548000000417233 ], [ -11007140.1498, 2189616.848200000822544 ], [ -11007024.3355, 2189996.214200001209974 ], [ -11007040.52, 2189996.683499999344349 ], [ -11006957.568, 2190198.469300001859665 ], [ -11006697.7216, 2190729.162599999457598 ], [ -11006632.2568, 2190758.371899999678135 ], [ -11005693.4416, 2190459.318 ], [ -11005270.2894, 2190343.656899999827147 ], [ -11005194.3363, 2190590.527199998497963 ], [ -11005013.1123, 2190861.969700001180172 ], [ -11004267.0793, 2190817.969000000506639 ], [ -11004305.2977, 2190389.515599999576807 ], [ -11003851.851, 2190517.325399998575449 ], [ -11003846.6457, 2190462.747900001704693 ], [ -11003658.4456, 2190453.737799998372793 ], [ -11003707.8036, 2190099.74040000140667 ], [ -11003752.7968, 2189873.34739999845624 ], [ -11004152.9421, 2189022.687100000679493 ], [ -11003708.2745, 2188974.074999999254942 ], [ -11003633.2118, 2188983.762600000947714 ], [ -11003640.0422, 2188668.991300001740456 ], [ -11003617.9833, 2188667.727000001817942 ], [ -11003579.9454, 2188668.795499999076128 ], [ -11003473.3381, 2188724.4847999997437 ], [ -11003450.0946, 2188726.749200001358986 ], [ -11003415.846, 2188724.804299999028444 ], [ -11003323.9919, 2188680.838199999183416 ], [ -11003185.8978, 2188668.461800001561642 ], [ -11002927.9127, 2188685.6996 ], [ -11002772.396, 2188725.090999998152256 ], [ -11002659.4523, 2188740.248500000685453 ], [ -11002612.7616, 2188780.042199999094009 ], [ -11002548.96, 2188796.445099998265505 ], [ -11002492.2816, 2188827.666000001132488 ], [ -11002395.4504, 2188830.333700001239777 ], [ -11002330.1815, 2188906.033100001513958 ], [ -11002277.0254, 2188935.20549999922514 ], [ -11002226.2481, 2189023.348000001162291 ], [ -11002170.0818, 2189065.836100000888109 ], [ -11002121.6423, 2189152.355099998414516 ], [ -11001963.5085, 2189378.542899999767542 ], [ -11001952.8962, 2189426.936900001019239 ], [ -11001929.3078, 2189455.3412000015378 ], [ -11001929.281, 2189483.580400001257658 ], [ -11001871.1702, 2189513.698399998247623 ], [ -11001802.2323, 2189585.068300001323223 ], [ -11001762.9419, 2189674.1537000015378 ], [ -11001765.0828, 2189708.050999999046326 ], [ -11001698.9867, 2189798.179499998688698 ], [ -11001655.079, 2189918.073600001633167 ], [ -11001598.6066, 2189934.932799998670816 ], [ -11001489.5737, 2190035.5337999984622 ], [ -11001387.5347, 2190093.278299998492002 ], [ -11001286.421, 2190219.265799999237061 ], [ -11001163.8871, 2190330.425999999046326 ], [ -11001118.8161, 2190347.936599999666214 ], [ -11001094.455, 2190390.965300001204014 ], [ -11001051.2542, 2190392.466899998486042 ], [ -11000948.9037, 2190460.635600000619888 ], [ -11000898.8042, 2190473.184000000357628 ], [ -11000839.8975, 2190549.595199998468161 ], [ -11000775.235, 2190588.14809999987483 ], [ -11000433.6369, 2190400.225499998778105 ], [ -11000345.1958, 2190458.238499999046326 ], [ -11000310.9161, 2190449.631900001317263 ], [ -11000280.9777, 2190515.464200001209974 ], [ -11000133.2117, 2190635.671700000762939 ], [ -11000010.133, 2190888.3673 ], [ -11000032.1521, 2191022.717099998146296 ], [ -11000020.1463, 2191041.793699998408556 ], [ -11000043.3419, 2191108.017000000923872 ], [ -11000032.5905, 2191158.084600001573563 ], [ -10999976.0104, 2191205.002999998629093 ], [ -10999774.0066, 2191279.691399998962879 ], [ -10999685.924, 2191291.340599998831749 ], [ -10999508.1644, 2191280.158300001174212 ], [ -10999306.2866, 2191206.385499998927116 ], [ -10999183.5302, 2191119.105799999088049 ], [ -10999019.5709, 2190980.345100000500679 ], [ -10998992.9789, 2190928.614799998700619 ], [ -10998998.5861, 2190874.985599998384714 ], [ -10999009.6357, 2190834.028299998492002 ], [ -10999048.6677, 2190779.973499998450279 ], [ -10999054.7646, 2190747.736299999058247 ], [ -10998952.216, 2190606.380899999290705 ], [ -10998899.3559, 2190432.83729999884963 ], [ -10998899.9815, 2190413.651599999517202 ], [ -10998951.447, 2190359.84910000115633 ], [ -10998987.1715, 2190280.750900000333786 ], [ -10998975.3582, 2190263.420800000429153 ], [ -10998980.3131, 2190218.273899998515844 ], [ -10999010.1835, 2190216.495200000703335 ], [ -10999079.4708, 2190082.9695999994874 ], [ -10999233.9946, 2189979.502300001680851 ], [ -10999257.7, 2189909.658100001513958 ], [ -10999316.4391, 2189814.430300001055002 ], [ -10999391.0642, 2189775.521200001239777 ], [ -10999406.1591, 2189720.666299998760223 ], [ -10999426.033, 2189714.644099999219179 ], [ -10999459.8818, 2189678.695900000631809 ], [ -10999594.6009, 2189631.080800000578165 ], [ -10999708.0733, 2189615.504799999296665 ], [ -11000044.6108, 2189540.743999999016523 ], [ -11000062.1292, 2189556.154399998486042 ], [ -11000092.4916, 2189550.304400000721216 ], [ -11000048.673, 2189245.571400001645088 ], [ -10999969.6829, 2189069.627999998629093 ], [ -10999912.6249, 2188983.763799998909235 ], [ -10999654.023, 2188687.078299999237061 ], [ -10999531.6898, 2188573.079599998891354 ], [ -10999342.3185, 2188707.934599999338388 ], [ -10999245.3847, 2188757.697599999606609 ], [ -10999116.6461, 2188766.688099998980761 ], [ -10999095.9305, 2188778.720199998468161 ], [ -10998997.3482, 2188775.3684 ], [ -10998935.8632, 2188758.256700001657009 ], [ -10998883.8213, 2188767.811900001019239 ], [ -10998751.2532, 2188827.627000000327826 ], [ -10998742.3765, 2188845.0962999984622 ], [ -10998642.1411, 2188841.528499998152256 ], [ -10998581.1793, 2188877.186299998313189 ], [ -10998431.292, 2189035.411100000143051 ], [ -10998328.4462, 2189098.562399998307228 ], [ -10998279.9877, 2189104.282499998807907 ], [ -10998218.6796, 2189144.863600000739098 ], [ -10997922.4762, 2189405.262800000607967 ], [ -10997829.9954, 2189453.89750000089407 ], [ -10997725.4853, 2189560.169300001114607 ], [ -10997687.7323, 2189624.782299999147654 ], [ -10997661.697, 2189715.107599999755621 ], [ -10997614.2147, 2189782.075399998575449 ], [ -10997560.1379, 2189851.464999999850988 ], [ -10997502.0002, 2189887.421900000423193 ], [ -10997459.8168, 2189933.589400000870228 ], [ -10997383.1723, 2189974.343199998140335 ], [ -10997189.7234, 2190110.737799998372793 ], [ -10997155.1232, 2190088.065000001341105 ], [ -10997112.3529, 2190172.97859999909997 ], [ -10996943.8342, 2190228.529599998146296 ], [ -10996732.6488, 2190264.851500000804663 ], [ -10996605.7123, 2190358.91160000115633 ], [ -10996547.5537, 2190381.691100001335144 ], [ -10996355.5976, 2190409.07880000025034 ], [ -10996249.0993, 2190527.732200000435114 ], [ -10996047.0422, 2190706.032600000500679 ], [ -10995899.0096, 2190894.284800000488758 ], [ -10995734.5517, 2190966.034000001847744 ], [ -10995531.4905, 2191111.361000001430511 ], [ -10995492.4696, 2191210.801600001752377 ], [ -10995377.6625, 2191283.8235 ], [ -10995304.608, 2191358.118099998682737 ], [ -10994963.4293, 2191446.911100000143051 ], [ -10994918.729, 2191471.2027000002563 ], [ -10994707.5126, 2191647.789799999445677 ], [ -10994522.534, 2191747.195300001651049 ], [ -10994387.4055, 2191763.933499999344349 ], [ -10994117.9333, 2191756.633000001311302 ], [ -10993839.7259, 2191792.34569999948144 ], [ -10993561.2914, 2191843.923799999058247 ], [ -10993421.2704, 2191760.188200000673532 ], [ -10993303.7035, 2191721.6435999982059 ], [ -10993180.6133, 2191699.083000000566244 ], [ -10993025.1856, 2191698.059300001710653 ], [ -10992856.1415, 2191718.602600000798702 ], [ -10992729.9819, 2191761.058899998664856 ], [ -10992489.2746, 2191875.83729999884963 ], [ -10992303.9944, 2191990.963199999183416 ], [ -10992195.6995, 2192090.209100000560284 ], [ -10992108.3081, 2192199.270799998193979 ], [ -10992038.6466, 2192218.627999998629093 ], [ -10991809.8751, 2192180.900800000876188 ], [ -10990110.1422, 2192161.894099999219179 ], [ -10989697.7982, 2192376.423599999397993 ], [ -10989768.6284, 2192509.43189999833703 ], [ -10989694.906, 2192556.219000000506639 ], [ -10988761.0536, 2192114.307900000363588 ], [ -10987967.8765, 2191574.857500001788139 ], [ -10987857.3731, 2191563.433200001716614 ], [ -10987119.9384, 2191288.099199999123812 ], [ -10986427.8895, 2189548.865600001066923 ], [ -10985773.9109, 2187100.824099998921156 ], [ -10985520.6032, 2186550.4037000015378 ], [ -10985566.0095, 2186445.945999998599291 ], [ -10985428.3942, 2186350.036800000816584 ], [ -10985329.0257, 2186134.104899998754263 ], [ -10984446.1041, 2185144.823699999600649 ], [ -10984342.331, 2184817.8141999989748 ], [ -10983732.3814, 2184292.762699998915195 ], [ -10983702.0514, 2184294.452399998903275 ], [ -10982991.3912, 2184022.998500000685453 ], [ -10982023.5438, 2185033.032000001519918 ], [ -10981872.6557, 2185101.221900001168251 ], [ -10981489.1567, 2185392.214499998837709 ], [ -10980956.7746, 2185670.942200001329184 ], [ -10980103.1557, 2185781.090300001204014 ], [ -10979688.6598, 2185861.052200000733137 ], [ -10979649.6848, 2186034.971200000494719 ], [ -10981197.5398, 2189124.995200000703335 ], [ -10983167.8959, 2193212.528000000864267 ], [ -10982899.6438, 2194917.8141999989748 ], [ -10982836.107, 2196335.34910000115633 ], [ -10982846.414, 2196391.264699999243021 ], [ -10982457.8168, 2196166.146299999207258 ], [ -10982330.505, 2196121.846900001168251 ], [ -10982218.6903, 2196103.772799998521805 ], [ -10982086.0953, 2196107.767799999564886 ], [ -10981959.2389, 2196129.453299999237061 ], [ -10981831.9852, 2196180.769099999219179 ], [ -10981547.7954, 2196354.745900001376867 ], [ -10981408.2176, 2196404.3893 ], [ -10981053.2008, 2196422.365600001066923 ], [ -10981041.1403, 2196925.792100001126528 ], [ -10981057.6056, 2197067.71059999987483 ], [ -10981033.8778, 2197157.604600001126528 ], [ -10980967.9434, 2197162.201499998569489 ], [ -10980785.8513, 2197079.69480000063777 ], [ -10980698.0905, 2197057.450100000947714 ], [ -10980628.263, 2197023.617800001055002 ], [ -10980515.8292, 2196997.47859999909997 ], [ -10980465.278, 2197004.940200001001358 ], [ -10980438.2294, 2197026.523899998515844 ], [ -10980347.2781, 2197196.410500001162291 ], [ -10980354.9536, 2197211.539099998772144 ], [ -10980340.8139, 2197237.7837999984622 ], [ -10980463.1462, 2197333.5559 ], [ -10980455.2815, 2197427.193900000303984 ], [ -10980557.7656, 2197538.211399998515844 ], [ -10980598.6453, 2197922.758499998599291 ], [ -10980695.3853, 2197936.493200000375509 ], [ -10980792.7577, 2197882.315900001674891 ], [ -10980907.9633, 2197882.967199999839067 ], [ -10980951.4203, 2197863.962999999523163 ], [ -10981065.427, 2197858.74040000140667 ], [ -10981241.6824, 2197935.478500001132488 ], [ -10981328.5351, 2197932.932 ], [ -10981545.7606, 2197878.820999998599291 ], [ -10981627.1929, 2197873.533599998801947 ], [ -10981673.2971, 2197887.268100000917912 ], [ -10981732.9533, 2197914.664099998772144 ], [ -10981815.0235, 2198098.726300001144409 ], [ -10981868.3644, 2198177.250100001692772 ], [ -10982044.0833, 2198361.32660000026226 ], [ -10982119.6403, 2198475.74439999833703 ], [ -10982201.5458, 2198762.694699998944998 ], [ -10982284.7783, 2198953.601799998432398 ], [ -10982295.79, 2199049.348099999129772 ], [ -10982352.6776, 2199241.784099999815226 ], [ -10982336.5174, 2199432.41270000115037 ], [ -10982398.8663, 2199690.665300000458956 ], [ -10982430.1494, 2199770.894999999552965 ], [ -10982572.753, 2200045.875 ], [ -10982382.6093, 2200437.833799999207258 ], [ -10982415.2938, 2200522.9358000010252 ], [ -10982426.6729, 2200692.6809 ], [ -10982526.2181, 2200999.4054000005126 ], [ -10982462.2572, 2201741.682300001382828 ], [ -10982750.3008, 2201790.696400001645088 ], [ -10982828.0376, 2201821.513599999248981 ], [ -10982944.6736, 2201879.871599998325109 ], [ -10983347.1482, 2202120.905900001525879 ] ] ] ] } },
{ "type": "Feature", "properties": { "OBJECTID": 708, "ID": "15044", "NAME": "Jaltenco", "TOTPOP_CY": 28913, "AREA": 4.69, "Shape__Area": 5317076.8066434823, "Shape__Length": 12570.364533263542, "metro_only_count": 0.0, "bus_only_count": 115.0, "bus_metro_count": 25.0, "n_cat": "2", "label_range": "0 – 0" }, "geometry": { "type": "MultiPolygon", "coordinates": [ [ [ [ -11028690.9228, 2232463.852400001138449 ], [ -11027602.0949, 2232695.804499998688698 ], [ -11028252.204, 2234110.9239999987185 ], [ -11028323.2092, 2233962.997400000691414 ], [ -11028564.1658, 2232978.630699999630451 ], [ -11028521.8644, 2232907.869300000369549 ], [ -11028579.3845, 2232895.636399999260902 ], [ -11028690.9228, 2232463.852400001138449 ] ] ], [ [ [ -11030436.2445, 2242782.777399998158216 ], [ -11030377.4835, 2242792.872099999338388 ], [ -11030112.5108, 2242898.432100001722574 ], [ -11029584.3253, 2244496.241599999368191 ], [ -11030044.2217, 2244646.638700000941753 ], [ -11030697.5047, 2244825.898699998855591 ], [ -11031617.449, 2245102.756799999624491 ], [ -11031704.5999, 2244837.3926 ], [ -11032030.9719, 2244341.323899999260902 ], [ -11032262.5899, 2243678.426100000739098 ], [ -11032217.1657, 2243522.684799998998642 ], [ -11032237.0566, 2243463.820500001311302 ], [ -11032200.1419, 2243451.671 ], [ -11032076.7744, 2242974.833399999886751 ], [ -11031386.1616, 2242848.036899998784065 ], [ -11030436.2445, 2242782.777399998158216 ] ] ] ] } },
{ "type": "Feature", "properties": { "OBJECTID": 710, "ID": "15046", "NAME": "Jilotzingo", "TOTPOP_CY": 20367, "AREA": 116.45, "Shape__Area": 131748701.24699704, "Shape__Length": 57419.125672028182, "metro_only_count": 0.0, "bus_only_count": 33.0, "bus_metro_count": 4.0, "n_cat": "2", "label_range": "0 – 0" }, "geometry": { "type": "MultiPolygon", "coordinates": [ [ [ [ -11058752.9896, 2220413.391100000590086 ], [ -11058877.0697, 2220489.205800000578165 ], [ -11058928.4525, 2220594.524900000542402 ], [ -11058963.0919, 2220637.691399998962879 ], [ -11059022.7324, 2220578.05350000038743 ], [ -11059017.1519, 2220520.9496 ], [ -11059076.8638, 2220482.928300000727177 ], [ -11059045.938, 2220423.206900000572205 ], [ -11059065.8297, 2220404.219200000166893 ], [ -11059107.3931, 2220423.08390000090003 ], [ -11059125.7197, 2220417.707800000905991 ], [ -11059163.5114, 2220444.587799999862909 ], [ -11059176.3989, 2220420.273699998855591 ], [ -11059190.1101, 2220330.569200001657009 ], [ -11059222.3695, 2220308.885899998247623 ], [ -11059285.974, 2220306.086100000888109 ], [ -11059323.6134, 2220273.4496 ], [ -11059346.7457, 2220267.796900000423193 ], [ -11059392.7049, 2220313.875799998641014 ], [ -11059407.2711, 2220316.514899998903275 ], [ -11059459.5123, 2220305.464699998497963 ], [ -11059523.0088, 2220270.105200000107288 ], [ -11059478.3197, 2220112.9989 ], [ -11059409.4986, 2219991.172400001436472 ], [ -11059455.2509, 2219972.129799999296665 ], [ -11059485.0422, 2220026.2467 ], [ -11059525.4579, 2220023.227400001138449 ], [ -11059533.1435, 2220066.714899998158216 ], [ -11059721.142, 2220033.500100001692772 ], [ -11059830.9664, 2220157.910300001502037 ], [ -11059907.1758, 2220222.606499999761581 ], [ -11060003.8422, 2220284.591899998486042 ], [ -11060110.1146, 2220311.593499999493361 ], [ -11060193.0898, 2220311.153900001198053 ], [ -11060367.5419, 2220253.674100000411272 ], [ -11060467.4948, 2220161.119800001382828 ], [ -11060520.0175, 2220060.658500000834465 ], [ -11060551.2192, 2220049.91780000180006 ], [ -11060595.4921, 2220076.779800001531839 ], [ -11060692.2911, 2220171.320599999278784 ], [ -11060934.0812, 2220364.898499999195337 ], [ -11060935.3872, 2220436.9221 ], [ -11060962.6215, 2220514.0482 ], [ -11061161.28, 2220472.181499999016523 ], [ -11061350.167, 2220472.171 ], [ -11061478.0063, 2220484.162599999457598 ], [ -11061529.8644, 2220462.186299998313189 ], [ -11061599.321, 2220466.722500000149012 ], [ -11061661.1068, 2220413.360399998724461 ], [ -11061936.4287, 2220249.819400001317263 ], [ -11062085.6994, 2220118.140099998563528 ], [ -11062146.314, 2220107.545899998396635 ], [ -11062288.4143, 2220056.013399999588728 ], [ -11062371.5545, 2220005.409600000828505 ], [ -11062540.2992, 2219934.322200000286102 ], [ -11062760.1574, 2219890.535799998790026 ], [ -11062758.3184, 2219823.515999998897314 ], [ -11062995.9388, 2219537.528099998831749 ], [ -11063065.5584, 2219404.422600001096725 ], [ -11063088.4319, 2219317.412999998778105 ], [ -11063067.9158, 2219143.989599999040365 ], [ -11063082.818, 2219087.112199999392033 ], [ -11063138.537, 2218986.642299998551607 ], [ -11063242.2286, 2218894.071800000965595 ], [ -11063328.8064, 2218836.76630000025034 ], [ -11063566.0726, 2218716.673700001090765 ], [ -11063590.3648, 2218727.558899998664856 ], [ -11063643.3951, 2218786.951200000941753 ], [ -11063885.8458, 2218929.97580000013113 ], [ -11063957.856, 2219024.552000001072884 ], [ -11063994.5893, 2219051.420699998736382 ], [ -11064144.6725, 2219124.200100000947714 ], [ -11064236.1626, 2219240.348499998450279 ], [ -11064272.022, 2219329.668699998408556 ], [ -11064303.4241, 2219373.098000001162291 ], [ -11064325.57, 2219386.392099998891354 ], [ -11064434.1665, 2219398.113699998706579 ], [ -11064492.6939, 2219337.903299998492002 ], [ -11064629.1392, 2219423.63399999961257 ], [ -11064636.8381, 2219464.131900001317263 ], [ -11064712.806, 2219620.882800001651049 ], [ -11064861.7202, 2219818.294700000435114 ], [ -11064990.1184, 2220013.088100001215935 ], [ -11065137.0156, 2220093.876899998635054 ], [ -11065306.3437, 2219981.385400000959635 ], [ -11065459.3433, 2219820.8935999982059 ], [ -11065568.3887, 2219725.357599999755621 ], [ -11065842.967, 2219512.800599999725819 ], [ -11066133.818, 2219327.424499999731779 ], [ -11066504.0902, 2219062.861200001090765 ], [ -11066776.7071, 2218899.1404 ], [ -11067516.4162, 2219104.951499998569489 ], [ -11067691.3181, 2219042.06870000064373 ], [ -11067882.4726, 2218995.156899999827147 ], [ -11067941.0567, 2218826.88289999961853 ], [ -11068092.548, 2218969.813200000673532 ], [ -11068227.1066, 2218925.975999999791384 ], [ -11068474.5775, 2218816.469300001859665 ], [ -11068703.1499, 2218696.334300000220537 ], [ -11068819.7759, 2218586.188700001686811 ], [ -11068872.6282, 2218564.5132 ], [ -11068917.5846, 2218529.501899998635054 ], [ -11069022.1587, 2218512.94709999859333 ], [ -11069286.1557, 2218423.160599999129772 ], [ -11069537.8903, 2218297.60869999974966 ], [ -11070413.1053, 2217819.713899999856949 ], [ -11070939.0932, 2217506.087600000202656 ], [ -11071094.4495, 2217423.013900000602007 ], [ -11071137.1306, 2217414.534000001847744 ], [ -11071300.3338, 2217311.157800000160933 ], [ -11071406.4826, 2217200.122400000691414 ], [ -11071551.3848, 2217078.436299998313189 ], [ -11071707.0061, 2216887.203099999576807 ], [ -11071758.3134, 2216850.529399998486042 ], [ -11071865.898, 2216626.64919999986887 ], [ -11071930.5179, 2216473.800200000405312 ], [ -11071998.8258, 2216264.162300001829863 ], [ -11072077.0623, 2216105.674199998378754 ], [ -11072470.2683, 2215563.008200000971556 ], [ -11073517.788, 2215207.894400000572205 ], [ -11071545.8835, 2214183.337900001555681 ], [ -11071488.6824, 2214163.648800000548363 ], [ -11071487.7323, 2214127.193300001323223 ], [ -11071437.9704, 2214082.024399999529123 ], [ -11071149.0027, 2213960.866099998354912 ], [ -11070936.8646, 2213799.482200000435114 ], [ -11070850.464, 2213720.203499998897314 ], [ -11070784.5917, 2213641.138599999248981 ], [ -11070690.4243, 2213507.722699999809265 ], [ -11070610.6562, 2213314.505899999290705 ], [ -11068817.7867, 2212788.831199999898672 ], [ -11068829.2192, 2212776.812899999320507 ], [ -11068942.0604, 2212749.219500001519918 ], [ -11069817.7329, 2212446.979600001126528 ], [ -11069412.432, 2212070.072700001299381 ], [ -11068719.8188, 2211380.588500000536442 ], [ -11068557.582, 2211206.373700000345707 ], [ -11068287.0498, 2210859.20719999819994 ], [ -11067544.5713, 2210020.838500000536442 ], [ -11067399.1468, 2209662.722199998795986 ], [ -11067235.6395, 2209332.684099998325109 ], [ -11066696.7608, 2208779.974399998784065 ], [ -11066585.3245, 2208726.053399998694658 ], [ -11066515.8746, 2208707.081999998539686 ], [ -11066446.9342, 2208629.191399998962879 ], [ -11066428.2561, 2208544.4054000005126 ], [ -11066422.5732, 2208339.828299999237061 ], [ -11066388.8367, 2208183.246100001037121 ], [ -11066214.5671, 2207891.368000000715256 ], [ -11066108.0722, 2207748.743700001388788 ], [ -11066092.6689, 2207710.905999999493361 ], [ -11066003.896, 2207657.507399998605251 ], [ -11065931.0997, 2207579.800299998372793 ], [ -11065660.6035, 2207365.469500001519918 ], [ -11065406.4421, 2207305.048900000751019 ], [ -11065351.2844, 2207245.008699998259544 ], [ -11065229.3661, 2207238.605500001460314 ], [ -11065152.7115, 2207209.659200001507998 ], [ -11064724.0825, 2206821.233399998396635 ], [ -11064603.8376, 2206811.583000000566244 ], [ -11064477.1849, 2206857.749699998646975 ], [ -11064386.0989, 2206833.421999998390675 ], [ -11064333.8054, 2206776.465700000524521 ], [ -11064315.4533, 2206722.366099998354912 ], [ -11064251.3198, 2206643.56980000063777 ], [ -11064201.1883, 2206619.149099998176098 ], [ -11064017.382, 2206611.0320999994874 ], [ -11063762.3934, 2206619.346200000494719 ], [ -11063373.7693, 2206605.8202 ], [ -11063203.4361, 2206830.767099998891354 ], [ -11063123.1157, 2206912.024399999529123 ], [ -11062946.8625, 2207036.704500000923872 ], [ -11062785.6651, 2207175.216499999165535 ], [ -11062676.2481, 2207191.460400000214577 ], [ -11062637.9999, 2207237.420299999415874 ], [ -11062555.5109, 2207264.540399998426437 ], [ -11062503.2097, 2207324.131000000983477 ], [ -11062465.4991, 2207402.895799998193979 ], [ -11062363.0429, 2207549.280999999493361 ], [ -11062234.7561, 2207565.563099998980761 ], [ -11062155.5267, 2207600.675999999046326 ], [ -11062041.7883, 2207695.608399998396635 ], [ -11061953.3494, 2207793.154899999499321 ], [ -11061942.0348, 2207817.717599999159575 ], [ -11061940.4162, 2207899.071100000292063 ], [ -11062064.9159, 2208384.504099998623133 ], [ -11061904.2697, 2208506.480900000780821 ], [ -11061719.9112, 2208590.367199998348951 ], [ -11061688.1129, 2208644.581799998879433 ], [ -11061667.0612, 2208734.249299999326468 ], [ -11061650.3378, 2208929.534299999475479 ], [ -11061611.5251, 2209021.643199998885393 ], [ -11061593.1929, 2209173.454199999570847 ], [ -11061467.5567, 2209444.732900001108646 ], [ -11061369.9685, 2209740.228799998760223 ], [ -11061187.665, 2210740.944200001657009 ], [ -11061119.1679, 2210968.636500000953674 ], [ -11061093.2949, 2211022.846000000834465 ], [ -11061067.3886, 2211142.144000001251698 ], [ -11061015.6219, 2211226.285199999809265 ], [ -11060817.7403, 2211386.232500001788139 ], [ -11060686.6949, 2211429.725299999117851 ], [ -11060584.2666, 2211586.8026 ], [ -11060549.7442, 2211614.085900001227856 ], [ -11060178.4613, 2211843.752399999648333 ], [ -11060097.9329, 2211933.824400000274181 ], [ -11060026.2909, 2212058.825199998915195 ], [ -11059926.9772, 2212154.537900000810623 ], [ -11059907.4963, 2212209.0011 ], [ -11059907.9339, 2212263.157499998807907 ], [ -11059888.5643, 2212325.623500000685453 ], [ -11059838.2824, 2212683.4847999997437 ], [ -11059888.0733, 2212780.493599999696016 ], [ -11059696.6071, 2212998.856300000101328 ], [ -11059642.5526, 2213037.119100000709295 ], [ -11059578.5451, 2213238.14469999819994 ], [ -11059522.2496, 2213265.739700000733137 ], [ -11059285.4697, 2213222.529899999499321 ], [ -11059186.2462, 2213247.988600000739098 ], [ -11059152.925, 2213271.560499999672174 ], [ -11059050.8038, 2213226.412599999457598 ], [ -11059013.032, 2213153.655600000172853 ], [ -11058968.6033, 2213121.462400000542402 ], [ -11058929.2908, 2213121.808400001376867 ], [ -11058830.1975, 2213184.970499999821186 ], [ -11058802.2663, 2213190.630399998277426 ], [ -11058763.9915, 2213185.370700001716614 ], [ -11058727.1869, 2213161.4331 ], [ -11058677.6777, 2213102.304900001734495 ], [ -11058626.9125, 2213083.730799999088049 ], [ -11058530.7737, 2213111.668200001120567 ], [ -11058462.9969, 2213057.910999998450279 ], [ -11058329.301, 2213040.303899999707937 ], [ -11058300.3196, 2213051.298000000417233 ], [ -11058014.5919, 2213256.704900000244379 ], [ -11057979.8536, 2213261.266600001603365 ], [ -11057991.7202, 2213273.154599998146296 ], [ -11057984.0114, 2213278.698899999260902 ], [ -11058080.1337, 2213342.720499999821186 ], [ -11058104.92, 2213391.86540000140667 ], [ -11058116.1754, 2213364.751899998635054 ], [ -11058232.3105, 2213414.80689999833703 ], [ -11058385.4551, 2213508.417199999094009 ], [ -11058500.3233, 2213594.098000001162291 ], [ -11058562.4598, 2213617.718800000846386 ], [ -11058547.0263, 2213639.627099998295307 ], [ -11058446.3868, 2213710.796300001442432 ], [ -11058409.4422, 2213670.583599999547005 ], [ -11058363.6097, 2213727.770799998193979 ], [ -11058320.9688, 2213844.715399999171495 ], [ -11058330.0714, 2213904.1941 ], [ -11058372.9461, 2214009.496899999678135 ], [ -11058378.7814, 2214063.645500000566244 ], [ -11058411.1909, 2214139.087699998170137 ], [ -11058413.6033, 2214168.965799998492002 ], [ -11058402.439, 2214187.931699998676777 ], [ -11058330.3419, 2214193.943999998271465 ], [ -11058270.6213, 2214137.500500001013279 ], [ -11058232.9239, 2214135.172800000756979 ], [ -11058114.2452, 2214174.0945999994874 ], [ -11058080.3284, 2214239.530999999493361 ], [ -11058043.898, 2214261.480200000107288 ], [ -11058024.9947, 2214256.18019999936223 ], [ -11058013.787, 2214204.709499999880791 ], [ -11057954.7656, 2214164.537099998444319 ], [ -11057952.7105, 2214110.645799998193979 ], [ -11057926.2299, 2214100.025499999523163 ], [ -11057911.7494, 2214105.391800001263618 ], [ -11057840.2622, 2214184.505800001323223 ], [ -11057801.6844, 2214209.394299998879433 ], [ -11057798.2502, 2214249.955400001257658 ], [ -11057750.0389, 2214280.1996 ], [ -11057686.6513, 2214296.865299999713898 ], [ -11057683.4899, 2214307.811500001698732 ], [ -11057724.2317, 2214387.319600000977516 ], [ -11057653.0675, 2214415.3662 ], [ -11057611.2759, 2214408.125900000333786 ], [ -11057606.7774, 2214429.6831 ], [ -11057643.6753, 2214506.7837999984622 ], [ -11057608.3581, 2214528.721400000154972 ], [ -11057521.3252, 2214541.558499999344349 ], [ -11057482.2777, 2214582.349500000476837 ], [ -11057448.9086, 2214697.422600001096725 ], [ -11057348.7333, 2214650.592199999839067 ], [ -11057285.6341, 2214735.679299999028444 ], [ -11057258.2684, 2214800.120999999344349 ], [ -11057238.1473, 2214818.83729999884963 ], [ -11057237.5685, 2214859.8733000010252 ], [ -11057274.4709, 2214918.000599998980761 ], [ -11057316.7389, 2215007.20719999819994 ], [ -11057314.6128, 2215022.034699998795986 ], [ -11057281.2914, 2215027.971500001847744 ], [ -11057217.7871, 2215108.469900000840425 ], [ -11057204.8339, 2215135.797200001776218 ], [ -11057219.6917, 2215177.477400001138449 ], [ -11057191.3553, 2215211.685400001704693 ], [ -11057100.3506, 2215224.465199999511242 ], [ -11057082.1922, 2215282.847600001841784 ], [ -11057018.7824, 2215301.187600001692772 ], [ -11057018.3838, 2215375.984000001102686 ], [ -11057032.9065, 2215408.467999998480082 ], [ -11056991.0726, 2215430.363099999725819 ], [ -11056992.4909, 2215530.110500000417233 ], [ -11056959.7863, 2215549.128600001335144 ], [ -11056806.957, 2215533.186999998986721 ], [ -11056763.244, 2215577.68019999936223 ], [ -11056798.9441, 2215637.936799999326468 ], [ -11056863.1355, 2215668.809099998325109 ], [ -11056767.6823, 2215754.002599999308586 ], [ -11056762.2611, 2215771.411100000143051 ], [ -11056703.236, 2215769.089299999177456 ], [ -11056631.9983, 2215705.143800001591444 ], [ -11056570.1547, 2215755.605200000107288 ], [ -11056544.0581, 2215830.783599998801947 ], [ -11056448.1998, 2215814.688400000333786 ], [ -11056394.1274, 2215851.079999998211861 ], [ -11056305.4648, 2215823.613499999046326 ], [ -11056253.257, 2215842.506900001317263 ], [ -11056233.0727, 2215829.528299998492002 ], [ -11056329.6378, 2216773.217399999499321 ], [ -11056360.0625, 2216873.225699998438358 ], [ -11056660.1266, 2217469.333500001579523 ], [ -11056671.342, 2217718.5548 ], [ -11056666.5575, 2217854.128499999642372 ], [ -11056682.8701, 2217940.559000000357628 ], [ -11056676.7921, 2218116.69990000128746 ], [ -11056699.1617, 2218196.983399998396635 ], [ -11056847.6987, 2219137.415899999439716 ], [ -11056884.8528, 2219459.733800001442432 ], [ -11056913.0221, 2219551.754200000315905 ], [ -11056938.3829, 2219584.264400001615286 ], [ -11056999.8646, 2219616.7060999982059 ], [ -11057088.2903, 2219643.757500000298023 ], [ -11057264.4934, 2219651.692099999636412 ], [ -11057377.7453, 2219708.319600000977516 ], [ -11057423.0423, 2219721.842999998480082 ], [ -11057482.2932, 2219719.058699999004602 ], [ -11057536.7931, 2219762.186700001358986 ], [ -11057581.5279, 2219775.712400000542402 ], [ -11057957.2179, 2219840.094399999827147 ], [ -11058048.0768, 2219871.040899999439716 ], [ -11058177.3377, 2219947.177000001072884 ], [ -11058302.1012, 2220178.502999998629093 ], [ -11058345.0955, 2220142.994699999690056 ], [ -11058545.7506, 2220229.650800000876188 ], [ -11058664.0043, 2220375.670000001788139 ], [ -11058752.9896, 2220413.391100000590086 ] ] ] ] } },
{ "type": "Feature", "properties": { "OBJECTID": 714, "ID": "15050", "NAME": "Juchitepec", "TOTPOP_CY": 27784, "AREA": 132.49, "Shape__Area": 149158071.3582679, "Shape__Length": 71745.698604326317, "metro_only_count": 0.0, "bus_only_count": 119.0, "bus_metro_count": 2.0, "n_cat": "2", "label_range": "0 – 0" }, "geometry": { "type": "MultiPolygon", "coordinates": [ [ [ [ -11003535.5768, 2164572.448100000619888 ], [ -11003507.6322, 2164626.137800000607967 ], [ -11003209.4975, 2164894.370099999010563 ], [ -11003068.2397, 2164979.907299999147654 ], [ -11002901.0211, 2165033.78999999910593 ], [ -11002823.0763, 2165158.268699999898672 ], [ -11002553.9915, 2165505.993099998682737 ], [ -11002468.9512, 2165643.388000000268221 ], [ -11002873.6966, 2166172.58500000089407 ], [ -11002731.0241, 2166649.690600000321865 ], [ -11002794.3736, 2166640.123799998313189 ], [ -11002836.7319, 2166616.210900001227856 ], [ -11002843.5992, 2166558.035599999129772 ], [ -11002825.8192, 2166505.710700001567602 ], [ -11002832.7244, 2166478.511100001633167 ], [ -11002856.9643, 2166433.856499999761581 ], [ -11002896.8923, 2166411.353900000452995 ], [ -11002921.7454, 2166409.497299998998642 ], [ -11002972.0208, 2166490.019299998879433 ], [ -11003044.9895, 2166533.485399998724461 ], [ -11003087.2598, 2166519.055500000715256 ], [ -11003158.3473, 2166453.109299998730421 ], [ -11003171.8703, 2166413.335200000554323 ], [ -11003230.283, 2166443.227800000458956 ], [ -11003261.753, 2166442.352600000798702 ], [ -11003334.6517, 2166360.129700001329184 ], [ -11003373.3029, 2166370.112300001084805 ], [ -11003418.1681, 2166472.3310999982059 ], [ -11003329.3597, 2166643.907600000500679 ], [ -11003340.831, 2166813.438299998641014 ], [ -11003179.6365, 2166978.827300000935793 ], [ -11003221.0593, 2166993.806000001728535 ], [ -11003202.2806, 2167119.401200000196695 ], [ -11002883.9057, 2167024.463100001215935 ], [ -11002847.1135, 2167060.276200000196695 ], [ -11002799.2662, 2167086.6875 ], [ -11002751.4145, 2167194.547400001436472 ], [ -11002758.1859, 2167248.818799998611212 ], [ -11002810.1877, 2167352.406500000506639 ], [ -11002872.8573, 2167395.24549999833107 ], [ -11002920.6078, 2167399.656100001186132 ], [ -11002945.3964, 2167420.2632 ], [ -11002949.0922, 2167448.334899999201298 ], [ -11002916.1796, 2167495.708399999886751 ], [ -11002885.7102, 2167584.8761 ], [ -11002898.68, 2167644.14299999922514 ], [ -11002859.608, 2167717.814800001680851 ], [ -11003042.88, 2167813.979100000113249 ], [ -11003935.4208, 2167774.313299998641014 ], [ -11004229.3643, 2167748.831799998879433 ], [ -11004062.0077, 2168244.839299999177456 ], [ -11003574.0754, 2169481.277699999511242 ], [ -11003654.181, 2169608.531399998813868 ], [ -11003834.3738, 2169632.587099999189377 ], [ -11003808.6824, 2169624.208700001239777 ], [ -11003856.8292, 2169454.144799999892712 ], [ -11003962.2643, 2169188.832800000905991 ], [ -11003977.3303, 2169097.006799999624491 ], [ -11004018.5886, 2168971.396600000560284 ], [ -11004133.2701, 2168767.588300000876188 ], [ -11004258.3965, 2168601.324099998921156 ], [ -11004482.2198, 2168392.552499998360872 ], [ -11004856.5672, 2168635.892700001597404 ], [ -11004859.7935, 2168689.401299998164177 ], [ -11006358.5946, 2169894.52930000051856 ], [ -11006751.9921, 2170049.111699998378754 ], [ -11006151.3343, 2171140.331799998879433 ], [ -11006233.692, 2171177.728300001472235 ], [ -11006036.1956, 2171538.023400001227856 ], [ -11005953.948, 2171721.041600000113249 ], [ -11006065.1864, 2171766.394000001251698 ], [ -11006090.6418, 2171719.72069999948144 ], [ -11006181.1647, 2171612.357900001108646 ], [ -11006226.5183, 2171591.295099999755621 ], [ -11006322.3946, 2171443.458399999886751 ], [ -11006348.3643, 2171352.395700000226498 ], [ -11006342.6202, 2171331.902199998497963 ], [ -11006482.6948, 2171086.597300000488758 ], [ -11006518.5194, 2170986.734499998390675 ], [ -11006556.8098, 2170962.212699998170137 ], [ -11006546.6864, 2170922.819600000977516 ], [ -11006575.1499, 2170862.630800001323223 ], [ -11006638.5899, 2170813.861299999058247 ], [ -11006830.991, 2170524.331399999558926 ], [ -11007018.9574, 2170330.647999998182058 ], [ -11007051.9333, 2170203.899900000542402 ], [ -11007123.7068, 2170114.129799999296665 ], [ -11007247.9703, 2170057.3310999982059 ], [ -11007342.2681, 2170044.837999999523163 ], [ -11008061.3932, 2170499.378899998962879 ], [ -11008742.2119, 2170893.070000000298023 ], [ -11009015.0148, 2171034.593699999153614 ], [ -11009176.4805, 2171069.091099999845028 ], [ -11009386.1317, 2171075.336300000548363 ], [ -11009354.0506, 2171103.6228 ], [ -11009374.7706, 2171129.560899998992682 ], [ -11009468.2989, 2171134.750399999320507 ], [ -11009494.9131, 2171112.302299998700619 ], [ -11010634.9306, 2171444.699200000613928 ], [ -11010967.788, 2171566.281199999153614 ], [ -11011167.6788, 2171671.712400000542402 ], [ -11011393.4704, 2171762.927299998700619 ], [ -11011476.96, 2171786.2787000015378 ], [ -11011747.7269, 2172312.632199998944998 ], [ -11011864.3809, 2172580.654599998146296 ], [ -11012022.8497, 2172882.054699998348951 ], [ -11012143.2194, 2173146.88060000166297 ], [ -11012317.2353, 2173355.4864999987185 ], [ -11012242.1425, 2173606.461399998515844 ], [ -11012830.0997, 2173524.092700000852346 ], [ -11012887.8055, 2173530.591899998486042 ], [ -11013095.8092, 2173488.05180000141263 ], [ -11013218.7315, 2173525.394900001585484 ], [ -11013369.3824, 2173479.762600000947714 ], [ -11013468.4124, 2173473.950399998575449 ], [ -11013531.8901, 2173500.451499998569489 ], [ -11013548.7561, 2173494.418999999761581 ], [ -11013838.1623, 2173560.291400000452995 ], [ -11013994.556, 2173545.307199999690056 ], [ -11014117.8813, 2173485.830400001257658 ], [ -11014372.1574, 2173496.6722999997437 ], [ -11014334.7061, 2173913.3596 ], [ -11015299.7515, 2175477.54619999974966 ], [ -11015610.8314, 2175439.817400000989437 ], [ -11015329.1832, 2174800.358399998396635 ], [ -11016996.8327, 2174305.505199998617172 ], [ -11015578.6125, 2172547.9189000017941 ], [ -11016466.707, 2172116.934999998658895 ], [ -11016895.4807, 2171881.6809 ], [ -11016745.9542, 2171474.48030000180006 ], [ -11016689.4963, 2171401.682900000363588 ], [ -11016595.4046, 2171182.219999998807907 ], [ -11016441.4176, 2170915.418699998408556 ], [ -11016298.3574, 2170604.21510000154376 ], [ -11015899.3427, 2169349.868299998342991 ], [ -11015915.8794, 2169025.604800000786781 ], [ -11016032.3161, 2168319.587499998509884 ], [ -11016031.0415, 2168193.459399998188019 ], [ -11015999.7831, 2168045.186599999666214 ], [ -11016060.6648, 2167778.144400000572205 ], [ -11016072.5592, 2167216.809300001710653 ], [ -11016314.8206, 2166192.524300001561642 ], [ -11016540.3528, 2165777.819899998605251 ], [ -11016813.7211, 2165047.289299998432398 ], [ -11017098.9328, 2164726.856100000441074 ], [ -11017442.7719, 2164500.40089999884367 ], [ -11017701.5096, 2164304.25450000166893 ], [ -11018291.3653, 2163703.859499998390675 ], [ -11017581.0275, 2163064.902800001204014 ], [ -11017203.7467, 2162696.556000001728535 ], [ -11017178.1332, 2162702.406100001186132 ], [ -11016504.4788, 2162311.197200000286102 ], [ -11015929.5182, 2162035.902100000530481 ], [ -11015796.5024, 2162114.870200000703335 ], [ -11015546.6381, 2162300.304999999701977 ], [ -11015421.4103, 2162375.788100000470877 ], [ -11015380.5473, 2162443.7029 ], [ -11015302.8172, 2162491.391600001603365 ], [ -11014925.1292, 2162787.296599999070168 ], [ -11014922.5999, 2162803.164200000464916 ], [ -11014434.3861, 2163147.73589999973774 ], [ -11014040.8739, 2163071.290100000798702 ], [ -11012904.6191, 2162818.5320999994874 ], [ -11012616.3251, 2162772.289000000804663 ], [ -11012474.7923, 2162722.6385000012815 ], [ -11012410.4865, 2162725.558200001716614 ], [ -11011862.5896, 2162607.113699998706579 ], [ -11011797.7316, 2162579.58839999884367 ], [ -11011706.305, 2162575.750100001692772 ], [ -11011234.0197, 2162479.075399998575449 ], [ -11011228.5329, 2162131.616799999028444 ], [ -11011189.0377, 2162032.303899999707937 ], [ -11011226.6915, 2162015.0121 ], [ -11011225.9825, 2161970.072200000286102 ], [ -11011396.8166, 2161933.491099998354912 ], [ -11010115.1266, 2159878.704799998551607 ], [ -11010107.3106, 2159844.535700000822544 ], [ -11009874.988, 2159467.176199998706579 ], [ -11009565.4519, 2159502.287799999117851 ], [ -11009262.3377, 2159475.1875 ], [ -11008866.6805, 2159363.737300001084805 ], [ -11008524.2307, 2159286.86710000038147 ], [ -11008345.329, 2159272.878499999642372 ], [ -11008180.3735, 2159283.116500001400709 ], [ -11007154.9909, 2158245.496399998664856 ], [ -11006272.3163, 2157925.775299999862909 ], [ -11005553.4507, 2157746.913499999791384 ], [ -11005321.1413, 2157746.2635000012815 ], [ -11005003.7472, 2158434.091600000858307 ], [ -11004772.5256, 2158899.168600000441074 ], [ -11004033.0223, 2159274.994600001722574 ], [ -11003732.0555, 2159441.335999999195337 ], [ -11003151.0769, 2159675.668600000441074 ], [ -11003223.3511, 2161758.297600001096725 ], [ -11003065.9008, 2163479.124099999666214 ], [ -11002765.3261, 2163470.759100001305342 ], [ -11002585.1733, 2163501.964000001549721 ], [ -11002289.0223, 2163470.782699998468161 ], [ -11002229.9972, 2163575.739100001752377 ], [ -11001968.3986, 2164190.7522 ], [ -11002079.4298, 2164196.227000001817942 ], [ -11002308.6801, 2164165.592199999839067 ], [ -11002311.2815, 2164187.816700000315905 ], [ -11002363.6986, 2164219.162900000810623 ], [ -11002644.7248, 2164338.665600001811981 ], [ -11002680.2011, 2164360.117600001394749 ], [ -11002689.4006, 2164390.831799998879433 ], [ -11002728.438, 2164403.720199998468161 ], [ -11002855.6507, 2164377.706500001251698 ], [ -11002890.1987, 2164357.196400001645088 ], [ -11002956.0629, 2164367.042700000107288 ], [ -11003004.0416, 2164418.187300000339746 ], [ -11003050.2316, 2164412.752399999648333 ], [ -11003176.9164, 2164483.716699998825788 ], [ -11003285.4051, 2164493.794100001454353 ], [ -11003535.5768, 2164572.448100000619888 ] ] ] ] } },
{ "type": "Feature", "properties": { "OBJECTID": 717, "ID": "15053", "NAME": "Melchor Ocampo", "TOTPOP_CY": 62726, "AREA": 14.02, "Shape__Area": 15897561.81858, "Shape__Length": 18982.061568208774, "metro_only_count": 0.0, "bus_only_count": 315.0, "bus_metro_count": 51.0, "n_cat": "2", "label_range": "0 – 0" }, "geometry": { "type": "MultiPolygon", "coordinates": [ [ [ [ -11036631.6736, 2236328.2566 ], [ -11036426.2529, 2236551.033300001174212 ], [ -11035958.2724, 2237012.316799998283386 ], [ -11035819.142, 2237081.924100000411272 ], [ -11035586.9373, 2237150.719399999827147 ], [ -11035479.8912, 2237221.082699999213219 ], [ -11035279.9762, 2237388.220100000500679 ], [ -11035248.703, 2237452.712600000202656 ], [ -11035241.2769, 2237512.984099999070168 ], [ -11035232.2365, 2237524.421599999070168 ], [ -11035198.2494, 2237527.7982 ], [ -11035224.2055, 2237594.450599998235703 ], [ -11035145.5367, 2238252.654599998146296 ], [ -11034979.1763, 2238240.358199998736382 ], [ -11034742.1548, 2238193.026200000196695 ], [ -11034597.9648, 2238143.630899999290705 ], [ -11034582.8154, 2238119.247999999672174 ], [ -11034347.1298, 2237980.927999999374151 ], [ -11034241.3518, 2237961.60359999909997 ], [ -11034090.7699, 2237815.519999999552965 ], [ -11033723.7529, 2237558.460499998182058 ], [ -11033651.2717, 2237522.062600001692772 ], [ -11033546.1911, 2237476.902300000190735 ], [ -11033325.2749, 2237448.382800001651049 ], [ -11032979.0734, 2237355.295200001448393 ], [ -11032812.4123, 2237593.9560999982059 ], [ -11032751.6734, 2237699.585299998521805 ], [ -11032443.9929, 2238467.993200000375509 ], [ -11032456.5875, 2238564.457299999892712 ], [ -11032508.4747, 2238745.379999998956919 ], [ -11032496.0268, 2238803.394499998539686 ], [ -11032504.0407, 2238821.916000001132488 ], [ -11032722.7039, 2239009.937899999320507 ], [ -11032728.1883, 2239164.525400001555681 ], [ -11032694.2547, 2239292.290399998426437 ], [ -11032769.0255, 2239302.948300000280142 ], [ -11032772.9598, 2239613.098900001496077 ], [ -11032786.9024, 2239713.094399999827147 ], [ -11032762.1863, 2239966.826699998229742 ], [ -11033442.4206, 2240259.802700001746416 ], [ -11035302.1709, 2240584.294799998402596 ], [ -11035862.7757, 2240649.288800001144409 ], [ -11036063.044, 2240609.715599998831749 ], [ -11036111.0951, 2239950.266100000590086 ], [ -11036745.2288, 2239871.433800000697374 ], [ -11037193.4924, 2239912.576999999582767 ], [ -11037583.3376, 2239962.869699999690056 ], [ -11037809.6126, 2239301.5779 ], [ -11037872.8495, 2239319.037599999457598 ], [ -11038208.567, 2238297.868999999016523 ], [ -11038408.7706, 2237501.254700001329184 ], [ -11037855.0018, 2237323.627500001341105 ], [ -11037854.8892, 2237267.519600000232458 ], [ -11037739.6102, 2237230.620999999344349 ], [ -11037733.4754, 2237141.182300001382828 ], [ -11037544.3623, 2237087.07319999858737 ], [ -11037515.8446, 2237029.1537000015378 ], [ -11037610.2725, 2236440.583000000566244 ], [ -11037157.0786, 2236423.308200001716614 ], [ -11037167.2567, 2236352.941700000315905 ], [ -11037108.1127, 2236404.208500001579523 ], [ -11036631.6736, 2236328.2566 ] ] ] ] } },
{ "type": "Feature", "properties": { "OBJECTID": 721, "ID": "15057", "NAME": "Naucalpan de Juárez", "TOTPOP_CY": 854981, "AREA": 157.19, "Shape__Area": 177760243.14618346, "Shape__Length": 89616.226716114994, "metro_only_count": 5.0, "bus_only_count": 5077.0, "bus_metro_count": 920.0, "n_cat": "4", "label_range": "2 – 12" }, "geometry": { "type": "MultiPolygon", "coordinates": [ [ [ [ -11046502.0804, 2204384.9232 ], [ -11046495.4312, 2204422.601100001484156 ], [ -11046435.3523, 2204445.940000001341105 ], [ -11046419.5893, 2204466.57039999961853 ], [ -11046406.6317, 2204534.041499998420477 ], [ -11046351.1434, 2204562.678100001066923 ], [ -11046326.9648, 2204648.537399999797344 ], [ -11046244.0062, 2204662.562399998307228 ], [ -11046164.4473, 2204707.278099998831749 ], [ -11046107.1623, 2204769.214400000870228 ], [ -11046061.2831, 2204850.642200000584126 ], [ -11045996.543, 2204872.442600000649691 ], [ -11045991.7807, 2204926.564100001007318 ], [ -11045980.2626, 2204940.807599999010563 ], [ -11045901.0242, 2204956.931600000709295 ], [ -11045876.4571, 2204982.84569999948144 ], [ -11045754.9608, 2205203.645799998193979 ], [ -11045617.2018, 2205282.77479999884963 ], [ -11045431.9773, 2205198.668000001460314 ], [ -11045373.0648, 2205276.037099998444319 ], [ -11045403.9671, 2205310.754999998956919 ], [ -11045465.6894, 2205517.207299999892712 ], [ -11045495.9515, 2205569.025299999862909 ], [ -11045844.3861, 2205754.1064000017941 ], [ -11045878.856, 2205785.41950000077486 ], [ -11045877.0249, 2205850.778900001198053 ], [ -11045834.07, 2205953.733300000429153 ], [ -11045806.8679, 2206095.532000001519918 ], [ -11045831.5643, 2206124.351700000464916 ], [ -11045922.4285, 2206177.496599998325109 ], [ -11045947.0159, 2206211.143199998885393 ], [ -11045955.1344, 2206244.87950000166893 ], [ -11045930.7243, 2206320.064300000667572 ], [ -11046015.9635, 2206359.080600000917912 ], [ -11046028.2849, 2206341.140099998563528 ], [ -11046087.8138, 2206419.70719999819994 ], [ -11046070.7419, 2206431.330899998545647 ], [ -11046191.6026, 2206497.989900000393391 ], [ -11045184.7557, 2207241.781100001186132 ], [ -11044912.0375, 2207293.312199998646975 ], [ -11044931.171, 2207315.415100000798702 ], [ -11045068.2432, 2207400.193500000983477 ], [ -11045117.2661, 2207463.901000000536442 ], [ -11045136.4319, 2207529.951999999582767 ], [ -11045116.8464, 2208328.460299998521805 ], [ -11044955.413, 2208348.9967 ], [ -11044826.5295, 2208421.841499999165535 ], [ -11044759.9259, 2208494.252099998295307 ], [ -11044595.0185, 2208723.219900000840425 ], [ -11044547.2645, 2208858.693300001323223 ], [ -11044479.5579, 2208998.890099998563528 ], [ -11044445.2079, 2209216.957100000232458 ], [ -11044299.6177, 2209458.459100000560284 ], [ -11044401.2457, 2209513.672699999064207 ], [ -11044245.8403, 2210008.955899998545647 ], [ -11044199.1329, 2210011.783500000834465 ], [ -11044177.7417, 2210112.790800001472235 ], [ -11044113.6239, 2210145.160799998790026 ], [ -11043996.8911, 2210276.704199999570847 ], [ -11043880.0723, 2210359.436599999666214 ], [ -11043692.0538, 2210298.724399998784065 ], [ -11043653.2389, 2210493.183400001376867 ], [ -11045244.0045, 2210948.168200001120567 ], [ -11045175.4817, 2211260.992600001394749 ], [ -11045082.334, 2211567.599399998784065 ], [ -11044694.6426, 2212730.947000000625849 ], [ -11044434.0303, 2213567.6787 ], [ -11044434.6661, 2214377.808200001716614 ], [ -11044616.7091, 2214452.479400001466274 ], [ -11044920.0423, 2214608.56700000166893 ], [ -11045168.4599, 2214719.4054000005126 ], [ -11045183.4088, 2214776.912300001829863 ], [ -11045003.9206, 2215071.477200001478195 ], [ -11045258.4001, 2215167.718699999153614 ], [ -11045897.7838, 2215602.6118 ], [ -11046082.74, 2215678.6886 ], [ -11046135.4921, 2215710.420699998736382 ], [ -11046186.9271, 2215802.9287 ], [ -11046213.6929, 2216033.290100000798702 ], [ -11046393.4984, 2216036.002999998629093 ], [ -11046733.1575, 2216155.089999999850988 ], [ -11047053.4606, 2216242.304200001060963 ], [ -11046963.1625, 2216548.36600000038743 ], [ -11047091.033, 2216509.733600001782179 ], [ -11047200.4923, 2216456.497099999338388 ], [ -11047984.5476, 2216191.9265 ], [ -11047983.7908, 2216112.472300000488758 ], [ -11048127.8271, 2216106.368599999696016 ], [ -11048272.8519, 2216028.634500000625849 ], [ -11048313.4423, 2216017.168699998408556 ], [ -11048387.7815, 2216018.239799998700619 ], [ -11048823.9413, 2216213.13740000128746 ], [ -11048940.7386, 2216217.533900000154972 ], [ -11049077.487, 2216186.336500000208616 ], [ -11049176.7365, 2216190.910199999809265 ], [ -11049223.0306, 2216204.835700001567602 ], [ -11049307.4464, 2216293.294799998402596 ], [ -11049365.3535, 2216449.040899999439716 ], [ -11049403.0075, 2216485.073600001633167 ], [ -11049449.9719, 2216503.785599999129772 ], [ -11049514.8023, 2216505.417899999767542 ], [ -11049719.8616, 2216413.989700000733137 ], [ -11049948.306, 2216452.499200001358986 ], [ -11049955.9883, 2216480.4814000017941 ], [ -11049946.1073, 2216496.9814000017941 ], [ -11049813.901, 2216556.835700001567602 ], [ -11049802.5775, 2216599.063499998301268 ], [ -11049811.2193, 2216618.912000000476837 ], [ -11049900.689, 2216701.890299998223782 ], [ -11049904.2664, 2216732.625999998301268 ], [ -11049883.5023, 2216853.52930000051856 ], [ -11049852.6269, 2216960.982700001448393 ], [ -11049909.7026, 2217117.271899998188019 ], [ -11049918.9265, 2217136.423700001090765 ], [ -11050011.0234, 2217141.970300000160933 ], [ -11050060.7643, 2217123.265900000929832 ], [ -11050165.8009, 2217005.711800001561642 ], [ -11050245.824, 2216726.980399999767542 ], [ -11050260.6607, 2216705.101599998772144 ], [ -11050305.8263, 2216690.078000001609325 ], [ -11050327.6093, 2216665.885400000959635 ], [ -11050358.4794, 2216534.102000001817942 ], [ -11050431.3524, 2216409.487399999052286 ], [ -11050449.8626, 2216388.3838 ], [ -11050483.7071, 2216381.037399999797344 ], [ -11050503.876, 2216392.352200001478195 ], [ -11050511.1785, 2216422.328200001269579 ], [ -11050487.9762, 2216535.024399999529123 ], [ -11050421.5953, 2216731.656399998813868 ], [ -11050373.326, 2216970.325399998575449 ], [ -11050383.8435, 2216997.877399999648333 ], [ -11050407.244, 2216989.164299998432398 ], [ -11050461.9119, 2216893.367199998348951 ], [ -11050554.1804, 2216860.681200001388788 ], [ -11050599.3988, 2216872.727400001138449 ], [ -11050680.0814, 2216810.673500001430511 ], [ -11050731.0001, 2216730.202300000935793 ], [ -11050748.5706, 2216720.899900000542402 ], [ -11050885.4606, 2216733.659000001847744 ], [ -11050969.1193, 2216780.222800001502037 ], [ -11050696.6323, 2217255.173099998384714 ], [ -11050701.9299, 2217323.186799999326468 ], [ -11050731.5421, 2217311.8935999982059 ], [ -11050807.8416, 2217333.9527000002563 ], [ -11050843.7087, 2217327.396000001579523 ], [ -11050868.3504, 2217349.480000000447035 ], [ -11050978.9831, 2217380.702300000935793 ], [ -11050996.9099, 2217363.501299999654293 ], [ -11051000.0292, 2217325.4956 ], [ -11051020.976, 2217322.202599998563528 ], [ -11051030.9259, 2217274.01799999922514 ], [ -11051062.8611, 2217315.679099999368191 ], [ -11051097.3379, 2217308.136399999260902 ], [ -11051152.2162, 2217331.969399999827147 ], [ -11051205.6595, 2217292.597199998795986 ], [ -11051220.1913, 2217209.083599999547005 ], [ -11051230.6542, 2217198.537300001829863 ], [ -11051269.7818, 2217191.676100000739098 ], [ -11051288.8686, 2217200.518100000917912 ], [ -11051301.372, 2217188.763900000602007 ], [ -11051328.7434, 2217215.336500000208616 ], [ -11051470.0813, 2217118.154100000858307 ], [ -11051514.2551, 2217110.55689999833703 ], [ -11051603.2673, 2217129.120799999684095 ], [ -11051660.4788, 2217127.08219999819994 ], [ -11051697.3133, 2217079.442499998956919 ], [ -11051693.2947, 2217112.857799999415874 ], [ -11051664.0577, 2217154.126499999314547 ], [ -11051492.1003, 2217149.467000000178814 ], [ -11051410.7758, 2217212.822999998927116 ], [ -11051362.973, 2217233.761100001633167 ], [ -11051326.9845, 2217236.421 ], [ -11051285.233, 2217220.910300001502037 ], [ -11051277.4974, 2217251.010400000959635 ], [ -11051259.2633, 2217268.9496 ], [ -11051256.1631, 2217315.83729999884963 ], [ -11051244.4244, 2217335.977000001817942 ], [ -11051218.0918, 2217343.934399999678135 ], [ -11051154.6263, 2217396.644200000911951 ], [ -11051071.7, 2217404.74100000038743 ], [ -11051034.7731, 2217477.016800001263618 ], [ -11050997.1538, 2217502.9857 ], [ -11050895.656, 2217490.82209999859333 ], [ -11050832.8651, 2217495.6283 ], [ -11050813.1059, 2217520.602600000798702 ], [ -11050809.8799, 2217557.974399998784065 ], [ -11050819.4734, 2217577.963199999183416 ], [ -11050846.2558, 2217583.975299999117851 ], [ -11050890.0945, 2217558.618099998682737 ], [ -11050943.3876, 2217550.158700000494719 ], [ -11051000.3453, 2217568.289500001817942 ], [ -11051002.791, 2217607.670499999076128 ], [ -11051062.8879, 2217673.394000001251698 ], [ -11051074.3884, 2217731.097500000149012 ], [ -11051119.0152, 2217768.32209999859333 ], [ -11051147.3761, 2217764.2989999987185 ], [ -11051147.0444, 2217744.838100001215935 ], [ -11051162.1359, 2217725.658300001174212 ], [ -11051195.9893, 2217715.26630000025034 ], [ -11051235.6291, 2217730.404199998825788 ], [ -11051261.9238, 2217721.240699999034405 ], [ -11051308.6046, 2217789.884399998933077 ], [ -11051358.2631, 2217721.96000000089407 ], [ -11051421.2944, 2217709.1891999989748 ], [ -11051455.593, 2217761.70160000026226 ], [ -11051446.6329, 2217845.276700001209974 ], [ -11051462.683, 2217864.28660000115633 ], [ -11051485.509, 2217869.376299999654293 ], [ -11051521.3962, 2217846.376400001347065 ], [ -11051548.783, 2217807.971700001507998 ], [ -11051539.0838, 2217755.473299998790026 ], [ -11051550.7901, 2217716.799499999731779 ], [ -11051570.0072, 2217714.797400001436472 ], [ -11051627.6963, 2217747.259500000625849 ], [ -11051649.8166, 2217741.267400000244379 ], [ -11051663.4711, 2217704.264899998903275 ], [ -11051654.6301, 2217634.388399999588728 ], [ -11051674.8869, 2217631.535900000482798 ], [ -11051708.915, 2217665.013599999248981 ], [ -11051720.401, 2217695.328200001269579 ], [ -11051733.8105, 2217738.874400001019239 ], [ -11051733.796, 2217809.581599999219179 ], [ -11051700.5004, 2217842.1891999989748 ], [ -11051659.448, 2217819.521200001239777 ], [ -11051612.0582, 2217821.035500001162291 ], [ -11051592.4726, 2217869.950300000607967 ], [ -11051548.202, 2217919.265700001269579 ], [ -11051614.0163, 2217903.399000000208616 ], [ -11051943.0778, 2218022.852000001817942 ], [ -11051939.0391, 2218029.221000000834465 ], [ -11052115.1388, 2218073.272199999541044 ], [ -11052228.7559, 2218078.263900000602007 ], [ -11052223.0563, 2218094.837200000882149 ], [ -11052286.1044, 2218093.852099999785423 ], [ -11052298.905, 2218081.348000001162291 ], [ -11052418.1916, 2218086.592500001192093 ], [ -11052429.584, 2218092.209100000560284 ], [ -11052416.7044, 2218199.137899998575449 ], [ -11052489.9994, 2218231.15430000051856 ], [ -11052488.9374, 2218172.080200001597404 ], [ -11052555.1034, 2218120.844700001180172 ], [ -11052604.4447, 2218162.031800001859665 ], [ -11052690.9722, 2218142.007100000977516 ], [ -11052712.861, 2218123.348999999463558 ], [ -11052676.0264, 2218097.922499999403954 ], [ -11052826.0929, 2218104.515900000929832 ], [ -11052806.446, 2218133.25450000166893 ], [ -11052859.5233, 2218163.13740000128746 ], [ -11053035.0229, 2218057.431400001049042 ], [ -11053056.9217, 2218029.176199998706579 ], [ -11053083.2531, 2217954.414200000464916 ], [ -11053107.3003, 2218001.463199999183416 ], [ -11053151.5644, 2218014.848400000482798 ], [ -11053130.9268, 2217864.102299999445677 ], [ -11053158.5117, 2217831.996800001710653 ], [ -11053202.3861, 2217868.873199999332428 ], [ -11053185.2889, 2217927.74379999935627 ], [ -11053204.1962, 2217962.08839999884367 ], [ -11053285.9759, 2217969.018300000578165 ], [ -11053333.2644, 2217916.155699998140335 ], [ -11053394.557, 2217971.079599998891354 ], [ -11053470.0628, 2217938.006499998271465 ], [ -11053513.4721, 2217889.943199999630451 ], [ -11053559.8552, 2217791.013700000941753 ], [ -11053513.1284, 2217584.398200001567602 ], [ -11053553.4388, 2217517.145500000566244 ], [ -11053593.8667, 2217536.30970000103116 ], [ -11053630.0978, 2217587.540100000798702 ], [ -11053742.7699, 2217580.932799998670816 ], [ -11053808.7669, 2217632.112399999052286 ], [ -11053836.374, 2217612.828499998897314 ], [ -11053842.5824, 2217514.506700001657009 ], [ -11053910.3963, 2217386.153799999505281 ], [ -11053905.2329, 2217306.955299999564886 ], [ -11053881.1266, 2217302.869600001722574 ], [ -11053885.2789, 2217268.342599999159575 ], [ -11053952.4257, 2217196.400600001215935 ], [ -11053961.4816, 2217150.870400000363588 ], [ -11053941.4063, 2217107.59010000154376 ], [ -11053975.5167, 2217008.775699999183416 ], [ -11054045.0112, 2216945.901000000536442 ], [ -11054119.0043, 2216810.201400000602007 ], [ -11054196.3089, 2216779.015299998223782 ], [ -11054223.6575, 2216752.292700000107288 ], [ -11054214.7045, 2216728.539599999785423 ], [ -11054257.4855, 2216662.488699998706579 ], [ -11054294.9158, 2216679.371399998664856 ], [ -11054310.7509, 2216675.820999998599291 ], [ -11054306.5943, 2216628.951299998909235 ], [ -11054329.1346, 2216607.50959999859333 ], [ -11054345.1843, 2216569.4298 ], [ -11054384.5847, 2216560.1699 ], [ -11054399.2075, 2216512.8695 ], [ -11054402.6596, 2216393.884199999272823 ], [ -11054387.6047, 2216369.991599999368191 ], [ -11054336.4691, 2216349.333799999207258 ], [ -11054346.8573, 2216283.395100001245737 ], [ -11054404.2613, 2216297.799499999731779 ], [ -11054430.5852, 2216358.602800000458956 ], [ -11054474.9681, 2216370.7007 ], [ -11054484.8306, 2216386.694200001657009 ], [ -11054478.2633, 2216410.741700001060963 ], [ -11054500.8422, 2216392.321600001305342 ], [ -11054502.1213, 2216359.520399998873472 ], [ -11054485.449, 2216321.958399999886751 ], [ -11054518.747, 2216251.762200001627207 ], [ -11054536.1183, 2216246.788800001144409 ], [ -11054595.8245, 2216327.19310000166297 ], [ -11054626.5064, 2216266.02250000089407 ], [ -11054690.6566, 2216279.41950000077486 ], [ -11054735.368, 2216309.566500000655651 ], [ -11054746.4899, 2216305.201400000602007 ], [ -11054748.2721, 2216197.578000001609325 ], [ -11054805.3456, 2216193.228100001811981 ], [ -11054901.0236, 2216209.620200000703335 ], [ -11054915.2691, 2216189.410799998790026 ], [ -11054895.1715, 2216087.528200000524521 ], [ -11054906.9836, 2215994.113200001418591 ], [ -11054936.8562, 2216009.653499998152256 ], [ -11055051.5654, 2216030.589099999517202 ], [ -11055113.5236, 2216017.478000000119209 ], [ -11055090.2835, 2215967.589999999850988 ], [ -11055099.9493, 2215908.398899998515844 ], [ -11055110.6572, 2215892.3059 ], [ -11055143.5609, 2215882.223299998790026 ], [ -11055276.9807, 2215953.191799998283386 ], [ -11055315.5786, 2215942.353100001811981 ], [ -11055354.9889, 2215980.129299998283386 ], [ -11055409.0458, 2215998.173700001090765 ], [ -11055548.3843, 2215944.99040000140667 ], [ -11055529.9431, 2215908.446199998259544 ], [ -11055545.2875, 2215887.284000001847744 ], [ -11055606.1503, 2215867.267499998211861 ], [ -11055629.347, 2215875.069499999284744 ], [ -11055684.0293, 2216002.664000000804663 ], [ -11055718.1355, 2216000.390500001609325 ], [ -11055743.4605, 2216011.145199999213219 ], [ -11055773.4511, 2215986.221200000494719 ], [ -11055827.715, 2215989.632100000977516 ], [ -11055876.3259, 2216039.567499998956919 ], [ -11055918.9202, 2215997.2324 ], [ -11055886.2468, 2215959.157200001180172 ], [ -11055887.1016, 2215939.164299998432398 ], [ -11055916.2228, 2215926.356899999082088 ], [ -11055966.6249, 2215941.343299999833107 ], [ -11055989.4745, 2215968.04839999973774 ], [ -11056052.4178, 2215941.920899998396635 ], [ -11056041.7456, 2215913.399599999189377 ], [ -11056077.1875, 2215887.996199999004602 ], [ -11056016.3124, 2215838.190099999308586 ], [ -11056056.3674, 2215765.164500001817942 ], [ -11056147.202, 2215774.311700001358986 ], [ -11056253.257, 2215842.506900001317263 ], [ -11056305.4648, 2215823.613499999046326 ], [ -11056394.1274, 2215851.079999998211861 ], [ -11056448.1998, 2215814.688400000333786 ], [ -11056544.0581, 2215830.783599998801947 ], [ -11056570.1547, 2215755.605200000107288 ], [ -11056631.9983, 2215705.143800001591444 ], [ -11056703.236, 2215769.089299999177456 ], [ -11056762.2611, 2215771.411100000143051 ], [ -11056767.6823, 2215754.002599999308586 ], [ -11056863.1355, 2215668.809099998325109 ], [ -11056798.9441, 2215637.936799999326468 ], [ -11056763.244, 2215577.68019999936223 ], [ -11056806.957, 2215533.186999998986721 ], [ -11056959.7863, 2215549.128600001335144 ], [ -11056992.4909, 2215530.110500000417233 ], [ -11056991.0726, 2215430.363099999725819 ], [ -11057032.9065, 2215408.467999998480082 ], [ -11057018.3838, 2215375.984000001102686 ], [ -11057018.7824, 2215301.187600001692772 ], [ -11057082.1922, 2215282.847600001841784 ], [ -11057100.3506, 2215224.465199999511242 ], [ -11057191.3553, 2215211.685400001704693 ], [ -11057219.6917, 2215177.477400001138449 ], [ -11057204.8339, 2215135.797200001776218 ], [ -11057217.7871, 2215108.469900000840425 ], [ -11057281.2914, 2215027.971500001847744 ], [ -11057314.6128, 2215022.034699998795986 ], [ -11057316.7389, 2215007.20719999819994 ], [ -11057274.4709, 2214918.000599998980761 ], [ -11057237.5685, 2214859.8733000010252 ], [ -11057238.1473, 2214818.83729999884963 ], [ -11057258.2684, 2214800.120999999344349 ], [ -11057285.6341, 2214735.679299999028444 ], [ -11057348.7333, 2214650.592199999839067 ], [ -11057448.9086, 2214697.422600001096725 ], [ -11057482.2777, 2214582.349500000476837 ], [ -11057521.3252, 2214541.558499999344349 ], [ -11057608.3581, 2214528.721400000154972 ], [ -11057643.6753, 2214506.7837999984622 ], [ -11057606.7774, 2214429.6831 ], [ -11057611.2759, 2214408.125900000333786 ], [ -11057653.0675, 2214415.3662 ], [ -11057724.2317, 2214387.319600000977516 ], [ -11057683.4899, 2214307.811500001698732 ], [ -11057686.6513, 2214296.865299999713898 ], [ -11057750.0389, 2214280.1996 ], [ -11057798.2502, 2214249.955400001257658 ], [ -11057801.6844, 2214209.394299998879433 ], [ -11057926.2299, 2214100.025499999523163 ], [ -11057952.7105, 2214110.645799998193979 ], [ -11057954.7656, 2214164.537099998444319 ], [ -11058013.787, 2214204.709499999880791 ], [ -11058024.9947, 2214256.18019999936223 ], [ -11058043.898, 2214261.480200000107288 ], [ -11058080.3284, 2214239.530999999493361 ], [ -11058114.2452, 2214174.0945999994874 ], [ -11058199.0551, 2214143.510400000959635 ], [ -11058270.6213, 2214137.500500001013279 ], [ -11058330.3419, 2214193.943999998271465 ], [ -11058402.439, 2214187.931699998676777 ], [ -11058413.6033, 2214168.965799998492002 ], [ -11058411.1909, 2214139.087699998170137 ], [ -11058378.7814, 2214063.645500000566244 ], [ -11058372.9461, 2214009.496899999678135 ], [ -11058330.0714, 2213904.1941 ], [ -11058320.9688, 2213844.715399999171495 ], [ -11058363.6097, 2213727.770799998193979 ], [ -11058409.4422, 2213670.583599999547005 ], [ -11058446.3868, 2213710.796300001442432 ], [ -11058547.0263, 2213639.627099998295307 ], [ -11058562.4598, 2213617.718800000846386 ], [ -11058500.3233, 2213594.098000001162291 ], [ -11058385.4551, 2213508.417199999094009 ], [ -11058232.3105, 2213414.80689999833703 ], [ -11058116.1754, 2213364.751899998635054 ], [ -11058104.92, 2213391.86540000140667 ], [ -11058080.1337, 2213342.720499999821186 ], [ -11057984.0114, 2213278.698899999260902 ], [ -11057991.7202, 2213273.154599998146296 ], [ -11057979.8536, 2213261.266600001603365 ], [ -11058014.5919, 2213256.704900000244379 ], [ -11058300.3196, 2213051.298000000417233 ], [ -11058329.301, 2213040.303899999707937 ], [ -11058462.9969, 2213057.910999998450279 ], [ -11058530.7737, 2213111.668200001120567 ], [ -11058626.9125, 2213083.730799999088049 ], [ -11058677.6777, 2213102.304900001734495 ], [ -11058727.1869, 2213161.4331 ], [ -11058763.9915, 2213185.370700001716614 ], [ -11058802.2663, 2213190.630399998277426 ], [ -11058830.1975, 2213184.970499999821186 ], [ -11058929.2908, 2213121.808400001376867 ], [ -11058968.6033, 2213121.462400000542402 ], [ -11059013.032, 2213153.655600000172853 ], [ -11059050.8038, 2213226.412599999457598 ], [ -11059152.925, 2213271.560499999672174 ], [ -11059186.2462, 2213247.988600000739098 ], [ -11059285.4697, 2213222.529899999499321 ], [ -11059522.2496, 2213265.739700000733137 ], [ -11059578.5451, 2213238.14469999819994 ], [ -11059642.5526, 2213037.119100000709295 ], [ -11059696.6071, 2212998.856300000101328 ], [ -11059888.0733, 2212780.493599999696016 ], [ -11059838.2824, 2212683.4847999997437 ], [ -11059888.5643, 2212325.623500000685453 ], [ -11059907.9339, 2212263.157499998807907 ], [ -11059907.4963, 2212209.0011 ], [ -11059926.9772, 2212154.537900000810623 ], [ -11060026.2909, 2212058.825199998915195 ], [ -11060097.9329, 2211933.824400000274181 ], [ -11060178.4613, 2211843.752399999648333 ], [ -11060549.7442, 2211614.085900001227856 ], [ -11060584.2666, 2211586.8026 ], [ -11060686.6949, 2211429.725299999117851 ], [ -11060817.7403, 2211386.232500001788139 ], [ -11061015.6219, 2211226.285199999809265 ], [ -11061067.3886, 2211142.144000001251698 ], [ -11061093.2949, 2211022.846000000834465 ], [ -11061119.1679, 2210968.636500000953674 ], [ -11061187.665, 2210740.944200001657009 ], [ -11061369.9685, 2209740.228799998760223 ], [ -11061467.5567, 2209444.732900001108646 ], [ -11061593.1929, 2209173.454199999570847 ], [ -11061611.5251, 2209021.643199998885393 ], [ -11061650.3378, 2208929.534299999475479 ], [ -11061667.0612, 2208734.249299999326468 ], [ -11061688.1129, 2208644.581799998879433 ], [ -11061719.9112, 2208590.367199998348951 ], [ -11061904.2697, 2208506.480900000780821 ], [ -11062064.9159, 2208384.504099998623133 ], [ -11061940.4162, 2207899.071100000292063 ], [ -11061937.7457, 2207855.600499998778105 ], [ -11061942.0348, 2207817.717599999159575 ], [ -11061971.1571, 2207768.843800000846386 ], [ -11062098.3852, 2207644.275800000876188 ], [ -11062201.3424, 2207576.3059 ], [ -11062363.0429, 2207549.280999999493361 ], [ -11062465.4991, 2207402.895799998193979 ], [ -11062503.2097, 2207324.131000000983477 ], [ -11062555.5109, 2207264.540399998426437 ], [ -11062637.9999, 2207237.420299999415874 ], [ -11062676.2481, 2207191.460400000214577 ], [ -11062785.6651, 2207175.216499999165535 ], [ -11062946.8625, 2207036.704500000923872 ], [ -11063123.1157, 2206912.024399999529123 ], [ -11063203.4361, 2206830.767099998891354 ], [ -11063373.7693, 2206605.8202 ], [ -11063762.3934, 2206619.346200000494719 ], [ -11064145.1366, 2206611.008499998599291 ], [ -11064201.1883, 2206619.149099998176098 ], [ -11064251.3198, 2206643.56980000063777 ], [ -11064315.4533, 2206722.366099998354912 ], [ -11064333.8054, 2206776.465700000524521 ], [ -11064386.0989, 2206833.421999998390675 ], [ -11064477.1849, 2206857.749699998646975 ], [ -11064603.8376, 2206811.583000000566244 ], [ -11064724.0825, 2206821.233399998396635 ], [ -11065152.7115, 2207209.659200001507998 ], [ -11065229.3661, 2207238.605500001460314 ], [ -11065351.2844, 2207245.008699998259544 ], [ -11065406.4421, 2207305.048900000751019 ], [ -11065660.6035, 2207365.469500001519918 ], [ -11065931.0997, 2207579.800299998372793 ], [ -11066003.896, 2207657.507399998605251 ], [ -11066092.6689, 2207710.905999999493361 ], [ -11066108.0722, 2207748.743700001388788 ], [ -11066130.6355, 2207770.936900001019239 ], [ -11066445.6764, 2207170.032699998468161 ], [ -11066528.7242, 2206910.811799999326468 ], [ -11066520.6221, 2206739.212799999862909 ], [ -11066527.6387, 2206665.839600000530481 ], [ -11066514.5151, 2206557.053300000727177 ], [ -11066530.5875, 2206217.305300001055002 ], [ -11066724.0649, 2205643.7195999994874 ], [ -11066626.4302, 2205653.51969999819994 ], [ -11066579.0283, 2205684.808600001037121 ], [ -11066483.2634, 2205683.201499998569489 ], [ -11066395.5091, 2205706.433499999344349 ], [ -11066012.0479, 2205690.64299999922514 ], [ -11065757.9735, 2205698.61430000141263 ], [ -11065636.1721, 2205690.088100001215935 ], [ -11065316.299, 2204394.670400001108646 ], [ -11065230.2255, 2204283.190600000321865 ], [ -11065214.7421, 2204288.357099998742342 ], [ -11065103.4016, 2204419.1107 ], [ -11065033.3372, 2204445.451400000602007 ], [ -11064942.4102, 2204383.047600001096725 ], [ -11064911.0369, 2204302.087900001555681 ], [ -11064807.1068, 2204286.675000000745058 ], [ -11064788.8849, 2204310.26410000026226 ], [ -11064788.9929, 2204357.22520000115037 ], [ -11064763.2383, 2204388.592799998819828 ], [ -11064732.0621, 2204393.92680000141263 ], [ -11064597.9687, 2204352.874400001019239 ], [ -11064520.9044, 2204272.588799998164177 ], [ -11064383.2656, 2204321.854800000786781 ], [ -11064241.6428, 2204308.1195 ], [ -11064246.0662, 2204283.078499998897314 ], [ -11064292.764, 2204227.416400000452995 ], [ -11064239.3129, 2204194.24549999833107 ], [ -11064165.468, 2204283.494100000709295 ], [ -11064118.4756, 2204283.871800001710653 ], [ -11064120.1698, 2204301.541499998420477 ], [ -11063786.0756, 2204302.430300001055002 ], [ -11063242.2754, 2204264.8684 ], [ -11062916.2018, 2204317.594200000166893 ], [ -11062766.1719, 2204364.061700001358986 ], [ -11062623.279, 2204738.521200001239777 ], [ -11062584.0161, 2204752.206500001251698 ], [ -11062500.0549, 2204757.72690000012517 ], [ -11062412.7579, 2204717.680300001055002 ], [ -11062319.527, 2204712.520199999213219 ], [ -11062283.4975, 2204723.532999999821186 ], [ -11062125.6964, 2204856.683299999684095 ], [ -11062078.37, 2204870.386399999260902 ], [ -11061929.8476, 2204881.642499998211861 ], [ -11061860.93, 2204873.794599998742342 ], [ -11061831.7394, 2204854.9199 ], [ -11061803.7838, 2204857.914500001817942 ], [ -11061694.4749, 2205004.557799998670816 ], [ -11061623.3782, 2205148.179999999701977 ], [ -11061574.5413, 2205186.427200000733137 ], [ -11061477.2481, 2205230.105399999767542 ], [ -11061360.9103, 2205374.097899999469519 ], [ -11061135.5541, 2205464.284600000828505 ], [ -11061046.0921, 2205523.414000000804663 ], [ -11060996.5772, 2205624.716299999505281 ], [ -11060983.8291, 2205718.799699999392033 ], [ -11060958.9991, 2205743.5176 ], [ -11060916.7241, 2205746.1996 ], [ -11060889.7929, 2205722.7599 ], [ -11060836.2126, 2205734.086100000888109 ], [ -11060779.6701, 2205674.4864999987185 ], [ -11060711.9678, 2205704.250900000333786 ], [ -11060636.1681, 2205695.090999998152256 ], [ -11060533.2821, 2205662.167599998414516 ], [ -11060426.6026, 2205706.442899998277426 ], [ -11060334.5546, 2205709.33390000090003 ], [ -11060151.8118, 2205638.155099999159575 ], [ -11060069.6902, 2205661.337999999523163 ], [ -11059966.1372, 2205608.224700000137091 ], [ -11059928.9031, 2205680.9199 ], [ -11059802.2972, 2205737.234299998730421 ], [ -11059722.8473, 2205789.909800000488758 ], [ -11059600.682, 2205848.55970000103116 ], [ -11059493.4147, 2205828.513799998909235 ], [ -11059407.3635, 2205874.296799998730421 ], [ -11059043.3845, 2205869.7060999982059 ], [ -11058995.3556, 2205920.708000000566244 ], [ -11058895.1048, 2205884.995099999010563 ], [ -11058853.7595, 2205938.376899998635054 ], [ -11058730.8026, 2205918.034299999475479 ], [ -11058693.4427, 2205876.722699999809265 ], [ -11058650.3697, 2205849.261999998241663 ], [ -11058550.5764, 2205872.445799998939037 ], [ -11058519.4903, 2205869.743900001049042 ], [ -11058479.344, 2205891.31980000063777 ], [ -11058374.0627, 2205901.321600001305342 ], [ -11058335.2944, 2205923.191799998283386 ], [ -11058334.0176, 2205953.363699998706579 ], [ -11058224.448, 2205961.335299998521805 ], [ -11058181.6122, 2205974.775699999183416 ], [ -11058169.3846, 2206022.105999998748302 ], [ -11058134.0655, 2206025.64919999986887 ], [ -11058095.833, 2206012.698699999600649 ], [ -11058013.758, 2206057.601700000464916 ], [ -11057995.4538, 2206089.384100001305342 ], [ -11057916.3513, 2206119.803100001066923 ], [ -11057890.2069, 2206178.05970000103116 ], [ -11057864.6411, 2206195.0713 ], [ -11057858.6108, 2206240.678300000727177 ], [ -11057789.0419, 2206266.576499998569489 ], [ -11057769.5176, 2206298.330800000578165 ], [ -11057786.5684, 2206325.628100000321865 ], [ -11057787.4456, 2206362.505800001323223 ], [ -11057731.1624, 2206386.99210000038147 ], [ -11057685.3777, 2206373.213599998503923 ], [ -11057676.2161, 2206340.778200000524521 ], [ -11057616.9935, 2206341.299499999731779 ], [ -11057579.4909, 2206306.915100000798702 ], [ -11057518.8606, 2206293.291499998420477 ], [ -11057477.01, 2206351.256900001317263 ], [ -11057378.5189, 2206403.251800000667572 ], [ -11057347.9852, 2206445.801899999380112 ], [ -11057322.9604, 2206446.894999999552965 ], [ -11057298.565, 2206427.718199998140335 ], [ -11057233.4685, 2206406.269099999219179 ], [ -11057197.9945, 2206367.974700000137091 ], [ -11057107.0018, 2206395.119600001722574 ], [ -11057078.0589, 2206348.1754 ], [ -11056998.07, 2206346.001499999314547 ], [ -11056961.1812, 2206281.103100001811981 ], [ -11056931.4855, 2206279.259500000625849 ], [ -11056828.7942, 2206209.664000000804663 ], [ -11056826.0982, 2206167.906599998474121 ], [ -11056780.6031, 2206108.6891999989748 ], [ -11056732.8497, 2206084.186900001019239 ], [ -11056695.6908, 2206078.371800001710653 ], [ -11056630.4848, 2206094.443300001323223 ], [ -11056585.1056, 2206045.128899998962879 ], [ -11056539.4716, 2206046.20549999922514 ], [ -11056509.5367, 2206023.666299998760223 ], [ -11056494.2916, 2205985.932100001722574 ], [ -11056441.1967, 2205918.375399999320507 ], [ -11056420.2942, 2205911.76969999819994 ], [ -11056361.0711, 2205934.890999998897314 ], [ -11056353.8665, 2205961.3081 ], [ -11056315.5548, 2205979.290899999439716 ], [ -11056274.6037, 2206020.736299999058247 ], [ -11056253.8358, 2206018.620999999344349 ], [ -11056203.602, 2205937.467999998480082 ], [ -11056146.089, 2205877.386100001633167 ], [ -11056115.3428, 2205869.657699998468161 ], [ -11056065.0003, 2205906.415399998426437 ], [ -11055909.5015, 2205953.973999999463558 ], [ -11055919.921, 2206096.392400000244379 ], [ -11055910.5846, 2206134.857299998402596 ], [ -11055839.9786, 2206179.557700000703335 ], [ -11055814.5711, 2206223.371300000697374 ], [ -11055790.8758, 2206229.168800000101328 ], [ -11055749.8759, 2206268.737799998372793 ], [ -11055690.9812, 2206269.901900000870228 ], [ -11055624.0758, 2206221.932599999010563 ], [ -11055405.8519, 2206185.174800001084805 ], [ -11055372.417, 2206171.633299998939037 ], [ -11055332.9699, 2206131.167399998754263 ], [ -11055237.695, 2206163.876600001007318 ], [ -11055201.2177, 2206223.683200001716614 ], [ -11055176.95, 2206221.0614 ], [ -11055101.9931, 2206183.057799998670816 ], [ -11055083.0888, 2206161.489700000733137 ], [ -11055046.9836, 2206150.888000000268221 ], [ -11055009.6869, 2206102.149500001221895 ], [ -11055004.2357, 2206072.28999999910593 ], [ -11054949.2215, 2206037.183600001037121 ], [ -11054934.0476, 2206002.007399998605251 ], [ -11054855.347, 2205980.546100001782179 ], [ -11054829.9572, 2205942.720800001174212 ], [ -11054773.929, 2205945.4879 ], [ -11054709.2402, 2205926.668099999427795 ], [ -11054681.6519, 2205880.580200001597404 ], [ -11054650.3677, 2205861.700300000607967 ], [ -11054619.5668, 2205815.883000001311302 ], [ -11054586.674, 2205805.008699998259544 ], [ -11054530.708, 2205824.043200001120567 ], [ -11054465.8283, 2205824.246599998325109 ], [ -11054411.0409, 2205837.946400001645088 ], [ -11054348.891, 2205868.458700001239777 ], [ -11054313.2254, 2205848.519600000232458 ], [ -11054216.9587, 2205866.024399999529123 ], [ -11054210.0646, 2205938.3108000010252 ], [ -11054255.602, 2206018.773400001227856 ], [ -11054222.5603, 2206056.435499999672174 ], [ -11054046.8982, 2205902.594300001859665 ], [ -11054036.9372, 2205949.284099999815226 ], [ -11054072.4056, 2205996.426399998366833 ], [ -11054004.53, 2206090.423000000417233 ], [ -11053991.4421, 2206052.308600001037121 ], [ -11053917.665, 2205982.296500001102686 ], [ -11053802.1164, 2206085.177000001072884 ], [ -11053737.2807, 2206078.727099999785423 ], [ -11053648.0762, 2206118.315999999642372 ], [ -11053587.3512, 2206120.619300000369549 ], [ -11053542.4752, 2206103.347800001502037 ], [ -11053515.3319, 2206123.590199999511242 ], [ -11053465.9573, 2206227.980099998414516 ], [ -11053483.1294, 2206291.346000000834465 ], [ -11053461.115, 2206323.222199998795986 ], [ -11053422.6796, 2206334.022599998861551 ], [ -11053373.5199, 2206386.137499999254942 ], [ -11053383.247, 2206408.658500000834465 ], [ -11053366.6713, 2206429.084199998527765 ], [ -11053288.2728, 2206405.277699999511242 ], [ -11053259.6156, 2206383.976100001484156 ], [ -11053213.8598, 2206391.510899998247623 ], [ -11053182.4801, 2206216.391699999570847 ], [ -11053113.1345, 2206067.677999999374151 ], [ -11053049.3677, 2205974.621300000697374 ], [ -11052704.0512, 2206174.785399999469519 ], [ -11052349.9437, 2206354.6897 ], [ -11051808.5559, 2206673.632199998944998 ], [ -11051714.612, 2206500.265500001609325 ], [ -11051570.3647, 2206278.530900001525879 ], [ -11051028.9732, 2205363.015000000596046 ], [ -11050993.557, 2205390.147999998182058 ], [ -11050989.9435, 2205468.76799999922514 ], [ -11050962.9274, 2205485.566399998962879 ], [ -11050909.4674, 2205442.984099999070168 ], [ -11050873.9085, 2205456.15989999845624 ], [ -11050833.187, 2205560.147399999201298 ], [ -11050796.6669, 2205578.495799999684095 ], [ -11050751.8671, 2205579.369199998676777 ], [ -11050723.4292, 2205534.668099999427795 ], [ -11050641.2854, 2205531.798599999397993 ], [ -11050639.5696, 2205571.587999999523163 ], [ -11050617.6945, 2205604.194699998944998 ], [ -11050581.0325, 2205601.550799999386072 ], [ -11050548.5648, 2205581.501200001686811 ], [ -11050508.7762, 2205590.451099999248981 ], [ -11050491.3847, 2205641.603000000119209 ], [ -11050409.3276, 2205746.748599998652935 ], [ -11050350.1491, 2205784.054999999701977 ], [ -11050321.7715, 2205787.821600001305342 ], [ -11050239.3418, 2205954.178100001066923 ], [ -11050239.1504, 2205979.403299998492002 ], [ -11050194.1581, 2206034.271600000560284 ], [ -11050190.2032, 2206075.593199998140335 ], [ -11050163.03, 2206088.8706 ], [ -11050127.0115, 2206086.263900000602007 ], [ -11050028.4428, 2206190.619699999690056 ], [ -11050036.6256, 2205993.997099999338388 ], [ -11049987.9101, 2205760.898499999195337 ], [ -11049888.0666, 2205637.763700000941753 ], [ -11049708.86, 2205496.666000001132488 ], [ -11049158.8849, 2205269.666700001806021 ], [ -11049106.1583, 2205026.031199999153614 ], [ -11048671.53, 2204777.288199998438358 ], [ -11048321.7592, 2204875.784099999815226 ], [ -11048165.3863, 2204935.883299998939037 ], [ -11047920.2639, 2204966.03940000012517 ], [ -11047793.361, 2204955.8918999992311 ], [ -11047616.4131, 2204860.656500000506639 ], [ -11047519.2957, 2204794.979200001806021 ], [ -11047656.0852, 2204694.901999998837709 ], [ -11047712.5351, 2204628.1985 ], [ -11047790.9409, 2204481.7989999987185 ], [ -11047710.8843, 2204259.788199998438358 ], [ -11047287.1812, 2203588.450199998915195 ], [ -11047325.1801, 2203582.840999998152256 ], [ -11047304.251, 2203526.868099998682737 ], [ -11047168.1941, 2203503.668600000441074 ], [ -11047080.6379, 2203526.67119999974966 ], [ -11047017.5486, 2203568.29280000180006 ], [ -11046839.4508, 2203908.336500000208616 ], [ -11046748.1655, 2203971.497499998658895 ], [ -11046734.5466, 2204021.755899999290705 ], [ -11046706.4665, 2204056.189300000667572 ], [ -11046666.4037, 2204065.560899998992682 ], [ -11046635.2155, 2204043.964499998837709 ], [ -11046607.4901, 2204187.105399999767542 ], [ -11046593.1508, 2204191.981300000101328 ], [ -11046573.7279, 2204256.7522 ], [ -11046564.141, 2204375.656199999153614 ], [ -11046516.4441, 2204375.197200000286102 ], [ -11046502.0804, 2204384.9232 ] ] ] ] } },
{ "type": "Feature", "properties": { "OBJECTID": 722, "ID": "15058", "NAME": "Nezahualcóyotl", "TOTPOP_CY": 1103741, "AREA": 63.27, "Shape__Area": 71498764.078490019, "Shape__Length": 48275.299208052405, "metro_only_count": 519.0, "bus_only_count": 3382.0, "bus_metro_count": 2905.0, "n_cat": "6", "label_range": "332 – 1830" }, "geometry": { "type": "MultiPolygon", "coordinates": [ [ [ [ -11019430.2325, 2198099.029399998486042 ], [ -11019338.2859, 2198438.395799998193979 ], [ -11019031.5437, 2198396.773299999535084 ], [ -11016830.7086, 2198933.321800000965595 ], [ -11017507.3785, 2200173.493700001388788 ], [ -11017379.6316, 2200244.837099999189377 ], [ -11017152.2069, 2200883.263900000602007 ], [ -11017049.6071, 2200829.912500001490116 ], [ -11017027.4612, 2200867.513799998909235 ], [ -11017029.0108, 2200891.16950000077486 ], [ -11016954.7986, 2201024.755899999290705 ], [ -11017163.1987, 2201139.798599999397993 ], [ -11017207.5484, 2201058.918600000441074 ], [ -11017284.2942, 2201086.866700001060963 ], [ -11017246.2207, 2201190.707699999213219 ], [ -11017703.8162, 2201447.390599999576807 ], [ -11017753.4742, 2201494.558699999004602 ], [ -11017810.7364, 2201328.377300001680851 ], [ -11017905.4136, 2201390.684999998658895 ], [ -11018200.0184, 2201432.335299998521805 ], [ -11019373.8891, 2203578.0066 ], [ -11019386.1943, 2203658.852299999445677 ], [ -11019366.6188, 2203743.672400001436472 ], [ -11019359.0456, 2203750.572500001639128 ], [ -11019292.588, 2203725.219500001519918 ], [ -11019236.9494, 2203756.561500001698732 ], [ -11019001.7926, 2204167.381000000983477 ], [ -11019137.7425, 2204218.779800001531839 ], [ -11019111.7762, 2204333.299699999392033 ], [ -11019088.9645, 2204429.196899998933077 ], [ -11018998.1346, 2204641.75730000063777 ], [ -11018920.9134, 2204805.981600001454353 ], [ -11018798.3863, 2205024.607599999755621 ], [ -11019125.8437, 2205324.889199998229742 ], [ -11019213.7315, 2205134.146499998867512 ], [ -11019566.6588, 2205155.316799998283386 ], [ -11019591.4898, 2204988.497400000691414 ], [ -11019630.5117, 2204993.912900000810623 ], [ -11019635.0825, 2205018.80970000103116 ], [ -11023628.6625, 2206183.446600001305342 ], [ -11023826.7187, 2209202.562100000679493 ], [ -11023846.775, 2212054.972800001502037 ], [ -11023835.6534, 2212070.865200001746416 ], [ -11023913.8096, 2212084.495099999010563 ], [ -11024929.9806, 2212523.7544 ], [ -11025757.2337, 2212855.3805 ], [ -11026594.9273, 2213243.67960000038147 ], [ -11026693.8991, 2213272.765000000596046 ], [ -11026952.2038, 2213379.442299999296665 ], [ -11027583.8163, 2213652.146099999547005 ], [ -11027738.734, 2213747.957600001245737 ], [ -11027969.4325, 2213194.541499998420477 ], [ -11028198.4724, 2212602.988899998366833 ], [ -11028182.6917, 2212585.725400000810623 ], [ -11027848.9792, 2211747.255899999290705 ], [ -11027816.2502, 2211713.519400000572205 ], [ -11027673.6431, 2211680.148899998515844 ], [ -11027710.6625, 2211526.872900001704693 ], [ -11027642.3881, 2211509.1316 ], [ -11027682.905, 2211366.252500001341105 ], [ -11027248.0275, 2210307.19370000064373 ], [ -11026924.1714, 2209553.411400001496077 ], [ -11026320.2029, 2208063.888900000602007 ], [ -11025904.5705, 2207260.1382 ], [ -11025877.276, 2207177.513700000941753 ], [ -11025801.3881, 2207087.043999999761581 ], [ -11025996.1987, 2206765.067899998277426 ], [ -11026258.1301, 2206185.000799998641014 ], [ -11026455.1791, 2205693.394400000572205 ], [ -11026774.0269, 2204951.477099999785423 ], [ -11026845.2526, 2204678.558600001037121 ], [ -11026908.1292, 2204152.855700001120567 ], [ -11027101.2273, 2202168.199099998921156 ], [ -11026747.7945, 2202014.458599999547005 ], [ -11022808.3391, 2200110.520899999886751 ], [ -11021761.1189, 2199528.613099999725819 ], [ -11019727.226, 2198257.601199999451637 ], [ -11019668.3769, 2198241.407299999147654 ], [ -11019430.2325, 2198099.029399998486042 ] ] ] ] } },
{ "type": "Feature", "properties": { "OBJECTID": 723, "ID": "15059", "NAME": "Nextlalpan", "TOTPOP_CY": 58488, "AREA": 54.7, "Shape__Area": 62037888.442703903, "Shape__Length": 46796.423534985996, "metro_only_count": 1.0, "bus_only_count": 93.0, "bus_metro_count": 15.0, "n_cat": "3", "label_range": "0 – 1" }, "geometry": { "type": "MultiPolygon", "coordinates": [ [ [ [ -11033563.0553, 2245073.073699999600649 ], [ -11034069.804, 2245150.4835 ], [ -11034318.5841, 2245196.002900000661612 ], [ -11034448.6844, 2245230.913400001823902 ], [ -11034543.6956, 2245007.071899998933077 ], [ -11034715.1965, 2244511.793600000441074 ], [ -11035076.7655, 2243616.684799998998642 ], [ -11034296.7789, 2242643.250100001692772 ], [ -11033767.7832, 2242270.410700000822544 ], [ -11034052.9803, 2241571.914500001817942 ], [ -11034339.6478, 2240419.85190000012517 ], [ -11033417.8002, 2240252.894099999219179 ], [ -11032762.1863, 2239966.826699998229742 ], [ -11032786.9024, 2239713.094399999827147 ], [ -11032772.9598, 2239613.098900001496077 ], [ -11032769.0255, 2239302.948300000280142 ], [ -11032694.2547, 2239292.290399998426437 ], [ -11032728.1883, 2239164.525400001555681 ], [ -11032722.7039, 2239009.937899999320507 ], [ -11032504.0407, 2238821.916000001132488 ], [ -11032496.0268, 2238803.394499998539686 ], [ -11030378.3651, 2238498.115200001746416 ], [ -11029036.0801, 2235577.431499999016523 ], [ -11028944.5121, 2235549.770899999886751 ], [ -11028046.9976, 2235120.770300000905991 ], [ -11028367.8676, 2236933.978500001132488 ], [ -11028274.9424, 2237204.525699999183416 ], [ -11028123.6347, 2237575.764499999582767 ], [ -11028091.3017, 2237585.823800001293421 ], [ -11027786.2328, 2237533.144200000911951 ], [ -11027458.5906, 2237497.179099999368191 ], [ -11025661.0123, 2237251.409800000488758 ], [ -11025604.8917, 2237482.854299999773502 ], [ -11024721.1531, 2237340.141800001263618 ], [ -11024302.3847, 2237753.055300001055002 ], [ -11024530.5774, 2240606.753400001674891 ], [ -11024541.5112, 2240922.822599999606609 ], [ -11024601.685, 2241384.708399999886751 ], [ -11024772.4303, 2243541.248399998992682 ], [ -11024245.5261, 2243574.72690000012517 ], [ -11024363.4413, 2245223.410300001502037 ], [ -11024633.0247, 2246011.366999998688698 ], [ -11025557.7713, 2246185.609999999403954 ], [ -11025740.0403, 2245328.298000000417233 ], [ -11025833.1491, 2244972.254200000315905 ], [ -11026119.5629, 2244008.462900001555681 ], [ -11025924.9516, 2243883.691399998962879 ], [ -11026263.6599, 2243563.086100000888109 ], [ -11026981.5421, 2243806.464400000870228 ], [ -11027736.9717, 2244110.222199998795986 ], [ -11028697.1847, 2244447.983300000429153 ], [ -11029124.6104, 2243297.252599999308586 ], [ -11029179.7435, 2243249.5472999997437 ], [ -11029222.0817, 2243228.940099999308586 ], [ -11030377.4835, 2242792.872099999338388 ], [ -11030436.2445, 2242782.777399998158216 ], [ -11031386.1616, 2242848.036899998784065 ], [ -11032076.7744, 2242974.833399999886751 ], [ -11032200.1419, 2243451.671 ], [ -11032237.0566, 2243463.820500001311302 ], [ -11032217.1657, 2243522.684799998998642 ], [ -11032262.5899, 2243678.426100000739098 ], [ -11032030.9719, 2244341.323899999260902 ], [ -11031704.5999, 2244837.3926 ], [ -11031617.449, 2245102.756799999624491 ], [ -11031596.896, 2245095.334199998527765 ], [ -11031561.1646, 2245175.557 ], [ -11032002.3918, 2245137.437399998307228 ], [ -11032045.3455, 2244996.828200001269579 ], [ -11032239.3931, 2245002.05290000140667 ], [ -11032597.6171, 2245034.163199998438358 ], [ -11032931.0379, 2245077.239900000393391 ], [ -11033160.2602, 2245085.104800000786781 ], [ -11033239.5453, 2245060.733899999409914 ], [ -11033348.4859, 2245047.031700000166893 ], [ -11033426.1937, 2245046.978300001472235 ], [ -11033563.0553, 2245073.073699999600649 ] ] ] ] } },
{ "type": "Feature", "properties": { "OBJECTID": 724, "ID": "15060", "NAME": "Nicolás Romero", "TOTPOP_CY": 441198, "AREA": 232.53, "Shape__Area": 263488918.84852412, "Shape__Length": 109342.96545387227, "metro_only_count": 2.0, "bus_only_count": 2804.0, "bus_metro_count": 235.0, "n_cat": "4", "label_range": "2 – 12" }, "geometry": { "type": "MultiPolygon", "coordinates": [ [ [ [ -11060361.1644, 2237969.214899998158216 ], [ -11060427.4997, 2237986.876899998635054 ], [ -11060487.835, 2238025.0185999982059 ], [ -11060534.0358, 2238102.518300000578165 ], [ -11060545.2368, 2238177.607299998402596 ], [ -11060658.9096, 2238151.237500000745058 ], [ -11060811.3037, 2238056.11879999935627 ], [ -11060985.1169, 2237992.992600001394749 ], [ -11061086.9675, 2237973.819400001317263 ], [ -11061177.9524, 2237968.189800001680851 ], [ -11061368.7985, 2237988.774700000882149 ], [ -11061553.9606, 2238024.232299998402596 ], [ -11061747.2848, 2237916.153599999845028 ], [ -11061866.3866, 2237878.903599999845028 ], [ -11061937.7579, 2237830.89750000089407 ], [ -11062116.4681, 2237600.750399999320507 ], [ -11062301.8372, 2237518.948300000280142 ], [ -11062516.4701, 2237505.856800001114607 ], [ -11062532.7361, 2237450.243900001049042 ], [ -11062668.4501, 2237325.9923 ], [ -11062637.2028, 2237287.596599999815226 ], [ -11062668.0928, 2237255.473600000143051 ], [ -11062689.877, 2237274.389400001615286 ], [ -11062766.1275, 2237230.945000000298023 ], [ -11062771.2481, 2237214.759399998933077 ], [ -11062813.4215, 2237260.940999999642372 ], [ -11062783.235, 2237281.125399999320507 ], [ -11062810.2611, 2237389.250199999660254 ], [ -11062772.4739, 2237429.939800001680851 ], [ -11062713.3788, 2237527.574999999254942 ], [ -11062738.7773, 2237547.818999998271465 ], [ -11062867.3269, 2237602.826699998229742 ], [ -11062825.1358, 2237481.912000000476837 ], [ -11062918.3681, 2237480.098200000822544 ], [ -11062942.1659, 2237455.338799998164177 ], [ -11062970.4155, 2237488.846700001507998 ], [ -11063010.9724, 2237575.793299999088049 ], [ -11062996.1047, 2237642.405299998819828 ], [ -11063007.1097, 2237747.352600000798702 ], [ -11063133.3994, 2237731.072000000625849 ], [ -11063190.719, 2237676.329900000244379 ], [ -11063205.49, 2237727.094399999827147 ], [ -11063231.6878, 2237737.784600000828505 ], [ -11063249.2964, 2237775.46339999884367 ], [ -11063333.7878, 2237734.614399999380112 ], [ -11063385.8977, 2237635.529699999839067 ], [ -11063438.0519, 2237607.233600001782179 ], [ -11063493.7561, 2237599.499299999326468 ], [ -11063552.7122, 2237569.595300000160933 ], [ -11063653.4963, 2237543.1875 ], [ -11063692.5539, 2237562.971400000154972 ], [ -11063723.2869, 2237597.168800000101328 ], [ -11063796.9114, 2237712.058699999004602 ], [ -11063924.4602, 2237750.028400000184774 ], [ -11063996.6665, 2237810.961800001561642 ], [ -11064070.0639, 2237778.651200000196695 ], [ -11064181.9867, 2237801.66440000012517 ], [ -11064232.4568, 2237734.625100001692772 ], [ -11064327.6439, 2237653.709199998527765 ], [ -11064365.6138, 2237647.840900000184774 ], [ -11064401.3452, 2237615.530499998480082 ], [ -11064428.674, 2237545.554499998688698 ], [ -11064509.581, 2237518.332100000232458 ], [ -11064584.5157, 2237526.897599998861551 ], [ -11064653.0385, 2237487.384199999272823 ], [ -11064890.9138, 2237438.015599999576807 ], [ -11064936.3745, 2237465.551199998706579 ], [ -11065016.422, 2237420.687600001692772 ], [ -11065125.357, 2237429.8015 ], [ -11065376.4047, 2237355.063499998301268 ], [ -11065533.1671, 2237376.999400001019239 ], [ -11065589.7686, 2237363.1228 ], [ -11065919.1597, 2237365.324400000274181 ], [ -11065975.6922, 2237380.564300000667572 ], [ -11066014.8666, 2237333.505199998617172 ], [ -11066119.8632, 2237257.713100001215935 ], [ -11066235.1779, 2237225.6776 ], [ -11066386.7049, 2237212.349800001829863 ], [ -11066706.5758, 2237326.772700000554323 ], [ -11066907.7258, 2237375.114599999040365 ], [ -11067057.7399, 2237341.423500001430511 ], [ -11067187.318, 2237350.737300001084805 ], [ -11067200.4514, 2237477.1587999984622 ], [ -11067363.9431, 2237527.543299999088049 ], [ -11067319.9284, 2237432.122400000691414 ], [ -11067309.0246, 2237351.038699999451637 ], [ -11067320.7745, 2237344.417300000786781 ], [ -11067365.7441, 2237399.245900001376867 ], [ -11067401.9043, 2237401.50789999961853 ], [ -11067440.0043, 2237374.98930000141263 ], [ -11067439.7183, 2237311.585999999195337 ], [ -11067471.7559, 2237286.406800001859665 ], [ -11067510.4529, 2237162.536200001835823 ], [ -11067559.0048, 2237175.695900000631809 ], [ -11067635.6327, 2237117.091400001198053 ], [ -11067603.7263, 2237078.72580000013113 ], [ -11067631.1576, 2236990.946699999272823 ], [ -11067664.5103, 2236975.007100000977516 ], [ -11067646.3495, 2236876.261 ], [ -11067625.7953, 2236827.598799999803305 ], [ -11067653.1289, 2236787.067499998956919 ], [ -11067629.3954, 2236707.45160000026226 ], [ -11067685.2812, 2236555.92119999974966 ], [ -11067685.7121, 2236472.837200000882149 ], [ -11067699.6202, 2236469.8849 ], [ -11067717.3668, 2236504.277800001204014 ], [ -11067728.3218, 2236630.574200000613928 ], [ -11067724.9888, 2236751.264800000935793 ], [ -11067791.1816, 2236927.803800001740456 ], [ -11067852.1402, 2236950.4956 ], [ -11067870.3716, 2236944.155900001525879 ], [ -11067905.5289, 2236832.63569999858737 ], [ -11067879.8278, 2236795.508200000971556 ], [ -11067939.5126, 2236634.083200000226498 ], [ -11068073.2329, 2236493.618999999016523 ], [ -11068069.9089, 2236468.624400001019239 ], [ -11068097.5931, 2236458.243500001728535 ], [ -11068133.8642, 2236402.3902000002563 ], [ -11068151.8366, 2236313.505100000649691 ], [ -11068124.7293, 2236304.340999998152256 ], [ -11068115.3385, 2236278.113499999046326 ], [ -11068090.4362, 2236100.601700000464916 ], [ -11067298.2556, 2235999.928199999034405 ], [ -11067323.2892, 2235944.147100001573563 ], [ -11067365.486, 2235771.032999999821186 ], [ -11067414.1181, 2235273.806200001388788 ], [ -11067442.7874, 2235269.42680000141263 ], [ -11067452.1627, 2235253.44029999896884 ], [ -11067531.6347, 2234776.718600001186132 ], [ -11067543.8431, 2234750.67509999871254 ], [ -11067550.4366, 2234741.62049999833107 ], [ -11067812.7243, 2234845.505300000309944 ], [ -11067895.8065, 2234796.597600001841784 ], [ -11067913.8713, 2234717.999699998646975 ], [ -11067961.8845, 2234719.900600001215935 ], [ -11067971.8956, 2234747.058699999004602 ], [ -11068040.0253, 2234728.717700000852346 ], [ -11068055.4676, 2234713.473999999463558 ], [ -11068131.2784, 2234708.267499998211861 ], [ -11068153.6881, 2234660.48200000077486 ], [ -11068143.8175, 2234167.988000001758337 ], [ -11068109.4117, 2234112.396999999880791 ], [ -11067947.6746, 2234106.724899999797344 ], [ -11067948.2345, 2233975.677299998700619 ], [ -11067786.8983, 2233906.501299999654293 ], [ -11067636.9908, 2233909.024099998176098 ], [ -11067925.3494, 2232034.752099998295307 ], [ -11067958.2667, 2231932.7467 ], [ -11067995.924, 2231742.866500001400709 ], [ -11070908.1666, 2232276.3048 ], [ -11071716.2625, 2227522.320999998599291 ], [ -11072803.1693, 2227624.518899999558926 ], [ -11073021.2775, 2227671.02930000051856 ], [ -11073328.2042, 2227572.189800001680851 ], [ -11073483.8789, 2227541.852299999445677 ], [ -11073859.2829, 2227442.547499999403954 ], [ -11074419.1285, 2227367.272599998861551 ], [ -11074660.0597, 2227349.763700000941753 ], [ -11075001.8436, 2227343.177400000393391 ], [ -11075475.7943, 2227362.897799998521805 ], [ -11075777.1872, 2227361.486699998378754 ], [ -11076365.708, 2227440.389699999243021 ], [ -11076738.5146, 2227503.896000001579523 ], [ -11077572.4224, 2227600.720100000500679 ], [ -11077926.405, 2227547.852299999445677 ], [ -11078172.3353, 2227526.548000000417233 ], [ -11078406.6206, 2227484.983899999409914 ], [ -11078641.3211, 2227461.755899999290705 ], [ -11078870.8127, 2227501.865600001066923 ], [ -11079020.335, 2227510.286899998784065 ], [ -11079413.1524, 2226214.946600001305342 ], [ -11079686.0188, 2225937.0482 ], [ -11080008.448, 2225867.748799998313189 ], [ -11080046.8566, 2225523.739599999040365 ], [ -11080071.4971, 2225506.233399998396635 ], [ -11079999.6348, 2225398.201200000941753 ], [ -11079969.4995, 2225319.544100001454353 ], [ -11079837.4935, 2224732.663499999791384 ], [ -11079781.2448, 2224542.506700001657009 ], [ -11079717.1504, 2224410.03660000115633 ], [ -11079642.8646, 2224328.583200000226498 ], [ -11079536.8729, 2224173.820700000971556 ], [ -11079457.7314, 2224086.779399998486042 ], [ -11079161.3968, 2223587.193900000303984 ], [ -11078915.5888, 2223554.3202 ], [ -11078891.3534, 2223535.442899998277426 ], [ -11078827.2779, 2223461.9662000015378 ], [ -11078682.055, 2223250.204 ], [ -11078322.4353, 2222880.812800001353025 ], [ -11078131.4657, 2222614.739999998360872 ], [ -11078119.7502, 2222633.215999998152256 ], [ -11078027.2862, 2222650.848200000822544 ], [ -11077549.5819, 2222789.7346 ], [ -11076700.0672, 2222354.785199999809265 ], [ -11075460.803, 2222351.21000000089407 ], [ -11074494.3293, 2222815.7566 ], [ -11074381.6896, 2222816.076900001615286 ], [ -11074207.4076, 2222770.660599999129772 ], [ -11074033.5846, 2222703.354100000113249 ], [ -11073920.7278, 2222644.148200001567602 ], [ -11073868.8319, 2222603.722800001502037 ], [ -11073803.6053, 2222452.028599999845028 ], [ -11073756.6395, 2222427.872299998998642 ], [ -11073706.9855, 2222414.397700000554323 ], [ -11073582.4912, 2222417.682300001382828 ], [ -11073403.6844, 2222461.689399998635054 ], [ -11073494.2471, 2222238.874000001698732 ], [ -11073532.0514, 2222185.567099999636412 ], [ -11073581.0251, 2222210.039599999785423 ], [ -11073617.7085, 2222169.697900000959635 ], [ -11073690.0272, 2222158.860599998384714 ], [ -11073671.1628, 2222099.263999998569489 ], [ -11073705.28, 2222067.330899998545647 ], [ -11073688.2594, 2222041.552999999374151 ], [ -11073706.0883, 2222014.458099998533726 ], [ -11073677.7718, 2221940.945700000971556 ], [ -11073744.9677, 2221889.573800001293421 ], [ -11073461.7385, 2221826.75620000064373 ], [ -11073075.9386, 2221718.3114 ], [ -11072724.2194, 2221586.031199999153614 ], [ -11072704.0771, 2221316.790300000458956 ], [ -11072372.7714, 2221516.543000001460314 ], [ -11072266.2441, 2221541.0691 ], [ -11072095.4289, 2221623.048000000417233 ], [ -11072015.5816, 2221715.475900001823902 ], [ -11071865.0499, 2221799.031599998474121 ], [ -11071761.1376, 2221913.783700000494719 ], [ -11071617.9963, 2221836.945999998599291 ], [ -11071388.7315, 2221913.886399999260902 ], [ -11070358.7825, 2222211.026000000536442 ], [ -11069972.8334, 2222337.487300001084805 ], [ -11069748.6871, 2222359.956399999558926 ], [ -11069528.4972, 2222298.602099999785423 ], [ -11069381.0966, 2222242.128899998962879 ], [ -11069222.2995, 2222161.661800000816584 ], [ -11069174.3708, 2222119.893100000917912 ], [ -11068910.4735, 2221954.281700000166893 ], [ -11068768.3463, 2221929.927700001746416 ], [ -11068530.6547, 2221983.858899999409914 ], [ -11068351.9068, 2222101.773499999195337 ], [ -11068233.1112, 2222194.48930000141263 ], [ -11068046.2112, 2222446.08669999986887 ], [ -11067916.2961, 2222584.565400000661612 ], [ -11067870.6059, 2222614.574700001627207 ], [ -11067741.9628, 2222658.403799999505281 ], [ -11067655.1805, 2222664.225900001823902 ], [ -11067499.3039, 2222642.991399999707937 ], [ -11067380.7312, 2222643.551399998366833 ], [ -11067221.3985, 2222698.397599998861551 ], [ -11067087.2027, 2222707.000300001353025 ], [ -11066939.3393, 2222664.388999998569489 ], [ -11066884.1917, 2222629.289900001138449 ], [ -11066613.7644, 2222399.864599999040365 ], [ -11066553.6971, 2222384.929099999368191 ], [ -11066378.2868, 2222386.82490000128746 ], [ -11066231.433, 2222499.093899998813868 ], [ -11066059.3037, 2222663.301300000399351 ], [ -11065948.0037, 2222705.03770000115037 ], [ -11065763.7063, 2222724.951699998229742 ], [ -11065721.0567, 2222714.345400001853704 ], [ -11065667.1011, 2222778.438799999654293 ], [ -11065581.5633, 2222822.173300001770258 ], [ -11065536.7237, 2222864.144299998879433 ], [ -11065504.655, 2222852.805799998342991 ], [ -11065403.2328, 2222916.521099999547005 ], [ -11065389.7174, 2222959.924199998378754 ], [ -11065363.6799, 2222963.604800000786781 ], [ -11065327.2783, 2222996.7787000015378 ], [ -11065233.9002, 2223048.673500001430511 ], [ -11065052.0832, 2223004.764400001615286 ], [ -11064947.3579, 2223040.166700001806021 ], [ -11064914.7661, 2223013.305300001055002 ], [ -11064781.3832, 2223068.156399998813868 ], [ -11064689.4456, 2223076.175299998372793 ], [ -11064648.5233, 2223064.162999998778105 ], [ -11064453.2545, 2223101.494899999350309 ], [ -11064366.1649, 2223053.307300001382828 ], [ -11064333.1919, 2223050.5757 ], [ -11064193.2121, 2223126.385600000619888 ], [ -11064112.7471, 2223190.516600001603365 ], [ -11064070.1596, 2223174.107799999415874 ], [ -11063952.2156, 2223181.9386 ], [ -11063922.5177, 2223201.160599999129772 ], [ -11063901.6286, 2223186.5702 ], [ -11063832.4415, 2223173.360800001770258 ], [ -11063805.3928, 2223199.186299998313189 ], [ -11063757.1502, 2223183.19480000063777 ], [ -11063714.3927, 2223195.7635000012815 ], [ -11063627.2161, 2223183.05290000140667 ], [ -11063594.4047, 2223216.507399998605251 ], [ -11063486.0475, 2223275.721000000834465 ], [ -11063378.4927, 2223453.603199999779463 ], [ -11063281.7046, 2223538.86600000038743 ], [ -11063237.9674, 2223559.99040000140667 ], [ -11063198.9721, 2223602.230200000107288 ], [ -11063175.0362, 2223606.598400000482798 ], [ -11063114.1946, 2223591.531300000846386 ], [ -11063008.7562, 2223654.00730000063777 ], [ -11062984.1679, 2223656.3574 ], [ -11062941.2499, 2223634.521499998867512 ], [ -11062877.7073, 2223621.018699999898672 ], [ -11062760.3423, 2223633.013900000602007 ], [ -11062723.088, 2223613.545800000429153 ], [ -11062720.069, 2223592.454199999570847 ], [ -11062764.5089, 2223543.688799999654293 ], [ -11062757.5281, 2223516.3695 ], [ -11062630.2989, 2223410.188299998641014 ], [ -11062628.2782, 2223330.421700000762939 ], [ -11062604.9759, 2223304.399000000208616 ], [ -11062545.0281, 2223284.342500001192093 ], [ -11062514.5198, 2223254.137299999594688 ], [ -11062477.5295, 2223291.386700000613928 ], [ -11062493.987, 2223386.377099998295307 ], [ -11062477.4896, 2223443.270899999886751 ], [ -11062390.9196, 2223514.199000000953674 ], [ -11062308.3282, 2223639.041999999433756 ], [ -11062270.6456, 2223652.738299999386072 ], [ -11062154.7161, 2223650.590300001204014 ], [ -11062125.6564, 2223661.330600000917912 ], [ -11062069.2062, 2223707.636100001633167 ], [ -11062036.8768, 2223713.311299998313189 ], [ -11061896.1, 2223697.33669999986887 ], [ -11061785.1478, 2223724.80629999935627 ], [ -11061679.8686, 2223676.453000001609325 ], [ -11061629.3162, 2223706.458099998533726 ], [ -11061595.4816, 2223752.713100001215935 ], [ -11061568.4101, 2223874.763099998235703 ], [ -11061512.0311, 2223896.210900001227856 ], [ -11061407.7571, 2224070.546900000423193 ], [ -11061283.8227, 2224033.922200001776218 ], [ -11061314.2919, 2224156.735199999064207 ], [ -11061225.2809, 2224146.79450000077486 ], [ -11061305.0504, 2224253.828200001269579 ], [ -11061320.2499, 2224293.41950000077486 ], [ -11061235.048, 2224303.032499998807907 ], [ -11061061.0001, 2224140.515599999576807 ], [ -11060993.9501, 2224105.143300000578165 ], [ -11060970.4327, 2224117.046300001442432 ], [ -11060953.3272, 2224310.414200000464916 ], [ -11061046.3238, 2224292.780099999159575 ], [ -11061091.1954, 2224380.028999999165535 ], [ -11060927.8965, 2224437.632500000298023 ], [ -11060924.9308, 2224369.6097999997437 ], [ -11060843.1845, 2224453.5625 ], [ -11060871.0299, 2224480.198899999260902 ], [ -11060820.6913, 2224528.601700000464916 ], [ -11060608.8014, 2224491.7314000017941 ], [ -11060456.9789, 2224402.8596 ], [ -11060404.7906, 2224480.960099998861551 ], [ -11060291.9026, 2224493.378400001674891 ], [ -11060296.372, 2224505.928100001066923 ], [ -11060256.808, 2224587.011399999260902 ], [ -11060242.7717, 2224656.121599998325109 ], [ -11060300.4074, 2224709.922400001436472 ], [ -11060318.8218, 2224760.966299999505281 ], [ -11060264.8831, 2224801.138700000941753 ], [ -11060162.9567, 2224794.03830000013113 ], [ -11060137.8431, 2224782.707899998873472 ], [ -11060062.1482, 2224682.538600001484156 ], [ -11060037.8737, 2224696.19200000166893 ], [ -11060025.7377, 2224671.745999999344349 ], [ -11060020.3432, 2224645.676300000399351 ], [ -11060035.8867, 2224598.747000001370907 ], [ -11060071.1507, 2224565.168400000780821 ], [ -11060101.3481, 2224508.467300001531839 ], [ -11060095.3947, 2224480.0099 ], [ -11060048.9201, 2224405.535799998790026 ], [ -11060021.177, 2224311.51630000025034 ], [ -11060027.0056, 2224178.431099999696016 ], [ -11060047.976, 2224141.4551 ], [ -11060060.5385, 2224064.088599998503923 ], [ -11060105.6329, 2224021.701299998909235 ], [ -11060111.3324, 2224000.375399999320507 ], [ -11060185.0236, 2224020.030900001525879 ], [ -11060252.5123, 2224012.123599998652935 ], [ -11060336.249, 2223965.531300000846386 ], [ -11060353.7484, 2223928.639600001275539 ], [ -11060400.0434, 2223889.839699998497963 ], [ -11060359.3623, 2223852.9353 ], [ -11060445.2943, 2223740.874000001698732 ], [ -11060464.7852, 2223686.473700001835823 ], [ -11060598.1859, 2223459.221599999815226 ], [ -11060561.0455, 2223382.230200000107288 ], [ -11060590.0754, 2223357.977400001138449 ], [ -11060285.1701, 2223223.196800000965595 ], [ -11058341.6864, 2224098.520599998533726 ], [ -11058361.419, 2223429.96339999884367 ], [ -11057906.3516, 2223319.01410000026226 ], [ -11057880.2415, 2223286.0945999994874 ], [ -11057826.774, 2223397.820599999278784 ], [ -11057851.4435, 2223448.009300000965595 ], [ -11057814.13, 2223461.962600000202656 ], [ -11057824.7699, 2223557.111000001430511 ], [ -11057767.2914, 2223605.057599999010563 ], [ -11057796.6075, 2223692.172600001096725 ], [ -11057778.343, 2223709.5489999987185 ], [ -11057683.0857, 2223673.164200000464916 ], [ -11057609.9767, 2223750.387899998575449 ], [ -11057594.4589, 2223811.22749999910593 ], [ -11057539.7173, 2223841.530799999833107 ], [ -11057542.8867, 2223889.009199999272823 ], [ -11057496.1795, 2223930.314599998295307 ], [ -11057444.1767, 2223922.88910000026226 ], [ -11057419.0228, 2224106.54109999909997 ], [ -11057313.9793, 2224330.659200001507998 ], [ -11057216.7971, 2224332.749299999326468 ], [ -11057175.9231, 2224433.445599999278784 ], [ -11057126.1098, 2224428.438400000333786 ], [ -11057128.7593, 2224465.443300001323223 ], [ -11057043.8211, 2224570.710900001227856 ], [ -11057020.6781, 2224589.534099999815226 ], [ -11056940.3622, 2224607.216600000858307 ], [ -11056891.3303, 2224634.724899999797344 ], [ -11056844.2992, 2224759.096000000834465 ], [ -11056795.3073, 2224808.535399999469519 ], [ -11056661.2331, 2224852.700399998575449 ], [ -11056555.5629, 2224916.921100001782179 ], [ -11056536.0776, 2224932.446400001645088 ], [ -11056512.6047, 2225013.031599998474121 ], [ -11056437.6724, 2225037.956599999219179 ], [ -11056431.6065, 2225089.597100000828505 ], [ -11056419.3168, 2225108.206500001251698 ], [ -11056300.8194, 2225151.994600001722574 ], [ -11056274.0806, 2225189.078499998897314 ], [ -11056247.3917, 2225181.963899999856949 ], [ -11056216.3123, 2225148.790800001472235 ], [ -11056052.7169, 2225097.170299999415874 ], [ -11055950.5983, 2225123.341600000858307 ], [ -11055890.1162, 2225104.470300000160933 ], [ -11055912.7887, 2225000.74720000103116 ], [ -11055874.1607, 2224912.557500001043081 ], [ -11055866.4698, 2224763.616799999028444 ], [ -11055764.068, 2224855.096900001168251 ], [ -11055743.1243, 2224860.687100000679493 ], [ -11055578.4383, 2224852.142700001597404 ], [ -11055542.304, 2224840.21680000051856 ], [ -11055452.9022, 2224889.3849 ], [ -11055425.4475, 2224893.411699999123812 ], [ -11055365.9416, 2224887.578099999576807 ], [ -11055338.6305, 2224872.486600000411272 ], [ -11055257.6701, 2224877.048799999058247 ], [ -11055222.7558, 2224866.563099998980761 ], [ -11055212.8194, 2224851.190499998629093 ], [ -11055126.1973, 2224829.31870000064373 ], [ -11055093.19, 2224832.211399998515844 ], [ -11055064.1478, 2224803.985100001096725 ], [ -11055010.5141, 2224797.072700001299381 ], [ -11054890.9981, 2224737.239700000733137 ], [ -11054816.2745, 2224684.83219999819994 ], [ -11054714.9175, 2224574.335099998861551 ], [ -11054710.0729, 2224516.862700000405312 ], [ -11054615.0749, 2224448.874099999666214 ], [ -11054615.253, 2224547.193500000983477 ], [ -11054641.4456, 2224635.407000001519918 ], [ -11054595.1086, 2224637.564899999648333 ], [ -11054554.7652, 2224588.252399999648333 ], [ -11054550.0455, 2224463.75959999859333 ], [ -11054530.3567, 2224440.124400001019239 ], [ -11054489.2026, 2224434.289700001478195 ], [ -11054462.7153, 2224461.1897 ], [ -11054107.7997, 2224384.582899998873472 ], [ -11052957.055, 2223608.1739999987185 ], [ -11052117.5721, 2224382.9358000010252 ], [ -11052082.4931, 2224335.887699998915195 ], [ -11051980.3816, 2224422.317099999636412 ], [ -11052047.4497, 2224493.197799999266863 ], [ -11051885.0758, 2224638.982700001448393 ], [ -11051810.3356, 2224558.346200000494719 ], [ -11051732.2564, 2224643.720499999821186 ], [ -11051737.4111, 2224723.173900000751019 ], [ -11051724.2499, 2224763.443399999290705 ], [ -11051685.7194, 2224827.038199998438358 ], [ -11051631.961, 2224879.600999999791384 ], [ -11051334.5504, 2225121.875500001013279 ], [ -11051127.7861, 2225264.525800000876188 ], [ -11051049.5062, 2225349.226700000464916 ], [ -11050941.4562, 2225426.997699998319149 ], [ -11050912.7835, 2225395.732799999415874 ], [ -11050891.3224, 2225405.019200000911951 ], [ -11050612.163, 2225614.9254 ], [ -11050254.155, 2226603.68299999833107 ], [ -11050670.4788, 2226680.222199998795986 ], [ -11050709.0723, 2226788.306499999016523 ], [ -11050827.7633, 2226842.890900000929832 ], [ -11050940.0725, 2226934.410500001162291 ], [ -11050983.7487, 2226988.932399999350309 ], [ -11051180.1794, 2227155.942899998277426 ], [ -11051216.6613, 2227225.276599999517202 ], [ -11051254.8706, 2227259.835200000554323 ], [ -11051324.9718, 2227289.841400001198053 ], [ -11051345.0372, 2227329.8235 ], [ -11051343.7024, 2227400.454199999570847 ], [ -11051384.7761, 2227397.6239 ], [ -11051411.0307, 2227421.569899998605251 ], [ -11051391.797, 2227616.6706000007689 ], [ -11051366.7089, 2227680.479899998754263 ], [ -11051352.1405, 2227891.0636 ], [ -11051364.6766, 2228168.11259999871254 ], [ -11051309.8089, 2228249.746500000357628 ], [ -11051305.7091, 2228299.745999999344349 ], [ -11051364.8465, 2228653.879599999636412 ], [ -11051418.0216, 2228688.392000000923872 ], [ -11051503.4382, 2228884.0810999982059 ], [ -11051727.7213, 2229201.187800001353025 ], [ -11051761.4399, 2229302.508299998939037 ], [ -11051943.463, 2229271.028799999505281 ], [ -11052056.5056, 2229512.129099998623133 ], [ -11052222.3972, 2229788.946400001645088 ], [ -11052291.0336, 2229880.473000001162291 ], [ -11052329.6491, 2229795.409000001847744 ], [ -11052405.086, 2229800.832899998873472 ], [ -11052452.507, 2229828.559500001370907 ], [ -11052335.1282, 2230217.453099999576807 ], [ -11052726.4228, 2230785.293000001460314 ], [ -11052875.3151, 2230921.928800001740456 ], [ -11052874.901, 2231009.8816 ], [ -11052843.9965, 2231243.4070999994874 ], [ -11052722.1498, 2231473.723000001162291 ], [ -11052670.4159, 2231516.213100001215935 ], [ -11052662.383, 2231538.925700001418591 ], [ -11052605.5913, 2231579.309599999338388 ], [ -11052619.3725, 2231584.8805 ], [ -11052618.3006, 2231595.97749999910593 ], [ -11052594.3724, 2231665.092099998146296 ], [ -11052500.5113, 2231748.537999998778105 ], [ -11052502.6842, 2231793.364500001072884 ], [ -11052409.4241, 2231873.614799998700619 ], [ -11052400.4026, 2231915.544300001114607 ], [ -11052327.3579, 2231960.068399999290705 ], [ -11052306.8497, 2231998.1107 ], [ -11052325.5393, 2232095.128199998289347 ], [ -11052209.5676, 2232353.904500000178814 ], [ -11052135.5368, 2232338.092999998480082 ], [ -11051998.1019, 2232528.431800000369549 ], [ -11051898.4631, 2232543.7635000012815 ], [ -11051819.6333, 2232595.936299998313189 ], [ -11051764.8453, 2232734.668400000780821 ], [ -11051692.0109, 2232842.633499998599291 ], [ -11051663.8215, 2232949.614599999040365 ], [ -11051614.7844, 2233050.094399999827147 ], [ -11051640.6951, 2233132.499099999666214 ], [ -11051973.0827, 2233197.324799999594688 ], [ -11052090.1274, 2233285.304999999701977 ], [ -11052172.9291, 2233241.907699998468161 ], [ -11052306.656, 2232975.625900000333786 ], [ -11052638.4595, 2232917.955200001597404 ], [ -11053071.9553, 2232860.6371 ], [ -11053183.7468, 2232780.925299998372793 ], [ -11053212.8201, 2232653.896800000220537 ], [ -11053276.4559, 2232581.248700000345707 ], [ -11053348.2369, 2232549.038100000470877 ], [ -11053422.9424, 2232253.80629999935627 ], [ -11053507.6632, 2232238.25620000064373 ], [ -11053562.684, 2232241.887600000947714 ], [ -11053595.2148, 2232190.696899998933077 ], [ -11053589.425, 2232152.782000001519918 ], [ -11053646.9249, 2232038.007399998605251 ], [ -11053733.2688, 2232039.645799998193979 ], [ -11053831.6151, 2231885.773299999535084 ], [ -11053852.2739, 2231761.451699998229742 ], [ -11054089.3755, 2231457.078699998557568 ], [ -11054149.0916, 2231437.7314000017941 ], [ -11054195.5743, 2231462.650800000876188 ], [ -11054224.3631, 2231462.749000001698732 ], [ -11054309.5142, 2231409.825100000947714 ], [ -11054337.4365, 2231369.454599998891354 ], [ -11054381.9764, 2231339.406500000506639 ], [ -11054453.8188, 2231323.712900001555681 ], [ -11054448.5667, 2231272.141699999570847 ], [ -11054527.2702, 2231251.625500001013279 ], [ -11054547.7713, 2231215.30009999871254 ], [ -11054542.5783, 2231179.996599998325109 ], [ -11054554.2757, 2231160.695099998265505 ], [ -11054724.894, 2231134.600000001490116 ], [ -11054772.6367, 2231137.530200000852346 ], [ -11054805.989, 2231108.158700000494719 ], [ -11054890.4305, 2231156.270799998193979 ], [ -11054956.5564, 2231152.441300000995398 ], [ -11054993.6015, 2231164.5439000017941 ], [ -11055039.2647, 2231229.582499999552965 ], [ -11055124.3796, 2231172.873399998992682 ], [ -11055245.6532, 2231181.825800001621246 ], [ -11055247.8829, 2231155.770899999886751 ], [ -11055282.353, 2231140.010000001639128 ], [ -11055264.5907, 2231117.359099999070168 ], [ -11055264.6527, 2231093.131099998950958 ], [ -11055290.9411, 2231079.532900001853704 ], [ -11055328.9592, 2231080.479800000786781 ], [ -11055377.0288, 2231114.197700001299381 ], [ -11055442.7244, 2231128.230200000107288 ], [ -11055581.0176, 2231097.6402000002563 ], [ -11055670.1646, 2231115.912599999457598 ], [ -11055746.8715, 2231158.435100000351667 ], [ -11055845.0985, 2231165.247000001370907 ], [ -11055903.1224, 2231142.369300000369549 ], [ -11055982.9948, 2231145.536800000816584 ], [ -11056065.1015, 2231103.3739 ], [ -11056093.7226, 2231063.420499999076128 ], [ -11056145.1726, 2231048.05290000140667 ], [ -11056289.0798, 2231771.431699998676777 ], [ -11056409.7678, 2231764.2555 ], [ -11056460.3102, 2231626.672400001436472 ], [ -11056654.3858, 2231476.534800000488758 ], [ -11056723.6844, 2231545.699799999594688 ], [ -11056795.7548, 2231461.78319999948144 ], [ -11056889.9277, 2231563.849800001829863 ], [ -11056984.5649, 2231546.727000001817942 ], [ -11057117.1664, 2231550.527300000190735 ], [ -11057174.3146, 2231669.94539999961853 ], [ -11057497.7544, 2231798.060699999332428 ], [ -11057583.5305, 2231823.545699998736382 ], [ -11057691.2889, 2231786.785199999809265 ], [ -11057801.7991, 2231882.35249999910593 ], [ -11057830.3203, 2232097.890599999576807 ], [ -11057961.5648, 2232457.085799999535084 ], [ -11056930.5984, 2232672.902499999850988 ], [ -11056927.114, 2232664.278000000864267 ], [ -11056821.5587, 2232713.8893 ], [ -11056731.3364, 2232714.60700000077486 ], [ -11056476.5095, 2232767.938499998301268 ], [ -11056539.4685, 2233002.158500000834465 ], [ -11056550.783, 2233151.251200001686811 ], [ -11056527.3946, 2233204.281599998474121 ], [ -11056538.8195, 2233305.618700001388788 ], [ -11056563.7583, 2233364.335499998182058 ], [ -11056597.7687, 2233622.800599999725819 ], [ -11056737.2253, 2233682.637800000607967 ], [ -11056750.6359, 2233732.288600001484156 ], [ -11056720.3504, 2233847.753199998289347 ], [ -11056735.9818, 2233981.750300001353025 ], [ -11056774.4415, 2234136.234499998390675 ], [ -11057461.5823, 2235130.181000001728535 ], [ -11057804.5009, 2234889.1853 ], [ -11058282.8887, 2234710.254999998956919 ], [ -11058444.3552, 2234659.84010000154376 ], [ -11058458.6842, 2234683.421999998390675 ], [ -11058467.6824, 2235070.631099998950958 ], [ -11058425.7294, 2235176.674199998378754 ], [ -11058365.3475, 2235288.961300000548363 ], [ -11058266.29, 2235397.01240000128746 ], [ -11058053.7697, 2235665.729100000113249 ], [ -11058108.9074, 2235777.786200001835823 ], [ -11058308.4208, 2236111.861000001430511 ], [ -11058346.55, 2236127.258200000971556 ], [ -11058457.3028, 2236105.503699999302626 ], [ -11058580.2186, 2236136.735599998384714 ], [ -11058681.2432, 2236199.15819999948144 ], [ -11058669.1986, 2236247.113000001758337 ], [ -11058731.2167, 2236241.854200001806021 ], [ -11058806.4262, 2236282.157200001180172 ], [ -11058819.1524, 2236302.887899998575449 ], [ -11058897.2197, 2236306.083799999207258 ], [ -11058909.8133, 2236318.746599998325109 ], [ -11059096.2188, 2236375.780799999833107 ], [ -11059292.0498, 2236271.122600000351667 ], [ -11059315.0284, 2236363.509399998933077 ], [ -11059450.1626, 2236707.241099998354912 ], [ -11059509.6149, 2236814.568 ], [ -11059593.3783, 2236904.228700000792742 ], [ -11059810.801, 2237481.577300000935793 ], [ -11059768.7144, 2237667.122499998658895 ], [ -11059826.634, 2237676.699999999254942 ], [ -11059900.3887, 2237629.171900000423193 ], [ -11059907.3327, 2237596.355399999767542 ], [ -11059920.1947, 2237585.963300000876188 ], [ -11059977.0398, 2237596.581300001591444 ], [ -11059985.2498, 2237639.238899998366833 ], [ -11060052.2708, 2237755.391800001263618 ], [ -11060120.8391, 2237757.632599998265505 ], [ -11060224.3917, 2237866.102899998426437 ], [ -11060277.7038, 2237941.258900001645088 ], [ -11060361.1644, 2237969.214899998158216 ] ] ] ] } },
{ "type": "Feature", "properties": { "OBJECTID": 725, "ID": "15061", "NAME": "Nopaltepec", "TOTPOP_CY": 10605, "AREA": 82.62, "Shape__Area": 93841846.937717676, "Shape__Length": 72202.887823167621, "metro_only_count": 0.0, "bus_only_count": 17.0, "bus_metro_count": 6.0, "n_cat": "2", "label_range": "0 – 0" }, "geometry": { "type": "MultiPolygon", "coordinates": [ [ [ [ -10989434.3394, 2256749.204199999570847 ], [ -10990132.8759, 2256875.589999999850988 ], [ -10990318.2295, 2256923.394000001251698 ], [ -10990341.3673, 2256967.13230000063777 ], [ -10990422.8131, 2257020.401099998503923 ], [ -10990494.4727, 2257042.021200001239777 ], [ -10990991.6969, 2256658.334199998527765 ], [ -10991132.4682, 2256303.6217 ], [ -10991281.2523, 2255887.741599999368191 ], [ -10991314.8339, 2255669.874400001019239 ], [ -10991358.7296, 2255504.372600000351667 ], [ -10991365.0247, 2255424.447200000286102 ], [ -10991327.8502, 2255317.691399998962879 ], [ -10991540.3451, 2254855.599599998444319 ], [ -10991888.0692, 2254339.48200000077486 ], [ -10991949.9385, 2254417.920299999415874 ], [ -10992089.1311, 2254523.659200001507998 ], [ -10992131.4851, 2254534.884300000965595 ], [ -10992213.0788, 2254525.199999999254942 ], [ -10992314.4006, 2254496.140000000596046 ], [ -10992453.9607, 2254523.015299998223782 ], [ -10992483.997, 2254504.771200001239777 ], [ -10992541.763, 2254420.689599998295307 ], [ -10992650.8237, 2254197.974500000476837 ], [ -10992732.984, 2253944.712900001555681 ], [ -10992842.1919, 2253665.509199999272823 ], [ -10993192.4119, 2252912.417300000786781 ], [ -10993401.9076, 2253028.645300000905991 ], [ -10993701.948, 2253153.044199999421835 ], [ -10994262.4126, 2253492.870299998670816 ], [ -10994380.1153, 2253243.667599998414516 ], [ -10996144.8664, 2254234.772399999201298 ], [ -10996134.5227, 2254201.723499998450279 ], [ -10996119.7406, 2254190.0559 ], [ -10996112.0773, 2254148.326499998569489 ], [ -10996073.0552, 2254100.165100000798702 ], [ -10996034.4925, 2254013.054000001400709 ], [ -10995979.4922, 2253975.704199999570847 ], [ -10995935.5913, 2253914.589899998158216 ], [ -10995917.1236, 2253756.401500001549721 ], [ -10995865.8753, 2253656.901200000196695 ], [ -10995869.0257, 2253564.743200000375509 ], [ -10995983.785, 2253310.583500001579523 ], [ -10995999.0948, 2253319.508600000292063 ], [ -10996039.7025, 2253035.340999998152256 ], [ -10995980.5489, 2252907.758200000971556 ], [ -10995949.5454, 2252675.286499999463558 ], [ -10995975.632, 2252561.498199999332428 ], [ -10995827.8264, 2252238.0154 ], [ -10995811.9902, 2252073.73200000077486 ], [ -10995850.0277, 2252047.8739 ], [ -10995784.1146, 2251987.988000001758337 ], [ -10995818.9742, 2251952.885299999266863 ], [ -10995756.0599, 2251860.176100000739098 ], [ -10995873.367, 2251531.1435999982059 ], [ -10995965.4485, 2251328.964899998158216 ], [ -10994911.3408, 2251091.4662000015378 ], [ -10994684.5641, 2251066.891199998557568 ], [ -10994340.3417, 2250975.83219999819994 ], [ -10994156.4999, 2250943.109700001776218 ], [ -10994347.0465, 2250387.62049999833107 ], [ -10994350.6913, 2249805.773600000888109 ], [ -10994379.1012, 2249438.159099999815226 ], [ -10994433.7134, 2249151.950899999588728 ], [ -10994169.6358, 2249125.951699998229742 ], [ -10994154.5375, 2249145.849500000476837 ], [ -10993655.1637, 2248975.427799999713898 ], [ -10992988.034, 2248658.8827 ], [ -10992431.5322, 2248371.1283 ], [ -10991316.5228, 2247888.142499998211861 ], [ -10991029.9931, 2247751.702799998223782 ], [ -10990979.8593, 2247712.837699998170137 ], [ -10990452.5977, 2247459.307100001722574 ], [ -10992769.3581, 2243409.357200000435114 ], [ -10992812.6958, 2243307.606600001454353 ], [ -10992951.9464, 2243052.144499998539686 ], [ -10992782.7162, 2242964.823899999260902 ], [ -10992782.1274, 2242951.313499998301268 ], [ -10992728.1886, 2242917.798000000417233 ], [ -10992630.4823, 2242883.962499998509884 ], [ -10992546.8181, 2242801.063499998301268 ], [ -10991834.0606, 2242315.424199998378754 ], [ -10991685.1951, 2242183.820999998599291 ], [ -10991194.9634, 2241794.63569999858737 ], [ -10990202.7589, 2243305.3794 ], [ -10990068.8873, 2243546.945900000631809 ], [ -10990060.4525, 2243480.139400001615286 ], [ -10990122.3416, 2243296.836399998515844 ], [ -10990072.5351, 2243280.798000000417233 ], [ -10989908.3068, 2243804.269200000911951 ], [ -10989748.1724, 2244066.460499998182058 ], [ -10989720.3961, 2244151.775699999183416 ], [ -10989354.3074, 2244698.931200001388788 ], [ -10988862.3698, 2245368.435899998992682 ], [ -10988790.7313, 2245430.727000001817942 ], [ -10988783.5556, 2245426.410599999129772 ], [ -10987210.4956, 2247565.9485 ], [ -10986924.991, 2247991.519799999892712 ], [ -10986775.7606, 2248177.00730000063777 ], [ -10985722.6182, 2249692.197700001299381 ], [ -10985115.968, 2249212.936799999326468 ], [ -10984928.9347, 2249044.268800001591444 ], [ -10983049.4776, 2250585.447500001639128 ], [ -10982443.2627, 2250089.387200001627207 ], [ -10982381.3436, 2250066.124499998986721 ], [ -10982032.8124, 2249822.697500001639128 ], [ -10981708.8691, 2249519.97859999909997 ], [ -10981463.2706, 2249749.342399999499321 ], [ -10981152.7684, 2250013.852899998426437 ], [ -10980923.9945, 2250232.559399999678135 ], [ -10980528.3059, 2250639.590599998831749 ], [ -10980546.7282, 2250655.181800000369549 ], [ -10980543.786, 2250768.788199998438358 ], [ -10980816.7191, 2250850.177999999374151 ], [ -10980799.9668, 2250951.594700001180172 ], [ -10981037.2955, 2251061.462600000202656 ], [ -10981046.4515, 2251080.4879 ], [ -10980966.3258, 2251426.446199998259544 ], [ -10981136.6303, 2251451.840500000864267 ], [ -10981166.2122, 2251469.82490000128746 ], [ -10981370.1842, 2251528.065900001674891 ], [ -10981285.1962, 2251666.037799999117851 ], [ -10981377.5144, 2251716.188999999314547 ], [ -10981333.048, 2251823.91499999910593 ], [ -10981544.6274, 2251921.715900000184774 ], [ -10981520.1503, 2252034.49210000038147 ], [ -10981696.7153, 2252124.917199999094009 ], [ -10981660.5032, 2252224.868700001388788 ], [ -10981955.5208, 2252357.765599999576807 ], [ -10981922.4246, 2252463.542500000447035 ], [ -10982008.0482, 2252489.223299998790026 ], [ -10982275.1069, 2252613.068399999290705 ], [ -10982181.0508, 2252678.234299998730421 ], [ -10982431.6155, 2253013.511199999600649 ], [ -10982661.941, 2253260.070700000971556 ], [ -10982673.0674, 2253293.849199999123812 ], [ -10982756.4458, 2253365.297800000756979 ], [ -10982871.6715, 2253498.34010000154376 ], [ -10982916.2438, 2253453.357700001448393 ], [ -10982990.4304, 2253477.076699998229742 ], [ -10983026.3186, 2253500.176600001752377 ], [ -10983051.8076, 2253495.579100001603365 ], [ -10983133.8466, 2253517.610599998384714 ], [ -10983225.3067, 2253524.791400000452995 ], [ -10983257.0807, 2253518.71339999884367 ], [ -10983305.8485, 2253481.114399999380112 ], [ -10983324.8809, 2253530.235100001096725 ], [ -10983363.1593, 2253540.645599998533726 ], [ -10983455.02, 2253470.624699998646975 ], [ -10983512.8394, 2253449.7364999987185 ], [ -10983645.7381, 2253461.617800001055002 ], [ -10983671.6255, 2253457.335200000554323 ], [ -10983720.193, 2253425.774000000208616 ], [ -10983788.7503, 2253409.331799998879433 ], [ -10983882.1462, 2253426.810699999332428 ], [ -10983989.0898, 2253370.82880000025034 ], [ -10984122.7076, 2253247.771600000560284 ], [ -10984261.6856, 2253213.451099999248981 ], [ -10984320.7874, 2253164.150199998170137 ], [ -10984371.1962, 2253160.541000001132488 ], [ -10984397.2294, 2253186.348099999129772 ], [ -10984427.6195, 2253186.490200001746416 ], [ -10984378.8159, 2252868.403200000524521 ], [ -10984331.0989, 2252767.681600000709295 ], [ -10984304.1273, 2252663.073100000619888 ], [ -10984311.6459, 2252521.9474 ], [ -10984340.6022, 2252419.0077 ], [ -10984368.8384, 2252235.179999999701977 ], [ -10984370.0573, 2252162.331399999558926 ], [ -10984348.1375, 2252069.203200001269579 ], [ -10984277.0476, 2251895.247699998319149 ], [ -10984342.4179, 2251805.500399999320507 ], [ -10984276.3552, 2251779.264499999582767 ], [ -10984236.514, 2251657.234200000762939 ], [ -10984169.9149, 2251331.887699998915195 ], [ -10984347.8557, 2251011.651399999856949 ], [ -10984430.5284, 2251101.096599999815226 ], [ -10984548.2052, 2250913.131000000983477 ], [ -10984631.9733, 2250984.933699999004602 ], [ -10984696.6164, 2250914.753199998289347 ], [ -10984829.091, 2251036.995299998670816 ], [ -10984857.0568, 2251019.273800000548363 ], [ -10984896.0541, 2251043.415699999779463 ], [ -10984904.5367, 2251089.140000000596046 ], [ -10985641.2591, 2251814.479200001806021 ], [ -10985794.9557, 2251978.255199998617172 ], [ -10986001.8474, 2252166.604200001806021 ], [ -10986341.2427, 2252524.183899998664856 ], [ -10986971.1664, 2253153.192099999636412 ], [ -10986947.5766, 2253192.63060000166297 ], [ -10986084.4754, 2253969.229899998754263 ], [ -10984887.4536, 2255074.638399999588728 ], [ -10984771.6859, 2255223.773299999535084 ], [ -10984098.9555, 2255702.877500001341105 ], [ -10984113.142, 2255769.618700001388788 ], [ -10984072.225, 2255882.343299999833107 ], [ -10984141.0909, 2255938.0581 ], [ -10984126.3979, 2256076.40430000051856 ], [ -10984170.8366, 2256100.848400000482798 ], [ -10984135.8556, 2256279.264800000935793 ], [ -10984173.152, 2256527.056699998676777 ], [ -10984122.3414, 2256566.9662000015378 ], [ -10984174.4791, 2256645.4945 ], [ -10984137.3696, 2256678.437600001692772 ], [ -10984190.1461, 2256788.864399999380112 ], [ -10984223.2237, 2256775.982099998742342 ], [ -10984231.3671, 2256810.324499998241663 ], [ -10984413.5213, 2256739.838199999183416 ], [ -10984550.588, 2256662.818599998950958 ], [ -10984582.515, 2256615.500799998641014 ], [ -10984712.7043, 2256567.308200001716614 ], [ -10985101.3774, 2256530.467700000852346 ], [ -10985183.1527, 2256382.151000000536442 ], [ -10985245.0274, 2256099.161899998784065 ], [ -10985343.819, 2256008.44649999961257 ], [ -10985279.5554, 2255962.010800000280142 ], [ -10985352.2704, 2255855.496899999678135 ], [ -10985461.5328, 2255752.311599999666214 ], [ -10985559.7667, 2255558.198399998247623 ], [ -10985560.1094, 2255480.079700000584126 ], [ -10985535.5646, 2255351.653200000524521 ], [ -10985604.8644, 2255334.779699999839067 ], [ -10985809.927, 2255331.688499998301268 ], [ -10985862.8128, 2255345.214899998158216 ], [ -10986023.5103, 2255421.971999999135733 ], [ -10986517.6285, 2255737.884199999272823 ], [ -10987006.7351, 2256167.778000000864267 ], [ -10987025.7452, 2256157.663400001823902 ], [ -10987136.5203, 2256266.33669999986887 ], [ -10987227.701, 2256085.137800000607967 ], [ -10987279.7885, 2256047.777499999850988 ], [ -10987540.4798, 2256287.778400000184774 ], [ -10987585.5944, 2256211.770300000905991 ], [ -10987343.7194, 2255987.43129999935627 ], [ -10987413.6813, 2255941.197900000959635 ], [ -10987627.927, 2256140.455299999564886 ], [ -10987745.7385, 2255930.359000001102686 ], [ -10987614.3716, 2255807.023400001227856 ], [ -10987791.895, 2255776.4358000010252 ], [ -10988138.5237, 2255950.539700001478195 ], [ -10988263.4633, 2255717.327300000935793 ], [ -10988486.7467, 2255873.916499998420477 ], [ -10988572.0888, 2255788.873700000345707 ], [ -10988660.9306, 2255719.776099998503923 ], [ -10988803.897, 2255921.050200000405312 ], [ -10988816.9693, 2255910.499000001698732 ], [ -10989022.9504, 2256120.530099999159575 ], [ -10989092.0698, 2256261.171399999409914 ], [ -10989140.397, 2256292.739900000393391 ], [ -10989194.3447, 2256504.819400001317263 ], [ -10989297.9797, 2256730.002500001341105 ], [ -10989319.2862, 2256724.230099998414516 ], [ -10989434.3394, 2256749.204199999570847 ] ] ] ] } },
{ "type": "Feature", "properties": { "OBJECTID": 729, "ID": "15065", "NAME": "Otumba", "TOTPOP_CY": 37227, "AREA": 141.91, "Shape__Area": 160851602.22399691, "Shape__Length": 83884.844753956597, "metro_only_count": 0.0, "bus_only_count": 27.0, "bus_metro_count": 8.0, "n_cat": "2", "label_range": "0 – 0" }, "geometry": { "type": "MultiPolygon", "coordinates": [ [ [ [ -10991939.8073, 2238783.790399998426437 ], [ -10992047.8839, 2238774.167399998754263 ], [ -10992191.7008, 2238803.804099999368191 ], [ -10992275.273, 2238801.3882 ], [ -10992396.7201, 2238751.2654 ], [ -10992495.6608, 2238764.362300001084805 ], [ -10992603.8359, 2238838.334800001233816 ], [ -10992640.8596, 2238826.589200001209974 ], [ -10992748.8628, 2238861.25959999859333 ], [ -10993066.2881, 2239009.672699999064207 ], [ -10993142.66, 2239108.470100000500679 ], [ -10993190.3993, 2239131.228399999439716 ], [ -10993208.8439, 2239157.574499998241663 ], [ -10993254.948, 2239161.064100001007318 ], [ -10993274.0704, 2239147.516100000590086 ], [ -10993327.8943, 2239175.068599998950958 ], [ -10993428.7131, 2239181.532000001519918 ], [ -10993486.941, 2239227.264199998229742 ], [ -10993534.6371, 2239247.4923 ], [ -10993642.3721, 2239228.806200001388788 ], [ -10993719.2616, 2239134.661200001835823 ], [ -10994139.0344, 2239384.240600001066923 ], [ -10994520.871, 2238989.123100001364946 ], [ -10994617.7802, 2238764.318500000983477 ], [ -10994625.7618, 2238660.407499998807907 ], [ -10994636.2392, 2238665.7652000002563 ], [ -10994668.7322, 2238596.353100001811981 ], [ -10994655.4663, 2238587.783900000154972 ], [ -10994726.9523, 2238456.714999999850988 ], [ -10994495.4701, 2238315.915399998426437 ], [ -10994651.4709, 2238277.451400000602007 ], [ -10994544.6077, 2237882.561999998986721 ], [ -10994368.5793, 2237799.966499999165535 ], [ -10994420.7156, 2237779.844099998474121 ], [ -10994477.1347, 2237776.815000001341105 ], [ -10994841.2797, 2237297.670400001108646 ], [ -10994856.0519, 2237251.508099999278784 ], [ -10994800.1594, 2237096.381999999284744 ], [ -10994841.0014, 2237007.5625 ], [ -10994836.6777, 2236977.699400000274181 ], [ -10995152.698, 2236928.666999999433756 ], [ -10995242.0775, 2236444.530999999493361 ], [ -10995851.8047, 2236588.212000001221895 ], [ -10995815.0579, 2236705.556499999016523 ], [ -10995545.3632, 2236706.652300000190735 ], [ -10995564.8029, 2236720.257599998265505 ], [ -10995389.0639, 2236895.437699999660254 ], [ -10995336.4732, 2236978.357799999415874 ], [ -10995470.162, 2237056.886799998581409 ], [ -10995434.7372, 2237125.962799999862909 ], [ -10995456.3398, 2237225.063900001347065 ], [ -10995521.119, 2237258.382100000977516 ], [ -10995462.9322, 2237340.22690000012517 ], [ -10995428.0738, 2237450.60190000012517 ], [ -10995527.7611, 2237492.479200001806021 ], [ -10995608.6606, 2237454.240299999713898 ], [ -10995724.0811, 2237508.043099999427795 ], [ -10995705.238, 2237563.9298 ], [ -10995825.049, 2237616.246899999678135 ], [ -10995774.4153, 2237794.17850000038743 ], [ -10995787.1247, 2237815.107299998402596 ], [ -10995883.7109, 2237839.479400001466274 ], [ -10995901.3885, 2237886.454599998891354 ], [ -10996291.5979, 2238202.978799998760223 ], [ -10996495.0197, 2238281.982900001108646 ], [ -10996868.7904, 2238260.31810000166297 ], [ -10997004.9075, 2238300.529500000178814 ], [ -10996993.308, 2238263.770599998533726 ], [ -10996999.4083, 2238254.384399998933077 ], [ -10997098.4167, 2238298.832499999552965 ], [ -10997098.0853, 2238270.978799998760223 ], [ -10997286.2987, 2237841.0592 ], [ -10997506.6139, 2237916.333999998867512 ], [ -10997559.4957, 2237781.374200001358986 ], [ -10997791.6669, 2237869.995400000363588 ], [ -10998129.6828, 2237204.036200001835823 ], [ -10998785.5228, 2235828.505399998277426 ], [ -10998376.2712, 2235604.012699998915195 ], [ -10997614.954, 2235771.523600000888109 ], [ -10996818.4585, 2235621.3260000012815 ], [ -10997412.1654, 2234284.19310000166297 ], [ -10997714.5571, 2233419.467099998146296 ], [ -10997768.5025, 2233412.284400001168251 ], [ -10997850.0273, 2233452.206599999219179 ], [ -10997895.0293, 2233454.023499999195337 ], [ -10997997.0057, 2233494.00730000063777 ], [ -10998059.9904, 2233489.1404 ], [ -10998089.6826, 2233497.250100001692772 ], [ -10998284.7856, 2233030.309300001710653 ], [ -10998388.6667, 2232834.3114 ], [ -10998742.1228, 2232741.790399998426437 ], [ -10999486.4294, 2233094.073100000619888 ], [ -10999714.1823, 2233250.2972999997437 ], [ -10999962.967, 2232836.25 ], [ -10999935.6904, 2232837.353000000119209 ], [ -10999858.1931, 2232777.342300001531839 ], [ -10999876.9893, 2232751.658500000834465 ], [ -10999874.6794, 2232573.496599998325109 ], [ -10999863.5965, 2232549.8429000005126 ], [ -10999846.3319, 2232547.397300001233816 ], [ -10999713.7638, 2232628.630699999630451 ], [ -10999699.2955, 2232628.170699998736382 ], [ -10999588.0384, 2232505.304299999028444 ], [ -10999427.8875, 2232424.151799999177456 ], [ -10999396.0724, 2232377.069600000977516 ], [ -10999250.6047, 2232336.195599999278784 ], [ -10999207.5195, 2232294.484900001436472 ], [ -10999205.9594, 2232268.270599998533726 ], [ -10999228.7703, 2232215.822799999266863 ], [ -10999218.0037, 2232176.521499998867512 ], [ -10999136.6568, 2232107.292700000107288 ], [ -10999102.1856, 2232044.110399998724461 ], [ -10999102.2091, 2231994.020899999886751 ], [ -10999291.7983, 2231746.239999998360872 ], [ -10999405.3186, 2231620.905200000852346 ], [ -10999960.0216, 2230903.549699999392033 ], [ -10999745.3428, 2230726.75959999859333 ], [ -10999710.3639, 2230705.111900001764297 ], [ -10999689.8001, 2230726.698100000619888 ], [ -10999500.2733, 2230585.190999999642372 ], [ -10999510.5289, 2230568.945300001651049 ], [ -10999285.4955, 2230384.171599999070168 ], [ -10999327.6667, 2230330.011 ], [ -10999395.1707, 2230286.560199998319149 ], [ -10999423.0184, 2230239.1085 ], [ -10999550.0496, 2230162.945300001651049 ], [ -10999567.4856, 2230126.212999999523163 ], [ -10999601.6017, 2230137.284200001507998 ], [ -10999626.0107, 2230127.384300000965595 ], [ -10999630.823, 2230094.518199998885393 ], [ -10999610.4482, 2230072.554200001060963 ], [ -10999614.2786, 2230035.021299999207258 ], [ -10999632.691, 2230019.434599999338388 ], [ -10999662.293, 2230015.6217 ], [ -10999673.9938, 2229975.479800000786781 ], [ -10999718.6541, 2229945.287399999797344 ], [ -10999763.094, 2229933.007199998944998 ], [ -10999812.1758, 2229774.058800000697374 ], [ -10999876.0254, 2229761.919399999082088 ], [ -10999906.3488, 2229729.708700001239777 ], [ -10999932.382, 2229440.877099998295307 ], [ -10999953.9646, 2229426.346900001168251 ], [ -10999943.0119, 2229399.216499999165535 ], [ -10999892.9882, 2229369.261399999260902 ], [ -10999868.8319, 2229325.676899999380112 ], [ -10999890.7474, 2229113.01969999819994 ], [ -10999828.1769, 2229019.025299999862909 ], [ -10999725.7029, 2228956.4265 ], [ -10999667.1021, 2228953.435199998319149 ], [ -10999605.9209, 2228905.563799999654293 ], [ -10999531.4669, 2228762.554400000721216 ], [ -10999540.3871, 2228616.24269999936223 ], [ -10999748.934, 2228413.280999999493361 ], [ -10999961.8625, 2228169.473900001496077 ], [ -11000086.6195, 2228069.484200000762939 ], [ -11000134.1509, 2228018.004599999636412 ], [ -11000196.0978, 2227863.807799998670816 ], [ -10999866.8917, 2227665.006999999284744 ], [ -10999660.7043, 2227517.93299999833107 ], [ -10999485.6068, 2227452.590599998831749 ], [ -10999390.6848, 2227446.8783 ], [ -10999182.5694, 2227459.991900000721216 ], [ -10999072.5313, 2227478.824400000274181 ], [ -10998412.4605, 2227539.732599999755621 ], [ -10998322.9726, 2227523.342000000178814 ], [ -10997492.5694, 2227068.735199999064207 ], [ -10997419.0416, 2227163.416400000452995 ], [ -10997417.2684, 2227233.898699998855591 ], [ -10997355.7676, 2227252.779699999839067 ], [ -10997327.6038, 2227304.274999998509884 ], [ -10997268.7235, 2227350.390900000929832 ], [ -10997248.1674, 2227396.287399999797344 ], [ -10997157.4219, 2227463.99210000038147 ], [ -10997106.1423, 2227482.883900001645088 ], [ -10997070.0371, 2227482.839999999850988 ], [ -10996695.7077, 2227305.620900001376867 ], [ -10996502.2555, 2227240.230200000107288 ], [ -10996062.3287, 2227247.402699999511242 ], [ -10995997.5784, 2227263.334499999880791 ], [ -10995943.6716, 2227244.314899999648333 ], [ -10995917.2916, 2227246.94649999961257 ], [ -10995890.2364, 2227284.825500000268221 ], [ -10995841.6566, 2227317.334600001573563 ], [ -10995783.3775, 2227338.884100001305342 ], [ -10995739.5832, 2227390.354800000786781 ], [ -10995706.0327, 2227449.850999999791384 ], [ -10995713.4143, 2227512.337400000542402 ], [ -10995686.4662, 2227522.98030000180006 ], [ -10995666.5766, 2227520.296300001442432 ], [ -10995623.4525, 2227479.6435999982059 ], [ -10995601.8945, 2227476.678399998694658 ], [ -10995561.9326, 2227493.020599998533726 ], [ -10995555.9863, 2227520.139400001615286 ], [ -10995539.9062, 2227532.284499999135733 ], [ -10995301.0803, 2227478.909600000828505 ], [ -10995221.5724, 2227505.223099999129772 ], [ -10995186.1318, 2227491.560400001704693 ], [ -10995155.3017, 2227520.951099999248981 ], [ -10995128.5884, 2227462.743000000715256 ], [ -10995046.467, 2227498.260000001639128 ], [ -10995026.0253, 2227494.16160000115633 ], [ -10994770.8601, 2227854.099500000476837 ], [ -10994756.8037, 2227850.031500000506639 ], [ -10994737.4596, 2227865.997699998319149 ], [ -10994724.8217, 2227916.032800000160933 ], [ -10994473.0307, 2228258.169599998742342 ], [ -10994376.6064, 2228167.822900000959635 ], [ -10994317.7473, 2228145.303399998694658 ], [ -10994211.6087, 2228072.274500001221895 ], [ -10994219.4299, 2228051.8114 ], [ -10994143.5334, 2227973.293400000780821 ], [ -10994090.8175, 2227953.606199998408556 ], [ -10994042.2137, 2227909.796399999409914 ], [ -10993845.9095, 2227823.109000001102686 ], [ -10993802.1455, 2227809.633000001311302 ], [ -10993778.1417, 2227817.874899998307228 ], [ -10993762.9442, 2227806.052299998700619 ], [ -10993611.6155, 2227860.977299999445677 ], [ -10993551.3004, 2227840.1919 ], [ -10993533.5579, 2227844.832899998873472 ], [ -10993501.5204, 2227817.917500000447035 ], [ -10993442.0157, 2227832.51630000025034 ], [ -10993414.8429, 2227813.467000000178814 ], [ -10993383.2368, 2227814.75620000064373 ], [ -10993298.6475, 2227842.946800000965595 ], [ -10993262.3241, 2227876.200599998235703 ], [ -10993263.6006, 2227836.861699998378754 ], [ -10993241.1607, 2227852.376800000667572 ], [ -10993133.9502, 2228067.809599999338388 ], [ -10993138.6357, 2228153.076099999248981 ], [ -10993107.2303, 2228205.89640000090003 ], [ -10993106.9041, 2228233.555700000375509 ], [ -10993081.3283, 2228285.596000000834465 ], [ -10992947.6572, 2228458.537900000810623 ], [ -10992864.7074, 2228605.6864 ], [ -10992805.7659, 2228661.596000000834465 ], [ -10992811.3619, 2228704.977899998426437 ], [ -10992777.1825, 2228735.825500000268221 ], [ -10992741.6347, 2228862.196699999272823 ], [ -10992497.4655, 2228991.293099999427795 ], [ -10991217.5641, 2227741.914000000804663 ], [ -10990955.1451, 2227553.099199999123812 ], [ -10990833.9537, 2227491.623199999332428 ], [ -10990480.8161, 2227352.460299998521805 ], [ -10990169.1148, 2227275.412799999117851 ], [ -10990342.5805, 2227066.2445 ], [ -10990406.9061, 2226962.864799998700619 ], [ -10989531.0158, 2226345.282000001519918 ], [ -10989447.7644, 2226002.787399999797344 ], [ -10988854.5328, 2225991.356800001114607 ], [ -10988579.3244, 2225936.952399998903275 ], [ -10988156.3759, 2225813.499299999326468 ], [ -10987930.6368, 2226492.653999999165535 ], [ -10987886.7392, 2226481.842399999499321 ], [ -10987740.863, 2226589.783599998801947 ], [ -10987675.4691, 2226684.378400001674891 ], [ -10987647.1838, 2226773.767900001257658 ], [ -10987195.3972, 2227051.972600001841784 ], [ -10987181.3064, 2227035.2804000005126 ], [ -10986696.8082, 2226854.92680000141263 ], [ -10986424.8403, 2226849.087699998170137 ], [ -10985177.934, 2225579.911699999123812 ], [ -10985160.9667, 2225502.492199998348951 ], [ -10984805.1474, 2225701.713799998164177 ], [ -10984492.1102, 2225652.083999998867512 ], [ -10984408.0673, 2225654.733199998736382 ], [ -10984328.5919, 2225625.496500000357628 ], [ -10984252.6241, 2225565.066700000315905 ], [ -10984206.3219, 2225549.771299999207258 ], [ -10984209.3755, 2225529.47749999910593 ], [ -10984178.4787, 2225512.30460000038147 ], [ -10984161.9366, 2225512.272799998521805 ], [ -10984138.6274, 2225545.730000000447035 ], [ -10984064.3807, 2225559.945300001651049 ], [ -10983999.5638, 2225540.019099999219179 ], [ -10983918.5233, 2225542.752399999648333 ], [ -10983923.0306, 2225520.533599998801947 ], [ -10983903.5774, 2225525.901999998837709 ], [ -10983871.1969, 2225554.506299998611212 ], [ -10983831.1809, 2225639.105799999088049 ], [ -10983833.2581, 2225687.505300000309944 ], [ -10983732.9193, 2225867.272700000554323 ], [ -10983670.5546, 2225955.924199998378754 ], [ -10983517.9834, 2226058.275600001215935 ], [ -10983515.5165, 2226227.13459999859333 ], [ -10983497.2257, 2226229.4518 ], [ -10983474.4441, 2226387.92509999871254 ], [ -10983393.2655, 2226437.552000001072884 ], [ -10982975.3923, 2226900.207299999892712 ], [ -10982995.9917, 2227086.869600001722574 ], [ -10983129.5887, 2227240.385499998927116 ], [ -10983205.6923, 2227306.482500001788139 ], [ -10983163.8317, 2227333.899399999529123 ], [ -10983241.5772, 2227445.921700000762939 ], [ -10983206.8754, 2227484.032699998468161 ], [ -10983301.3011, 2227578.733199998736382 ], [ -10983335.7335, 2227646.885400000959635 ], [ -10983420.5076, 2227727.418099999427795 ], [ -10983542.8789, 2227789.334699999541044 ], [ -10983580.2256, 2227827.856199998408556 ], [ -10983662.8481, 2227851.5135000012815 ], [ -10983746.824, 2227971.162799999117851 ], [ -10983780.8022, 2228068.813099998980761 ], [ -10983797.5256, 2228244.531300000846386 ], [ -10983884.4049, 2228350.684000000357628 ], [ -10983904.7073, 2228472.227200001478195 ], [ -10983955.2832, 2228639.204599998891354 ], [ -10983985.0958, 2228660.622000001370907 ], [ -10984049.0208, 2228650.0658 ], [ -10984073.2561, 2228678.951200000941753 ], [ -10984160.8469, 2228676.982500001788139 ], [ -10984115.4084, 2228737.773200001567602 ], [ -10984096.2581, 2228744.698800001293421 ], [ -10984140.5222, 2228815.040500000119209 ], [ -10984113.8823, 2228854.880800001323223 ], [ -10984121.1234, 2229016.543299999088049 ], [ -10984134.0968, 2229083.150100000202656 ], [ -10984196.5415, 2229258.133299998939037 ], [ -10984185.3595, 2229420.606499999761581 ], [ -10984059.0896, 2229620.093600001186132 ], [ -10984083.0758, 2229918.158700000494719 ], [ -10984120.8753, 2230045.837799999862909 ], [ -10983944.4285, 2230284.816799998283386 ], [ -10983813.2017, 2230490.101100001484156 ], [ -10983786.151, 2230565.437100000679493 ], [ -10983833.8436, 2230704.986400000751019 ], [ -10983825.1829, 2230747.031800001859665 ], [ -10983768.8275, 2230804.708799999207258 ], [ -10983709.4741, 2230837.5016999989748 ], [ -10983630.4852, 2230947.218299999833107 ], [ -10983641.1342, 2230980.3412000015378 ], [ -10983832.9086, 2231266.493999999016523 ], [ -10983874.511, 2231442.556499999016523 ], [ -10983895.7728, 2231600.956199999898672 ], [ -10983880.2659, 2231625.495200000703335 ], [ -10983940.2684, 2231758.869100000709295 ], [ -10983978.2918, 2232002.494899999350309 ], [ -10983971.5703, 2232152.427499998360872 ], [ -10983931.4774, 2232275.160700000822544 ], [ -10983921.4452, 2232481.726199999451637 ], [ -10983900.259, 2232639.964499998837709 ], [ -10983696.9619, 2232619.65260000154376 ], [ -10983745.4716, 2232690.2522 ], [ -10983742.3234, 2232703.332100000232458 ], [ -10983553.9919, 2232864.003600001335144 ], [ -10983604.5646, 2232898.82149999961257 ], [ -10983646.7757, 2232954.380800001323223 ], [ -10983570.6008, 2233023.054699998348951 ], [ -10983497.4118, 2233064.547200001776218 ], [ -10983425.6627, 2233017.731699999421835 ], [ -10983527.696, 2232903.209600001573563 ], [ -10983472.1422, 2232873.187600001692772 ], [ -10983392.7612, 2232771.548599999397993 ], [ -10983356.6617, 2232838.243000000715256 ], [ -10983396.5873, 2232883.988499999046326 ], [ -10983377.9112, 2232986.5757 ], [ -10983350.8027, 2232968.887699998915195 ], [ -10983308.9876, 2232882.706799998879433 ], [ -10983302.0481, 2232844.371199999004602 ], [ -10982886.3089, 2233302.190600000321865 ], [ -10982746.0809, 2233525.983399998396635 ], [ -10982707.3127, 2233631.400600001215935 ], [ -10982703.735, 2233726.47239999845624 ], [ -10982752.1386, 2233919.934399999678135 ], [ -10983029.656, 2234117.597300000488758 ], [ -10983118.7807, 2234159.172499999403954 ], [ -10983218.5418, 2234225.339899998158216 ], [ -10983269.1967, 2234285.536100000143051 ], [ -10983320.1131, 2234310.547800000756979 ], [ -10983353.243, 2234290.491799999028444 ], [ -10983796.6283, 2234382.878499999642372 ], [ -10984272.605, 2234427.904100000858307 ], [ -10984350.2872, 2234401.6554000005126 ], [ -10984401.6654, 2234510.763900000602007 ], [ -10984591.3038, 2234713.316700000315905 ], [ -10984663.6138, 2234770.8794 ], [ -10984770.606, 2234983.688999999314547 ], [ -10984858.7867, 2235074.135299999266863 ], [ -10984887.5439, 2235171.946600001305342 ], [ -10985002.9487, 2235295.29839999973774 ], [ -10985017.6765, 2235330.583999998867512 ], [ -10985130.0342, 2235489.186599999666214 ], [ -10985231.3228, 2235563.365800000727177 ], [ -10985394.9248, 2235608.277199998497963 ], [ -10985444.1625, 2235654.847300000488758 ], [ -10985510.3685, 2235783.181000001728535 ], [ -10985562.0877, 2235848.719000000506639 ], [ -10985696.1465, 2235939.517200000584126 ], [ -10985943.9045, 2236141.229600001126528 ], [ -10985991.4879, 2236193.404899999499321 ], [ -10986062.561, 2236317.891699999570847 ], [ -10986147.3175, 2236352.634199999272823 ], [ -10986175.6549, 2236387.901900000870228 ], [ -10986252.1293, 2236415.693799998611212 ], [ -10986281.3228, 2236447.491300001740456 ], [ -10986356.9275, 2236469.670899998396635 ], [ -10986391.4446, 2236464.0713 ], [ -10986441.9614, 2236486.515500001609325 ], [ -10986471.1783, 2236463.820700000971556 ], [ -10986573.0032, 2236470.245400000363588 ], [ -10986640.2614, 2236449.692800000309944 ], [ -10986790.4649, 2236462.003400001674891 ], [ -10986853.1278, 2236528.788899999111891 ], [ -10986919.8358, 2236567.265900000929832 ], [ -10986950.166, 2236605.464699998497963 ], [ -10986967.6154, 2236612.153200000524521 ], [ -10987022.9912, 2236602.27250000089407 ], [ -10987071.9696, 2236693.370900001376867 ], [ -10987108.6125, 2236690.969700001180172 ], [ -10987106.0779, 2236724.899599999189377 ], [ -10987137.3441, 2236751.080299999564886 ], [ -10987184.3477, 2236736.13060000166297 ], [ -10987370.7478, 2236763.129700001329184 ], [ -10987486.1081, 2236878.547699999064207 ], [ -10987541.4696, 2236888.966600000858307 ], [ -10987543.6637, 2236898.053100001066923 ], [ -10987665.8634, 2236952.823899999260902 ], [ -10987725.6788, 2237004.387800000607967 ], [ -10987845.355, 2237057.81810000166297 ], [ -10987870.5745, 2237092.82319999858737 ], [ -10988002.8822, 2237120.344099998474121 ], [ -10988017.5541, 2237136.642000000923872 ], [ -10988051.1347, 2237139.317699998617172 ], [ -10988073.6413, 2237127.037599999457598 ], [ -10988234.8207, 2237260.0777000002563 ], [ -10988324.1736, 2237264.08839999884367 ], [ -10988331.5329, 2237283.857799999415874 ], [ -10988343.0122, 2237272.903000000864267 ], [ -10988395.3413, 2237293.476599998772144 ], [ -10988450.9598, 2237291.883900001645088 ], [ -10988540.444, 2237331.155600000172853 ], [ -10988564.8107, 2237330.62950000166893 ], [ -10988628.8693, 2237420.387299999594688 ], [ -10988779.7597, 2237413.9857 ], [ -10989073.5241, 2237472.76969999819994 ], [ -10989098.7402, 2237453.268500000238419 ], [ -10989280.5149, 2237398.778999999165535 ], [ -10989425.8243, 2237396.915600001811981 ], [ -10989458.4902, 2237400.656500000506639 ], [ -10989599.3006, 2237505.101199999451637 ], [ -10989729.4108, 2237496.286400001496077 ], [ -10989779.7315, 2237526.214000001549721 ], [ -10989871.4689, 2237468.514199998229742 ], [ -10989951.2038, 2237483.19819999858737 ], [ -10990032.3287, 2237566.011399999260902 ], [ -10990059.749, 2237641.880199998617172 ], [ -10990130.1084, 2237668.322500001639128 ], [ -10990134.6404, 2237762.884700000286102 ], [ -10990464.5907, 2238094.1316 ], [ -10990561.7766, 2238108.285500001162291 ], [ -10990650.6062, 2238157.698399998247623 ], [ -10990806.2565, 2238311.036499999463558 ], [ -10990891.3758, 2238349.371599998325109 ], [ -10990916.6008, 2238392.689599998295307 ], [ -10990934.9107, 2238400.998700000345707 ], [ -10991004.542, 2238365.845800001174212 ], [ -10991044.9589, 2238379.534699998795986 ], [ -10991237.2408, 2238450.629900000989437 ], [ -10991369.5632, 2238516.0757 ], [ -10991514.3742, 2238606.564899999648333 ], [ -10991658.7612, 2238564.491700001060963 ], [ -10991778.2705, 2238685.499800000339746 ], [ -10991783.9834, 2238729.044100001454353 ], [ -10991809.2085, 2238751.747699998319149 ], [ -10991939.8073, 2238783.790399998426437 ] ] ], [ [ [ -10997429.5735, 2239747.774099998176098 ], [ -10997377.5707, 2240046.040199998766184 ], [ -10996783.8648, 2240350.155499998480082 ], [ -10996687.7332, 2240413.917700000107288 ], [ -10996859.257, 2240545.688000001013279 ], [ -10996718.1654, 2240705.14750000089407 ], [ -10996847.4984, 2240831.986600000411272 ], [ -10997262.1902, 2241194.281700000166893 ], [ -10997250.1153, 2241260.467799998819828 ], [ -10997274.2384, 2241283.310400001704693 ], [ -10997417.7882, 2241407.320700000971556 ], [ -10997437.4773, 2241365.662200000137091 ], [ -10997456.2458, 2241370.39640000090003 ], [ -10997540.6571, 2241449.541299998760223 ], [ -10997683.9988, 2241616.047600001096725 ], [ -10997774.6486, 2241811.07209999859333 ], [ -10997804.4227, 2241843.985800001770258 ], [ -10997858.7358, 2241949.121800001710653 ], [ -10997879.0337, 2241770.784600000828505 ], [ -10998296.2715, 2242152.29280000180006 ], [ -10998370.987, 2242009.511900000274181 ], [ -10998240.1164, 2241892.592500001192093 ], [ -10998350.2889, 2241797.832400001585484 ], [ -10998293.2764, 2241716.306400001049042 ], [ -10998351.1354, 2241643.168299999088049 ], [ -10998442.975, 2241575.41160000115633 ], [ -10998516.9135, 2241543.16780000180006 ], [ -10998533.6437, 2241545.8607 ], [ -10998555.1651, 2241575.544100001454353 ], [ -10998596.4946, 2241692.353900000452995 ], [ -10998633.6207, 2241743.965300001204014 ], [ -10998719.4736, 2241689.825500000268221 ], [ -10998897.0818, 2241611.478000000119209 ], [ -10998727.3194, 2241215.043999999761581 ], [ -10998582.7982, 2241247.456999998539686 ], [ -10998591.5063, 2241157.975000001490116 ], [ -10998570.0696, 2241026.307700000703335 ], [ -10998450.1208, 2240976.776599999517202 ], [ -10998458.6388, 2240906.222699999809265 ], [ -10998503.8277, 2240819.390700001269579 ], [ -10998493.7388, 2240816.417700000107288 ], [ -10998493.345, 2240788.958700001239777 ], [ -10998506.701, 2240741.505699999630451 ], [ -10998492.9574, 2240730.278099998831749 ], [ -10998521.139, 2240677.570799998939037 ], [ -10998525.8657, 2240608.416900001466274 ], [ -10998484.6363, 2240559.158900000154972 ], [ -10998475.7908, 2240519.244100000709295 ], [ -10998291.8523, 2240409.818900000303984 ], [ -10998300.4018, 2240344.467199999839067 ], [ -10998248.3396, 2240259.367499999701977 ], [ -10998249.9213, 2240179.155099999159575 ], [ -10998279.6436, 2240098.965500000864267 ], [ -10998278.8356, 2240035.666700001806021 ], [ -10998298.657, 2239919.911200001835823 ], [ -10998389.83, 2239725.330699998885393 ], [ -10998412.7214, 2239652.7993 ], [ -10998502.1358, 2239480.556400001049042 ], [ -10998486.3663, 2239302.620799999684095 ], [ -10998184.5424, 2238758.389600001275539 ], [ -10998122.259, 2238772.42680000141263 ], [ -10997966.2537, 2238845.438000001013279 ], [ -10997887.5253, 2238839.733600001782179 ], [ -10997834.0952, 2238847.9507 ], [ -10997715.3519, 2238912.723600000143051 ], [ -10997702.7327, 2239026.515900000929832 ], [ -10997513.0275, 2239538.956599999219179 ], [ -10997446.9538, 2239677.264199998229742 ], [ -10997429.5735, 2239747.774099998176098 ] ] ] ] } },
{ "type": "Feature", "properties": { "OBJECTID": 732, "ID": "15068", "NAME": "Ozumba", "TOTPOP_CY": 31543, "AREA": 47.38, "Shape__Area": 53296789.733627602, "Shape__Length": 54472.190879288151, "metro_only_count": 0.0, "bus_only_count": 88.0, "bus_metro_count": 2.0, "n_cat": "2", "label_range": "0 – 0" }, "geometry": { "type": "MultiPolygon", "coordinates": [ [ [ [ -10997078.4864, 2158520.170499999076128 ], [ -10996985.1527, 2158535.994600001722574 ], [ -10996966.2706, 2158550.363699998706579 ], [ -10996939.9838, 2158586.5658 ], [ -10996925.894, 2158706.034099999815226 ], [ -10996862.8928, 2158739.480500001460314 ], [ -10996936.8602, 2158781.512600000947714 ], [ -10996914.0085, 2158819.617600001394749 ], [ -10996807.7875, 2158937.077199999243021 ], [ -10996683.1508, 2159025.560699999332428 ], [ -10996611.9319, 2159166.63569999858737 ], [ -10996459.2549, 2159349.293000001460314 ], [ -10996438.5886, 2159392.867899999022484 ], [ -10996464.3279, 2159401.170000001788139 ], [ -10996496.0104, 2159441.294599998742342 ], [ -10996515.6907, 2159648.165100000798702 ], [ -10996538.0893, 2159718.227899998426437 ], [ -10996515.7407, 2159725.908300001174212 ], [ -10996505.172, 2159793.477099999785423 ], [ -10996463.9047, 2159774.268899999558926 ], [ -10996434.8212, 2159787.82149999961257 ], [ -10996380.4942, 2159906.402800001204014 ], [ -10996396.2905, 2159965.758099999278784 ], [ -10996460.7744, 2160066.148800000548363 ], [ -10996453.6734, 2160085.031199999153614 ], [ -10996425.2013, 2160087.656100001186132 ], [ -10996403.0142, 2160114.502900000661612 ], [ -10996383.186, 2160108.890299998223782 ], [ -10996365.3814, 2160125.098299998790026 ], [ -10996344.4623, 2160119.485599998384714 ], [ -10996320.7836, 2160130.365800000727177 ], [ -10996285.9171, 2160119.413699999451637 ], [ -10996271.8888, 2160127.378100000321865 ], [ -10996269.6056, 2160151.587099999189377 ], [ -10996404.3812, 2160268.563700001686811 ], [ -10996419.8289, 2160293.062600001692772 ], [ -10996414.3509, 2160309.020899999886751 ], [ -10996315.3222, 2160346.415300000458956 ], [ -10996226.9478, 2160400.053199999034405 ], [ -10996141.6916, 2160472.585900001227856 ], [ -10996074.0106, 2160474.894200000911951 ], [ -10995997.0853, 2160493.423500001430511 ], [ -10995915.7399, 2160533.499800000339746 ], [ -10995899.5128, 2160557.692800000309944 ], [ -10996301.5733, 2160862.573300000280142 ], [ -10996650.9216, 2161106.1985 ], [ -10996710.6177, 2161214.895500000566244 ], [ -10996739.9272, 2161201.466099999845028 ], [ -10996788.5926, 2161239.331900000572205 ], [ -10996751.6746, 2161276.053199999034405 ], [ -10996877.7048, 2161379.209300000220537 ], [ -10997207.3053, 2161532.181800000369549 ], [ -10997489.8264, 2161732.723999999463558 ], [ -10997868.1212, 2161965.430500000715256 ], [ -10997934.7281, 2161886.10020000115037 ], [ -10998010.0491, 2162015.378199998289347 ], [ -10998036.7835, 2162093.183899998664856 ], [ -10998178.4454, 2162242.613800000399351 ], [ -10998132.4293, 2162450.210099998861551 ], [ -10997604.0224, 2162396.265000000596046 ], [ -10997493.0057, 2162915.089499998837709 ], [ -10997430.8982, 2163454.541299998760223 ], [ -10997460.2277, 2163514.61769999936223 ], [ -10997446.8314, 2163657.775800000876188 ], [ -10997527.7462, 2163741.50789999961853 ], [ -10997885.0707, 2163828.420699998736382 ], [ -10998435.9674, 2163829.692800000309944 ], [ -10999165.8449, 2163856.513000000268221 ], [ -11000311.9234, 2163814.617199998348951 ], [ -11000221.9596, 2164083.396600000560284 ], [ -11000028.7045, 2164570.340799998492002 ], [ -11000688.7109, 2164605.259100001305342 ], [ -11000745.9114, 2164495.984900001436472 ], [ -11000806.4937, 2164444.149599999189377 ], [ -11000880.1216, 2164413.777300000190735 ], [ -11001346.5336, 2164316.910900000482798 ], [ -11001457.7206, 2164249.040399998426437 ], [ -11001430.9939, 2163939.831599999219179 ], [ -11001292.0828, 2163697.991700001060963 ], [ -11001186.023, 2163407.28830000013113 ], [ -11001399.211, 2163376.6081000007689 ], [ -11001492.627, 2163381.33219999819994 ], [ -11001876.3596, 2163410.78660000115633 ], [ -11002289.0223, 2163470.782699998468161 ], [ -11002335.3824, 2163352.828200001269579 ], [ -11002215.9132, 2163206.21059999987483 ], [ -11002422.4175, 2163073.600900001823902 ], [ -11002547.9825, 2162970.837000001221895 ], [ -11002862.4991, 2162529.143500000238419 ], [ -11003042.8588, 2162454.136900000274181 ], [ -11002189.5682, 2161195.463300000876188 ], [ -11001929.4724, 2160731.750599998980761 ], [ -11001851.0725, 2160471.899500001221895 ], [ -11001816.8016, 2160413.384500000625849 ], [ -11001769.7479, 2160412.171599999070168 ], [ -11001709.9526, 2160340.595400001853704 ], [ -11001113.8568, 2160022.045800000429153 ], [ -11001091.1132, 2160023.223499998450279 ], [ -11000997.1105, 2159974.516100000590086 ], [ -11000926.9359, 2159935.46680000051856 ], [ -11000920.259, 2159918.581799998879433 ], [ -10999881.9899, 2159363.657400000840425 ], [ -10999855.9378, 2159367.378600001335144 ], [ -10999810.5094, 2159345.859099999070168 ], [ -10999109.5783, 2158948.051100000739098 ], [ -10999166.043, 2158934.032000001519918 ], [ -10999609.0044, 2158713.811900001019239 ], [ -10999394.3047, 2158700.997699998319149 ], [ -10999048.3527, 2158476.0724 ], [ -10998906.6463, 2158443.354100000113249 ], [ -10998880.2113, 2158398.954700000584126 ], [ -10998840.8367, 2158411.061700001358986 ], [ -10998855.1277, 2158367.31529999896884 ], [ -10998832.5163, 2158292.449799999594688 ], [ -10998822.797, 2158155.499699998646975 ], [ -10998840.5759, 2158078.017400000244379 ], [ -10998895.3517, 2157990.363600000739098 ], [ -10998925.5094, 2157650.142700001597404 ], [ -10999044.2083, 2157502.004200000315905 ], [ -10999123.9386, 2157428.242600001394749 ], [ -10999217.3936, 2157362.75789999961853 ], [ -10999263.9118, 2157298.161299999803305 ], [ -10999361.4598, 2157230.960400000214577 ], [ -10999394.4695, 2157185.237700000405312 ], [ -10999440.6603, 2157080.203899998217821 ], [ -10999495.7257, 2157023.597199998795986 ], [ -10999672.5944, 2156568.072500001639128 ], [ -10999706.6615, 2156519.690600000321865 ], [ -10999754.5991, 2156390.1864 ], [ -10999901.2035, 2156288.1886 ], [ -10999999.3995, 2156202.365699999034405 ], [ -11000032.3178, 2156170.211500000208616 ], [ -11000105.3846, 2156059.62220000103116 ], [ -11000292.5295, 2155903.9298 ], [ -11000448.1463, 2155713.088899999856949 ], [ -11000516.571, 2155670.063900001347065 ], [ -11000536.5674, 2155643.2162000015378 ], [ -11000580.6387, 2155532.598999999463558 ], [ -11000601.1615, 2155403.070700000971556 ], [ -11000559.724, 2155100.304999999701977 ], [ -11000514.1875, 2154865.104299999773502 ], [ -11000542.2924, 2154727.342399999499321 ], [ -11000534.7215, 2154632.901500001549721 ], [ -11000555.5604, 2154546.472199998795986 ], [ -11000633.8229, 2154360.616300001740456 ], [ -11000654.9, 2154330.845800001174212 ], [ -11000727.8744, 2154271.603999998420477 ], [ -11000746.879, 2154176.925999999046326 ], [ -11000800.8744, 2154047.439599998295307 ], [ -11001046.7602, 2153599.4879 ], [ -11001001.0747, 2153579.563900001347065 ], [ -11001026.0704, 2153501.379099998623133 ], [ -11001087.6946, 2153522.730799999088049 ], [ -11001107.9037, 2153485.760400000959635 ], [ -11001071.8193, 2153468.585400000214577 ], [ -11001101.3535, 2153416.740600001066923 ], [ -11001090.0089, 2153405.526200000196695 ], [ -11001101.2422, 2153359.872600000351667 ], [ -11001117.5817, 2153360.921500001102686 ], [ -11001120.0774, 2153340.422200001776218 ], [ -11001146.8018, 2153305.5016999989748 ], [ -11001210.2817, 2153314.599399998784065 ], [ -11001225.7718, 2153304.448100000619888 ], [ -11001229.3809, 2153265.213199999183416 ], [ -11001205.5786, 2153234.110500000417233 ], [ -11001228.5448, 2153163.801399998366833 ], [ -11001243.9225, 2153155.8103 ], [ -11001255.6589, 2153124.8268 ], [ -11001319.4706, 2153083.2423 ], [ -11001353.0992, 2153024.509500000625849 ], [ -11001378.8451, 2153001.162799999117851 ], [ -11001366.3361, 2152881.7434 ], [ -11001326.1843, 2152814.661200001835823 ], [ -11001522.4339, 2152766.28489999845624 ], [ -11001695.3641, 2152683.464999999850988 ], [ -11001744.1134, 2152670.1085 ], [ -11001839.6053, 2152698.161200001835823 ], [ -11001883.8882, 2152693.338199999183416 ], [ -11002015.6728, 2152593.032600000500679 ], [ -11002139.4232, 2152542.362700000405312 ], [ -11002207.8124, 2152528.197299998253584 ], [ -11002223.8337, 2152493.433600001037121 ], [ -11002260.4218, 2152522.060600001364946 ], [ -11002337.7769, 2152536.899399999529123 ], [ -11002416.0143, 2152521.497999999672174 ], [ -11002452.1088, 2152496.142400000244379 ], [ -11002553.2747, 2152479.479200001806021 ], [ -11002608.3433, 2152435.176899999380112 ], [ -11002612.2685, 2152389.538499999791384 ], [ -11002629.1601, 2152359.618099998682737 ], [ -11002761.747, 2152341.835700001567602 ], [ -11002795.0061, 2152356.046500001102686 ], [ -11002833.6484, 2152326.446400001645088 ], [ -11002883.6431, 2152350.535999998450279 ], [ -11002880.0774, 2152309.080600000917912 ], [ -11002902.7323, 2152243.243200000375509 ], [ -11003049.6561, 2152043.4835 ], [ -11003066.3461, 2151979.977800000458956 ], [ -11003120.6267, 2151992.1897 ], [ -11003160.998, 2151986.030900001525879 ], [ -11003127.9828, 2151926.346400000154972 ], [ -11003142.6789, 2151881.018899999558926 ], [ -11003216.6786, 2151874.217300001531839 ], [ -11003296.3178, 2151806.952599998563528 ], [ -11003365.5451, 2151765.802999999374151 ], [ -11003379.676, 2151730.9831000007689 ], [ -11003372.8411, 2151582.764400001615286 ], [ -11003346.5974, 2151574.905799999833107 ], [ -11003292.0699, 2151590.973700001835823 ], [ -11003274.3132, 2151570.2007 ], [ -11003281.8005, 2151497.864700000733137 ], [ -11003260.7066, 2151458.62049999833107 ], [ -11003268.6359, 2151449.894299998879433 ], [ -11003266.8002, 2151361.870099999010563 ], [ -11003246.6694, 2151258.935499999672174 ], [ -11003221.7526, 2151215.443599998950958 ], [ -11003186.6724, 2151184.731600001454353 ], [ -11003159.1677, 2151184.919700000435114 ], [ -11003064.7854, 2151152.026500001549721 ], [ -11003001.5581, 2151083.895500000566244 ], [ -11003018.8695, 2150952.592000000178814 ], [ -11003051.898, 2150828.186000000685453 ], [ -11003056.7092, 2150744.956500001251698 ], [ -11003028.8927, 2150704.390500001609325 ], [ -11003027.627, 2150676.240600001066923 ], [ -11002995.5758, 2150689.903000000864267 ], [ -11002975.4883, 2150625.088199999183416 ], [ -11002953.7064, 2150624.909299999475479 ], [ -11002900.6438, 2150548.159400001168251 ], [ -11002848.987, 2150513.058800000697374 ], [ -11002868.0092, 2150466.735199999064207 ], [ -11002504.0569, 2150096.973999999463558 ], [ -11002530.2349, 2150059.322799999266863 ], [ -11002610.4417, 2149999.867800001055002 ], [ -11002644.8636, 2149943.9527000002563 ], [ -11002674.3802, 2149862.238000001758337 ], [ -11002718.7299, 2149839.754299998283386 ], [ -11002782.1676, 2149825.727600000798702 ], [ -11002821.6849, 2149801.789200000464916 ], [ -11002837.9977, 2149750.813299998641014 ], [ -11002898.521, 2149717.028999999165535 ], [ -11002361.0447, 2149067.971900001168251 ], [ -11001982.0287, 2149436.782800000160933 ], [ -11001816.2449, 2149630.49210000038147 ], [ -11001766.5832, 2149668.667700000107288 ], [ -11001717.8009, 2149685.138799998909235 ], [ -11001510.1075, 2149712.780200000852346 ], [ -11001447.3889, 2149705.142499998211861 ], [ -11001435.735, 2149716.334800001233816 ], [ -11001433.2513, 2149771.23930000141263 ], [ -11001412.1675, 2149797.803800001740456 ], [ -11001321.3652, 2149839.915800001472235 ], [ -11001220.2426, 2149787.99210000038147 ], [ -11001159.7995, 2149700.888599999248981 ], [ -11001059.8202, 2149621.7516999989748 ], [ -11001058.6479, 2149674.788100000470877 ], [ -11001111.6837, 2149742.5176 ], [ -11001120.1764, 2149772.184599999338388 ], [ -11001117.9702, 2149799.169100001454353 ], [ -11001076.5034, 2149861.229600001126528 ], [ -11001077.4353, 2149923.322599999606609 ], [ -11001138.9538, 2150031.496100001037121 ], [ -11001148.5352, 2150061.291799999773502 ], [ -11001143.1271, 2150088.274399999529123 ], [ -11001063.5985, 2150109.7357 ], [ -11000982.3907, 2150163.513799998909235 ], [ -11000936.2288, 2150168.787000000476837 ], [ -11000893.1704, 2150201.188900001347065 ], [ -11000734.3276, 2150168.315999999642372 ], [ -11000620.0281, 2150130.295099999755621 ], [ -11000553.9733, 2150130.099700000137091 ], [ -11000517.9292, 2150157.050599999725819 ], [ -11000499.6202, 2150194.796399999409914 ], [ -11000493.6414, 2150229.896099999547005 ], [ -11000506.2285, 2150359.562300000339746 ], [ -11000488.3403, 2150429.755199998617172 ], [ -11000471.1037, 2150451.406199999153614 ], [ -11000434.0119, 2150470.250199999660254 ], [ -11000275.7002, 2150491.325500000268221 ], [ -11000207.3692, 2150564.677000001072884 ], [ -11000128.3622, 2150759.6732 ], [ -11000100.9542, 2150673.160199999809265 ], [ -11000009.7768, 2150754.523800000548363 ], [ -10999978.682, 2150769.30799999833107 ], [ -10999948.393, 2150757.378199998289347 ], [ -10999909.4758, 2150791.918699998408556 ], [ -10999842.9312, 2150913.405200000852346 ], [ -10999814.9054, 2150911.477200001478195 ], [ -10999794.8122, 2150990.989 ], [ -10999777.0022, 2150992.326200000941753 ], [ -10999762.2357, 2150941.5779 ], [ -10999713.1182, 2150943.908500000834465 ], [ -10999671.4135, 2150982.104200001806021 ], [ -10999622.799, 2150991.954 ], [ -10999600.7078, 2151060.727699998766184 ], [ -10999583.4176, 2151073.651099998503923 ], [ -10999599.1523, 2151145.725400000810623 ], [ -10999591.19, 2151170.686099998652935 ], [ -10999524.8022, 2151235.2379 ], [ -10999468.6572, 2151356.721400000154972 ], [ -10999364.2397, 2151467.248599998652935 ], [ -10999329.6526, 2151553.381799999624491 ], [ -10999304.8996, 2151580.482999999076128 ], [ -10999274.525, 2151709.975499998778105 ], [ -10999249.2053, 2151742.396499998867512 ], [ -10999259.8274, 2151796.39809999987483 ], [ -10999301.1659, 2151796.443999998271465 ], [ -10999335.99, 2151834.516600001603365 ], [ -10999350.9035, 2151891.182399999350309 ], [ -10999343.2792, 2151939.846099998801947 ], [ -10999313.1372, 2151972.261500000953674 ], [ -10999278.1896, 2151988.182599999010563 ], [ -10999213.3493, 2151925.874400001019239 ], [ -10999156.9271, 2151939.377599999308586 ], [ -10999126.784, 2151971.793000001460314 ], [ -10999132.6249, 2152006.906500000506639 ], [ -10999254.3693, 2152071.936599999666214 ], [ -10999315.4482, 2152123.335400000214577 ], [ -10999306.2043, 2152182.903599999845028 ], [ -10999268.5257, 2152212.386 ], [ -10999233.624, 2152215.006299998611212 ], [ -10999213.7668, 2152212.325899999588728 ], [ -10999173.0272, 2152177.171999998390675 ], [ -10999142.9453, 2152182.458700001239777 ], [ -10999122.3267, 2152276.8564000017941 ], [ -10999138.0851, 2152430.871899999678135 ], [ -10999132.105, 2152455.336199998855591 ], [ -10999067.9961, 2152527.3026 ], [ -10998832.5766, 2152419.707400001585484 ], [ -10998699.5342, 2152672.309799998998642 ], [ -10998652.3314, 2152695.545499999076128 ], [ -10998583.6951, 2152819.649099998176098 ], [ -10998663.2628, 2153031.03489999845624 ], [ -10998635.1257, 2153121.906199999153614 ], [ -10998541.9335, 2153149.580400001257658 ], [ -10998515.6356, 2153267.883000001311302 ], [ -10998462.3913, 2153274.54619999974966 ], [ -10998433.3501, 2153340.616500001400709 ], [ -10998438.4076, 2153413.332600001245737 ], [ -10998394.1625, 2153466.32039999961853 ], [ -10998340.738, 2153489.996100001037121 ], [ -10998329.9812, 2153519.423900000751019 ], [ -10998278.359, 2153576.221900001168251 ], [ -10998239.7947, 2153663.550900001078844 ], [ -10998020.0847, 2153880.231600001454353 ], [ -10997740.7649, 2153977.067499998956919 ], [ -10997718.9074, 2154111.64750000089407 ], [ -10997644.8967, 2154138.435499999672174 ], [ -10997631.6876, 2154253.396999999880791 ], [ -10997586.3938, 2154316.585299998521805 ], [ -10997304.7511, 2154399.03999999910593 ], [ -10997263.087, 2154405.192499998956919 ], [ -10997196.6043, 2154382.014600001275539 ], [ -10996910.7825, 2154530.897399999201298 ], [ -10996860.8267, 2154647.802799999713898 ], [ -10996809.209, 2154722.019799999892712 ], [ -10996714.2157, 2154760.804499998688698 ], [ -10996571.9349, 2154939.1305 ], [ -10996329.2203, 2155070.269900001585484 ], [ -10996146.9949, 2155197.162500001490116 ], [ -10995859.2619, 2155333.422800000756979 ], [ -10995721.8245, 2155536.259700000286102 ], [ -10995551.8776, 2155674.574200000613928 ], [ -10995438.8582, 2155785.400499999523163 ], [ -10995372.8348, 2155826.951900001615286 ], [ -10995283.0776, 2155861.067800000309944 ], [ -10995250.3888, 2155929.9560999982059 ], [ -10995208.7655, 2156095.549600001424551 ], [ -10995182.0452, 2156138.609900001436472 ], [ -10995179.0309, 2156195.067899998277426 ], [ -10995370.3, 2156375.140099998563528 ], [ -10995498.4031, 2156228.33219999819994 ], [ -10995550.7834, 2156356.287200000137091 ], [ -10995585.9058, 2156306.15260000154376 ], [ -10995599.2573, 2156302.281199999153614 ], [ -10995621.5179, 2156344.089099999517202 ], [ -10995624.9088, 2156392.668299999088049 ], [ -10995770.2742, 2156497.380800001323223 ], [ -10995713.784, 2156594.683899998664856 ], [ -10995890.7631, 2156700.8607 ], [ -10995912.3902, 2156691.977000001817942 ], [ -10996044.5777, 2156783.718800000846386 ], [ -10996033.9221, 2156794.861000001430511 ], [ -10996292.072, 2156978.101399999111891 ], [ -10996358.5221, 2157071.980599999427795 ], [ -10996433.6448, 2156996.589800000190735 ], [ -10996498.1778, 2156995.053300000727177 ], [ -10996615.0543, 2157055.359499998390675 ], [ -10996637.0956, 2157054.90260000154376 ], [ -10996807.1339, 2157150.31980000063777 ], [ -10996803.8825, 2157162.869100000709295 ], [ -10996957.4289, 2157232.4983000010252 ], [ -10996965.7931, 2157260.929499998688698 ], [ -10997032.8319, 2157220.9070999994874 ], [ -10997107.7078, 2157273.488400001078844 ], [ -10997108.2801, 2157377.00899999961257 ], [ -10997145.7901, 2157362.117400001734495 ], [ -10997329.4428, 2157478.702799998223782 ], [ -10997351.1245, 2157469.679699998348951 ], [ -10997363.0701, 2157480.022900000214577 ], [ -10997385.4999, 2157565.670200001448393 ], [ -10997409.8589, 2157596.359200000762939 ], [ -10997401.3073, 2157625.324499998241663 ], [ -10997415.9258, 2157649.171300001442432 ], [ -10997353.5257, 2157730.696899998933077 ], [ -10997313.7636, 2157810.886599998921156 ], [ -10997316.2916, 2157858.396600000560284 ], [ -10997414.5921, 2157917.629200000315905 ], [ -10997404.8729, 2157988.906899999827147 ], [ -10997353.1134, 2158054.646099999547005 ], [ -10997369.4566, 2158170.8277000002563 ], [ -10997304.2211, 2158268.3805 ], [ -10997207.0703, 2158377.932 ], [ -10997169.7762, 2158372.660100001841784 ], [ -10997126.5797, 2158431.749400001019239 ], [ -10997115.6682, 2158425.426100000739098 ], [ -10997106.5232, 2158444.243299998342991 ], [ -10997060.1743, 2158474.7676 ], [ -10996995.3563, 2158482.674899999052286 ], [ -10997078.4864, 2158520.170499999076128 ] ] ] ] } },
{ "type": "Feature", "properties": { "OBJECTID": 733, "ID": "15069", "NAME": "Papalotla", "TOTPOP_CY": 4982, "AREA": 3.16, "Shape__Area": 3577852.4142747568, "Shape__Length": 9772.1228789593024, "metro_only_count": 0.0, "bus_only_count": 8.0, "bus_metro_count": 2.0, "n_cat": "2", "label_range": "0 – 0" }, "geometry": { "type": "MultiPolygon", "coordinates": [ [ [ [ -11003587.9043, 2219757.319499999284744 ], [ -11003562.5052, 2220181.438700001686811 ], [ -11003524.359, 2220361.293099999427795 ], [ -11003939.2067, 2220524.777100000530481 ], [ -11003744.0158, 2221053.552999999374151 ], [ -11003730.271, 2221066.546 ], [ -11003613.9884, 2221404.888900000602007 ], [ -11003711.751, 2221467.913199998438358 ], [ -11003828.3093, 2221524.97239999845624 ], [ -11004074.49, 2221608.189500000327826 ], [ -11004021.5444, 2221759.502700001001358 ], [ -11004534.4344, 2221934.457299999892712 ], [ -11004603.1542, 2221763.195999998599291 ], [ -11004755.1339, 2221832.962000001221895 ], [ -11004878.7779, 2221734.585400000214577 ], [ -11005200.6315, 2221666.085700001567602 ], [ -11005373.4505, 2221590.397300001233816 ], [ -11005416.0458, 2221585.4441 ], [ -11005525.4651, 2221631.980700001120567 ], [ -11006013.3204, 2221752.828600000590086 ], [ -11006122.9991, 2221795.593899998813868 ], [ -11006255.0039, 2221463.136599998921156 ], [ -11006517.4229, 2221076.590399999171495 ], [ -11006304.3474, 2221067.773299999535084 ], [ -11006119.4733, 2221093.323399998247623 ], [ -11006133.2494, 2220944.3838 ], [ -11005648.1341, 2220938.00789999961853 ], [ -11005724.9618, 2220712.340900000184774 ], [ -11005797.0388, 2220408.644499998539686 ], [ -11005528.0179, 2220349.942400000989437 ], [ -11005509.641, 2220368.875 ], [ -11005268.7557, 2220332.226300001144409 ], [ -11004932.701, 2220318.407299999147654 ], [ -11004894.5251, 2220294.058899998664856 ], [ -11004894.5507, 2220278.497400000691414 ], [ -11003587.9043, 2219757.319499999284744 ] ] ] ] } },
{ "type": "Feature", "properties": { "OBJECTID": 734, "ID": "15070", "NAME": "La Paz", "TOTPOP_CY": 311572, "AREA": 37.06, "Shape__Area": 41846743.478820704, "Shape__Length": 30316.999073901108, "metro_only_count": 82.0, "bus_only_count": 800.0, "bus_metro_count": 499.0, "n_cat": "5", "label_range": "13 – 267" }, "geometry": { "type": "MultiPolygon", "coordinates": [ [ [ [ -11015255.2338, 2194193.431400001049042 ], [ -11015228.193, 2194222.194299999624491 ], [ -11015096.0202, 2194308.620999999344349 ], [ -11014867.5495, 2194431.355200000107288 ], [ -11014840.9562, 2194464.981199998408556 ], [ -11014784.8856, 2194500.087900001555681 ], [ -11014741.519, 2194499.204300001263618 ], [ -11014304.2527, 2194778.784099999815226 ], [ -11014232.2134, 2194843.943300001323223 ], [ -11014015.6178, 2194940.821899998933077 ], [ -11013955.0021, 2194977.614 ], [ -11013925.9032, 2195010.836300000548363 ], [ -11013848.5616, 2195004.162500001490116 ], [ -11013464.0252, 2195072.571400001645088 ], [ -11013046.7909, 2195118.39750000089407 ], [ -11013002.1583, 2195151.3783 ], [ -11012926.1105, 2195183.089499998837709 ], [ -11012868.0874, 2195234.165899999439716 ], [ -11012827.5861, 2195287.743500001728535 ], [ -11012724.2314, 2195388.049199998378754 ], [ -11012674.0965, 2195473.592500001192093 ], [ -11012612.8429, 2195511.800299998372793 ], [ -11012460.0893, 2195654.179000001400709 ], [ -11012339.539, 2195670.052099999040365 ], [ -11012221.3244, 2195719.894400000572205 ], [ -11011718.2383, 2195697.441399998962879 ], [ -11011533.0304, 2195752.183600001037121 ], [ -11011523.3813, 2195916.37220000103116 ], [ -11011174.5149, 2196385.162500001490116 ], [ -11011154.0934, 2196482.665899999439716 ], [ -11011278.0809, 2196483.777199998497963 ], [ -11011101.2322, 2196622.084499999880791 ], [ -11011039.0446, 2196794.583200000226498 ], [ -11010858.1348, 2196919.184599999338388 ], [ -11010790.8313, 2197017.293600000441074 ], [ -11010646.1325, 2197150.185600001364946 ], [ -11010570.205, 2196932.109099999070168 ], [ -11010382.6804, 2196931.145100001245737 ], [ -11010347.5893, 2196964.171399999409914 ], [ -11010087.429, 2196918.049699999392033 ], [ -11009978.5085, 2196881.511999998241663 ], [ -11009851.1211, 2196772.336599998176098 ], [ -11009468.4682, 2197033.418000001460314 ], [ -11009433.7218, 2197419.917100001126528 ], [ -11009502.3047, 2197703.106600001454353 ], [ -11009502.0032, 2198089.842099998146296 ], [ -11009412.5488, 2198379.855900000780821 ], [ -11009280.5386, 2198944.063700001686811 ], [ -11009413.8482, 2198944.121599998325109 ], [ -11009407.5627, 2198959.070099998265505 ], [ -11010101.1191, 2198956.694699998944998 ], [ -11010302.2143, 2199169.6809 ], [ -11010934.341, 2199343.299699999392033 ], [ -11011399.5854, 2199453.157800000160933 ], [ -11011887.3092, 2199639.80350000038743 ], [ -11011903.3483, 2199618.834399998188019 ], [ -11012038.8959, 2199683.271999999880791 ], [ -11012021.0553, 2199713.006000000983477 ], [ -11012154.7077, 2199776.437899999320507 ], [ -11013405.3264, 2200296.826200000941753 ], [ -11013711.858, 2200442.949499998241663 ], [ -11013715.9424, 2200435.328299999237061 ], [ -11013830.6581, 2200491.33729999884963 ], [ -11013872.0257, 2200494.128199998289347 ], [ -11013928.3866, 2200531.777199998497963 ], [ -11014358.6498, 2200736.360599998384714 ], [ -11014474.7951, 2200778.151099998503923 ], [ -11014828.2366, 2200942.800299998372793 ], [ -11014924.6305, 2200734.740600001066923 ], [ -11014973.7773, 2200540.377000000327826 ], [ -11015046.5459, 2200589.965500000864267 ], [ -11015296.1742, 2200530.035500001162291 ], [ -11015365.5826, 2200466.8618 ], [ -11015541.5909, 2200508.212699998170137 ], [ -11015578.8429, 2200387.432700000703335 ], [ -11015622.9978, 2200403.480000000447035 ], [ -11015670.1047, 2200264.848099999129772 ], [ -11015722.0329, 2200287.707499999552965 ], [ -11015774.7774, 2200162.9912 ], [ -11015916.818, 2200268.375599998980761 ], [ -11016001.7789, 2200065.288199998438358 ], [ -11016600.7558, 2198985.374899998307228 ], [ -11016954.1404, 2198908.849899999797344 ], [ -11019031.5437, 2198396.773299999535084 ], [ -11019338.2859, 2198438.395799998193979 ], [ -11019430.2325, 2198099.029399998486042 ], [ -11019668.3769, 2198241.407299999147654 ], [ -11019727.226, 2198257.601199999451637 ], [ -11019716.7663, 2198246.6393 ], [ -11019711.8092, 2198192.762499999254942 ], [ -11019902.405, 2197411.55180000141263 ], [ -11019981.1816, 2197253.966299999505281 ], [ -11020011.5183, 2197230.127300001680851 ], [ -11020023.6369, 2197147.058600001037121 ], [ -11019679.8166, 2196831.160700000822544 ], [ -11018268.8717, 2195394.655799999833107 ], [ -11018159.2342, 2195257.1809 ], [ -11017899.999, 2194809.545099999755621 ], [ -11017771.4376, 2194655.7654 ], [ -11017557.4822, 2194542.80970000103116 ], [ -11017272.3541, 2194445.306699998676777 ], [ -11017134.8846, 2194428.254700001329184 ], [ -11016959.8321, 2194435.425500001758337 ], [ -11016488.2307, 2194492.499899998307228 ], [ -11016306.3792, 2194342.297400001436472 ], [ -11015890.022, 2195027.983199998736382 ], [ -11015788.1102, 2194949.44819999858737 ], [ -11015736.2251, 2194887.844200000166893 ], [ -11015631.0851, 2194743.843600001186132 ], [ -11015327.792, 2194265.572599999606609 ], [ -11015272.0541, 2194188.427099999040365 ], [ -11015255.2338, 2194193.431400001049042 ] ] ] ] } },
{ "type": "Feature", "properties": { "OBJECTID": 739, "ID": "15075", "NAME": "San Martín de las Pirámides", "TOTPOP_CY": 29902, "AREA": 69.94, "Shape__Area": 79332226.405580938, "Shape__Length": 77008.684430702706, "metro_only_count": 0.0, "bus_only_count": 24.0, "bus_metro_count": 3.0, "n_cat": "2", "label_range": "0 – 0" }, "geometry": { "type": "MultiPolygon", "coordinates": [ [ [ [ -11001894.2889, 2244194.327500000596046 ], [ -11002080.1457, 2244287.23930000141263 ], [ -11002623.8634, 2244519.4560999982059 ], [ -11002833.7564, 2244623.521299999207258 ], [ -11003542.9796, 2244861.863600000739098 ], [ -11003776.0503, 2244979.926199998706579 ], [ -11004487.4641, 2245242.711500000208616 ], [ -11004781.8563, 2245428.161299999803305 ], [ -11004975.0625, 2245586.271099999547005 ], [ -11005407.5097, 2245892.084199998527765 ], [ -11005735.3356, 2246064.196800000965595 ], [ -11005979.9902, 2246133.872999999672174 ], [ -11006020.6607, 2246133.900100000202656 ], [ -11006232.9827, 2246083.779100000858307 ], [ -11006368.3616, 2245992.802200000733137 ], [ -11006468.7497, 2245625.049199998378754 ], [ -11006518.545, 2245351.962900001555681 ], [ -11006657.5008, 2244951.679900001734495 ], [ -11006860.8402, 2244204.239500001072884 ], [ -11007351.6088, 2243492.729800000786781 ], [ -11007369.214, 2243430.721799999475479 ], [ -11007310.7234, 2243391.825199998915195 ], [ -11007461.9454, 2243172.983899999409914 ], [ -11007560.5934, 2242756.393100000917912 ], [ -11007506.1504, 2242689.815099999308586 ], [ -11007507.2713, 2242647.88289999961853 ], [ -11007448.6722, 2242603.900600001215935 ], [ -11007563.7068, 2242545.385400000959635 ], [ -11007561.4776, 2242531.075100000947714 ], [ -11007611.0702, 2242485.246500000357628 ], [ -11007637.4908, 2242442.307100001722574 ], [ -11007702.1317, 2242165.214800000190735 ], [ -11007890.787, 2241503.773800000548363 ], [ -11008096.9452, 2240878.968199998140335 ], [ -11008174.7597, 2240675.431400001049042 ], [ -11008248.746, 2240556.053300000727177 ], [ -11008479.9735, 2240029.875599998980761 ], [ -11008091.0865, 2239885.884500000625849 ], [ -11007928.7559, 2239836.883499998599291 ], [ -11007645.7917, 2239721.275800000876188 ], [ -11007678.6289, 2239515.315699998289347 ], [ -11007535.335, 2239455.105200000107288 ], [ -11007559.5837, 2239227.504299998283386 ], [ -11006898.5073, 2239003.424199998378754 ], [ -11006744.4601, 2238940.7971 ], [ -11005456.6662, 2238351.807500001043081 ], [ -11005434.8821, 2238340.9835 ], [ -11005424.8511, 2238185.347500000149012 ], [ -11005330.9118, 2238223.225900001823902 ], [ -11005293.1589, 2238261.1952 ], [ -11005121.5611, 2238225.519799999892712 ], [ -11005183.4358, 2238047.144299998879433 ], [ -11005162.8461, 2237999.62220000103116 ], [ -11005171.0939, 2237959.901000000536442 ], [ -11005161.1764, 2237882.734700001776218 ], [ -11005071.9305, 2237779.381900001317263 ], [ -11005052.0833, 2237770.419199999421835 ], [ -11005040.1499, 2237698.85359999909997 ], [ -11005022.2108, 2237671.451299998909235 ], [ -11004909.7235, 2237578.945599999278784 ], [ -11004882.3388, 2237568.547400001436472 ], [ -11004764.2511, 2238031.822299998253584 ], [ -11004708.0716, 2238219.682100001722574 ], [ -11004518.3653, 2238752.968100000172853 ], [ -11004511.3601, 2238832.157600000500679 ], [ -11004355.2133, 2239174.044399999082088 ], [ -11004143.2866, 2239690.950800001621246 ], [ -11004097.0243, 2239666.768100000917912 ], [ -11003831.0766, 2239676.974399998784065 ], [ -11003875.0823, 2239538.452799998223782 ], [ -11003557.9431, 2239349.722699999809265 ], [ -11003546.6808, 2239270.121899999678135 ], [ -11003507.0423, 2239167.978300001472235 ], [ -11003222.6609, 2238685.503100000321865 ], [ -11003315.2956, 2238613.762600000947714 ], [ -11003540.416, 2238473.640700001269579 ], [ -11003581.5755, 2238433.602899998426437 ], [ -11003520.1422, 2238405.129000000655651 ], [ -11003486.5105, 2238374.645300000905991 ], [ -11003183.0669, 2238058.792300000786781 ], [ -11003056.2951, 2238032.815400000661612 ], [ -11002750.7122, 2237919.285999998450279 ], [ -11003078.4233, 2237807.73030000180006 ], [ -11003250.3382, 2237716.389899998903275 ], [ -11003338.2551, 2237644.765500001609325 ], [ -11003240.6946, 2237630.234700001776218 ], [ -11003079.2848, 2237582.678300000727177 ], [ -11002571.4832, 2237367.490299999713898 ], [ -11002547.0387, 2237317.2379 ], [ -11002620.9721, 2237071.202500000596046 ], [ -11002084.5028, 2236911.545000001788139 ], [ -11001786.7186, 2236805.250999998301268 ], [ -11001554.091, 2236734.698800001293421 ], [ -11001551.6597, 2236744.093100000172853 ], [ -11001522.1523, 2236735.969799999147654 ], [ -11000106.4979, 2236231.497099999338388 ], [ -10999934.0572, 2236253.116999998688698 ], [ -11000008.1492, 2236204.92790000140667 ], [ -10999597.8346, 2236043.727899998426437 ], [ -10999361.5166, 2235970.835299998521805 ], [ -10999117.7458, 2235879.845400001853704 ], [ -10999432.7422, 2235477.233800001442432 ], [ -10999427.0938, 2235333.537399999797344 ], [ -10999757.0381, 2235184.136599998921156 ], [ -10999996.8481, 2235274.285900000482798 ], [ -11000043.6602, 2235179.495099999010563 ], [ -11000174.5007, 2235232.449299998581409 ], [ -11000076.5852, 2235433.525100000202656 ], [ -11000193.8904, 2235483.269200000911951 ], [ -11000265.4598, 2235327.850600000470877 ], [ -11000255.0358, 2235322.774099998176098 ], [ -11000299.9577, 2235236.250300001353025 ], [ -11000210.9132, 2235158.480500001460314 ], [ -11000200.9891, 2235102.119100000709295 ], [ -11000172.979, 2235037.465399999171495 ], [ -11000148.4619, 2235013.410399999469519 ], [ -11000774.5929, 2234785.639499999582767 ], [ -11000332.0924, 2234699.826400000602007 ], [ -11000281.7025, 2234657.97580000013113 ], [ -11000245.9044, 2234646.473999999463558 ], [ -11000175.5505, 2234571.654899999499321 ], [ -11000052.4645, 2234549.949499998241663 ], [ -10999909.055, 2234438.234099999070168 ], [ -10999673.956, 2233877.489500001072884 ], [ -10999706.1329, 2233772.392299998551607 ], [ -10999928.4925, 2233407.2212999984622 ], [ -11000140.1843, 2233100.424499999731779 ], [ -11000075.0301, 2233084.41499999910593 ], [ -11000061.0896, 2233003.263599999248981 ], [ -11000078.3541, 2232956.461300000548363 ], [ -10999962.967, 2232836.25 ], [ -10999714.1823, 2233250.2972999997437 ], [ -10999486.4294, 2233094.073100000619888 ], [ -10998742.1228, 2232741.790399998426437 ], [ -10998388.6667, 2232834.3114 ], [ -10998284.7856, 2233030.309300001710653 ], [ -10998089.6826, 2233497.250100001692772 ], [ -10998059.9904, 2233489.1404 ], [ -10997997.0057, 2233494.00730000063777 ], [ -10997895.0293, 2233454.023499999195337 ], [ -10997850.0273, 2233452.206599999219179 ], [ -10997768.5025, 2233412.284400001168251 ], [ -10997714.5571, 2233419.467099998146296 ], [ -10997412.1654, 2234284.19310000166297 ], [ -10996818.4585, 2235621.3260000012815 ], [ -10997614.954, 2235771.523600000888109 ], [ -10998376.2712, 2235604.012699998915195 ], [ -10998785.5228, 2235828.505399998277426 ], [ -10998129.6828, 2237204.036200001835823 ], [ -10997791.6669, 2237869.995400000363588 ], [ -10997559.4957, 2237781.374200001358986 ], [ -10997506.6139, 2237916.333999998867512 ], [ -10997286.2987, 2237841.0592 ], [ -10997098.0853, 2238270.978799998760223 ], [ -10997103.5188, 2238294.978900000452995 ], [ -10997088.7428, 2238297.15819999948144 ], [ -10996994.7408, 2238255.932300001382828 ], [ -10997004.9075, 2238300.529500000178814 ], [ -10996824.0851, 2238658.960700001567602 ], [ -10996962.5405, 2238730.965799998492002 ], [ -10996898.4994, 2238883.726700000464916 ], [ -10996966.9443, 2239069.207499999552965 ], [ -10996808.0346, 2239080.973400000482798 ], [ -10996764.5226, 2239167.050700001418591 ], [ -10996783.207, 2239200.532499998807907 ], [ -10996799.2468, 2239295.125 ], [ -10996763.1963, 2239350.776200000196695 ], [ -10996774.0866, 2239391.793099999427795 ], [ -10996809.1064, 2239446.4239999987185 ], [ -10996773.5612, 2239564.826699998229742 ], [ -10996734.1719, 2239649.390900000929832 ], [ -10996630.4367, 2239708.686599999666214 ], [ -10996543.2066, 2239788.0929000005126 ], [ -10996461.774, 2239994.497099999338388 ], [ -10996412.6098, 2240035.897300001233816 ], [ -10996311.2951, 2240177.431600000709295 ], [ -10996280.4214, 2240281.927499998360872 ], [ -10996290.2206, 2240323.73589999973774 ], [ -10996274.3201, 2240407.747099999338388 ], [ -10996198.2042, 2240703.291000001132488 ], [ -10995523.8427, 2241439.934300001710653 ], [ -10995292.0734, 2241509.055399999022484 ], [ -10994977.1094, 2241704.082499999552965 ], [ -10994894.1164, 2241845.008699998259544 ], [ -10994863.1374, 2241838.868200000375509 ], [ -10994809.7607, 2241893.31980000063777 ], [ -10994731.0713, 2242045.990800000727177 ], [ -10994538.3102, 2242335.632100000977516 ], [ -10994389.0018, 2242506.16609999909997 ], [ -10994288.5059, 2242573.893399998545647 ], [ -10994178.7194, 2242681.955899998545647 ], [ -10994066.0142, 2242885.139400001615286 ], [ -10994248.7082, 2242923.607799999415874 ], [ -10994431.3612, 2242992.003199998289347 ], [ -10994507.8721, 2243030.052299998700619 ], [ -10994666.0674, 2243160.670200001448393 ], [ -10994713.4247, 2243167.259300000965595 ], [ -10994980.0827, 2243503.83729999884963 ], [ -10995085.0738, 2243397.727299999445677 ], [ -10995235.965, 2243609.834199998527765 ], [ -10995174.2683, 2243709.955899998545647 ], [ -10995066.8687, 2243945.230200000107288 ], [ -10995126.9386, 2243950.1266999989748 ], [ -10995420.6686, 2243929.687899999320507 ], [ -10995521.6277, 2243726.991500001400709 ], [ -10995630.0906, 2243436.9397 ], [ -10995677.9649, 2243236.060199998319149 ], [ -10995713.7328, 2243152.203000001609325 ], [ -10995853.1492, 2242667.208500001579523 ], [ -10995978.246, 2242280.818599998950958 ], [ -10996581.4683, 2241201.168299999088049 ], [ -10996748.2247, 2240976.85190000012517 ], [ -10996874.1392, 2240855.240200001746416 ], [ -10996718.1654, 2240705.14750000089407 ], [ -10996859.257, 2240545.688000001013279 ], [ -10996687.7332, 2240413.917700000107288 ], [ -10996783.8648, 2240350.155499998480082 ], [ -10997377.5707, 2240046.040199998766184 ], [ -10997446.9538, 2239677.264199998229742 ], [ -10997513.0275, 2239538.956599999219179 ], [ -10997702.7327, 2239026.515900000929832 ], [ -10997715.3519, 2238912.723600000143051 ], [ -10997834.0952, 2238847.9507 ], [ -10997887.5253, 2238839.733600001782179 ], [ -10997966.2537, 2238845.438000001013279 ], [ -10998122.259, 2238772.42680000141263 ], [ -10998184.5424, 2238758.389600001275539 ], [ -10998486.3663, 2239302.620799999684095 ], [ -10998502.1358, 2239480.556400001049042 ], [ -10998412.7214, 2239652.7993 ], [ -10998389.83, 2239725.330699998885393 ], [ -10998298.657, 2239919.911200001835823 ], [ -10998278.8356, 2240035.666700001806021 ], [ -10998279.6436, 2240098.965500000864267 ], [ -10998249.9213, 2240179.155099999159575 ], [ -10998248.3396, 2240259.367499999701977 ], [ -10998300.4018, 2240344.467199999839067 ], [ -10998291.8523, 2240409.818900000303984 ], [ -10998475.7908, 2240519.244100000709295 ], [ -10998484.6363, 2240559.158900000154972 ], [ -10998525.8657, 2240608.416900001466274 ], [ -10998521.139, 2240677.570799998939037 ], [ -10998492.9574, 2240730.278099998831749 ], [ -10998506.701, 2240741.505699999630451 ], [ -10998493.345, 2240788.958700001239777 ], [ -10998493.7388, 2240816.417700000107288 ], [ -10998503.8277, 2240819.390700001269579 ], [ -10998458.6388, 2240906.222699999809265 ], [ -10998450.1208, 2240976.776599999517202 ], [ -10998570.0696, 2241026.307700000703335 ], [ -10998591.5063, 2241157.975000001490116 ], [ -10998582.7982, 2241247.456999998539686 ], [ -10998727.3194, 2241215.043999999761581 ], [ -10998897.0818, 2241611.478000000119209 ], [ -10998719.4736, 2241689.825500000268221 ], [ -10998633.6207, 2241743.965300001204014 ], [ -10998596.4946, 2241692.353900000452995 ], [ -10998555.1651, 2241575.544100001454353 ], [ -10998533.6437, 2241545.8607 ], [ -10998516.9135, 2241543.16780000180006 ], [ -10998442.975, 2241575.41160000115633 ], [ -10998351.1354, 2241643.168299999088049 ], [ -10998293.2764, 2241716.306400001049042 ], [ -10998350.2889, 2241797.832400001585484 ], [ -10998240.1164, 2241892.592500001192093 ], [ -10998370.987, 2242009.511900000274181 ], [ -10998296.2715, 2242152.29280000180006 ], [ -10998924.7779, 2242726.946699999272823 ], [ -10999166.3203, 2242803.221900001168251 ], [ -10999718.2957, 2243029.366399999707937 ], [ -10999909.6305, 2243135.393699999898672 ], [ -11000067.5582, 2243206.378899998962879 ], [ -11000247.5887, 2243304.375199999660254 ], [ -11000420.6258, 2243377.7787000015378 ], [ -11000515.9989, 2243435.064899999648333 ], [ -11001062.9014, 2243706.221599999815226 ], [ -11001217.4419, 2243733.391399998217821 ], [ -11001209.152, 2243789.057100001722574 ], [ -11001347.7169, 2243851.461300000548363 ], [ -11001552.3166, 2243991.694200001657009 ], [ -11001894.2889, 2244194.327500000596046 ] ] ], [ [ [ -10999745.3428, 2230726.75959999859333 ], [ -10999960.0216, 2230903.549699999392033 ], [ -11000011.431, 2230873.656100001186132 ], [ -11000067.1743, 2230776.2478 ], [ -11000171.5051, 2230651.653400000184774 ], [ -11000270.8689, 2230570.583399999886751 ], [ -11000363.7127, 2230540.77419999986887 ], [ -11000429.0806, 2230475.955400001257658 ], [ -11000486.3957, 2230397.241700001060963 ], [ -11000566.2708, 2230359.407400000840425 ], [ -11000623.5291, 2230302.589800000190735 ], [ -11000715.2786, 2230270.376899998635054 ], [ -11000762.7975, 2230235.178599998354912 ], [ -11000891.9905, 2229900.880100000649691 ], [ -11001150.1594, 2229409.374899998307228 ], [ -11001183.4795, 2229365.380100000649691 ], [ -11001341.8592, 2228891.054200001060963 ], [ -11001344.8705, 2228736.458999998867512 ], [ -11001325.0211, 2228679.5647 ], [ -11001272.2868, 2228627.710099998861551 ], [ -11000843.1722, 2228301.5165 ], [ -11000688.6732, 2228162.780099999159575 ], [ -11000299.9176, 2227909.7820999994874 ], [ -11000196.0978, 2227863.807799998670816 ], [ -11000134.1509, 2228018.004599999636412 ], [ -11000086.6195, 2228069.484200000762939 ], [ -10999961.8625, 2228169.473900001496077 ], [ -10999748.934, 2228413.280999999493361 ], [ -10999540.3871, 2228616.24269999936223 ], [ -10999531.4669, 2228762.554400000721216 ], [ -10999605.9209, 2228905.563799999654293 ], [ -10999667.1021, 2228953.435199998319149 ], [ -10999725.7029, 2228956.4265 ], [ -10999828.1769, 2229019.025299999862909 ], [ -10999889.7433, 2229110.742199998348951 ], [ -10999868.8319, 2229325.676899999380112 ], [ -10999892.9882, 2229369.261399999260902 ], [ -10999947.0884, 2229403.76799999922514 ], [ -10999953.8978, 2229429.307500001043081 ], [ -10999932.382, 2229440.877099998295307 ], [ -10999905.1599, 2229731.969700001180172 ], [ -10999876.0254, 2229761.919399999082088 ], [ -10999812.1758, 2229774.058800000697374 ], [ -10999763.094, 2229933.007199998944998 ], [ -10999718.6541, 2229945.287399999797344 ], [ -10999673.9938, 2229975.479800000786781 ], [ -10999662.293, 2230015.6217 ], [ -10999632.691, 2230019.434599999338388 ], [ -10999614.2786, 2230035.021299999207258 ], [ -10999610.4482, 2230072.554200001060963 ], [ -10999630.823, 2230094.518199998885393 ], [ -10999626.0107, 2230127.384300000965595 ], [ -10999601.6017, 2230137.284200001507998 ], [ -10999567.4856, 2230126.212999999523163 ], [ -10999550.0496, 2230162.945300001651049 ], [ -10999423.0184, 2230239.1085 ], [ -10999395.1707, 2230286.560199998319149 ], [ -10999327.6667, 2230330.011 ], [ -10999285.4955, 2230384.171599999070168 ], [ -10999510.5289, 2230568.945300001651049 ], [ -10999500.2733, 2230585.190999999642372 ], [ -10999689.8001, 2230726.698100000619888 ], [ -10999710.3639, 2230705.111900001764297 ], [ -10999745.3428, 2230726.75959999859333 ] ] ] ] } },
{ "type": "Feature", "properties": { "OBJECTID": 745, "ID": "15081", "NAME": "Tecámac", "TOTPOP_CY": 560985, "AREA": 156.87, "Shape__Area": 177896473.90038857, "Shape__Length": 86533.508779717929, "metro_only_count": 19.0, "bus_only_count": 1737.0, "bus_metro_count": 593.0, "n_cat": "5", "label_range": "13 – 267" }, "geometry": { "type": "MultiPolygon", "coordinates": [ [ [ [ -11025029.0083, 2227388.619899999350309 ], [ -11024123.6602, 2227457.259500000625849 ], [ -11023397.2719, 2227528.5735 ], [ -11023404.3468, 2227557.44310000166297 ], [ -11023246.624, 2227631.076699998229742 ], [ -11023086.8927, 2227673.310100000351667 ], [ -11022964.7987, 2227976.676699999719858 ], [ -11022628.6037, 2228224.487500000745058 ], [ -11022177.339, 2228530.151299998164177 ], [ -11021740.4137, 2228853.780699998140335 ], [ -11022222.5172, 2229761.508099999278784 ], [ -11022593.1734, 2230431.921799998730421 ], [ -11022507.3135, 2230473.142299998551607 ], [ -11022075.2213, 2231081.094300001859665 ], [ -11021583.2681, 2231359.36259999871254 ], [ -11021561.7489, 2231362.906300000846386 ], [ -11021364.9228, 2231272.3235 ], [ -11021293.9307, 2231326.122400000691414 ], [ -11021219.6796, 2231253.512200001627207 ], [ -11021201.1539, 2231248.603700000792742 ], [ -11021222.1724, 2231392.949000000953674 ], [ -11021215.5575, 2231561.613400001078844 ], [ -11021153.4925, 2231560.499000001698732 ], [ -11021101.316, 2231832.598499998450279 ], [ -11020445.555, 2231728.0746 ], [ -11019620.7167, 2231579.674800001084805 ], [ -11019599.5651, 2231593.040300000458956 ], [ -11019571.5189, 2231650.236200001090765 ], [ -11019351.2489, 2231786.496800001710653 ], [ -11019317.1465, 2231739.1418999992311 ], [ -11019145.6106, 2231586.530600000172853 ], [ -11019030.1395, 2231594.433499999344349 ], [ -11018642.0868, 2231525.650299999862909 ], [ -11018378.6883, 2231464.978300001472235 ], [ -11018283.883, 2231389.103300001472235 ], [ -11017931.7936, 2230887.866900000721216 ], [ -11017592.7137, 2231178.390999998897314 ], [ -11017387.0688, 2231323.287399999797344 ], [ -11016949.5665, 2231662.958399999886751 ], [ -11016212.253, 2232499.809999998658895 ], [ -11016157.1844, 2232595.221099998801947 ], [ -11016078.9023, 2232852.469900000840425 ], [ -11016035.7603, 2233139.647599998861551 ], [ -11015401.3451, 2232924.3279 ], [ -11014235.5918, 2232436.25279999896884 ], [ -11013942.0622, 2233369.907299999147654 ], [ -11013775.6472, 2234032.954100001603365 ], [ -11013441.7881, 2235137.026099998503923 ], [ -11012998.7143, 2236370.25450000166893 ], [ -11013687.5147, 2236655.045200001448393 ], [ -11013586.5569, 2237216.526999998837709 ], [ -11013411.0828, 2237967.853999998420477 ], [ -11012207.7915, 2238125.460400000214577 ], [ -11011981.5012, 2239150.810600001364946 ], [ -11011726.3758, 2240433.76799999922514 ], [ -11011707.2555, 2240473.140900000929832 ], [ -11011597.6248, 2240554.020599998533726 ], [ -11011311.7218, 2240838.521699998527765 ], [ -11011252.6547, 2241007.126800000667572 ], [ -11011517.5515, 2241247.9662000015378 ], [ -11011786.366, 2241391.477899998426437 ], [ -11011889.7417, 2241476.332699999213219 ], [ -11012191.0913, 2241774.870700001716614 ], [ -11012636.2378, 2242120.982299998402596 ], [ -11012770.5147, 2242187.347699999809265 ], [ -11012858.3715, 2242254.653599999845028 ], [ -11012928.3859, 2242363.945700000971556 ], [ -11012732.2375, 2242607.486000001430511 ], [ -11013187.6523, 2242829.184300001710653 ], [ -11013803.474, 2243097.638000000268221 ], [ -11013937.8144, 2243180.0165 ], [ -11014096.7462, 2243258.829500000923872 ], [ -11013332.183, 2244991.35020000115037 ], [ -11013730.9984, 2245845.226199999451637 ], [ -11013995.9966, 2246319.030000001192093 ], [ -11014189.5723, 2246646.695900000631809 ], [ -11014496.7405, 2247072.0735 ], [ -11014810.282, 2247620.140799999237061 ], [ -11015196.8767, 2248257.892499998211861 ], [ -11015206.8221, 2248291.164200000464916 ], [ -11014561.4962, 2249802.981100000441074 ], [ -11014657.2666, 2249857.577500000596046 ], [ -11014790.5952, 2249889.980000000447035 ], [ -11014925.4145, 2249413.615899998694658 ], [ -11015009.8756, 2249349.895399998873472 ], [ -11015068.3337, 2249310.731100000441074 ], [ -11015136.1563, 2249305.842300001531839 ], [ -11015251.1461, 2249325.826699998229742 ], [ -11015399.3156, 2249372.240200001746416 ], [ -11015444.8186, 2249263.267200000584126 ], [ -11015514.6704, 2249184.398400001227856 ], [ -11015600.884, 2249197.429400000721216 ], [ -11015664.6779, 2249214.782299999147654 ], [ -11015584.9286, 2249417.426899999380112 ], [ -11015641.0437, 2249447.0456000007689 ], [ -11015675.9157, 2249449.976399999111891 ], [ -11015713.6996, 2249483.583799999207258 ], [ -11015859.0451, 2249508.453699998557568 ], [ -11015917.1672, 2249549.979699999094009 ], [ -11016037.8031, 2249601.984299998730421 ], [ -11016081.8444, 2249680.688000001013279 ], [ -11016146.6479, 2249700.914200000464916 ], [ -11016172.8959, 2249689.173500001430511 ], [ -11016233.3947, 2249721.523600000888109 ], [ -11016257.1681, 2249763.456300001591444 ], [ -11016257.1269, 2249794.741599999368191 ], [ -11016328.1053, 2249815.558800000697374 ], [ -11016278.8951, 2249955.917199999094009 ], [ -11017312.1056, 2250382.2195999994874 ], [ -11017387.1189, 2250297.034200001507998 ], [ -11017444.7567, 2250202.611600000411272 ], [ -11017730.7377, 2249901.572599999606609 ], [ -11018696.5946, 2248819.0439000017941 ], [ -11018943.1906, 2248573.589699998497963 ], [ -11019262.1276, 2248287.729600001126528 ], [ -11019294.1008, 2248275.074200000613928 ], [ -11019329.1708, 2248225.979100000113249 ], [ -11019427.7409, 2248148.112100001424551 ], [ -11019432.0991, 2248126.59910000115633 ], [ -11019472.4279, 2248081.219200000166893 ], [ -11019556.7803, 2248010.936099998652935 ], [ -11020393.6524, 2247968.200599998235703 ], [ -11020386.6605, 2247903.822299998253584 ], [ -11020439.5126, 2247779.605999998748302 ], [ -11020479.8581, 2247766.389199998229742 ], [ -11020899.8521, 2248005.206399999558926 ], [ -11021463.819, 2248361.502700001001358 ], [ -11021731.1105, 2247746.415800001472235 ], [ -11021695.0562, 2247705.273200001567602 ], [ -11021701.9981, 2247678.447799999266863 ], [ -11021555.1299, 2247408.276299998164177 ], [ -11021697.7023, 2246865.846099998801947 ], [ -11021341.3999, 2246763.862399999052286 ], [ -11021485.308, 2246244.787999998778105 ], [ -11022748.338, 2246678.477600000798702 ], [ -11023372.4234, 2246883.601399999111891 ], [ -11023443.6082, 2246894.023699998855591 ], [ -11023201.482, 2246617.732299998402596 ], [ -11023195.4649, 2246622.965399999171495 ], [ -11023108.0568, 2246527.264800000935793 ], [ -11022627.6532, 2245968.224300000816584 ], [ -11022576.5908, 2246019.7635000012815 ], [ -11021300.8639, 2245581.894400000572205 ], [ -11019648.8037, 2244914.219399999827147 ], [ -11017921.0551, 2244425.160399999469519 ], [ -11017846.8885, 2244041.886599998921156 ], [ -11017819.5974, 2244034.847600001841784 ], [ -11017773.2864, 2243836.559399999678135 ], [ -11017737.0426, 2243732.878199998289347 ], [ -11017700.3652, 2243518.1415 ], [ -11017677.9145, 2243176.053199999034405 ], [ -11017697.5578, 2243052.094999998807907 ], [ -11017764.8862, 2242827.002000000327826 ], [ -11017949.2312, 2242100.110300000756979 ], [ -11017997.4972, 2241947.228399999439716 ], [ -11018016.6953, 2241927.011199999600649 ], [ -11018021.8666, 2241874.082800000905991 ], [ -11018142.4817, 2241451.64979999884963 ], [ -11018651.6917, 2240876.660799998790026 ], [ -11019416.9185, 2240090.916999999433756 ], [ -11022150.3596, 2240785.4298 ], [ -11022214.0822, 2240773.522199999541044 ], [ -11023173.7663, 2241027.5482 ], [ -11024541.5112, 2240922.822599999606609 ], [ -11024530.5774, 2240606.753400001674891 ], [ -11024302.3847, 2237753.055300001055002 ], [ -11024721.1531, 2237340.141800001263618 ], [ -11025604.8917, 2237482.854299999773502 ], [ -11025875.5201, 2236366.707600001245737 ], [ -11025453.9702, 2236257.206999998539686 ], [ -11025602.8725, 2235653.962900001555681 ], [ -11025614.8216, 2235647.274900000542402 ], [ -11025605.7362, 2235629.86430000141263 ], [ -11025769.669, 2234956.317200001329184 ], [ -11025963.3572, 2235005.018899999558926 ], [ -11025970.4517, 2235023.190900001674891 ], [ -11026169.0351, 2235070.24439999833703 ], [ -11026573.1108, 2232901.202199999243021 ], [ -11027602.0949, 2232695.804499998688698 ], [ -11026624.3914, 2230575.095499999821186 ], [ -11026555.8574, 2230622.204700000584126 ], [ -11026440.5158, 2230415.5132 ], [ -11025087.4545, 2227383.8607 ], [ -11025029.0083, 2227388.619899999350309 ] ] ] ] } },
{ "type": "Feature", "properties": { "OBJECTID": 747, "ID": "15083", "NAME": "Temamatla", "TOTPOP_CY": 14479, "AREA": 29.24, "Shape__Area": 32956083.887729019, "Shape__Length": 36520.252565584917, "metro_only_count": 0.0, "bus_only_count": 26.0, "bus_metro_count": 4.0, "n_cat": "2", "label_range": "0 – 0" }, "geometry": { "type": "MultiPolygon", "coordinates": [ [ [ [ -11007626.9577, 2181288.531399998813868 ], [ -11007979.5033, 2181783.962799999862909 ], [ -11008493.7413, 2181931.309900000691414 ], [ -11008679.1072, 2181233.516600001603365 ], [ -11008742.6592, 2181252.427999999374151 ], [ -11008779.1865, 2181121.874400001019239 ], [ -11008833.1835, 2181128.613800000399351 ], [ -11008869.6918, 2181117.210999999195337 ], [ -11008901.4178, 2180973.367800001055002 ], [ -11009174.0389, 2180042.682399999350309 ], [ -11009198.546, 2179986.660799998790026 ], [ -11009095.0926, 2180007.657299999147654 ], [ -11008284.8116, 2180083.00279999896884 ], [ -11008288.3636, 2180043.373100001364946 ], [ -11008234.3347, 2180023.288800001144409 ], [ -11008286.1394, 2179826.651299998164177 ], [ -11008316.9269, 2179824.849800001829863 ], [ -11008341.73, 2179806.286499999463558 ], [ -11008427.5674, 2179527.630399998277426 ], [ -11008378.2172, 2179499.309300001710653 ], [ -11008479.9222, 2179245.689500000327826 ], [ -11008495.5882, 2179252.053899999707937 ], [ -11008587.4689, 2178995.324400000274181 ], [ -11008625.9033, 2178929.106800001114607 ], [ -11008734.1091, 2178667.359999999403954 ], [ -11008740.4131, 2178610.58219999819994 ], [ -11008847.3878, 2178452.2588 ], [ -11008888.3901, 2178258.26069999858737 ], [ -11008862.6341, 2178158.002599999308586 ], [ -11009120.1516, 2177406.815900001674891 ], [ -11009678.5523, 2176443.6074 ], [ -11010043.716, 2176216.862500000745058 ], [ -11010169.8956, 2176039.018500000238419 ], [ -11010716.3153, 2176242.056800000369549 ], [ -11011724.9577, 2175748.842599999159575 ], [ -11012061.6768, 2174489.221200000494719 ], [ -11012139.4413, 2174240.559000000357628 ], [ -11012315.3004, 2173802.894799999892712 ], [ -11012242.1425, 2173606.461399998515844 ], [ -11012192.5384, 2173594.295899998396635 ], [ -11011000.0808, 2173515.049100000411272 ], [ -11010966.4968, 2173578.483399998396635 ], [ -11010703.6726, 2173511.753100000321865 ], [ -11010493.7417, 2173527.461800001561642 ], [ -11010215.3808, 2173496.735800001770258 ], [ -11009994.5274, 2173505.35869999974966 ], [ -11009477.869, 2173425.243599999696016 ], [ -11008840.1364, 2173343.027899999171495 ], [ -11008302.7994, 2173300.422200001776218 ], [ -11007817.5489, 2173242.243599999696016 ], [ -11007950.1003, 2174162.092000000178814 ], [ -11008210.6424, 2175352.343699999153614 ], [ -11008185.5109, 2175376.713100001215935 ], [ -11008090.109, 2175406.938700001686811 ], [ -11007557.9062, 2175343.085999999195337 ], [ -11007517.6819, 2175552.675999999046326 ], [ -11007387.4004, 2175511.6706000007689 ], [ -11007317.8869, 2175653.467399999499321 ], [ -11007192.8328, 2175683.140700001269579 ], [ -11007212.6455, 2175718.409200001507998 ], [ -11007251.3457, 2175884.385000001639128 ], [ -11007157.2606, 2176046.006400000303984 ], [ -11007114.3814, 2176248.034699998795986 ], [ -11007020.3988, 2176437.780000001192093 ], [ -11007047.7957, 2176508.098999999463558 ], [ -11007014.1582, 2176526.0768 ], [ -11007031.7101, 2176569.229200001806021 ], [ -11007004.5347, 2176605.212099999189377 ], [ -11006749.0209, 2176602.151299998164177 ], [ -11006681.4722, 2176142.059999998658895 ], [ -11006494.4977, 2176594.082299999892712 ], [ -11004097.1814, 2176521.432900000363588 ], [ -11004112.0971, 2176476.807199999690056 ], [ -11003749.858, 2176407.120299998670816 ], [ -11003691.0899, 2176500.592000000178814 ], [ -11003582.293, 2176573.352400001138449 ], [ -11003584.8878, 2176680.0471 ], [ -11003616.3946, 2176755.705899998545647 ], [ -11003665.5391, 2176833.421900000423193 ], [ -11003789.0524, 2176912.857999999076128 ], [ -11003738.9842, 2177039.740499999374151 ], [ -11003770.3095, 2177291.276900000870228 ], [ -11003764.4475, 2177309.08219999819994 ], [ -11003786.6478, 2177412.823699999600649 ], [ -11003732.5421, 2177678.2787000015378 ], [ -11003366.045, 2178328.443500000983477 ], [ -11003197.5706, 2179358.926100000739098 ], [ -11003171.8013, 2179576.681600000709295 ], [ -11003758.3559, 2179677.348700001835823 ], [ -11003792.8772, 2179618.443799998611212 ], [ -11003850.8659, 2179557.906399998813868 ], [ -11003823.3732, 2179351.650600001215935 ], [ -11003852.1215, 2179293.955899998545647 ], [ -11003886.4179, 2179272.976700000464916 ], [ -11003907.9349, 2179274.179000001400709 ], [ -11003922.6769, 2179298.587400000542402 ], [ -11003987.8434, 2179301.137200001627207 ], [ -11004094.1222, 2179240.302400000393391 ], [ -11004254.4859, 2179210.311200000345707 ], [ -11004312.6279, 2179156.166400000452995 ], [ -11004388.804, 2179187.934099998325109 ], [ -11004517.9157, 2179263.074700001627207 ], [ -11004634.702, 2179300.19310000166297 ], [ -11004769.3686, 2179318.319499999284744 ], [ -11004948.2957, 2179316.309799998998642 ], [ -11005012.2621, 2179351.5185999982059 ], [ -11005082.1106, 2179408.570900000631809 ], [ -11005098.9254, 2179458.081300001591444 ], [ -11005091.782, 2179487.413800001144409 ], [ -11005059.0095, 2179514.577599998563528 ], [ -11005057.5302, 2179591.542899999767542 ], [ -11005006.0916, 2179662.045400001108646 ], [ -11004994.9631, 2179725.651599999517202 ], [ -11004973.3514, 2179770.315600000321865 ], [ -11004934.3229, 2179804.128199998289347 ], [ -11004901.2832, 2179805.920000001788139 ], [ -11004881.2892, 2179836.151399999856949 ], [ -11004837.7577, 2179855.293400000780821 ], [ -11004795.788, 2179855.259300000965595 ], [ -11004756.5301, 2179830.989199999719858 ], [ -11004746.2942, 2179838.971200000494719 ], [ -11004745.7154, 2180067.227299999445677 ], [ -11004728.4061, 2180191.599300000816584 ], [ -11006146.9036, 2180103.75560000166297 ], [ -11006827.6637, 2180286.173000000417233 ], [ -11006807.0219, 2180361.801199998706579 ], [ -11007111.5539, 2180432.333599999547005 ], [ -11007209.524, 2180603.934300001710653 ], [ -11007109.834, 2180895.524300001561642 ], [ -11007437.9872, 2180997.0287000015378 ], [ -11007626.9577, 2181288.531399998813868 ] ] ] ] } },
{ "type": "Feature", "properties": { "OBJECTID": 748, "ID": "15084", "NAME": "Temascalapa", "TOTPOP_CY": 44667, "AREA": 164.61, "Shape__Area": 186987930.58546814, "Shape__Length": 83220.424782341724, "metro_only_count": 0.0, "bus_only_count": 62.0, "bus_metro_count": 3.0, "n_cat": "2", "label_range": "0 – 0" }, "geometry": { "type": "MultiPolygon", "coordinates": [ [ [ [ -11004072.07, 2261259.988000001758337 ], [ -11004580.6597, 2261695.03770000115037 ], [ -11005210.9606, 2260923.302799999713898 ], [ -11005672.8742, 2260396.338899999856949 ], [ -11005701.1928, 2260310.701499998569489 ], [ -11007055.381, 2261038.506900001317263 ], [ -11007076.7366, 2261067.076200000941753 ], [ -11007355.5729, 2261149.173799999058247 ], [ -11007318.0517, 2261251.955200001597404 ], [ -11007446.58, 2261338.623500000685453 ], [ -11007485.5741, 2261259.64469999819994 ], [ -11007623.2507, 2261369.296999998390675 ], [ -11007658.3809, 2261285.242899999022484 ], [ -11007560.5278, 2261199.850000001490116 ], [ -11007574.3058, 2261192.9868 ], [ -11007685.4504, 2261204.816399998962879 ], [ -11007705.4968, 2261136.102299999445677 ], [ -11007794.538, 2261167.407900001853704 ], [ -11007978.293, 2261120.44200000166893 ], [ -11008020.5545, 2261058.308400001376867 ], [ -11008126.8423, 2261081.229499999433756 ], [ -11008197.2564, 2260939.401200000196695 ], [ -11008284.9215, 2260943.235800001770258 ], [ -11008304.1164, 2260930.978000000119209 ], [ -11008335.5629, 2260855.623399998992682 ], [ -11008363.1358, 2260841.790800001472235 ], [ -11008388.6178, 2260860.807700000703335 ], [ -11008613.826, 2260522.516100000590086 ], [ -11009040.1096, 2260680.141100000590086 ], [ -11009091.8709, 2260592.65430000051856 ], [ -11009185.405, 2260493.702599998563528 ], [ -11008962.8862, 2260400.7060999982059 ], [ -11009182.9781, 2260284.582600001245737 ], [ -11009235.6378, 2260117.579300001263618 ], [ -11009251.4986, 2259989.179200001060963 ], [ -11009221.2976, 2259762.554099999368191 ], [ -11009020.3459, 2259582.153599999845028 ], [ -11009149.648, 2259416.074000000953674 ], [ -11009305.0243, 2259247.467399999499321 ], [ -11009955.9997, 2259717.973499998450279 ], [ -11010089.3113, 2259503.85020000115037 ], [ -11010277.6205, 2259244.498500000685453 ], [ -11010360.0024, 2259286.981499999761581 ], [ -11010344.6894, 2259149.1371 ], [ -11010522.195, 2258805.540300000458956 ], [ -11010813.9701, 2258941.102200001478195 ], [ -11010864.1873, 2258832.540199998766184 ], [ -11010579.9075, 2258698.770899999886751 ], [ -11010629.2553, 2258589.685899998992682 ], [ -11010915.9031, 2258720.761 ], [ -11011013.9689, 2258509.276799999177456 ], [ -11010732.6378, 2258381.641699999570847 ], [ -11010770.2093, 2258333.921900000423193 ], [ -11011039.4944, 2258456.607500001788139 ], [ -11011105.911, 2258313.912399999797344 ], [ -11010882.6933, 2258205.211800001561642 ], [ -11010932.3184, 2258106.817200001329184 ], [ -11011149.7185, 2258215.050799999386072 ], [ -11011177.7756, 2258158.0735 ], [ -11010959.0127, 2258055.999000001698732 ], [ -11011050.3716, 2257915.202100001275539 ], [ -11011248.6178, 2258005.654199998825788 ], [ -11011300.2425, 2257895.808600001037121 ], [ -11011123.3614, 2257807.482700001448393 ], [ -11011214.6434, 2257658.560600001364946 ], [ -11011323.4315, 2257710.523499999195337 ], [ -11011377.2879, 2257658.506099998950958 ], [ -11011443.6131, 2257546.219200000166893 ], [ -11010553.4137, 2257116.383900001645088 ], [ -11010459.4754, 2257092.737399999052286 ], [ -11010076.8591, 2256872.803899999707937 ], [ -11010322.657, 2256509.772799998521805 ], [ -11010315.7395, 2256403.404800001531839 ], [ -11010332.1182, 2256345.366799999028444 ], [ -11010476.0019, 2256113.077199999243021 ], [ -11010182.8109, 2256274.201400000602007 ], [ -11009957.1117, 2256356.724199999123812 ], [ -11009829.1421, 2256371.160399999469519 ], [ -11010161.3463, 2255933.237399999052286 ], [ -11010330.111, 2255358.972199998795986 ], [ -11010349.415, 2255364.073100000619888 ], [ -11010346.8869, 2255320.2971 ], [ -11010372.0005, 2255254.612199999392033 ], [ -11010322.2219, 2255061.554999999701977 ], [ -11010328.7885, 2255019.957400001585484 ], [ -11010233.5847, 2254998.051899999380112 ], [ -11010264.0874, 2254900.927400000393391 ], [ -11010157.9711, 2254883.786899998784065 ], [ -11010179.774, 2254811.811999998986721 ], [ -11010128.8709, 2254794.276200000196695 ], [ -11010167.3475, 2254693.3915 ], [ -11010214.3399, 2254711.2018 ], [ -11010246.0436, 2254613.545000001788139 ], [ -11010341.7695, 2254631.499499998986721 ], [ -11010374.5387, 2254509.556000001728535 ], [ -11010504.6745, 2254542.093100000172853 ], [ -11010518.2732, 2254494.47859999909997 ], [ -11010720.9682, 2254539.195799998939037 ], [ -11011100.9986, 2254358.306000001728535 ], [ -11011104.8444, 2254271.757599998265505 ], [ -11011212.5627, 2254308.39979999884963 ], [ -11011314.7298, 2254007.311599999666214 ], [ -11011415.3335, 2254044.819400001317263 ], [ -11011433.4085, 2254085.48589999973774 ], [ -11011519.5386, 2254123.550200000405312 ], [ -11012011.9236, 2254307.627099998295307 ], [ -11012099.2449, 2254423.494600001722574 ], [ -11012136.646, 2254442.319699998944998 ], [ -11012232.8979, 2254428.886 ], [ -11012275.4942, 2254392.681200001388788 ], [ -11012573.5661, 2254487.839299999177456 ], [ -11013100.6917, 2253017.547800000756979 ], [ -11013507.8316, 2252307.206900000572205 ], [ -11013798.5603, 2251431.836100000888109 ], [ -11014561.4962, 2249802.981100000441074 ], [ -11015206.8221, 2248291.164200000464916 ], [ -11015196.8767, 2248257.892499998211861 ], [ -11014810.282, 2247620.140799999237061 ], [ -11014496.7405, 2247072.0735 ], [ -11014189.5723, 2246646.695900000631809 ], [ -11013995.9966, 2246319.030000001192093 ], [ -11013730.9984, 2245845.226199999451637 ], [ -11013332.183, 2244991.35020000115037 ], [ -11014096.7462, 2243258.829500000923872 ], [ -11013937.8144, 2243180.0165 ], [ -11013803.474, 2243097.638000000268221 ], [ -11013187.6523, 2242829.184300001710653 ], [ -11012732.2375, 2242607.486000001430511 ], [ -11012928.3859, 2242363.945700000971556 ], [ -11012858.3715, 2242254.653599999845028 ], [ -11012770.5147, 2242187.347699999809265 ], [ -11012636.2378, 2242120.982299998402596 ], [ -11012191.0913, 2241774.870700001716614 ], [ -11011889.7417, 2241476.332699999213219 ], [ -11011786.366, 2241391.477899998426437 ], [ -11011517.5515, 2241247.9662000015378 ], [ -11011454.3723, 2241198.923500001430511 ], [ -11011252.6547, 2241007.126800000667572 ], [ -11011259.4006, 2240987.197299998253584 ], [ -11010543.4437, 2240741.406199999153614 ], [ -11010118.3991, 2241801.930100001394749 ], [ -11009958.3585, 2242324.507500000298023 ], [ -11009971.5776, 2242341.007199998944998 ], [ -11009789.9031, 2242814.65430000051856 ], [ -11009581.6411, 2243242.111200001090765 ], [ -11009427.693, 2243423.692699998617172 ], [ -11009305.1491, 2243698.233199998736382 ], [ -11009561.3844, 2244065.608899999409914 ], [ -11009104.4301, 2243951.089600000530481 ], [ -11007854.6839, 2243680.904199998825788 ], [ -11007440.0511, 2243542.395700000226498 ], [ -11007346.5662, 2243500.077300000935793 ], [ -11006860.8402, 2244204.239500001072884 ], [ -11006657.5008, 2244951.679900001734495 ], [ -11006518.545, 2245351.962900001555681 ], [ -11006468.7497, 2245625.049199998378754 ], [ -11006368.3616, 2245992.802200000733137 ], [ -11006232.9827, 2246083.779100000858307 ], [ -11006083.8435, 2246118.182399999350309 ], [ -11005531.818, 2247762.218800000846386 ], [ -11005244.1317, 2247692.492899999022484 ], [ -11005077.8137, 2247676.062800001353025 ], [ -11004889.9766, 2247952.269499998539686 ], [ -11004593.6218, 2248243.353700000792742 ], [ -11004261.715, 2248044.47690000012517 ], [ -11004002.9038, 2247794.610500000417233 ], [ -11003969.6315, 2247706.11430000141263 ], [ -11003867.3824, 2247564.100699998438358 ], [ -11003362.8245, 2247386.173900000751019 ], [ -11003208.2853, 2246862.455699998885393 ], [ -11003137.4705, 2246765.910199999809265 ], [ -11003125.9667, 2246701.75620000064373 ], [ -11003037.028, 2246498.289099998772144 ], [ -11002973.7384, 2246413.241500001400709 ], [ -11002678.6872, 2246129.938499998301268 ], [ -11001840.5216, 2246051.88120000064373 ], [ -11001395.2559, 2246283.672699999064207 ], [ -11000386.6545, 2245810.367899999022484 ], [ -11000163.0126, 2246181.730099998414516 ], [ -10999833.5802, 2246662.1195 ], [ -10999729.3966, 2246860.652800001204014 ], [ -10999472.4377, 2247428.924699999392033 ], [ -10999493.643, 2247473.080899998545647 ], [ -10999673.8501, 2247437.255399998277426 ], [ -10999937.0283, 2247465.012699998915195 ], [ -11000129.3063, 2247536.392799999564886 ], [ -11000387.0384, 2247661.413400001823902 ], [ -11000610.794, 2247788.203299999237061 ], [ -11000876.1231, 2247949.866599999368191 ], [ -11000775.0727, 2248054.618000000715256 ], [ -11002220.9239, 2249037.739399999380112 ], [ -11002030.5484, 2249375.349399998784065 ], [ -11001769.3559, 2249918.051699999719858 ], [ -11001471.8995, 2250493.531899999827147 ], [ -11000449.8071, 2249624.298599999397993 ], [ -11000208.9974, 2250223.324499998241663 ], [ -10999723.9987, 2251492.013799998909235 ], [ -11001337.823, 2252256.72580000013113 ], [ -11001152.2488, 2253273.512499999254942 ], [ -11000842.9497, 2253690.259300000965595 ], [ -11000577.9547, 2254458.015900000929832 ], [ -11000558.2814, 2254543.341400001198053 ], [ -11000474.3452, 2254776.557 ], [ -11000440.0656, 2254917.536299999803305 ], [ -11000386.6255, 2255052.121199999004602 ], [ -11000390.0664, 2255146.330299999564886 ], [ -11000895.1416, 2255505.074099998921156 ], [ -11000417.8517, 2256335.040899999439716 ], [ -11000179.431, 2256982.614 ], [ -11000095.5385, 2257168.068399999290705 ], [ -11000016.1522, 2257381.83839999884367 ], [ -11000094.4786, 2257417.923099998384714 ], [ -11000172.8153, 2257514.99439999833703 ], [ -11000273.1777, 2257315.522300001233816 ], [ -11000932.514, 2257733.3695 ], [ -11000966.5278, 2257740.677299998700619 ], [ -11001397.3398, 2258024.405000001192093 ], [ -11002616.1068, 2258752.092099998146296 ], [ -11002446.0238, 2258965.044599998742342 ], [ -11002828.2371, 2259010.412999998778105 ], [ -11003091.2405, 2259016.42509999871254 ], [ -11003177.7559, 2259027.7632 ], [ -11003267.4971, 2259056.044100001454353 ], [ -11002924.3961, 2260277.787300001829863 ], [ -11002951.1048, 2260285.236099999397993 ], [ -11004072.07, 2261259.988000001758337 ] ] ] ] } },
{ "type": "Feature", "properties": { "OBJECTID": 753, "ID": "15089", "NAME": "Tenango del Aire", "TOTPOP_CY": 11639, "AREA": 37.96, "Shape__Area": 42750510.320512496, "Shape__Length": 45477.408566089987, "metro_only_count": 0.0, "bus_only_count": 14.0, "bus_metro_count": 2.0, "n_cat": "2", "label_range": "0 – 0" }, "geometry": { "type": "MultiPolygon", "coordinates": [ [ [ [ -11006698.3584, 2176257.080899998545647 ], [ -11006749.0209, 2176602.151299998164177 ], [ -11007004.5347, 2176605.212099999189377 ], [ -11007031.7101, 2176569.229200001806021 ], [ -11007014.1582, 2176526.0768 ], [ -11007047.7957, 2176508.098999999463558 ], [ -11007020.3988, 2176437.780000001192093 ], [ -11007114.3814, 2176248.034699998795986 ], [ -11007157.2606, 2176046.006400000303984 ], [ -11007251.3457, 2175884.385000001639128 ], [ -11007212.6455, 2175718.409200001507998 ], [ -11007192.8328, 2175683.140700001269579 ], [ -11007317.8869, 2175653.467399999499321 ], [ -11007387.4004, 2175511.6706000007689 ], [ -11007517.6819, 2175552.675999999046326 ], [ -11007557.9062, 2175343.085999999195337 ], [ -11008090.109, 2175406.938700001686811 ], [ -11008185.5109, 2175376.713100001215935 ], [ -11008210.6424, 2175352.343699999153614 ], [ -11007950.1003, 2174162.092000000178814 ], [ -11007817.5489, 2173242.243599999696016 ], [ -11008302.7994, 2173300.422200001776218 ], [ -11008840.1364, 2173343.027899999171495 ], [ -11009477.869, 2173425.243599999696016 ], [ -11009994.5274, 2173505.35869999974966 ], [ -11010215.3808, 2173496.735800001770258 ], [ -11010493.7417, 2173527.461800001561642 ], [ -11010703.6726, 2173511.753100000321865 ], [ -11010966.4968, 2173578.483399998396635 ], [ -11011000.0808, 2173515.049100000411272 ], [ -11012192.5384, 2173594.295899998396635 ], [ -11012242.1425, 2173606.461399998515844 ], [ -11012317.2353, 2173355.4864999987185 ], [ -11012143.2194, 2173146.88060000166297 ], [ -11012022.8497, 2172882.054699998348951 ], [ -11011864.3809, 2172580.654599998146296 ], [ -11011747.7269, 2172312.632199998944998 ], [ -11011476.96, 2171786.2787000015378 ], [ -11011393.4704, 2171762.927299998700619 ], [ -11011167.6788, 2171671.712400000542402 ], [ -11010967.788, 2171566.281199999153614 ], [ -11010634.9306, 2171444.699200000613928 ], [ -11009494.9131, 2171112.302299998700619 ], [ -11009468.2989, 2171134.750399999320507 ], [ -11009374.7706, 2171129.560899998992682 ], [ -11009354.0506, 2171103.6228 ], [ -11009386.1317, 2171075.336300000548363 ], [ -11009176.4805, 2171069.091099999845028 ], [ -11009015.0148, 2171034.593699999153614 ], [ -11008742.2119, 2170893.070000000298023 ], [ -11008061.3932, 2170499.378899998962879 ], [ -11007342.2681, 2170044.837999999523163 ], [ -11007247.9703, 2170057.3310999982059 ], [ -11007123.7068, 2170114.129799999296665 ], [ -11007051.9333, 2170203.899900000542402 ], [ -11007018.9574, 2170330.647999998182058 ], [ -11006830.991, 2170524.331399999558926 ], [ -11006638.5899, 2170813.861299999058247 ], [ -11006575.1499, 2170862.630800001323223 ], [ -11006546.6864, 2170922.819600000977516 ], [ -11006556.8098, 2170962.212699998170137 ], [ -11006518.5194, 2170986.734499998390675 ], [ -11006482.6948, 2171086.597300000488758 ], [ -11006342.6202, 2171331.902199998497963 ], [ -11006348.3643, 2171352.395700000226498 ], [ -11006322.3946, 2171443.458399999886751 ], [ -11006226.5183, 2171591.295099999755621 ], [ -11006181.1647, 2171612.357900001108646 ], [ -11006090.6418, 2171719.72069999948144 ], [ -11006065.1864, 2171766.394000001251698 ], [ -11005953.948, 2171721.041600000113249 ], [ -11006036.1956, 2171538.023400001227856 ], [ -11006233.692, 2171177.728300001472235 ], [ -11006151.3343, 2171140.331799998879433 ], [ -11006751.9921, 2170049.111699998378754 ], [ -11006358.5946, 2169894.52930000051856 ], [ -11004859.7935, 2168689.401299998164177 ], [ -11004856.5672, 2168635.892700001597404 ], [ -11004482.2198, 2168392.552499998360872 ], [ -11004258.3965, 2168601.324099998921156 ], [ -11004133.2701, 2168767.588300000876188 ], [ -11004018.5886, 2168971.396600000560284 ], [ -11003977.3303, 2169097.006799999624491 ], [ -11003962.2643, 2169188.832800000905991 ], [ -11003856.8292, 2169454.144799999892712 ], [ -11003808.6824, 2169624.208700001239777 ], [ -11003871.706, 2169644.76069999858737 ], [ -11003828.2079, 2169734.833799999207258 ], [ -11003648.3589, 2169823.875199999660254 ], [ -11003516.7104, 2169922.008200000971556 ], [ -11003421.6745, 2169963.33049999922514 ], [ -11003394.6541, 2170051.932199999690056 ], [ -11003394.653, 2170313.3301 ], [ -11003382.0939, 2170355.615499999374151 ], [ -11003232.8233, 2170588.426100000739098 ], [ -11003117.8147, 2170561.887699998915195 ], [ -11003126.9074, 2170687.053599998354912 ], [ -11003111.0776, 2170742.939599998295307 ], [ -11003115.4793, 2170771.442600000649691 ], [ -11003097.224, 2170799.96339999884367 ], [ -11002899.211, 2170842.831900000572205 ], [ -11002797.0043, 2170797.777499999850988 ], [ -11002757.8453, 2171096.748500000685453 ], [ -11002722.9824, 2171162.837900001555681 ], [ -11002662.429, 2171178.394000001251698 ], [ -11002408.7152, 2171306.861600000411272 ], [ -11002438.9839, 2171335.8849 ], [ -11002487.861, 2171349.6184 ], [ -11002484.6874, 2171373.518399998545647 ], [ -11002502.2614, 2171408.565499998629093 ], [ -11002857.7245, 2171492.218100000172853 ], [ -11002956.1019, 2171543.2401 ], [ -11003012.2205, 2171595.703299999237061 ], [ -11003051.9771, 2171604.276799999177456 ], [ -11003109.2298, 2171640.704199999570847 ], [ -11003081.5213, 2171704.506999999284744 ], [ -11003098.3205, 2171708.843299999833107 ], [ -11002990.954, 2171827.490600001066923 ], [ -11002854.6811, 2171918.089999999850988 ], [ -11002796.0625, 2171942.346599999815226 ], [ -11002767.528, 2171936.186099998652935 ], [ -11002745.4478, 2171969.658700000494719 ], [ -11002704.8774, 2171998.545200001448393 ], [ -11002665.9823, 2172046.729899998754263 ], [ -11002578.8971, 2172226.617199998348951 ], [ -11002525.2033, 2172306.57880000025034 ], [ -11002139.0549, 2172826.732500001788139 ], [ -11002096.1468, 2172826.957600001245737 ], [ -11002037.7386, 2172853.2599 ], [ -11001972.0165, 2172866.775199998170137 ], [ -11001955.0182, 2172897.377599999308586 ], [ -11002242.6709, 2173245.910799998790026 ], [ -11002659.646, 2173506.169399999082088 ], [ -11002907.8951, 2173615.299699999392033 ], [ -11003211.7807, 2173716.488899998366833 ], [ -11003268.028, 2173706.421300001442432 ], [ -11003292.1633, 2173684.875399999320507 ], [ -11003398.1973, 2173637.488000001758337 ], [ -11003444.339, 2173824.035500001162291 ], [ -11003409.9582, 2174030.72859999909997 ], [ -11003429.4903, 2174043.696800000965595 ], [ -11003430.3987, 2174057.88459999859333 ], [ -11003368.7223, 2174295.749400001019239 ], [ -11003456.8717, 2174352.894099999219179 ], [ -11003625.3871, 2174374.228900000452995 ], [ -11003920.1631, 2174341.421300001442432 ], [ -11004024.3849, 2174271.479100000113249 ], [ -11004096.3711, 2174260.357900001108646 ], [ -11004176.7692, 2174209.188400000333786 ], [ -11004150.0464, 2174280.852099999785423 ], [ -11004159.2297, 2174306.372600000351667 ], [ -11004017.0368, 2174476.982299998402596 ], [ -11003930.6497, 2174533.964800000190735 ], [ -11003812.0092, 2174688.937300000339746 ], [ -11003702.9325, 2174671.323399998247623 ], [ -11003609.798, 2174625.549100000411272 ], [ -11003308.101, 2174556.155200000852346 ], [ -11003175.2914, 2174594.635299999266863 ], [ -11002934.2477, 2174588.4419 ], [ -11002833.3099, 2174529.256700001657009 ], [ -11002655.3458, 2174521.135600000619888 ], [ -11002596.7383, 2174447.707899998873472 ], [ -11002411.6962, 2174402.8761 ], [ -11002311.6045, 2174346.566700000315905 ], [ -11002171.1949, 2174305.777399998158216 ], [ -11001868.7944, 2174085.432 ], [ -11001790.0271, 2174075.558400001376867 ], [ -11001659.2755, 2174143.998399998992682 ], [ -11001636.7635, 2174179.724599998444319 ], [ -11001371.0939, 2174308.750700000673532 ], [ -11001211.316, 2174712.928800001740456 ], [ -11001305.0725, 2174737.601399999111891 ], [ -11001364.6908, 2174822.55970000103116 ], [ -11001599.9914, 2174989.003100000321865 ], [ -11001820.3915, 2175021.908100001513958 ], [ -11002040.0038, 2175092.119300000369549 ], [ -11002110.2265, 2175129.497400000691414 ], [ -11002560.1487, 2175261.340399999171495 ], [ -11003076.7244, 2175361.597800001502037 ], [ -11003298.3785, 2175430.967500001192093 ], [ -11003417.3789, 2175533.434300001710653 ], [ -11003504.1351, 2175521.606699999421835 ], [ -11003692.0441, 2175573.588500000536442 ], [ -11003630.6737, 2175791.841299999505281 ], [ -11003942.3069, 2175796.9222999997437 ], [ -11003952.7644, 2175811.886900000274181 ], [ -11004006.4783, 2175819.054000001400709 ], [ -11004167.6553, 2175804.356800001114607 ], [ -11004225.1632, 2175809.066500000655651 ], [ -11004278.3049, 2175796.649999998509884 ], [ -11004326.7222, 2175761.562100000679493 ], [ -11004386.5932, 2175753.578200001269579 ], [ -11004410.6181, 2175735.096599999815226 ], [ -11004458.639, 2175731.918000001460314 ], [ -11004483.0359, 2175745.615600001066923 ], [ -11004520.595, 2175789.177700001746416 ], [ -11004549.7875, 2175846.3904 ], [ -11004502.6838, 2176193.342999998480082 ], [ -11004297.591, 2176143.1831 ], [ -11004287.8593, 2176208.415300000458956 ], [ -11004459.0622, 2176242.794599998742342 ], [ -11004427.0231, 2176383.340300001204014 ], [ -11004238.881, 2176483.150499999523163 ], [ -11004112.7216, 2176474.935499999672174 ], [ -11004097.1814, 2176521.432900000363588 ], [ -11006494.4977, 2176594.082299999892712 ], [ -11006681.4722, 2176142.059999998658895 ], [ -11006698.3584, 2176257.080899998545647 ] ] ] ] } },
{ "type": "Feature", "properties": { "OBJECTID": 755, "ID": "15091", "NAME": "Teoloyucan", "TOTPOP_CY": 67069, "AREA": 31.05, "Shape__Area": 35219358.567734733, "Shape__Length": 37185.245658789965, "metro_only_count": 0.0, "bus_only_count": 366.0, "bus_metro_count": 41.0, "n_cat": "3", "label_range": "0 – 1" }, "geometry": { "type": "MultiPolygon", "coordinates": [ [ [ [ -11037800.1567, 2240974.046399999409914 ], [ -11037632.4812, 2241718.822200000286102 ], [ -11038492.2189, 2242403.787500001490116 ], [ -11039082.1482, 2242742.9386 ], [ -11039033.1594, 2242819.729400001466274 ], [ -11038852.8085, 2242953.332400001585484 ], [ -11038745.2572, 2243182.7676 ], [ -11038707.2605, 2243207.592399999499321 ], [ -11038435.0676, 2243279.250999998301268 ], [ -11038304.265, 2243229.544399999082088 ], [ -11037481.7153, 2242978.46680000051856 ], [ -11037292.4742, 2242938.28319999948144 ], [ -11037181.5923, 2243487.1305 ], [ -11037200.7958, 2243487.0088 ], [ -11037186.2054, 2244944.377599999308586 ], [ -11037191.1035, 2245192.322999998927116 ], [ -11037211.7695, 2245283.134700000286102 ], [ -11036712.5197, 2245398.082699999213219 ], [ -11036648.9686, 2245404.401599999517202 ], [ -11036151.2903, 2245315.979299999773502 ], [ -11036067.4334, 2245297.9391999989748 ], [ -11036044.6718, 2245276.001400001347065 ], [ -11036611.926, 2248833.7972999997437 ], [ -11038348.0056, 2248760.869600001722574 ], [ -11039020.1161, 2248704.357500001788139 ], [ -11039806.6539, 2248666.683899998664856 ], [ -11040316.7688, 2248696.714699998497963 ], [ -11040706.6531, 2248549.3766999989748 ], [ -11040700.0939, 2248196.854100000113249 ], [ -11040718.4575, 2247868.371199999004602 ], [ -11040675.6907, 2247418.925799999386072 ], [ -11040690.8179, 2247278.849700000137091 ], [ -11040664.8993, 2247080.92960000038147 ], [ -11040642.6011, 2246491.403099998831749 ], [ -11040675.9666, 2245904.340599998831749 ], [ -11040619.0647, 2245545.845400001853704 ], [ -11040654.7746, 2245529.494100000709295 ], [ -11040766.5221, 2245410.160000000149012 ], [ -11040878.0047, 2245373.348200000822544 ], [ -11041163.6764, 2245224.667700000107288 ], [ -11041243.576, 2245268.513599999248981 ], [ -11041261.5551, 2245312.767799999564886 ], [ -11041278.7584, 2245299.65430000051856 ], [ -11041421.1616, 2245315.886999998241663 ], [ -11041471.9435, 2245304.559799998998642 ], [ -11042283.6905, 2245470.25560000166297 ], [ -11042666.3094, 2245558.976799998432398 ], [ -11042602.736, 2245415.020399998873472 ], [ -11042583.8216, 2245394.46169999986887 ], [ -11042712.7889, 2244972.100299999117851 ], [ -11042449.7278, 2244842.950800001621246 ], [ -11042811.8273, 2243698.236099999397993 ], [ -11042918.0269, 2243420.299199998378754 ], [ -11042951.0557, 2243420.520500000566244 ], [ -11043112.598, 2243477.028400000184774 ], [ -11043138.3673, 2243474.481600001454353 ], [ -11043202.3148, 2243512.858199998736382 ], [ -11043248.5858, 2243483.521899998188019 ], [ -11043731.7136, 2243598.1897 ], [ -11043806.7807, 2243646.645899999886751 ], [ -11043792.4862, 2243686.208799999207258 ], [ -11044176.5605, 2244064.649500001221895 ], [ -11044194.5789, 2244054.204300001263618 ], [ -11044735.2265, 2244148.113600000739098 ], [ -11044681.5864, 2243664.505899999290705 ], [ -11044665.0086, 2243661.29280000180006 ], [ -11044654.667, 2243572.494199998676777 ], [ -11043802.7643, 2243158.71510000154376 ], [ -11043619.6481, 2243135.426699999719858 ], [ -11043230.8581, 2243125.739999998360872 ], [ -11042886.9117, 2243124.720300000160933 ], [ -11042887.1399, 2243144.298500001430511 ], [ -11042502.113, 2243108.879900000989437 ], [ -11042449.9331, 2243120.682500001043081 ], [ -11042381.4872, 2243160.622900001704693 ], [ -11042305.879, 2243253.821699999272823 ], [ -11042047.8883, 2243183.123599998652935 ], [ -11041516.097, 2243063.076400000602007 ], [ -11041739.4234, 2242207.600099999457598 ], [ -11041408.3146, 2242119.550299998372793 ], [ -11041418.7423, 2241989.453299999237061 ], [ -11041439.1894, 2241910.792399998754263 ], [ -11041333.913, 2241884.053199999034405 ], [ -11041335.2312, 2241750.775400001555681 ], [ -11041136.4099, 2241612.321199998259544 ], [ -11041199.2768, 2241490.330600000917912 ], [ -11040789.4248, 2241421.317299999296665 ], [ -11040533.7526, 2241395.215199999511242 ], [ -11040426.4997, 2241370.16330000013113 ], [ -11040370.576, 2241331.50620000064373 ], [ -11040295.5313, 2241312.2029 ], [ -11040269.054, 2241330.057700000703335 ], [ -11039997.2553, 2241291.425500001758337 ], [ -11038972.5437, 2241113.166900001466274 ], [ -11039157.8287, 2240114.156399998813868 ], [ -11038795.3831, 2240079.500799998641014 ], [ -11038782.7972, 2240064.785999998450279 ], [ -11038028.3129, 2239930.397100001573563 ], [ -11037800.1567, 2240974.046399999409914 ] ] ] ] } },
{ "type": "Feature", "properties": { "OBJECTID": 756, "ID": "15092", "NAME": "Teotihuacán", "TOTPOP_CY": 59949, "AREA": 83.2, "Shape__Area": 94330319.938879758, "Shape__Length": 64303.246251517281, "metro_only_count": 6.0, "bus_only_count": 165.0, "bus_metro_count": 13.0, "n_cat": "4", "label_range": "2 – 12" }, "geometry": { "type": "MultiPolygon", "coordinates": [ [ [ [ -11008143.9242, 2240764.914099998772144 ], [ -11008096.9452, 2240878.968199998140335 ], [ -11007890.787, 2241503.773800000548363 ], [ -11007702.1317, 2242165.214800000190735 ], [ -11007638.7274, 2242439.044100001454353 ], [ -11007611.0702, 2242485.246500000357628 ], [ -11007561.4776, 2242531.075100000947714 ], [ -11007563.7068, 2242545.385400000959635 ], [ -11007448.6722, 2242603.900600001215935 ], [ -11007507.2713, 2242647.88289999961853 ], [ -11007506.1504, 2242689.815099999308586 ], [ -11007560.5934, 2242756.393100000917912 ], [ -11007461.9454, 2243172.983899999409914 ], [ -11007310.7234, 2243391.825199998915195 ], [ -11007369.214, 2243430.721799999475479 ], [ -11007346.5662, 2243500.077300000935793 ], [ -11007440.0511, 2243542.395700000226498 ], [ -11007854.6839, 2243680.904199998825788 ], [ -11009104.4301, 2243951.089600000530481 ], [ -11009561.3844, 2244065.608899999409914 ], [ -11009305.1491, 2243698.233199998736382 ], [ -11009427.693, 2243423.692699998617172 ], [ -11009581.6411, 2243242.111200001090765 ], [ -11009789.9031, 2242814.65430000051856 ], [ -11009971.5776, 2242341.007199998944998 ], [ -11009958.3585, 2242324.507500000298023 ], [ -11010118.3991, 2241801.930100001394749 ], [ -11010543.4437, 2240741.406199999153614 ], [ -11011259.4006, 2240987.197299998253584 ], [ -11011311.7218, 2240838.521699998527765 ], [ -11011597.6248, 2240554.020599998533726 ], [ -11011707.2555, 2240473.140900000929832 ], [ -11011726.3758, 2240433.76799999922514 ], [ -11011981.5012, 2239150.810600001364946 ], [ -11012207.7915, 2238125.460400000214577 ], [ -11013411.0828, 2237967.853999998420477 ], [ -11013586.5569, 2237216.526999998837709 ], [ -11013687.5147, 2236655.045200001448393 ], [ -11012998.7143, 2236370.25450000166893 ], [ -11012398.5553, 2236234.967199999839067 ], [ -11011499.2285, 2235794.405699998140335 ], [ -11011463.477, 2235975.297200001776218 ], [ -11011050.0876, 2235910.451400000602007 ], [ -11010954.3818, 2234547.959899999201298 ], [ -11010534.664, 2233710.847699999809265 ], [ -11010523.9626, 2233706.180700000375509 ], [ -11010499.7575, 2233474.725400000810623 ], [ -11010469.1914, 2233399.725299999117851 ], [ -11010419.9346, 2233321.448699999600649 ], [ -11010358.5899, 2233273.871300000697374 ], [ -11010342.0802, 2233247.136199999600649 ], [ -11010295.946, 2233095.49269999936223 ], [ -11010221.5704, 2232946.1239 ], [ -11010142.6246, 2232898.326200000941753 ], [ -11010027.587, 2232848.89979999884963 ], [ -11010002.7016, 2232717.180300001055002 ], [ -11009958.7637, 2232781.892099998891354 ], [ -11009940.199, 2232833.866900000721216 ], [ -11009533.7994, 2232815.010000001639128 ], [ -11009504.1695, 2232886.607900001108646 ], [ -11009485.5912, 2233032.489199999719858 ], [ -11009077.8069, 2232932.889899998903275 ], [ -11009018.1063, 2233104.135200001299381 ], [ -11009034.0483, 2233187.940999999642372 ], [ -11008974.6727, 2233261.629099998623133 ], [ -11008924.1862, 2233452.801300000399351 ], [ -11008928.7111, 2233487.234900001436472 ], [ -11008969.5008, 2233504.160999998450279 ], [ -11009003.4498, 2233562.233899999409914 ], [ -11008866.3878, 2233749.569400001317263 ], [ -11008505.0312, 2233546.903900001198053 ], [ -11008535.4849, 2233208.896499998867512 ], [ -11008237.6264, 2233164.074999999254942 ], [ -11008388.8772, 2232115.077799998223782 ], [ -11008530.5023, 2232055.455899998545647 ], [ -11008561.6228, 2232024.848799999803305 ], [ -11008570.4115, 2231990.975900001823902 ], [ -11008531.8214, 2231533.488400001078844 ], [ -11008070.2497, 2231735.761199999600649 ], [ -11008017.6657, 2231723.029500000178814 ], [ -11007953.4911, 2231740.972899999469519 ], [ -11007492.5506, 2231920.14640000090003 ], [ -11007185.5335, 2232055.058600001037121 ], [ -11006687.9734, 2232232.585799999535084 ], [ -11006496.9969, 2232205.861699998378754 ], [ -11006420.4146, 2232232.71339999884367 ], [ -11006312.5817, 2232203.226700000464916 ], [ -11006102.4328, 2232243.950199998915195 ], [ -11006052.0986, 2232182.708500001579523 ], [ -11005746.7903, 2232504.504000000655651 ], [ -11005416.5311, 2232516.827199999243021 ], [ -11004958.606, 2232517.01630000025034 ], [ -11004895.9277, 2232526.268699999898672 ], [ -11004855.1023, 2232497.540300000458956 ], [ -11004971.9177, 2232313.972600001841784 ], [ -11005065.0464, 2231966.156199999153614 ], [ -11004311.0161, 2231605.794199999421835 ], [ -11004244.0029, 2231617.699700001627207 ], [ -11004067.094, 2231193.74040000140667 ], [ -11004071.539, 2231062.818399999290705 ], [ -11004052.0336, 2230688.854899998754263 ], [ -11002920.3295, 2230221.397100001573563 ], [ -11002902.2758, 2229910.099700000137091 ], [ -11001514.0828, 2229532.855900000780821 ], [ -11001150.1594, 2229409.374899998307228 ], [ -11000891.9905, 2229900.880100000649691 ], [ -11000762.7975, 2230235.178599998354912 ], [ -11000715.2786, 2230270.376899998635054 ], [ -11000623.5291, 2230302.589800000190735 ], [ -11000566.2708, 2230359.407400000840425 ], [ -11000486.3957, 2230397.241700001060963 ], [ -11000429.0806, 2230475.955400001257658 ], [ -11000363.7127, 2230540.77419999986887 ], [ -11000270.8689, 2230570.583399999886751 ], [ -11000171.5051, 2230651.653400000184774 ], [ -11000067.1743, 2230776.2478 ], [ -11000011.431, 2230873.656100001186132 ], [ -10999961.315, 2230901.900800000876188 ], [ -10999405.3186, 2231620.905200000852346 ], [ -10999291.7983, 2231746.239999998360872 ], [ -10999102.2091, 2231994.020899999886751 ], [ -10999102.1856, 2232044.110399998724461 ], [ -10999136.6568, 2232107.292700000107288 ], [ -10999218.0037, 2232176.521499998867512 ], [ -10999228.7703, 2232215.822799999266863 ], [ -10999205.9594, 2232268.270599998533726 ], [ -10999207.5195, 2232294.484900001436472 ], [ -10999250.6047, 2232336.195599999278784 ], [ -10999396.0724, 2232377.069600000977516 ], [ -10999427.8875, 2232424.151799999177456 ], [ -10999588.0384, 2232505.304299999028444 ], [ -10999703.0659, 2232629.528999999165535 ], [ -10999846.3319, 2232547.397300001233816 ], [ -10999867.683, 2232553.208399999886751 ], [ -10999876.9893, 2232751.658500000834465 ], [ -10999858.1931, 2232777.342300001531839 ], [ -10999935.6904, 2232837.353000000119209 ], [ -10999962.967, 2232836.25 ], [ -11000078.3541, 2232956.461300000548363 ], [ -11000061.0896, 2233003.263599999248981 ], [ -11000075.0301, 2233084.41499999910593 ], [ -11000140.1843, 2233100.424499999731779 ], [ -10999928.4925, 2233407.2212999984622 ], [ -10999706.1329, 2233772.392299998551607 ], [ -10999673.956, 2233877.489500001072884 ], [ -10999909.055, 2234438.234099999070168 ], [ -11000052.4645, 2234549.949499998241663 ], [ -11000175.5505, 2234571.654899999499321 ], [ -11000245.9044, 2234646.473999999463558 ], [ -11000281.7025, 2234657.97580000013113 ], [ -11000332.0924, 2234699.826400000602007 ], [ -11000774.5929, 2234785.639499999582767 ], [ -11000148.4619, 2235013.410399999469519 ], [ -11000172.979, 2235037.465399999171495 ], [ -11000200.9891, 2235102.119100000709295 ], [ -11000210.9132, 2235158.480500001460314 ], [ -11000299.9577, 2235236.250300001353025 ], [ -11000255.0358, 2235322.774099998176098 ], [ -11000265.4598, 2235327.850600000470877 ], [ -11000193.8904, 2235483.269200000911951 ], [ -11000076.5852, 2235433.525100000202656 ], [ -11000174.5007, 2235232.449299998581409 ], [ -11000043.6602, 2235179.495099999010563 ], [ -10999996.8481, 2235274.285900000482798 ], [ -10999757.0381, 2235184.136599998921156 ], [ -10999427.0938, 2235333.537399999797344 ], [ -10999432.7422, 2235477.233800001442432 ], [ -10999117.7458, 2235879.845400001853704 ], [ -10999361.5166, 2235970.835299998521805 ], [ -10999597.8346, 2236043.727899998426437 ], [ -11000008.1492, 2236204.92790000140667 ], [ -10999934.0572, 2236253.116999998688698 ], [ -11000106.4979, 2236231.497099999338388 ], [ -11001522.1523, 2236735.969799999147654 ], [ -11001551.6597, 2236744.093100000172853 ], [ -11001554.091, 2236734.698800001293421 ], [ -11001786.7186, 2236805.250999998301268 ], [ -11002084.5028, 2236911.545000001788139 ], [ -11002620.9721, 2237071.202500000596046 ], [ -11002547.0387, 2237317.2379 ], [ -11002571.4832, 2237367.490299999713898 ], [ -11003079.2848, 2237582.678300000727177 ], [ -11003240.6946, 2237630.234700001776218 ], [ -11003338.2551, 2237644.765500001609325 ], [ -11003250.3382, 2237716.389899998903275 ], [ -11003078.4233, 2237807.73030000180006 ], [ -11002750.7122, 2237919.285999998450279 ], [ -11003056.2951, 2238032.815400000661612 ], [ -11003183.0669, 2238058.792300000786781 ], [ -11003486.5105, 2238374.645300000905991 ], [ -11003520.1422, 2238405.129000000655651 ], [ -11003581.5755, 2238433.602899998426437 ], [ -11003540.416, 2238473.640700001269579 ], [ -11003315.2956, 2238613.762600000947714 ], [ -11003222.6609, 2238685.503100000321865 ], [ -11003507.0423, 2239167.978300001472235 ], [ -11003546.6808, 2239270.121899999678135 ], [ -11003557.9431, 2239349.722699999809265 ], [ -11003875.0823, 2239538.452799998223782 ], [ -11003831.0766, 2239676.974399998784065 ], [ -11004097.0243, 2239666.768100000917912 ], [ -11004143.2866, 2239690.950800001621246 ], [ -11004355.2133, 2239174.044399999082088 ], [ -11004511.3601, 2238832.157600000500679 ], [ -11004518.3653, 2238752.968100000172853 ], [ -11004708.0716, 2238219.682100001722574 ], [ -11004764.2511, 2238031.822299998253584 ], [ -11004882.3388, 2237568.547400001436472 ], [ -11004909.7235, 2237578.945599999278784 ], [ -11005022.2108, 2237671.451299998909235 ], [ -11005040.1499, 2237698.85359999909997 ], [ -11005052.0833, 2237770.419199999421835 ], [ -11005071.9305, 2237779.381900001317263 ], [ -11005161.1764, 2237882.734700001776218 ], [ -11005171.0939, 2237959.901000000536442 ], [ -11005162.8461, 2237999.62220000103116 ], [ -11005183.4358, 2238047.144299998879433 ], [ -11005121.5611, 2238225.519799999892712 ], [ -11005293.1589, 2238261.1952 ], [ -11005330.9118, 2238223.225900001823902 ], [ -11005424.8511, 2238185.347500000149012 ], [ -11005434.8821, 2238340.9835 ], [ -11005456.6662, 2238351.807500001043081 ], [ -11006744.4601, 2238940.7971 ], [ -11006898.5073, 2239003.424199998378754 ], [ -11007559.5837, 2239227.504299998283386 ], [ -11007535.335, 2239455.105200000107288 ], [ -11007678.6289, 2239515.315699998289347 ], [ -11007645.7917, 2239721.275800000876188 ], [ -11007928.7559, 2239836.883499998599291 ], [ -11008091.0865, 2239885.884500000625849 ], [ -11008479.9735, 2240029.875599998980761 ], [ -11008304.9267, 2240436.662999998778105 ], [ -11008248.746, 2240556.053300000727177 ], [ -11008174.7597, 2240675.431400001049042 ], [ -11008143.9242, 2240764.914099998772144 ] ] ] ] } },
{ "type": "Feature", "properties": { "OBJECTID": 757, "ID": "15093", "NAME": "Tepetlaoxtoc", "TOTPOP_CY": 33366, "AREA": 178.91, "Shape__Area": 202588479.34988394, "Shape__Length": 96306.729419233452, "metro_only_count": 0.0, "bus_only_count": 73.0, "bus_metro_count": 7.0, "n_cat": "3", "label_range": "0 – 1" }, "geometry": { "type": "MultiPolygon", "coordinates": [ [ [ [ -11002374.1609, 2229763.4496 ], [ -11002902.2758, 2229910.099700000137091 ], [ -11002902.6409, 2229900.062199998646975 ], [ -11003676.9573, 2229756.0793999992311 ], [ -11003668.1744, 2229777.673500001430511 ], [ -11003918.8219, 2229727.707699999213219 ], [ -11003920.2902, 2229710.821800000965595 ], [ -11004013.4624, 2229693.493700001388788 ], [ -11004183.3441, 2229631.305700000375509 ], [ -11004189.1267, 2229637.6385000012815 ], [ -11004507.0854, 2229534.805100001394749 ], [ -11004990.5548, 2229337.195700000971556 ], [ -11005072.7686, 2229062.49439999833703 ], [ -11004935.6262, 2228623.286499999463558 ], [ -11004855.3206, 2228418.628499999642372 ], [ -11004925.7869, 2228080.540100000798702 ], [ -11004972.7092, 2227922.036299999803305 ], [ -11005079.891, 2227850.283300001174212 ], [ -11005141.5707, 2227711.61540000140667 ], [ -11005151.4849, 2227633.800700001418591 ], [ -11005378.2325, 2227397.199700001627207 ], [ -11005978.0133, 2226680.165600001811981 ], [ -11006066.7437, 2226508.309300001710653 ], [ -11006373.2201, 2225558.299100000411272 ], [ -11006269.5868, 2225083.065099999308586 ], [ -11006229.5685, 2225000.148299999535084 ], [ -11006071.2945, 2224772.785900000482798 ], [ -11006023.6754, 2224580.546799998730421 ], [ -11006089.9584, 2223967.694699998944998 ], [ -11005991.6566, 2223434.8147 ], [ -11005900.4648, 2223318.363000001758337 ], [ -11005945.1484, 2223184.932599999010563 ], [ -11005965.4687, 2222986.354200001806021 ], [ -11005211.1298, 2222828.1554000005126 ], [ -11005241.421, 2222472.963899999856949 ], [ -11005272.4658, 2221641.584399998188019 ], [ -11005200.6315, 2221666.085700001567602 ], [ -11004878.7779, 2221734.585400000214577 ], [ -11004755.1339, 2221832.962000001221895 ], [ -11004603.1542, 2221763.195999998599291 ], [ -11004534.4344, 2221934.457299999892712 ], [ -11004021.5444, 2221759.502700001001358 ], [ -11004074.49, 2221608.189500000327826 ], [ -11003828.3093, 2221524.97239999845624 ], [ -11003711.751, 2221467.913199998438358 ], [ -11003613.9884, 2221404.888900000602007 ], [ -11003730.271, 2221066.546 ], [ -11003744.0158, 2221053.552999999374151 ], [ -11003939.2067, 2220524.777100000530481 ], [ -11003524.359, 2220361.293099999427795 ], [ -11003562.5052, 2220181.438700001686811 ], [ -11003452.273, 2220329.407800000160933 ], [ -11003374.7373, 2220313.124400001019239 ], [ -11003327.6017, 2220514.427999999374151 ], [ -11002981.2826, 2220413.102699998766184 ], [ -11002997.5997, 2220387.483399998396635 ], [ -11002997.4994, 2220357.68189999833703 ], [ -11002913.8941, 2220214.1754 ], [ -11002673.7464, 2220093.513000000268221 ], [ -11002426.2268, 2219994.027199998497963 ], [ -11002240.7239, 2220619.317299999296665 ], [ -11001518.0633, 2220395.36769999936223 ], [ -11001439.589, 2220377.828299999237061 ], [ -11001439.4661, 2220443.586599998176098 ], [ -11000867.6539, 2220310.180799998342991 ], [ -11000806.0741, 2220084.1996 ], [ -11000584.9178, 2220024.5929000005126 ], [ -10999887.0972, 2219916.541000001132488 ], [ -10999880.2926, 2219894.530299998819828 ], [ -10999661.1442, 2219940.990499999374151 ], [ -10999299.6932, 2220069.142499998211861 ], [ -10999236.3368, 2220081.248599998652935 ], [ -10998260.1279, 2220134.5912000015378 ], [ -10998252.8211, 2220119.497299998998642 ], [ -10998120.2907, 2220100.518100000917912 ], [ -10998121.8661, 2220075.774399999529123 ], [ -10998105.0768, 2220048.116099998354912 ], [ -10998058.8181, 2220018.1349 ], [ -10998018.2109, 2220019.805300001055002 ], [ -10997803.3687, 2219975.629799999296665 ], [ -10997880.9362, 2219721.752099998295307 ], [ -10997716.2269, 2219483.011100001633167 ], [ -10997495.3945, 2219246.510099999606609 ], [ -10997346.4746, 2219119.966400001198053 ], [ -10997372.8817, 2218985.885000001639128 ], [ -10997394.4844, 2218969.631099998950958 ], [ -10997434.9447, 2218961.6754 ], [ -10997453.8466, 2218942.482500001788139 ], [ -10997455.5967, 2218864.024500001221895 ], [ -10997475.583, 2218842.164599999785423 ], [ -10997483.185, 2218812.550999999046326 ], [ -10997414.2804, 2218755.355500001460314 ], [ -10997343.7828, 2218663.1985 ], [ -10997296.1326, 2218475.796599999070168 ], [ -10997347.5009, 2218389.126400001347065 ], [ -10997334.7016, 2218318.6327 ], [ -10997342.3457, 2218264.493700001388788 ], [ -10997321.2929, 2218213.496500000357628 ], [ -10997265.3139, 2218156.0515 ], [ -10997203.9769, 2218046.8279 ], [ -10997189.2604, 2218011.584800001233816 ], [ -10997184.4847, 2217900.297200001776218 ], [ -10997145.6509, 2217853.815499998629093 ], [ -10997133.8132, 2217799.629099998623133 ], [ -10997120.0062, 2217783.065499998629093 ], [ -10997019.1164, 2217741.309999998658895 ], [ -10996876.9411, 2217579.949999999254942 ], [ -10996808.6111, 2217568.390999998897314 ], [ -10996732.0355, 2217523.996100001037121 ], [ -10996662.6111, 2217412.094999998807907 ], [ -10996633.2662, 2217333.335999999195337 ], [ -10996603.0509, 2217286.866300001740456 ], [ -10996578.5427, 2217259.6162 ], [ -10996515.665, 2217242.457800000905991 ], [ -10996462.6858, 2217209.567800000309944 ], [ -10996327.2868, 2217050.606499999761581 ], [ -10996287.3363, 2216965.533700000494719 ], [ -10996321.3144, 2216773.434599999338388 ], [ -10996375.4926, 2216695.532400000840425 ], [ -10996419.6164, 2216593.494699999690056 ], [ -10996344.7496, 2216386.4527000002563 ], [ -10996307.9921, 2216354.451400000602007 ], [ -10996402.1582, 2216312.829700000584126 ], [ -10996286.9578, 2216120.535500001162291 ], [ -10996496.277, 2216036.185499999672174 ], [ -10996258.9656, 2215855.383900001645088 ], [ -10996158.1989, 2215765.146699998527765 ], [ -10996091.8542, 2215880.833700001239777 ], [ -10996012.4096, 2215806.490600001066923 ], [ -10995924.1254, 2215944.917300000786781 ], [ -10995894.461, 2216075.293499998748302 ], [ -10995993.6812, 2216166.770799998193979 ], [ -10995998.498, 2216249.446100000292063 ], [ -10995972.5248, 2216342.498500000685453 ], [ -10995739.9229, 2216499.763000000268221 ], [ -10995435.6153, 2216643.1173 ], [ -10995275.9697, 2216764.454599998891354 ], [ -10995583.3843, 2217286.2652000002563 ], [ -10995446.6753, 2217395.898800000548363 ], [ -10995211.8175, 2217771.747600000351667 ], [ -10995140.0467, 2218017.300700001418591 ], [ -10995070.7424, 2217997.625399999320507 ], [ -10994915.9349, 2217985.402499999850988 ], [ -10994725.5207, 2217942.251499999314547 ], [ -10994488.2031, 2217856.768399998545647 ], [ -10994360.9438, 2217756.575399998575449 ], [ -10994182.1279, 2217678.682199999690056 ], [ -10994023.206, 2217583.313799999654293 ], [ -10993776.2345, 2217492.395799998193979 ], [ -10993772.5491, 2217500.255800001323223 ], [ -10993613.556, 2217430.989599999040365 ], [ -10993578.4211, 2217639.794799998402596 ], [ -10993368.4369, 2217817.264199998229742 ], [ -10993195.3742, 2217779.088599998503923 ], [ -10993322.2334, 2217244.810100000351667 ], [ -10993242.9868, 2216969.903000000864267 ], [ -10993183.2576, 2217054.025499999523163 ], [ -10993071.9708, 2217084.374699998646975 ], [ -10993049.2029, 2217119.212499998509884 ], [ -10992970.0223, 2217167.173300001770258 ], [ -10992909.5825, 2217152.911200001835823 ], [ -10992793.4116, 2217086.758600000292063 ], [ -10992729.9049, 2216966.388799998909235 ], [ -10992586.7137, 2216843.595199998468161 ], [ -10992566.3433, 2216841.932 ], [ -10992451.0564, 2216679.455200001597404 ], [ -10992463.5566, 2216657.0592 ], [ -10992446.3654, 2216637.233199998736382 ], [ -10992290.626, 2216560.600000001490116 ], [ -10992234.845, 2216562.576999999582767 ], [ -10992209.817, 2216547.873599998652935 ], [ -10992141.9267, 2216559.202599998563528 ], [ -10992133.5109, 2216574.106300000101328 ], [ -10992049.5369, 2216535.496800001710653 ], [ -10991924.2513, 2216585.752399999648333 ], [ -10991909.9199, 2216619.319400001317263 ], [ -10991843.0381, 2216622.974899999797344 ], [ -10991827.4068, 2216654.871199999004602 ], [ -10991532.6463, 2216690.0493 ], [ -10991484.8199, 2216648.281100001186132 ], [ -10991422.2416, 2216676.181200001388788 ], [ -10991380.4212, 2216616.579300001263618 ], [ -10991358.7772, 2216630.796100001782179 ], [ -10991282.9086, 2216523.2051 ], [ -10991158.5748, 2216483.945799998939037 ], [ -10991146.3264, 2216458.951400000602007 ], [ -10991066.1717, 2216504.87220000103116 ], [ -10990714.5424, 2216408.8026 ], [ -10990486.5769, 2216447.8279 ], [ -10990379.8693, 2216375.130800001323223 ], [ -10990250.635, 2216130.084499999880791 ], [ -10989690.215, 2215730.968499999493361 ], [ -10989732.5209, 2215562.550999999046326 ], [ -10987514.1461, 2213391.585499998182058 ], [ -10986684.4775, 2212627.6184 ], [ -10986761.7376, 2212740.58390000090003 ], [ -10986515.2084, 2212494.3915 ], [ -10986411.7603, 2212291.864700000733137 ], [ -10985819.6753, 2211952.543600000441074 ], [ -10985583.8939, 2211333.58049999922514 ], [ -10985454.7255, 2211190.888099998235703 ], [ -10985317.9394, 2211073.032800000160933 ], [ -10985174.3718, 2210969.6118 ], [ -10984877.7209, 2210784.095499999821186 ], [ -10984654.8638, 2210667.057399999350309 ], [ -10984324.2527, 2210541.478700000792742 ], [ -10984267.2359, 2210532.886500000953674 ], [ -10984189.8177, 2210538.318999998271465 ], [ -10984066.8152, 2210574.491799999028444 ], [ -10983803.755, 2210464.409400001168251 ], [ -10983731.2137, 2210144.0143 ], [ -10983663.3533, 2209989.592399999499321 ], [ -10983610.8383, 2209897.034800000488758 ], [ -10983448.6726, 2209667.998700000345707 ], [ -10983294.4272, 2209513.551199998706579 ], [ -10982733.397, 2209844.561700001358986 ], [ -10982523.3816, 2209886.554999999701977 ], [ -10982026.9447, 2209875.811999998986721 ], [ -10982151.7137, 2210475.118500001728535 ], [ -10982894.7145, 2211345.452100001275539 ], [ -10982948.465, 2211589.133499998599291 ], [ -10982825.2344, 2212180.199700001627207 ], [ -10983388.737, 2212764.716099999845028 ], [ -10983677.3082, 2213114.308600001037121 ], [ -10984190.1906, 2213395.255800001323223 ], [ -10984435.5532, 2213661.139800000935793 ], [ -10984525.6307, 2213828.561500001698732 ], [ -10984612.8028, 2214194.683299999684095 ], [ -10984688.7717, 2214704.22859999909997 ], [ -10984803.7359, 2215320.971900001168251 ], [ -10985220.2388, 2216019.242499999701977 ], [ -10986140.5772, 2216697.141199998557568 ], [ -10986139.327, 2216709.929999999701977 ], [ -10986309.7618, 2216855.359000001102686 ], [ -10986324.5181, 2216838.77250000089407 ], [ -10986424.955, 2216935.325199998915195 ], [ -10986513.484, 2217075.067600000649691 ], [ -10986781.2464, 2217214.063200000673532 ], [ -10987027.4939, 2217397.134399998933077 ], [ -10987236.091, 2217590.245999999344349 ], [ -10987475.9924, 2218524.646899998188019 ], [ -10987494.4704, 2218648.180399999022484 ], [ -10987495.2286, 2218957.89299999922514 ], [ -10987394.8805, 2219237.658900000154972 ], [ -10987413.0512, 2219303.225000001490116 ], [ -10987576.1188, 2219389.734000001102686 ], [ -10987745.2421, 2219312.815499998629093 ], [ -10987914.9668, 2219455.999000001698732 ], [ -10988168.6668, 2219514.207400001585484 ], [ -10988092.7969, 2219681.14640000090003 ], [ -10987841.8673, 2220090.366099998354912 ], [ -10987920.1182, 2220117.4560999982059 ], [ -10988138.9622, 2220365.442099999636412 ], [ -10987978.7825, 2220558.975900001823902 ], [ -10987906.5885, 2220900.674400001764297 ], [ -10987661.4017, 2220871.771200001239777 ], [ -10987730.6202, 2221135.432 ], [ -10987574.2809, 2221201.049499999731779 ], [ -10987463.1704, 2221421.892700001597404 ], [ -10987384.4288, 2221414.842300001531839 ], [ -10987243.8802, 2221621.931600000709295 ], [ -10987178.8451, 2221823.861600000411272 ], [ -10987314.0048, 2221825.277100000530481 ], [ -10987411.4895, 2221587.701499998569489 ], [ -10987457.3765, 2221600.78319999948144 ], [ -10987430.1088, 2221695.195700000971556 ], [ -10987477.9438, 2221716.261599998921156 ], [ -10987448.7114, 2221848.804000001400709 ], [ -10987387.5435, 2221836.045800000429153 ], [ -10987378.9462, 2221849.405200000852346 ], [ -10987336.7618, 2222047.422499999403954 ], [ -10987374.9255, 2222272.051300000399351 ], [ -10987328.4295, 2222295.845899999141693 ], [ -10987257.7439, 2222302.496300000697374 ], [ -10986655.6401, 2222236.332600001245737 ], [ -10986630.1547, 2222417.692899998277426 ], [ -10986748.0787, 2222449.972800001502037 ], [ -10986484.1361, 2222878.509500000625849 ], [ -10986345.4939, 2222858.695500001311302 ], [ -10986021.5747, 2222971.033100001513958 ], [ -10986189.6957, 2223211.298099998384714 ], [ -10986249.0001, 2223275.083099998533726 ], [ -10986233.6157, 2223492.698800001293421 ], [ -10986258.7193, 2223697.298799999058247 ], [ -10986313.6656, 2223744.845199998468161 ], [ -10986455.2416, 2223774.831599999219179 ], [ -10986391.2753, 2224036.657499998807907 ], [ -10985837.04, 2224031.97859999909997 ], [ -10985175.7145, 2224277.926600001752377 ], [ -10985163.8666, 2224828.456300001591444 ], [ -10985197.7199, 2224884.998700000345707 ], [ -10985238.9303, 2225026.932199999690056 ], [ -10985183.4087, 2225130.1114999987185 ], [ -10985206.1256, 2225182.382199998944998 ], [ -10985195.9396, 2225208.0176 ], [ -10985178.0108, 2225208.801100000739098 ], [ -10985189.0637, 2225248.16609999909997 ], [ -10985158.3396, 2225427.315699998289347 ], [ -10985177.934, 2225579.911699999123812 ], [ -10986424.8403, 2226849.087699998170137 ], [ -10986696.8082, 2226854.92680000141263 ], [ -10987181.3064, 2227035.2804000005126 ], [ -10987195.3972, 2227051.972600001841784 ], [ -10987444.2551, 2226906.103000000119209 ], [ -10987647.1838, 2226773.767900001257658 ], [ -10987675.4691, 2226684.378400001674891 ], [ -10987740.863, 2226589.783599998801947 ], [ -10987886.7392, 2226481.842399999499321 ], [ -10987930.6368, 2226492.653999999165535 ], [ -10988156.3759, 2225813.499299999326468 ], [ -10988579.3244, 2225936.952399998903275 ], [ -10988854.5328, 2225991.356800001114607 ], [ -10989447.7644, 2226002.787399999797344 ], [ -10989531.0158, 2226345.282000001519918 ], [ -10990406.9061, 2226962.864799998700619 ], [ -10990342.5805, 2227066.2445 ], [ -10990169.1148, 2227275.412799999117851 ], [ -10990480.8161, 2227352.460299998521805 ], [ -10990833.9537, 2227491.623199999332428 ], [ -10990955.1451, 2227553.099199999123812 ], [ -10991217.5641, 2227741.914000000804663 ], [ -10992497.4655, 2228991.293099999427795 ], [ -10992741.6347, 2228862.196699999272823 ], [ -10992777.1825, 2228735.825500000268221 ], [ -10992811.3619, 2228704.977899998426437 ], [ -10992805.7659, 2228661.596000000834465 ], [ -10992864.7074, 2228605.6864 ], [ -10992947.6572, 2228458.537900000810623 ], [ -10993081.3283, 2228285.596000000834465 ], [ -10993106.9041, 2228233.555700000375509 ], [ -10993107.2303, 2228205.89640000090003 ], [ -10993138.6357, 2228153.076099999248981 ], [ -10993133.9502, 2228067.809599999338388 ], [ -10993241.1607, 2227852.376800000667572 ], [ -10993263.6006, 2227836.861699998378754 ], [ -10993262.3241, 2227876.200599998235703 ], [ -10993298.6475, 2227842.946800000965595 ], [ -10993383.2368, 2227814.75620000064373 ], [ -10993414.8429, 2227813.467000000178814 ], [ -10993442.0157, 2227832.51630000025034 ], [ -10993501.5204, 2227817.917500000447035 ], [ -10993533.5579, 2227844.832899998873472 ], [ -10993551.3004, 2227840.1919 ], [ -10993611.6155, 2227860.977299999445677 ], [ -10993762.9442, 2227806.052299998700619 ], [ -10993778.1417, 2227817.874899998307228 ], [ -10993802.1455, 2227809.633000001311302 ], [ -10993845.9095, 2227823.109000001102686 ], [ -10994042.2137, 2227909.796399999409914 ], [ -10994090.8175, 2227953.606199998408556 ], [ -10994143.5334, 2227973.293400000780821 ], [ -10994219.4299, 2228051.8114 ], [ -10994211.6087, 2228072.274500001221895 ], [ -10994317.7473, 2228145.303399998694658 ], [ -10994376.6064, 2228167.822900000959635 ], [ -10994473.0307, 2228258.169599998742342 ], [ -10994724.8217, 2227916.032800000160933 ], [ -10994737.4596, 2227865.997699998319149 ], [ -10994756.8037, 2227850.031500000506639 ], [ -10994770.8601, 2227854.099500000476837 ], [ -10995026.0253, 2227494.16160000115633 ], [ -10995046.467, 2227498.260000001639128 ], [ -10995128.5884, 2227462.743000000715256 ], [ -10995155.3017, 2227520.951099999248981 ], [ -10995186.1318, 2227491.560400001704693 ], [ -10995221.5724, 2227505.223099999129772 ], [ -10995301.0803, 2227478.909600000828505 ], [ -10995539.9062, 2227532.284499999135733 ], [ -10995555.9863, 2227520.139400001615286 ], [ -10995561.9326, 2227493.020599998533726 ], [ -10995601.8945, 2227476.678399998694658 ], [ -10995623.4525, 2227479.6435999982059 ], [ -10995666.5766, 2227520.296300001442432 ], [ -10995686.4662, 2227522.98030000180006 ], [ -10995713.4143, 2227512.337400000542402 ], [ -10995706.0327, 2227449.850999999791384 ], [ -10995739.5832, 2227390.354800000786781 ], [ -10995783.3775, 2227338.884100001305342 ], [ -10995841.6566, 2227317.334600001573563 ], [ -10995890.2364, 2227284.825500000268221 ], [ -10995917.2916, 2227246.94649999961257 ], [ -10995943.6716, 2227244.314899999648333 ], [ -10995997.5784, 2227263.334499999880791 ], [ -10996062.3287, 2227247.402699999511242 ], [ -10996502.2555, 2227240.230200000107288 ], [ -10996695.7077, 2227305.620900001376867 ], [ -10997070.0371, 2227482.839999999850988 ], [ -10997106.1423, 2227482.883900001645088 ], [ -10997157.4219, 2227463.99210000038147 ], [ -10997248.1674, 2227396.287399999797344 ], [ -10997268.7235, 2227350.390900000929832 ], [ -10997327.6038, 2227304.274999998509884 ], [ -10997355.7676, 2227252.779699999839067 ], [ -10997417.2684, 2227233.898699998855591 ], [ -10997419.0416, 2227163.416400000452995 ], [ -10997492.5694, 2227068.735199999064207 ], [ -10998322.9726, 2227523.342000000178814 ], [ -10998412.4605, 2227539.732599999755621 ], [ -10998496.0476, 2227534.493099998682737 ], [ -10999182.5694, 2227459.991900000721216 ], [ -10999390.6848, 2227446.8783 ], [ -10999485.6068, 2227452.590599998831749 ], [ -10999660.7043, 2227517.93299999833107 ], [ -10999866.8917, 2227665.006999999284744 ], [ -11000196.0978, 2227863.807799998670816 ], [ -11000299.9176, 2227909.7820999994874 ], [ -11000688.6732, 2228162.780099999159575 ], [ -11000843.1722, 2228301.5165 ], [ -11001023.51, 2228442.950800001621246 ], [ -11001122.6186, 2228505.533599998801947 ], [ -11001325.0211, 2228679.5647 ], [ -11001344.8705, 2228736.458999998867512 ], [ -11001341.8592, 2228891.054200001060963 ], [ -11001218.1766, 2229281.305300001055002 ], [ -11001183.4795, 2229365.380100000649691 ], [ -11001150.1594, 2229409.374899998307228 ], [ -11001514.0828, 2229532.855900000780821 ], [ -11002374.1609, 2229763.4496 ] ] ] ] } },
{ "type": "Feature", "properties": { "OBJECTID": 758, "ID": "15094", "NAME": "Tepetlixpa", "TOTPOP_CY": 21005, "AREA": 43.12, "Shape__Area": 48489853.965138085, "Shape__Length": 40558.012681601736, "metro_only_count": 0.0, "bus_only_count": 117.0, "bus_metro_count": 0.0, "n_cat": "3", "label_range": "0 – 1" }, "geometry": { "type": "MultiPolygon", "coordinates": [ [ [ [ -11002289.0223, 2163470.782699998468161 ], [ -11002585.1733, 2163501.964000001549721 ], [ -11002765.3261, 2163470.759100001305342 ], [ -11003065.9008, 2163479.124099999666214 ], [ -11003223.3511, 2161758.297600001096725 ], [ -11003151.0769, 2159675.668600000441074 ], [ -11003732.0555, 2159441.335999999195337 ], [ -11004033.0223, 2159274.994600001722574 ], [ -11004772.5256, 2158899.168600000441074 ], [ -11005003.7472, 2158434.091600000858307 ], [ -11005321.1413, 2157746.2635000012815 ], [ -11005553.4507, 2157746.913499999791384 ], [ -11006272.3163, 2157925.775299999862909 ], [ -11006342.9564, 2157460.982599999755621 ], [ -11006397.5251, 2157339.105799999088049 ], [ -11006374.4207, 2157105.101300001144409 ], [ -11006387.8681, 2156901.208500001579523 ], [ -11006414.5326, 2156807.633000001311302 ], [ -11006435.2793, 2156673.016600001603365 ], [ -11006577.7824, 2156336.446600001305342 ], [ -11006609.9195, 2156160.838300000876188 ], [ -11006034.6736, 2155607.567299999296665 ], [ -11006075.2976, 2155298.17960000038147 ], [ -11005979.2121, 2155312.945799998939037 ], [ -11005958.3576, 2155236.544799998402596 ], [ -11005946.3852, 2155226.589299999177456 ], [ -11005945.6962, 2155217.364599999040365 ], [ -11006052.7789, 2155209.836500000208616 ], [ -11005999.7563, 2155001.815499998629093 ], [ -11005939.5023, 2155017.086899999529123 ], [ -11005946.7961, 2154900.258400000631809 ], [ -11005979.8321, 2154923.645100001245737 ], [ -11005999.4412, 2154269.973400000482798 ], [ -11006158.6691, 2153818.700399998575449 ], [ -11005841.5445, 2153481.226799998432398 ], [ -11005249.3113, 2152579.47580000013113 ], [ -11005050.6106, 2152333.249299999326468 ], [ -11005044.1562, 2152291.6853 ], [ -11004901.9187, 2152097.798000000417233 ], [ -11004812.3165, 2152021.977600000798702 ], [ -11004748.0098, 2151944.752500001341105 ], [ -11004814.9951, 2151451.815499998629093 ], [ -11004927.5924, 2151362.617600001394749 ], [ -11004980.5895, 2151246.711399998515844 ], [ -11005045.226, 2151188.634799998253584 ], [ -11005035.7626, 2151147.754900000989437 ], [ -11005049.9382, 2151089.552799999713898 ], [ -11004930.3665, 2151038.500399999320507 ], [ -11005027.5629, 2150986.269999999552965 ], [ -11005056.2143, 2150929.015900000929832 ], [ -11004938.4039, 2150862.039099998772144 ], [ -11004986.9345, 2150789.526799999177456 ], [ -11004844.8387, 2150744.963599998503923 ], [ -11004868.0433, 2150678.1239 ], [ -11004721.3652, 2150636.493000000715256 ], [ -11004670.5234, 2150604.815400000661612 ], [ -11004652.5454, 2150610.597199998795986 ], [ -11004646.8547, 2150581.583399999886751 ], [ -11004567.9838, 2150514.636199999600649 ], [ -11004563.4986, 2150490.3885000012815 ], [ -11004605.6131, 2150469.243599999696016 ], [ -11004559.971, 2150438.462000001221895 ], [ -11004524.6247, 2150431.645799998193979 ], [ -11004532.3926, 2150413.088100001215935 ], [ -11004477.1014, 2150349.333399999886751 ], [ -11004393.7866, 2150310.988299999386072 ], [ -11004371.8768, 2150289.471500001847744 ], [ -11004289.2354, 2150259.360100001096725 ], [ -11004279.9357, 2150234.151200000196695 ], [ -11004137.4157, 2150146.513799998909235 ], [ -11003982.7193, 2150121.615600001066923 ], [ -11003393.6598, 2149655.484900001436472 ], [ -11002898.521, 2149717.028999999165535 ], [ -11002863.8916, 2149731.49720000103116 ], [ -11002837.9977, 2149750.813299998641014 ], [ -11002821.6849, 2149801.789200000464916 ], [ -11002782.1676, 2149825.727600000798702 ], [ -11002718.7299, 2149839.754299998283386 ], [ -11002674.3802, 2149862.238000001758337 ], [ -11002644.8636, 2149943.9527000002563 ], [ -11002610.4417, 2149999.867800001055002 ], [ -11002530.2349, 2150059.322799999266863 ], [ -11002504.0569, 2150096.973999999463558 ], [ -11002868.0092, 2150466.735199999064207 ], [ -11002848.987, 2150513.058800000697374 ], [ -11002900.6438, 2150548.159400001168251 ], [ -11002953.7064, 2150624.909299999475479 ], [ -11002975.4883, 2150625.088199999183416 ], [ -11002995.5758, 2150689.903000000864267 ], [ -11003027.627, 2150676.240600001066923 ], [ -11003028.8927, 2150704.390500001609325 ], [ -11003056.7092, 2150744.956500001251698 ], [ -11003051.898, 2150828.186000000685453 ], [ -11003018.8695, 2150952.592000000178814 ], [ -11003001.5581, 2151083.895500000566244 ], [ -11003064.7854, 2151152.026500001549721 ], [ -11003159.1677, 2151184.919700000435114 ], [ -11003186.6724, 2151184.731600001454353 ], [ -11003221.7526, 2151215.443599998950958 ], [ -11003246.6694, 2151258.935499999672174 ], [ -11003266.8002, 2151361.870099999010563 ], [ -11003268.6359, 2151449.894299998879433 ], [ -11003260.7066, 2151458.62049999833107 ], [ -11003281.8005, 2151497.864700000733137 ], [ -11003274.3132, 2151570.2007 ], [ -11003292.0699, 2151590.973700001835823 ], [ -11003346.5974, 2151574.905799999833107 ], [ -11003372.8411, 2151582.764400001615286 ], [ -11003379.676, 2151730.9831000007689 ], [ -11003365.5451, 2151765.802999999374151 ], [ -11003296.3178, 2151806.952599998563528 ], [ -11003216.6786, 2151874.217300001531839 ], [ -11003142.6789, 2151881.018899999558926 ], [ -11003127.9828, 2151926.346400000154972 ], [ -11003160.998, 2151986.030900001525879 ], [ -11003120.6267, 2151992.1897 ], [ -11003066.3461, 2151979.977800000458956 ], [ -11003049.6561, 2152043.4835 ], [ -11002902.7323, 2152243.243200000375509 ], [ -11002880.0774, 2152309.080600000917912 ], [ -11002883.6431, 2152350.535999998450279 ], [ -11002833.6484, 2152326.446400001645088 ], [ -11002795.0061, 2152356.046500001102686 ], [ -11002761.747, 2152341.835700001567602 ], [ -11002629.1601, 2152359.618099998682737 ], [ -11002612.2685, 2152389.538499999791384 ], [ -11002608.3433, 2152435.176899999380112 ], [ -11002553.2747, 2152479.479200001806021 ], [ -11002452.1088, 2152496.142400000244379 ], [ -11002416.0143, 2152521.497999999672174 ], [ -11002337.7769, 2152536.899399999529123 ], [ -11002260.4218, 2152522.060600001364946 ], [ -11002223.8337, 2152493.433600001037121 ], [ -11002207.8124, 2152528.197299998253584 ], [ -11002139.4232, 2152542.362700000405312 ], [ -11002015.6728, 2152593.032600000500679 ], [ -11001883.8882, 2152693.338199999183416 ], [ -11001839.6053, 2152698.161200001835823 ], [ -11001744.1134, 2152670.1085 ], [ -11001695.3641, 2152683.464999999850988 ], [ -11001522.4339, 2152766.28489999845624 ], [ -11001326.1843, 2152814.661200001835823 ], [ -11001366.3361, 2152881.7434 ], [ -11001378.8451, 2153001.162799999117851 ], [ -11001353.0992, 2153024.509500000625849 ], [ -11001319.4706, 2153083.2423 ], [ -11001255.6589, 2153124.8268 ], [ -11001243.9225, 2153155.8103 ], [ -11001228.5448, 2153163.801399998366833 ], [ -11001205.5786, 2153234.110500000417233 ], [ -11001229.3809, 2153265.213199999183416 ], [ -11001225.7718, 2153304.448100000619888 ], [ -11001210.2817, 2153314.599399998784065 ], [ -11001146.8018, 2153305.5016999989748 ], [ -11001120.0774, 2153340.422200001776218 ], [ -11001117.5817, 2153360.921500001102686 ], [ -11001101.2422, 2153359.872600000351667 ], [ -11001090.0089, 2153405.526200000196695 ], [ -11001101.3535, 2153416.740600001066923 ], [ -11001071.8193, 2153468.585400000214577 ], [ -11001107.9037, 2153485.760400000959635 ], [ -11001087.6946, 2153522.730799999088049 ], [ -11001026.0704, 2153501.379099998623133 ], [ -11001001.0747, 2153579.563900001347065 ], [ -11001046.7602, 2153599.4879 ], [ -11000800.8744, 2154047.439599998295307 ], [ -11000746.879, 2154176.925999999046326 ], [ -11000727.8744, 2154271.603999998420477 ], [ -11000654.9, 2154330.845800001174212 ], [ -11000633.8229, 2154360.616300001740456 ], [ -11000555.5604, 2154546.472199998795986 ], [ -11000534.7215, 2154632.901500001549721 ], [ -11000542.2924, 2154727.342399999499321 ], [ -11000514.1875, 2154865.104299999773502 ], [ -11000559.724, 2155100.304999999701977 ], [ -11000601.1615, 2155403.070700000971556 ], [ -11000580.6387, 2155532.598999999463558 ], [ -11000536.5674, 2155643.2162000015378 ], [ -11000516.571, 2155670.063900001347065 ], [ -11000448.1463, 2155713.088899999856949 ], [ -11000292.5295, 2155903.9298 ], [ -11000105.3846, 2156059.62220000103116 ], [ -11000032.3178, 2156170.211500000208616 ], [ -10999999.3995, 2156202.365699999034405 ], [ -10999901.2035, 2156288.1886 ], [ -10999754.5991, 2156390.1864 ], [ -10999706.6615, 2156519.690600000321865 ], [ -10999672.5944, 2156568.072500001639128 ], [ -10999495.7257, 2157023.597199998795986 ], [ -10999440.6603, 2157080.203899998217821 ], [ -10999394.4695, 2157185.237700000405312 ], [ -10999361.4598, 2157230.960400000214577 ], [ -10999263.9118, 2157298.161299999803305 ], [ -10999217.3936, 2157362.75789999961853 ], [ -10999123.9386, 2157428.242600001394749 ], [ -10999044.2083, 2157502.004200000315905 ], [ -10998925.5094, 2157650.142700001597404 ], [ -10998895.3517, 2157990.363600000739098 ], [ -10998840.5759, 2158078.017400000244379 ], [ -10998822.797, 2158155.499699998646975 ], [ -10998832.5163, 2158292.449799999594688 ], [ -10998855.1277, 2158367.31529999896884 ], [ -10998840.8367, 2158411.061700001358986 ], [ -10998880.2113, 2158398.954700000584126 ], [ -10998906.6463, 2158443.354100000113249 ], [ -10999048.3527, 2158476.0724 ], [ -10999394.3047, 2158700.997699998319149 ], [ -10999609.0044, 2158713.811900001019239 ], [ -10999166.043, 2158934.032000001519918 ], [ -10999109.5783, 2158948.051100000739098 ], [ -10999810.5094, 2159345.859099999070168 ], [ -10999855.9378, 2159367.378600001335144 ], [ -10999881.9899, 2159363.657400000840425 ], [ -11000920.259, 2159918.581799998879433 ], [ -11000926.9359, 2159935.46680000051856 ], [ -11000997.1105, 2159974.516100000590086 ], [ -11001091.1132, 2160023.223499998450279 ], [ -11001113.8568, 2160022.045800000429153 ], [ -11001709.9526, 2160340.595400001853704 ], [ -11001769.7479, 2160412.171599999070168 ], [ -11001816.8016, 2160413.384500000625849 ], [ -11001851.0725, 2160471.899500001221895 ], [ -11001929.4724, 2160731.750599998980761 ], [ -11002189.5682, 2161195.463300000876188 ], [ -11003042.8588, 2162454.136900000274181 ], [ -11002862.4991, 2162529.143500000238419 ], [ -11002547.9825, 2162970.837000001221895 ], [ -11002422.4175, 2163073.600900001823902 ], [ -11002215.9132, 2163206.21059999987483 ], [ -11002335.3824, 2163352.828200001269579 ], [ -11002289.0223, 2163470.782699998468161 ] ] ] ] } },
{ "type": "Feature", "properties": { "OBJECTID": 759, "ID": "15095", "NAME": "Tepotzotlán", "TOTPOP_CY": 106246, "AREA": 207.12, "Shape__Area": 234952075.69173205, "Shape__Length": 101131.43014810322, "metro_only_count": 0.0, "bus_only_count": 598.0, "bus_metro_count": 37.0, "n_cat": "3", "label_range": "0 – 1" }, "geometry": { "type": "MultiPolygon", "coordinates": [ [ [ [ -11044470.2033, 2244102.082100000232458 ], [ -11044194.5789, 2244054.204300001263618 ], [ -11044176.5605, 2244064.649500001221895 ], [ -11043792.4862, 2243686.208799999207258 ], [ -11043918.3665, 2243932.383299998939037 ], [ -11043952.001, 2243940.937100000679493 ], [ -11043965.0425, 2243956.687899999320507 ], [ -11043948.6975, 2243978.886700000613928 ], [ -11043958.438, 2244010.140000000596046 ], [ -11043989.9414, 2244087.061500001698732 ], [ -11044027.1232, 2244134.046399999409914 ], [ -11044088.1318, 2244250.747900001704693 ], [ -11044118.9209, 2244373.613699998706579 ], [ -11044195.3257, 2244426.417700000107288 ], [ -11044184.9241, 2244468.682799998670816 ], [ -11044235.9352, 2244525.271999999880791 ], [ -11044202.3245, 2244575.820700000971556 ], [ -11044223.8236, 2244663.979200001806021 ], [ -11044465.8733, 2245185.365299999713898 ], [ -11044577.2474, 2245153.640500001609325 ], [ -11044626.7436, 2245150.467599999159575 ], [ -11044647.8117, 2245235.306499999016523 ], [ -11044833.8656, 2246427.486600000411272 ], [ -11044865.959, 2246564.763399999588728 ], [ -11044912.6104, 2246674.409699998795986 ], [ -11044887.7599, 2246676.872299998998642 ], [ -11044976.5893, 2246861.089499998837709 ], [ -11045082.6978, 2247020.816599998623133 ], [ -11045161.8305, 2247173.590599998831749 ], [ -11045188.0108, 2247250.387899998575449 ], [ -11045272.2779, 2247640.565600000321865 ], [ -11045314.1465, 2247637.704100001603365 ], [ -11045498.4384, 2247784.303800001740456 ], [ -11045574.4566, 2247879.715799998492002 ], [ -11045668.1119, 2247851.344000000506639 ], [ -11046034.7782, 2248424.964299999177456 ], [ -11047467.7404, 2247573.185100000351667 ], [ -11048245.3026, 2247066.650600001215935 ], [ -11048766.8333, 2246710.150600001215935 ], [ -11049301.4251, 2246396.916700001806021 ], [ -11049911.0451, 2246124.1787 ], [ -11050101.879, 2246050.384799998253584 ], [ -11050216.1997, 2246022.946699999272823 ], [ -11050812.1853, 2245940.218499999493361 ], [ -11050855.6333, 2245912.164200000464916 ], [ -11051260.085, 2245784.939899999648333 ], [ -11051378.7314, 2245274.793699998408556 ], [ -11051498.6168, 2243914.693599998950958 ], [ -11051595.9602, 2243952.053599998354912 ], [ -11051706.5972, 2243968.170499999076128 ], [ -11051842.0821, 2244013.907299999147654 ], [ -11051915.6063, 2244081.659600000828505 ], [ -11051997.1089, 2244092.212699998170137 ], [ -11052073.3304, 2244165.30350000038743 ], [ -11052194.2212, 2244181.400400001555681 ], [ -11052327.6332, 2244257.067699998617172 ], [ -11052422.6076, 2244264.9239999987185 ], [ -11052520.1991, 2244243.1129 ], [ -11052615.7282, 2244265.931800000369549 ], [ -11052764.5476, 2244320.458799999207258 ], [ -11052924.2378, 2244326.063000001013279 ], [ -11052954.9698, 2244336.965500000864267 ], [ -11052993.2023, 2244396.759399998933077 ], [ -11052993.6877, 2244432.031599998474121 ], [ -11053043.8638, 2244555.978500001132488 ], [ -11053217.8851, 2244610.027300000190735 ], [ -11053463.2656, 2244874.158100001513958 ], [ -11054357.1544, 2244656.915399998426437 ], [ -11054858.4038, 2244557.400299999862909 ], [ -11054813.9751, 2244490.739100001752377 ], [ -11054818.5113, 2244437.4879 ], [ -11054760.614, 2244367.0456000007689 ], [ -11054774.3386, 2244300.331799998879433 ], [ -11054736.7093, 2244262.603500001132488 ], [ -11054714.3008, 2244210.268500000238419 ], [ -11054748.8066, 2244159.7018 ], [ -11054835.2438, 2244141.104600001126528 ], [ -11054963.7377, 2244006.191799998283386 ], [ -11055104.9197, 2243895.837499998509884 ], [ -11055169.7244, 2243908.54450000077486 ], [ -11055330.2061, 2243732.419300001114607 ], [ -11055363.1899, 2243664.218600001186132 ], [ -11055459.7185, 2243634.912799999117851 ], [ -11055815.1124, 2243647.588799998164177 ], [ -11056167.6491, 2243672.288800001144409 ], [ -11056209.6778, 2243687.364500001072884 ], [ -11056292.2102, 2243684.511700000613928 ], [ -11056374.7258, 2243673.398299999535084 ], [ -11056586.4641, 2243582.6754 ], [ -11056703.5211, 2243571.495700001716614 ], [ -11056744.5756, 2243582.103999998420477 ], [ -11056823.018, 2243625.2423 ], [ -11056936.7076, 2243708.92790000140667 ], [ -11057071.481, 2243848.9551 ], [ -11057138.8983, 2243870.737399999052286 ], [ -11057202.5664, 2243859.9243 ], [ -11057258.5234, 2243813.318599998950958 ], [ -11057295.1141, 2243816.721500001847744 ], [ -11057342.0564, 2243844.953699998557568 ], [ -11057373.827, 2243845.426699999719858 ], [ -11057449.414, 2243784.62049999833107 ], [ -11057505.5346, 2243782.906700000166893 ], [ -11057544.8594, 2243756.641600001603365 ], [ -11057672.9302, 2243742.760400000959635 ], [ -11057703.5742, 2243775.834600001573563 ], [ -11057791.038, 2243931.183200001716614 ], [ -11057812.5338, 2244001.687600001692772 ], [ -11057866.4569, 2244034.447900000959635 ], [ -11057932.2501, 2244045.272999998182058 ], [ -11057944.129, 2244056.205699998885393 ], [ -11057957.5274, 2244115.768399998545647 ], [ -11058024.8935, 2244181.10359999909997 ], [ -11058050.7241, 2244229.954 ], [ -11058087.9103, 2244259.810699999332428 ], [ -11058094.8756, 2244289.725600000470877 ], [ -11058086.7582, 2244333.030999999493361 ], [ -11058098.0315, 2244360.264400001615286 ], [ -11058108.8006, 2244368.528900001198053 ], [ -11058198.9115, 2244360.330699998885393 ], [ -11058262.0274, 2244376.772199999541044 ], [ -11058390.8652, 2244458.285599999129772 ], [ -11058430.2811, 2244444.845199998468161 ], [ -11058496.1021, 2244447.65089999884367 ], [ -11058541.988, 2244412.284200001507998 ], [ -11058570.5715, 2244412.493599999696016 ], [ -11058580.824, 2244423.162599999457598 ], [ -11058564.0426, 2244469.425700001418591 ], [ -11058583.4367, 2244485.687300000339746 ], [ -11058603.9228, 2244485.64469999819994 ], [ -11058608.2164, 2244507.549699999392033 ], [ -11058655.6654, 2244537.381999999284744 ], [ -11058671.211, 2244621.528099998831749 ], [ -11058713.7829, 2244656.716699998825788 ], [ -11058752.4898, 2244787.045400001108646 ], [ -11058827.9678, 2244836.063099998980761 ], [ -11058879.6502, 2244909.44539999961853 ], [ -11058928.2677, 2244879.684399999678135 ], [ -11058980.4699, 2244878.241500001400709 ], [ -11059037.1115, 2244954.286499999463558 ], [ -11059043.0081, 2245032.840799998492002 ], [ -11059034.9019, 2245065.460700001567602 ], [ -11059013.3403, 2245122.425700001418591 ], [ -11058987.4318, 2245152.409099999815226 ], [ -11058950.7409, 2245168.517700001597404 ], [ -11058901.4809, 2245164.610599998384714 ], [ -11058897.794, 2245080.439399998635054 ], [ -11058884.8877, 2245066.836500000208616 ], [ -11058862.7641, 2245066.881499998271465 ], [ -11058782.2767, 2245148.017099998891354 ], [ -11058668.9245, 2245172.2993 ], [ -11058651.1167, 2245183.290600001811981 ], [ -11058627.8632, 2245229.303399998694658 ], [ -11058543.1268, 2245264.482500001788139 ], [ -11058517.1793, 2245307.828200001269579 ], [ -11058441.0758, 2245329.361299999058247 ], [ -11058421.0895, 2245362.003199998289347 ], [ -11058404.2648, 2245435.261199999600649 ], [ -11058398.19, 2245554.73030000180006 ], [ -11058432.2337, 2245569.243299998342991 ], [ -11058445.8936, 2245610.624899998307228 ], [ -11058409.0169, 2245707.309999998658895 ], [ -11058431.5981, 2245738.35190000012517 ], [ -11058469.7462, 2245758.323300000280142 ], [ -11058580.5535, 2245784.013999998569489 ], [ -11058618.0449, 2245811.506999999284744 ], [ -11058629.1734, 2245848.893199998885393 ], [ -11058607.6387, 2245902.193500000983477 ], [ -11058510.6315, 2245906.36430000141263 ], [ -11058469.1372, 2245922.892400000244379 ], [ -11058408.0773, 2245989.413100000470877 ], [ -11058409.0881, 2246023.378600001335144 ], [ -11058467.6123, 2246085.991300001740456 ], [ -11058480.0878, 2246116.4662000015378 ], [ -11058469.8475, 2246189.700599998235703 ], [ -11058427.8357, 2246328.757500000298023 ], [ -11058429.0567, 2246402.003499999642372 ], [ -11058451.7604, 2246447.353500001132488 ], [ -11058508.6347, 2246452.519499998539686 ], [ -11058546.3995, 2246475.165899999439716 ], [ -11058670.2828, 2246656.64130000025034 ], [ -11058744.0618, 2246735.10190000012517 ], [ -11058832.9016, 2246912.525699999183416 ], [ -11058865.6416, 2247046.440400000661612 ], [ -11058981.0766, 2246976.136199999600649 ], [ -11058985.8823, 2246922.507800001651049 ], [ -11059076.9038, 2246904.04619999974966 ], [ -11059151.6537, 2246910.176399998366833 ], [ -11059257.2447, 2246866.375199999660254 ], [ -11059329.737, 2246802.819400001317263 ], [ -11059429.9101, 2246742.257800001651049 ], [ -11059622.2524, 2246675.32149999961257 ], [ -11059676.357, 2246604.605999998748302 ], [ -11059742.798, 2246564.091499999165535 ], [ -11059761.7925, 2246490.362199999392033 ], [ -11059861.3577, 2246498.198300000280142 ], [ -11059900.2328, 2246701.238099999725819 ], [ -11060145.5163, 2246752.643100000917912 ], [ -11060159.8354, 2246906.8202 ], [ -11060238.1521, 2246999.011900000274181 ], [ -11060377.2502, 2247131.037999998778105 ], [ -11060458.6948, 2247172.562399998307228 ], [ -11060561.495, 2247120.61089999973774 ], [ -11060675.2746, 2247139.427700001746416 ], [ -11060705.0248, 2247120.30460000038147 ], [ -11060772.7616, 2247136.497400000691414 ], [ -11060826.0891, 2247123.194600000977516 ], [ -11060886.9498, 2247134.788199998438358 ], [ -11061027.1287, 2247043.377700001001358 ], [ -11061276.6626, 2247050.362199999392033 ], [ -11061382.6164, 2247038.312100000679493 ], [ -11061533.0059, 2246998.030200000852346 ], [ -11061613.2596, 2247064.869300000369549 ], [ -11061775.9717, 2247166.377900000661612 ], [ -11061885.7293, 2247205.247900001704693 ], [ -11061947.7789, 2247159.27140000090003 ], [ -11061995.8355, 2247094.794399999082088 ], [ -11062049.2555, 2246994.771999999880791 ], [ -11062093.1911, 2246954.636599998921156 ], [ -11062103.2132, 2246863.276900000870228 ], [ -11062118.0955, 2246844.001400001347065 ], [ -11062226.9369, 2246788.7051 ], [ -11062241.4408, 2246768.881900001317263 ], [ -11062247.7572, 2246726.957299999892712 ], [ -11062211.4123, 2246713.475000001490116 ], [ -11062152.9931, 2246718.372499998658895 ], [ -11062127.1514, 2246689.8462999984622 ], [ -11062149.9739, 2246621.186799999326468 ], [ -11062248.3359, 2246558.640500001609325 ], [ -11062253.9654, 2246504.961199998855591 ], [ -11062312.6052, 2246461.6721 ], [ -11062411.8319, 2246425.919300001114607 ], [ -11062456.7806, 2246430.837000001221895 ], [ -11062539.2427, 2246465.776900000870228 ], [ -11062584.1578, 2246455.640999998897314 ], [ -11062619.0421, 2246425.455699998885393 ], [ -11062663.7782, 2246335.034200001507998 ], [ -11062818.9875, 2246241.235599998384714 ], [ -11062908.6031, 2246125.623199999332428 ], [ -11062968.4071, 2246075.310699999332428 ], [ -11063203.1912, 2245946.5132 ], [ -11063226.7998, 2246009.055799998342991 ], [ -11063268.5056, 2245971.526099998503923 ], [ -11063344.1817, 2246135.218199998140335 ], [ -11063332.2572, 2246147.815400000661612 ], [ -11063448.1765, 2246404.990499999374151 ], [ -11063401.1329, 2246470.9901 ], [ -11063409.5453, 2246502.271200001239777 ], [ -11063573.3507, 2246640.453299999237061 ], [ -11063684.5611, 2246501.405299998819828 ], [ -11063802.1436, 2246672.201900001615286 ], [ -11063849.8194, 2246622.637800000607967 ], [ -11064030.4808, 2246583.435600001364946 ], [ -11063939.4226, 2246551.609099999070168 ], [ -11063884.611, 2246500.881099998950958 ], [ -11063868.0277, 2246396.220100000500679 ], [ -11063951.0843, 2246395.272399999201298 ], [ -11064001.2118, 2246429.139199998229742 ], [ -11064114.1908, 2246445.413400001823902 ], [ -11064193.6785, 2246417.693 ], [ -11064217.3674, 2246395.765700001269579 ], [ -11064113.0366, 2246377.888000000268221 ], [ -11064044.5427, 2246343.016600001603365 ], [ -11064034.5328, 2246301.133200000971556 ], [ -11064096.3232, 2246272.533100001513958 ], [ -11064207.204, 2246268.834899999201298 ], [ -11064251.4911, 2246173.878800000995398 ], [ -11064231.1744, 2246147.318300001323223 ], [ -11064253.5975, 2246097.398299999535084 ], [ -11064297.7845, 2246088.570300001651049 ], [ -11064328.8972, 2246023.334699999541044 ], [ -11064317.9313, 2245982.481100000441074 ], [ -11064393.5772, 2246020.715900000184774 ], [ -11064519.3081, 2245984.136 ], [ -11064565.6049, 2245947.536200001835823 ], [ -11064624.8524, 2245928.310100000351667 ], [ -11064632.0303, 2245903.457899998873472 ], [ -11064589.5608, 2245890.618599999696016 ], [ -11064626.4409, 2245820.8772 ], [ -11064694.9415, 2245849.22239999845624 ], [ -11064749.2718, 2245731.116099998354912 ], [ -11064805.4368, 2245798.474800001829863 ], [ -11064852.9618, 2245778.443399999290705 ], [ -11064924.1536, 2245663.011199999600649 ], [ -11064975.9542, 2245530.472600001841784 ], [ -11065077.315, 2245590.357200000435114 ], [ -11065094.5016, 2245663.853399999439716 ], [ -11065152.3531, 2245657.721000000834465 ], [ -11065133.2664, 2245617.628899998962879 ], [ -11065195.9971, 2245598.402899999171495 ], [ -11065193.6561, 2245515.557199999690056 ], [ -11065306.9672, 2245489.393800001591444 ], [ -11065254.7549, 2245380.083500001579523 ], [ -11065316.3937, 2245340.545699998736382 ], [ -11065359.7881, 2245354.7179000005126 ], [ -11065384.4031, 2245324.525800000876188 ], [ -11065326.3734, 2245282.023400001227856 ], [ -11065315.6197, 2245236.8574 ], [ -11065354.3277, 2245150.548700001090765 ], [ -11065335.3368, 2245109.124200001358986 ], [ -11065425.0325, 2245095.514199998229742 ], [ -11065431.7173, 2245045.276399999856949 ], [ -11065462.9314, 2245008.938799999654293 ], [ -11065520.0838, 2244976.882800001651049 ], [ -11065520.5925, 2244930.919199999421835 ], [ -11065581.5722, 2244897.26069999858737 ], [ -11065604.2523, 2244866.534800000488758 ], [ -11065600.4877, 2244772.200899999588728 ], [ -11065567.4167, 2244747.609299998730421 ], [ -11065579.0206, 2244694.700399998575449 ], [ -11065650.4433, 2244707.542500000447035 ], [ -11065664.6955, 2244689.642400000244379 ], [ -11065615.4834, 2244661.306099999696016 ], [ -11065643.467, 2244576.333099998533726 ], [ -11065688.3665, 2244544.8092 ], [ -11065671.3124, 2244435.778900001198053 ], [ -11065695.1316, 2244399.440000001341105 ], [ -11065743.088, 2244381.013599999248981 ], [ -11065798.6517, 2244311.545099999755621 ], [ -11065860.0469, 2244294.989100001752377 ], [ -11065882.2083, 2244205.475499998778105 ], [ -11065871.7955, 2244145.88289999961853 ], [ -11065937.9759, 2244117.836100000888109 ], [ -11065933.2839, 2244023.779100000858307 ], [ -11065899.3535, 2244004.26069999858737 ], [ -11065886.6766, 2243945.2007 ], [ -11065960.1577, 2243906.739599999040365 ], [ -11065944.8934, 2243836.503699999302626 ], [ -11065977.9375, 2243808.156700000166893 ], [ -11066021.5356, 2243727.085999999195337 ], [ -11066081.3566, 2243723.466899998486042 ], [ -11066165.9293, 2243682.1107 ], [ -11066177.0112, 2243637.460400000214577 ], [ -11066098.0255, 2243624.824700001627207 ], [ -11066054.6921, 2243596.337699998170137 ], [ -11066124.2648, 2243547.536299999803305 ], [ -11066205.4198, 2243454.617499999701977 ], [ -11066243.9353, 2243441.697900000959635 ], [ -11066318.5415, 2243175.3766999989748 ], [ -11066450.9943, 2243168.9070999994874 ], [ -11066422.1355, 2243097.099800001829863 ], [ -11066516.1337, 2242917.042399998754263 ], [ -11066515.6062, 2242804.284200001507998 ], [ -11066488.8328, 2242690.255199998617172 ], [ -11066613.4681, 2242579.596200000494719 ], [ -11066514.2424, 2242459.599500000476837 ], [ -11066625.4563, 2242401.612700000405312 ], [ -11066565.0454, 2242379.85080000013113 ], [ -11066554.3674, 2242278.344200000166893 ], [ -11066653.7024, 2242290.124000001698732 ], [ -11066564.9819, 2242177.584699999541044 ], [ -11066711.1579, 2242145.966400001198053 ], [ -11066637.2372, 2242072.401299998164177 ], [ -11066729.1747, 2242043.85359999909997 ], [ -11066723.3228, 2242001.385800000280142 ], [ -11066817.8285, 2241884.657999999821186 ], [ -11066724.9725, 2241844.541600000113249 ], [ -11066751.0515, 2241742.6787 ], [ -11066836.6636, 2241794.033700000494719 ], [ -11066916.1503, 2241743.073899999260902 ], [ -11066858.6138, 2241675.083599999547005 ], [ -11066918.2842, 2241485.234700001776218 ], [ -11066782.2743, 2241449.2335 ], [ -11066829.9702, 2241403.694600000977516 ], [ -11066813.7798, 2241381.291999999433756 ], [ -11066730.7519, 2241380.427499998360872 ], [ -11066800.0306, 2241284.071100000292063 ], [ -11066848.073, 2241298.648899998515844 ], [ -11066819.9379, 2241183.029199998825788 ], [ -11066908.2401, 2241125.902300000190735 ], [ -11066843.6781, 2241007.166999999433756 ], [ -11066922.0503, 2240863.769099999219179 ], [ -11066855.1352, 2240790.727899998426437 ], [ -11066876.6941, 2240699.834600001573563 ], [ -11066980.1046, 2240644.544300001114607 ], [ -11067001.3477, 2240573.424499999731779 ], [ -11067086.1474, 2240579.091499999165535 ], [ -11067113.8593, 2240533.8717 ], [ -11067057.713, 2240502.2162000015378 ], [ -11067066.4785, 2240463.989999998360872 ], [ -11067052.8196, 2240380.121599998325109 ], [ -11067024.7448, 2240355.771099999547005 ], [ -11067043.8183, 2240327.116099998354912 ], [ -11067036.1406, 2240275.497699998319149 ], [ -11067084.3231, 2240256.858199998736382 ], [ -11067059.6502, 2240193.558899998664856 ], [ -11067072.954, 2240116.315099999308586 ], [ -11067119.4922, 2240059.466699998825788 ], [ -11067152.348, 2239971.475299999117851 ], [ -11067052.7225, 2239922.5011 ], [ -11067039.3454, 2239782.424100000411272 ], [ -11067058.7985, 2239752.679400000721216 ], [ -11067108.7063, 2239735.939399998635054 ], [ -11067121.9754, 2239692.519000001251698 ], [ -11067105.26, 2239660.790300000458956 ], [ -11067150.6204, 2239584.392799999564886 ], [ -11067235.1352, 2239588.677299998700619 ], [ -11067265.284, 2239564.103100001811981 ], [ -11067255.8842, 2239554.484499998390675 ], [ -11067276.6064, 2239490.368099998682737 ], [ -11067349.6408, 2239469.271800000220537 ], [ -11067357.8751, 2239446.833299998193979 ], [ -11067395.6167, 2239462.865800000727177 ], [ -11067425.5952, 2239444.4375 ], [ -11067411.9584, 2239428.940699998289347 ], [ -11067417.9018, 2239381.386799998581409 ], [ -11067445.194, 2239364.02419999986887 ], [ -11067454.4936, 2239318.075100000947714 ], [ -11067443.5119, 2239286.816599998623133 ], [ -11067409.0198, 2239286.012699998915195 ], [ -11067366.3988, 2239230.975000001490116 ], [ -11067364.8826, 2239203.725299999117851 ], [ -11067345.0333, 2239174.336500000208616 ], [ -11067343.2132, 2239108.08219999819994 ], [ -11067440.3958, 2238942.9956 ], [ -11067432.4636, 2238908.534200001507998 ], [ -11067414.7694, 2238891.702599998563528 ], [ -11067428.8555, 2238800.338300000876188 ], [ -11067469.9838, 2238793.66440000012517 ], [ -11067488.8737, 2238759.471799999475479 ], [ -11067527.8186, 2238750.393800001591444 ], [ -11067533.5349, 2238730.892400000244379 ], [ -11067515.2852, 2238675.32209999859333 ], [ -11067494.1367, 2238675.32209999859333 ], [ -11067477.9353, 2238648.074299998581409 ], [ -11067486.9677, 2238612.276200000196695 ], [ -11067457.6362, 2238564.187899999320507 ], [ -11067500.2614, 2238496.608800001442432 ], [ -11067489.3156, 2238434.359400000423193 ], [ -11067470.792, 2238404.173599999397993 ], [ -11067489.2187, 2238365.170499999076128 ], [ -11067491.2547, 2238316.290199998766184 ], [ -11067478.0154, 2238215.840300001204014 ], [ -11067538.5053, 2238179.515700001269579 ], [ -11067529.7757, 2238146.123599998652935 ], [ -11067475.9696, 2238092.157200001180172 ], [ -11067504.0564, 2238062.24040000140667 ], [ -11067497.2191, 2238029.115600001066923 ], [ -11067512.4055, 2237976.493900001049042 ], [ -11067542.7421, 2237929.477099999785423 ], [ -11067570.4919, 2237918.529100000858307 ], [ -11067551.4149, 2237836.514899998903275 ], [ -11067502.2542, 2237801.247099999338388 ], [ -11067459.681, 2237787.354899998754263 ], [ -11067453.0355, 2237746.479899998754263 ], [ -11067431.1689, 2237717.630300000309944 ], [ -11067461.95, 2237674.096400000154972 ], [ -11067496.6325, 2237657.802799999713898 ], [ -11067512.4732, 2237629.488800000399351 ], [ -11067514.4294, 2237573.920499999076128 ], [ -11067200.4514, 2237477.1587999984622 ], [ -11067187.318, 2237350.737300001084805 ], [ -11067057.7399, 2237341.423500001430511 ], [ -11066907.7258, 2237375.114599999040365 ], [ -11066706.5758, 2237326.772700000554323 ], [ -11066386.7049, 2237212.349800001829863 ], [ -11066235.1779, 2237225.6776 ], [ -11066119.8632, 2237257.713100001215935 ], [ -11066014.8666, 2237333.505199998617172 ], [ -11065975.6922, 2237380.564300000667572 ], [ -11065919.1597, 2237365.324400000274181 ], [ -11065589.7686, 2237363.1228 ], [ -11065533.1671, 2237376.999400001019239 ], [ -11065376.4047, 2237355.063499998301268 ], [ -11065125.357, 2237429.8015 ], [ -11065016.422, 2237420.687600001692772 ], [ -11064936.3745, 2237465.551199998706579 ], [ -11064890.9138, 2237438.015599999576807 ], [ -11064653.0385, 2237487.384199999272823 ], [ -11064584.5157, 2237526.897599998861551 ], [ -11064509.581, 2237518.332100000232458 ], [ -11064428.674, 2237545.554499998688698 ], [ -11064401.3452, 2237615.530499998480082 ], [ -11064365.6138, 2237647.840900000184774 ], [ -11064327.6439, 2237653.709199998527765 ], [ -11064232.4568, 2237734.625100001692772 ], [ -11064181.9867, 2237801.66440000012517 ], [ -11064070.0639, 2237778.651200000196695 ], [ -11063996.6665, 2237810.961800001561642 ], [ -11063924.4602, 2237750.028400000184774 ], [ -11063796.9114, 2237712.058699999004602 ], [ -11063723.2869, 2237597.168800000101328 ], [ -11063692.5539, 2237562.971400000154972 ], [ -11063653.4963, 2237543.1875 ], [ -11063552.7122, 2237569.595300000160933 ], [ -11063493.7561, 2237599.499299999326468 ], [ -11063438.0519, 2237607.233600001782179 ], [ -11063385.8977, 2237635.529699999839067 ], [ -11063333.7878, 2237734.614399999380112 ], [ -11063249.2964, 2237775.46339999884367 ], [ -11063231.6878, 2237737.784600000828505 ], [ -11063205.49, 2237727.094399999827147 ], [ -11063190.719, 2237676.329900000244379 ], [ -11063133.3994, 2237731.072000000625849 ], [ -11063007.1097, 2237747.352600000798702 ], [ -11062996.1047, 2237642.405299998819828 ], [ -11063010.9724, 2237575.793299999088049 ], [ -11062970.4155, 2237488.846700001507998 ], [ -11062942.1659, 2237455.338799998164177 ], [ -11062918.3681, 2237480.098200000822544 ], [ -11062825.1358, 2237481.912000000476837 ], [ -11062867.3269, 2237602.826699998229742 ], [ -11062738.7773, 2237547.818999998271465 ], [ -11062713.3788, 2237527.574999999254942 ], [ -11062772.4739, 2237429.939800001680851 ], [ -11062810.2611, 2237389.250199999660254 ], [ -11062783.235, 2237281.125399999320507 ], [ -11062813.4215, 2237260.940999999642372 ], [ -11062771.2481, 2237214.759399998933077 ], [ -11062766.1275, 2237230.945000000298023 ], [ -11062689.877, 2237274.389400001615286 ], [ -11062668.0928, 2237255.473600000143051 ], [ -11062637.2028, 2237287.596599999815226 ], [ -11062668.4501, 2237325.9923 ], [ -11062532.7361, 2237450.243900001049042 ], [ -11062516.4701, 2237505.856800001114607 ], [ -11062301.8372, 2237518.948300000280142 ], [ -11062116.4681, 2237600.750399999320507 ], [ -11061937.7579, 2237830.89750000089407 ], [ -11061866.3866, 2237878.903599999845028 ], [ -11061747.2848, 2237916.153599999845028 ], [ -11061553.9606, 2238024.232299998402596 ], [ -11061368.7985, 2237988.774700000882149 ], [ -11061177.9524, 2237968.189800001680851 ], [ -11061086.9675, 2237973.819400001317263 ], [ -11060985.1169, 2237992.992600001394749 ], [ -11060811.3037, 2238056.11879999935627 ], [ -11060658.9096, 2238151.237500000745058 ], [ -11060545.2368, 2238177.607299998402596 ], [ -11060534.0358, 2238102.518300000578165 ], [ -11060487.835, 2238025.0185999982059 ], [ -11060427.4997, 2237986.876899998635054 ], [ -11060277.7038, 2237941.258900001645088 ], [ -11060224.3917, 2237866.102899998426437 ], [ -11060120.8391, 2237757.632599998265505 ], [ -11060052.2708, 2237755.391800001263618 ], [ -11059985.2498, 2237639.238899998366833 ], [ -11059977.0398, 2237596.581300001591444 ], [ -11059920.1947, 2237585.963300000876188 ], [ -11059907.3327, 2237596.355399999767542 ], [ -11059900.3887, 2237629.171900000423193 ], [ -11059826.634, 2237676.699999999254942 ], [ -11059768.7144, 2237667.122499998658895 ], [ -11059810.801, 2237481.577300000935793 ], [ -11059593.3783, 2236904.228700000792742 ], [ -11059509.6149, 2236814.568 ], [ -11059450.1626, 2236707.241099998354912 ], [ -11059315.0284, 2236363.509399998933077 ], [ -11059292.0498, 2236271.122600000351667 ], [ -11059096.2188, 2236375.780799999833107 ], [ -11058909.8133, 2236318.746599998325109 ], [ -11058897.2197, 2236306.083799999207258 ], [ -11058819.1524, 2236302.887899998575449 ], [ -11058806.4262, 2236282.157200001180172 ], [ -11058731.2167, 2236241.854200001806021 ], [ -11058669.1986, 2236247.113000001758337 ], [ -11058681.2432, 2236199.15819999948144 ], [ -11058580.2186, 2236136.735599998384714 ], [ -11058457.3028, 2236105.503699999302626 ], [ -11058346.55, 2236127.258200000971556 ], [ -11058308.4208, 2236111.861000001430511 ], [ -11058156.4609, 2235858.17509999871254 ], [ -11058053.7697, 2235665.729100000113249 ], [ -11058266.29, 2235397.01240000128746 ], [ -11058365.3475, 2235288.961300000548363 ], [ -11058425.7294, 2235176.674199998378754 ], [ -11058467.6824, 2235070.631099998950958 ], [ -11058458.6842, 2234683.421999998390675 ], [ -11058444.3552, 2234659.84010000154376 ], [ -11058282.8887, 2234710.254999998956919 ], [ -11057804.5009, 2234889.1853 ], [ -11057461.5823, 2235130.181000001728535 ], [ -11056774.4415, 2234136.234499998390675 ], [ -11056735.9818, 2233981.750300001353025 ], [ -11056720.3504, 2233847.753199998289347 ], [ -11056750.6359, 2233732.288600001484156 ], [ -11056737.2253, 2233682.637800000607967 ], [ -11056597.7687, 2233622.800599999725819 ], [ -11056563.7583, 2233364.335499998182058 ], [ -11056538.8195, 2233305.618700001388788 ], [ -11056527.3946, 2233204.281599998474121 ], [ -11056550.783, 2233151.251200001686811 ], [ -11056539.4685, 2233002.158500000834465 ], [ -11056476.5095, 2232767.938499998301268 ], [ -11056731.3364, 2232714.60700000077486 ], [ -11056821.5587, 2232713.8893 ], [ -11056927.114, 2232664.278000000864267 ], [ -11056930.5984, 2232672.902499999850988 ], [ -11057961.5648, 2232457.085799999535084 ], [ -11057830.3203, 2232097.890599999576807 ], [ -11057801.7991, 2231882.35249999910593 ], [ -11057691.2889, 2231786.785199999809265 ], [ -11057583.5305, 2231823.545699998736382 ], [ -11057174.3146, 2231669.94539999961853 ], [ -11057117.1664, 2231550.527300000190735 ], [ -11056984.5649, 2231546.727000001817942 ], [ -11056889.9277, 2231563.849800001829863 ], [ -11056795.7548, 2231461.78319999948144 ], [ -11056723.6844, 2231545.699799999594688 ], [ -11056654.3858, 2231476.534800000488758 ], [ -11056460.3102, 2231626.672400001436472 ], [ -11056409.7678, 2231764.2555 ], [ -11056289.0798, 2231771.431699998676777 ], [ -11056145.1726, 2231048.05290000140667 ], [ -11056093.7226, 2231063.420499999076128 ], [ -11056065.1015, 2231103.3739 ], [ -11055982.9948, 2231145.536800000816584 ], [ -11055903.1224, 2231142.369300000369549 ], [ -11055845.0985, 2231165.247000001370907 ], [ -11055746.8715, 2231158.435100000351667 ], [ -11055670.1646, 2231115.912599999457598 ], [ -11055581.0176, 2231097.6402000002563 ], [ -11055442.7244, 2231128.230200000107288 ], [ -11055377.0288, 2231114.197700001299381 ], [ -11055328.9592, 2231080.479800000786781 ], [ -11055290.9411, 2231079.532900001853704 ], [ -11055264.6527, 2231093.131099998950958 ], [ -11055264.5907, 2231117.359099999070168 ], [ -11055282.353, 2231140.010000001639128 ], [ -11055247.8829, 2231155.770899999886751 ], [ -11055245.6532, 2231181.825800001621246 ], [ -11055124.3796, 2231172.873399998992682 ], [ -11055039.2647, 2231229.582499999552965 ], [ -11054993.6015, 2231164.5439000017941 ], [ -11054956.5564, 2231152.441300000995398 ], [ -11054890.4305, 2231156.270799998193979 ], [ -11054805.989, 2231108.158700000494719 ], [ -11054772.6367, 2231137.530200000852346 ], [ -11054724.894, 2231134.600000001490116 ], [ -11054554.2757, 2231160.695099998265505 ], [ -11054542.5783, 2231179.996599998325109 ], [ -11054547.7713, 2231215.30009999871254 ], [ -11054527.2702, 2231251.625500001013279 ], [ -11054448.5667, 2231272.141699999570847 ], [ -11054453.8188, 2231323.712900001555681 ], [ -11054381.9764, 2231339.406500000506639 ], [ -11054337.4365, 2231369.454599998891354 ], [ -11054309.5142, 2231409.825100000947714 ], [ -11054224.3631, 2231462.749000001698732 ], [ -11054195.5743, 2231462.650800000876188 ], [ -11054149.0916, 2231437.7314000017941 ], [ -11054089.3755, 2231457.078699998557568 ], [ -11053852.2739, 2231761.451699998229742 ], [ -11053831.6151, 2231885.773299999535084 ], [ -11053733.2688, 2232039.645799998193979 ], [ -11053646.9249, 2232038.007399998605251 ], [ -11053589.425, 2232152.782000001519918 ], [ -11053595.2148, 2232190.696899998933077 ], [ -11053562.684, 2232241.887600000947714 ], [ -11053507.6632, 2232238.25620000064373 ], [ -11053422.9424, 2232253.80629999935627 ], [ -11053348.2369, 2232549.038100000470877 ], [ -11053276.4559, 2232581.248700000345707 ], [ -11053212.8201, 2232653.896800000220537 ], [ -11053183.7468, 2232780.925299998372793 ], [ -11053071.9553, 2232860.6371 ], [ -11052638.4595, 2232917.955200001597404 ], [ -11052306.656, 2232975.625900000333786 ], [ -11052172.9291, 2233241.907699998468161 ], [ -11052090.1274, 2233285.304999999701977 ], [ -11051973.0827, 2233197.324799999594688 ], [ -11051640.6951, 2233132.499099999666214 ], [ -11051502.2749, 2233038.818399999290705 ], [ -11051465.1697, 2233077.070500001311302 ], [ -11051439.8568, 2233079.781100001186132 ], [ -11051360.4592, 2233028.367199998348951 ], [ -11051342.0348, 2232982.460900001227856 ], [ -11051332.3467, 2232979.80689999833703 ], [ -11051182.8135, 2233123.732599999755621 ], [ -11051064.3873, 2233197.3684 ], [ -11051023.6411, 2233284.2335 ], [ -11050919.1027, 2233303.362100001424551 ], [ -11050915.9617, 2233352.242199998348951 ], [ -11050904.714, 2233371.222800001502037 ], [ -11050877.7656, 2233373.9358000010252 ], [ -11050870.1014, 2233336.023400001227856 ], [ -11050854.9953, 2233325.09910000115633 ], [ -11050798.3671, 2233322.518500000238419 ], [ -11050807.9528, 2233715.907299999147654 ], [ -11050785.7813, 2234361.213500000536442 ], [ -11050797.2307, 2234429.035399999469519 ], [ -11050785.7657, 2235638.498700000345707 ], [ -11050763.5686, 2235678.138300001621246 ], [ -11050766.4039, 2235702.754700001329184 ], [ -11050783.0196, 2235709.820000000298023 ], [ -11050791.0601, 2235766.682100001722574 ], [ -11050796.1429, 2236188.085799999535084 ], [ -11050790.0628, 2236256.493999999016523 ], [ -11050628.8677, 2236363.242199998348951 ], [ -11050628.2252, 2236420.203200001269579 ], [ -11050549.5892, 2236435.970800001174212 ], [ -11050469.5517, 2236418.788100000470877 ], [ -11050378.282, 2236471.651299998164177 ], [ -11050324.1628, 2236451.614399999380112 ], [ -11050293.8597, 2236407.679099999368191 ], [ -11050207.0747, 2236373.351100001484156 ], [ -11050118.7328, 2236479.330200001597404 ], [ -11050055.9375, 2236481.197999998927116 ], [ -11050029.7417, 2236372.819299999624491 ], [ -11049955.2546, 2236395.414599999785423 ], [ -11049919.4608, 2236434.773200001567602 ], [ -11049878.2242, 2236424.317299999296665 ], [ -11049867.4066, 2236363.294199999421835 ], [ -11049819.6418, 2236365.126899998635054 ], [ -11049718.6694, 2236460.66270000115037 ], [ -11049649.3653, 2236502.364700000733137 ], [ -11049629.2664, 2236493.602800000458956 ], [ -11049616.8068, 2236452.855900000780821 ], [ -11049520.7811, 2236374.967399999499321 ], [ -11049356.7576, 2236452.53770000115037 ], [ -11049337.6909, 2236443.217599999159575 ], [ -11049319.8474, 2236380.823300000280142 ], [ -11049354.9319, 2236337.815000001341105 ], [ -11049331.6973, 2236281.496199999004602 ], [ -11049283.2949, 2236268.8147 ], [ -11049200.2226, 2236272.3260000012815 ], [ -11049131.7131, 2236280.331599999219179 ], [ -11049070.5284, 2236308.36600000038743 ], [ -11049036.3909, 2236401.986400000751019 ], [ -11049027.8227, 2236468.501499999314547 ], [ -11049028.9379, 2236506.177799999713898 ], [ -11049056.5331, 2236537.588799998164177 ], [ -11049067.1989, 2236582.310899998992682 ], [ -11048991.1041, 2236639.179400000721216 ], [ -11048923.9585, 2236584.743000000715256 ], [ -11048869.4576, 2236570.854600001126528 ], [ -11048790.6335, 2236628.733300000429153 ], [ -11048721.6207, 2236608.934999998658895 ], [ -11048702.3904, 2236613.25899999961257 ], [ -11048679.5389, 2236626.11540000140667 ], [ -11048617.0774, 2236704.397199999541044 ], [ -11048594.4505, 2236711.538899999111891 ], [ -11048496.0976, 2236635.745700001716614 ], [ -11048443.6929, 2236602.660999998450279 ], [ -11048419.3584, 2236599.590900000184774 ], [ -11048390.7655, 2236607.365600001066923 ], [ -11048313.7941, 2236671.188900001347065 ], [ -11048283.1345, 2236682.344399999827147 ], [ -11048178.9305, 2236683.520799998193979 ], [ -11048149.6613, 2236733.1996 ], [ -11048111.226, 2236757.733300000429153 ], [ -11047989.3011, 2236769.5439000017941 ], [ -11047902.9183, 2236809.083000000566244 ], [ -11047845.9127, 2236781.411100000143051 ], [ -11047817.3159, 2236782.405499998480082 ], [ -11047743.5366, 2236841.100000001490116 ], [ -11047698.9809, 2236857.650800000876188 ], [ -11047663.5937, 2236839.668200001120567 ], [ -11047648.1703, 2236808.774399999529123 ], [ -11047658.4151, 2236709.1114999987185 ], [ -11047646.1511, 2236672.280200000852346 ], [ -11047606.774, 2236671.839299999177456 ], [ -11047484.5974, 2236780.836599998176098 ], [ -11047418.4614, 2236723.557500001043081 ], [ -11047382.7136, 2236714.122499998658895 ], [ -11047354.6576, 2236726.404699999839067 ], [ -11047340.2516, 2236752.352600000798702 ], [ -11047347.8002, 2236781.640599999576807 ], [ -11047396.0091, 2236836.781899999827147 ], [ -11047394.028, 2236920.103000000119209 ], [ -11047382.7123, 2236949.7331000007689 ], [ -11047356.7074, 2236975.398899998515844 ], [ -11047281.3703, 2237013.560600001364946 ], [ -11047215.6215, 2237064.161400001496077 ], [ -11047202.4041, 2237108.959199998527765 ], [ -11047198.9774, 2237192.217099998146296 ], [ -11047226.7313, 2237252.726799998432398 ], [ -11047215.7842, 2237265.429299999028444 ], [ -11047181.383, 2237273.374800000339746 ], [ -11047042.756, 2237246.291200000792742 ], [ -11047010.107, 2237274.35869999974966 ], [ -11046996.0384, 2237337.956999998539686 ], [ -11046974.7996, 2237378.127399999648333 ], [ -11046910.1691, 2237379.947000000625849 ], [ -11046872.4549, 2237393.938200000673532 ], [ -11046719.0456, 2237524.200399998575449 ], [ -11046697.9139, 2237633.793800000101328 ], [ -11046672.4015, 2237633.776200000196695 ], [ -11046619.2766, 2237598.855000000447035 ], [ -11046564.6376, 2237599.473299998790026 ], [ -11046532.1001, 2237608.155699998140335 ], [ -11046509.9731, 2237632.275699999183416 ], [ -11046499.0448, 2237710.212900001555681 ], [ -11046258.3432, 2237742.631299998611212 ], [ -11046128.861, 2237798.691799998283386 ], [ -11046027.5142, 2237755.574000000953674 ], [ -11045849.5669, 2237781.874400001019239 ], [ -11045666.1246, 2237829.798900000751019 ], [ -11045628.1547, 2237849.361000001430511 ], [ -11045598.4992, 2237905.636999998241663 ], [ -11045578.9525, 2238027.424699999392033 ], [ -11045469.344, 2238092.666700001806021 ], [ -11045278.8662, 2238074.120400000363588 ], [ -11045249.0535, 2238084.331900000572205 ], [ -11045073.1223, 2238081.920699998736382 ], [ -11045076.5343, 2237994.710400000214577 ], [ -11045031.6803, 2237795.985300000756979 ], [ -11044961.6046, 2237657.06700000166893 ], [ -11044889.0667, 2237667.311500001698732 ], [ -11044765.3583, 2237731.868900001049042 ], [ -11044621.0293, 2237723.442899998277426 ], [ -11044374.0827, 2237753.296500001102686 ], [ -11044266.508, 2237835.474500000476837 ], [ -11044068.7778, 2237854.130699999630451 ], [ -11043950.8692, 2237892.388099998235703 ], [ -11043759.1016, 2237866.900800000876188 ], [ -11043685.6707, 2237884.043600000441074 ], [ -11043594.2228, 2237944.694899998605251 ], [ -11043241.7286, 2238205.318799998611212 ], [ -11043141.3217, 2238294.676199998706579 ], [ -11043058.2521, 2238333.3739 ], [ -11042965.9935, 2238400.88289999961853 ], [ -11042806.8645, 2238536.99100000038743 ], [ -11042778.1338, 2238596.135099999606609 ], [ -11042763.0136, 2238679.334100000560284 ], [ -11042380.2919, 2239269.594500001519918 ], [ -11042422.1456, 2239301.096400000154972 ], [ -11042470.2533, 2239573.066599998623133 ], [ -11042570.5214, 2239997.531800001859665 ], [ -11042627.6903, 2240338.577500000596046 ], [ -11042652.7694, 2240542.371899999678135 ], [ -11042675.4343, 2241331.463199999183416 ], [ -11042680.145, 2241369.273899998515844 ], [ -11042691.4088, 2241379.568399999290705 ], [ -11042705.0825, 2241610.254999998956919 ], [ -11042773.5978, 2242191.875 ], [ -11042880.4523, 2242768.102099999785423 ], [ -11042903.817, 2242849.839400000870228 ], [ -11042904.673, 2243123.880300000309944 ], [ -11043619.6481, 2243135.426699999719858 ], [ -11043802.7643, 2243158.71510000154376 ], [ -11044654.667, 2243572.494199998676777 ], [ -11044665.0086, 2243661.29280000180006 ], [ -11044681.5864, 2243664.505899999290705 ], [ -11044735.2265, 2244148.113600000739098 ], [ -11044470.2033, 2244102.082100000232458 ] ] ] ] } },
{ "type": "Feature", "properties": { "OBJECTID": 760, "ID": "15096", "NAME": "Tequixquiac", "TOTPOP_CY": 40462, "AREA": 122.24, "Shape__Area": 138973294.12842026, "Shape__Length": 95192.793019811972, "metro_only_count": 0.0, "bus_only_count": 200.0, "bus_metro_count": 5.0, "n_cat": "3", "label_range": "0 – 1" }, "geometry": { "type": "MultiPolygon", "coordinates": [ [ [ [ -11035024.9521, 2252053.278200000524521 ], [ -11034980.1346, 2252106.021999999880791 ], [ -11034982.0817, 2252623.653099998831749 ], [ -11034627.2318, 2252610.114999998360872 ], [ -11034274.3484, 2252181.625599998980761 ], [ -11033981.1425, 2253148.008900001645088 ], [ -11034515.9414, 2253573.896899998188019 ], [ -11034302.7504, 2253936.5449 ], [ -11034194.6321, 2253853.148499999195337 ], [ -11034114.794, 2253809.738200001418591 ], [ -11033796.2664, 2254568.443900000303984 ], [ -11033699.5977, 2254619.1404 ], [ -11033639.1343, 2254954.340599998831749 ], [ -11033660.8416, 2255151.4679000005126 ], [ -11033745.9734, 2255401.675799999386072 ], [ -11033770.7619, 2255549.69709999859333 ], [ -11033517.0337, 2255505.707899998873472 ], [ -11033677.2992, 2256690.77419999986887 ], [ -11033762.6557, 2257712.488099999725819 ], [ -11033823.1712, 2258171.599700000137091 ], [ -11033943.1121, 2258314.949400000274181 ], [ -11033979.4538, 2258581.010400000959635 ], [ -11034037.2884, 2258832.01069999858737 ], [ -11034011.2955, 2259756.984299998730421 ], [ -11032643.6353, 2259824.317499998956919 ], [ -11033503.2645, 2260435.208799999207258 ], [ -11032994.9865, 2261094.285300001502037 ], [ -11033054.0714, 2261198.919399999082088 ], [ -11033267.7537, 2261676.8728 ], [ -11033243.8166, 2261663.862700000405312 ], [ -11033212.2632, 2261580.673700001090765 ], [ -11033137.9362, 2261458.2577 ], [ -11032985.9251, 2261542.676199998706579 ], [ -11032895.7253, 2261450.616799999028444 ], [ -11032904.8454, 2261330.24720000103116 ], [ -11032956.2628, 2261293.799899999052286 ], [ -11032846.945, 2261186.602400001138449 ], [ -11032733.7999, 2261271.172200001776218 ], [ -11032676.5202, 2261220.718499999493361 ], [ -11032748.3335, 2261132.535399999469519 ], [ -11032617.8426, 2261137.05799999833107 ], [ -11032581.9757, 2260971.605999998748302 ], [ -11032514.6996, 2260915.835200000554323 ], [ -11032488.3046, 2260708.270799998193979 ], [ -11032390.988, 2260568.270700000226498 ], [ -11032343.9713, 2260517.90260000154376 ], [ -11032283.3309, 2260481.478399999439716 ], [ -11032305.4089, 2260373.775100000202656 ], [ -11032008.7901, 2259546.640000000596046 ], [ -11031526.1636, 2260004.201499998569489 ], [ -11031437.9195, 2260038.83049999922514 ], [ -11031284.6982, 2260197.755800001323223 ], [ -11031290.7842, 2260279.142900001257658 ], [ -11031274.9355, 2260341.148499999195337 ], [ -11031261.4781, 2260632.969399999827147 ], [ -11031184.8169, 2260668.874400001019239 ], [ -11031192.9086, 2260773.584100000560284 ], [ -11031177.9362, 2260783.666999999433756 ], [ -11031151.5067, 2260775.711300000548363 ], [ -11031016.4194, 2260851.451499998569489 ], [ -11030899.6597, 2260825.677700001746416 ], [ -11030851.4014, 2260831.769799999892712 ], [ -11030785.4604, 2260857.314100001007318 ], [ -11030694.1873, 2260958.359700001776218 ], [ -11030646.2054, 2260979.875399999320507 ], [ -11030503.2266, 2261107.061700001358986 ], [ -11030658.9469, 2261258.295200001448393 ], [ -11029939.2172, 2262174.973900001496077 ], [ -11030031.2709, 2262239.894499998539686 ], [ -11030122.4973, 2262278.517499998211861 ], [ -11030163.7412, 2262326.431200001388788 ], [ -11030232.4599, 2262379.179099999368191 ], [ -11030106.7389, 2262531.995999999344349 ], [ -11030204.8357, 2262640.505199998617172 ], [ -11030261.3171, 2262732.327599998563528 ], [ -11030450.0069, 2262836.504200000315905 ], [ -11030621.8073, 2262999.012200001627207 ], [ -11030613.65, 2263027.648699998855591 ], [ -11030705.3882, 2263089.850400000810623 ], [ -11030747.1207, 2263137.201499998569489 ], [ -11030477.8425, 2263392.025600001215935 ], [ -11030449.673, 2263401.088199999183416 ], [ -11030416.8593, 2263399.260000001639128 ], [ -11030294.1262, 2263323.277699999511242 ], [ -11030143.2349, 2263320.976100001484156 ], [ -11029869.8463, 2263352.399700000882149 ], [ -11029414.4796, 2263562.273800000548363 ], [ -11028267.8968, 2263719.971700001507998 ], [ -11027153.4829, 2265386.548300001770258 ], [ -11029794.6502, 2265966.393100000917912 ], [ -11030299.5376, 2266099.967700000852346 ], [ -11030776.3857, 2266143.632599998265505 ], [ -11031018.7917, 2266177.372999999672174 ], [ -11030988.4403, 2266202.545699998736382 ], [ -11030871.5728, 2266495.922600001096725 ], [ -11030909.7709, 2266491.293499998748302 ], [ -11030960.3766, 2266459.432300001382828 ], [ -11031076.6656, 2266446.521800000220537 ], [ -11031140.75, 2266424.288100000470877 ], [ -11031204.0552, 2266336.472500000149012 ], [ -11031223.7465, 2266255.457100000232458 ], [ -11031267.4738, 2266210.022700000554323 ], [ -11032022.7821, 2266310.765599999576807 ], [ -11032049.107, 2266644.6393 ], [ -11031999.4473, 2266831.011199999600649 ], [ -11032111.0929, 2267020.747600000351667 ], [ -11032849.1188, 2266890.675599999725819 ], [ -11032870.4867, 2266821.17339999973774 ], [ -11032914.5076, 2266454.380300000309944 ], [ -11033051.0503, 2266471.917300000786781 ], [ -11033708.3118, 2266480.241399999707937 ], [ -11034711.9959, 2266517.659200001507998 ], [ -11036544.7782, 2268127.040300000458956 ], [ -11036509.6732, 2267827.628800000995398 ], [ -11036420.4619, 2267267.1114999987185 ], [ -11036279.8196, 2266548.617199998348951 ], [ -11036288.6852, 2266400.95890000090003 ], [ -11036275.1334, 2266313.542599998414516 ], [ -11036233.2024, 2266265.688799999654293 ], [ -11036219.6604, 2266201.652699999511242 ], [ -11036228.4224, 2266145.634100001305342 ], [ -11036303.1636, 2266108.363699998706579 ], [ -11036301.3744, 2266040.646899998188019 ], [ -11036327.1763, 2265995.498100001364946 ], [ -11036395.1313, 2266006.855700001120567 ], [ -11036413.8174, 2265995.34180000051856 ], [ -11036477.7981, 2265859.766699999570847 ], [ -11036528.6956, 2265806.921500001102686 ], [ -11036568.1073, 2265799.646999999880791 ], [ -11036637.8311, 2265743.472100000828505 ], [ -11036669.595, 2265699.985599998384714 ], [ -11036659.9347, 2265651.510299999266863 ], [ -11036724.8329, 2265528.426399998366833 ], [ -11036871.5987, 2265534.836899999529123 ], [ -11036886.028, 2265468.750100001692772 ], [ -11036826.8038, 2265414.795200001448393 ], [ -11036789.2856, 2265241.3246 ], [ -11036793.7184, 2265200.807900000363588 ], [ -11036847.1485, 2265160.820700000971556 ], [ -11036823.7504, 2265056.875999998301268 ], [ -11036827.3705, 2264971.837000001221895 ], [ -11036861.8271, 2264840.6385000012815 ], [ -11036881.4125, 2264805.963899999856949 ], [ -11036888.9484, 2264737.5801 ], [ -11036983.6941, 2264738.6316 ], [ -11037165.8785, 2264692.212200000882149 ], [ -11037169.1234, 2264680.929999999701977 ], [ -11037251.5923, 2264715.301100000739098 ], [ -11037235.3775, 2264735.82880000025034 ], [ -11037237.9389, 2264770.261700000613928 ], [ -11037291.0984, 2264788.436599999666214 ], [ -11037326.0973, 2264783.343600001186132 ], [ -11037420.3114, 2264730.537200000137091 ], [ -11037515.8135, 2264698.948600001633167 ], [ -11037601.4227, 2264724.300299998372793 ], [ -11037862.4179, 2264940.443199999630451 ], [ -11037917.1849, 2264956.124600000679493 ], [ -11037972.0108, 2264831.469799999147654 ], [ -11038349.67, 2264897.804099999368191 ], [ -11038330.0688, 2264905.15989999845624 ], [ -11038416.6943, 2264900.427000001072884 ], [ -11038424.9498, 2265008.266399998217821 ], [ -11038460.4193, 2264977.78830000013113 ], [ -11038522.8931, 2264955.475900001823902 ], [ -11038586.296, 2264949.3893 ], [ -11038572.5706, 2264846.477299999445677 ], [ -11038631.4519, 2264843.017299998551607 ], [ -11038659.4398, 2264854.674899999052286 ], [ -11038667.4326, 2264845.513399999588728 ], [ -11038780.4798, 2265014.2522 ], [ -11038836.361, 2265002.698699999600649 ], [ -11038840.2706, 2265053.137899998575449 ], [ -11038812.7268, 2265083.77140000090003 ], [ -11038844.3014, 2265096.473600000143051 ], [ -11038960.5023, 2265292.770899999886751 ], [ -11039034.3093, 2265387.728999998420477 ], [ -11039448.8586, 2266382.302700001746416 ], [ -11039440.228, 2266686.962400000542402 ], [ -11039461.1094, 2267478.907800000160933 ], [ -11039603.9168, 2267474.807799998670816 ], [ -11039696.019, 2267793.633099999278784 ], [ -11039836.6735, 2267802.758099999278784 ], [ -11039843.2948, 2267901.840900000184774 ], [ -11039981.508, 2267887.291799999773502 ], [ -11039989.5564, 2268818.687899999320507 ], [ -11040027.7345, 2268812.193999998271465 ], [ -11040062.5706, 2268782.746899999678135 ], [ -11040125.3738, 2268606.984200000762939 ], [ -11040112.8214, 2268589.016399998217821 ], [ -11040097.0554, 2268467.870000001043081 ], [ -11040162.283, 2268456.27419999986887 ], [ -11040309.9272, 2268327.356100000441074 ], [ -11040316.2024, 2268254.754999998956919 ], [ -11040393.1773, 2268163.852800000458956 ], [ -11040506.6242, 2268116.00959999859333 ], [ -11040593.3979, 2268098.450800001621246 ], [ -11040681.5807, 2268123.986000001430511 ], [ -11040706.3647, 2268119.827799998223782 ], [ -11040686.4286, 2267981.286200001835823 ], [ -11040703.4538, 2267834.016699999570847 ], [ -11040688.35, 2267826.927499998360872 ], [ -11040646.6208, 2267743.9967 ], [ -11040686.2309, 2267513.869199998676777 ], [ -11040909.535, 2267237.47410000115633 ], [ -11041040.0751, 2267101.269200000911951 ], [ -11041259.0962, 2266987.2051 ], [ -11041254.6994, 2266969.43129999935627 ], [ -11041360.7698, 2266886.875500001013279 ], [ -11041418.579, 2266789.798000000417233 ], [ -11041493.1253, 2266716.853799998760223 ], [ -11041669.6901, 2266595.505300000309944 ], [ -11042125.8943, 2266362.759700000286102 ], [ -11042149.0097, 2266228.951099999248981 ], [ -11042006.7067, 2266141.225499998778105 ], [ -11042827.0544, 2266016.9358000010252 ], [ -11042791.0216, 2266273.601500000804663 ], [ -11042659.9506, 2266611.702100001275539 ], [ -11042665.3092, 2266634.6537000015378 ], [ -11042676.5719, 2266639.5456000007689 ], [ -11042718.3009, 2266618.852600000798702 ], [ -11042722.589, 2266719.55970000103116 ], [ -11042748.1824, 2266787.595499999821186 ], [ -11042747.2885, 2266835.423599999397993 ], [ -11042768.4169, 2266825.230599999427795 ], [ -11042859.1524, 2266835.345400001853704 ], [ -11042863.5518, 2267030.741700001060963 ], [ -11042748.3616, 2267037.60359999909997 ], [ -11042748.8103, 2267063.340999998152256 ], [ -11042721.5481, 2267103.665100000798702 ], [ -11042688.2112, 2267325.656199999153614 ], [ -11042837.4639, 2267352.344900000840425 ], [ -11043347.8105, 2267402.981100000441074 ], [ -11043339.3502, 2267384.695799998939037 ], [ -11043482.0106, 2267339.215999998152256 ], [ -11043500.9214, 2267360.8849 ], [ -11043488.3558, 2267363.83729999884963 ], [ -11043538.5162, 2267562.796999998390675 ], [ -11043729.6295, 2267515.22520000115037 ], [ -11044607.1869, 2267655.156199999153614 ], [ -11045983.8325, 2267235.174199998378754 ], [ -11045793.1901, 2267113.663699999451637 ], [ -11045781.7754, 2267094.550999999046326 ], [ -11045635.1689, 2266667.914099998772144 ], [ -11045504.0568, 2265956.944400001317263 ], [ -11045454.3471, 2265947.379900000989437 ], [ -11044960.9725, 2264413.721500001847744 ], [ -11044637.6271, 2264278.28319999948144 ], [ -11044175.7825, 2264064.005899999290705 ], [ -11043919.368, 2265028.7566 ], [ -11043659.4438, 2264992.731899999082088 ], [ -11043674.807, 2264630.489399999380112 ], [ -11043517.1842, 2264444.369199998676777 ], [ -11043680.8628, 2264242.1996 ], [ -11043632.3754, 2264143.047200001776218 ], [ -11044087.8367, 2262902.031100001186132 ], [ -11044300.113, 2262952.015799999237061 ], [ -11044293.7199, 2262844.203600000590086 ], [ -11044397.0979, 2262868.905200000852346 ], [ -11044403.215, 2262976.291400000452995 ], [ -11044461.1067, 2262989.923900000751019 ], [ -11044624.5593, 2262929.015500001609325 ], [ -11044561.3989, 2262733.737500000745058 ], [ -11044590.5969, 2262680.532800000160933 ], [ -11044707.7549, 2262610.947999998927116 ], [ -11044799.8963, 2262627.660999998450279 ], [ -11044843.8553, 2262621.291299998760223 ], [ -11044891.9575, 2262581.251600001007318 ], [ -11045026.1334, 2262536.834600001573563 ], [ -11045063.3194, 2261786.214899998158216 ], [ -11045205.3007, 2261512.904500000178814 ], [ -11045141.8119, 2261471.230799999088049 ], [ -11045556.8299, 2261424.898800000548363 ], [ -11045460.5896, 2261251.829700000584126 ], [ -11045414.1032, 2261272.959899999201298 ], [ -11045357.9698, 2261146.361200001090765 ], [ -11045393.9406, 2261131.972600001841784 ], [ -11045373.8287, 2261095.807799998670816 ], [ -11045314.9738, 2261117.69709999859333 ], [ -11045270.7837, 2261019.762299999594688 ], [ -11045254.0631, 2261026.928199999034405 ], [ -11045207.4843, 2260926.604499999433756 ], [ -11045182.4034, 2260936.159299999475479 ], [ -11045092.8288, 2260724.763099998235703 ], [ -11045142.3933, 2260697.208299998193979 ], [ -11045045.9813, 2260531.158399999141693 ], [ -11045039.5166, 2260562.303300000727177 ], [ -11045000.104, 2260619.033900000154972 ], [ -11044991.2628, 2260677.0320999994874 ], [ -11045001.6801, 2260774.14469999819994 ], [ -11045047.5126, 2260878.946899998933077 ], [ -11045178.8888, 2261031.820999998599291 ], [ -11045102.6008, 2261097.956999998539686 ], [ -11045147.0898, 2261165.585799999535084 ], [ -11045135.8929, 2261176.334899999201298 ], [ -11045164.8554, 2261223.212200000882149 ], [ -11044925.0938, 2261346.526599999517202 ], [ -11044808.0497, 2260640.678399998694658 ], [ -11044767.4423, 2260311.043600000441074 ], [ -11044771.2078, 2260264.988699998706579 ], [ -11044786.5517, 2260245.355500001460314 ], [ -11044838.8373, 2260212.357799999415874 ], [ -11044861.0138, 2260212.757399998605251 ], [ -11044837.9143, 2260172.991500001400709 ], [ -11044929.2875, 2259894.407000001519918 ], [ -11044900.9077, 2259865.821400001645088 ], [ -11044154.536, 2259780.778499998152256 ], [ -11043826.1147, 2259753.845899999141693 ], [ -11043694.8514, 2259759.740200001746416 ], [ -11043693.6388, 2259801.254700001329184 ], [ -11043706.9671, 2259838.646299999207258 ], [ -11043706.9593, 2260172.315499998629093 ], [ -11043678.0731, 2260311.232900001108646 ], [ -11043676.9365, 2260406.151700001209974 ], [ -11042423.2029, 2260386.532900001853704 ], [ -11042435.1209, 2260258.148899998515844 ], [ -11042388.3702, 2260141.059099998325109 ], [ -11042319.9485, 2259896.194299999624491 ], [ -11042254.7042, 2259719.5016999989748 ], [ -11042044.7456, 2259514.098000001162291 ], [ -11041899.9212, 2259328.520899999886751 ], [ -11041851.3303, 2259259.5559 ], [ -11041734.8645, 2258991.708500001579523 ], [ -11041628.6489, 2258364.214099999517202 ], [ -11041453.8975, 2258244.273899998515844 ], [ -11041149.3606, 2258139.44200000166893 ], [ -11040870.8338, 2258105.368200000375509 ], [ -11040688.0671, 2258132.780299998819828 ], [ -11040048.707, 2258014.156700000166893 ], [ -11039752.9433, 2257932.290600001811981 ], [ -11040073.1216, 2257570.682 ], [ -11040322.1658, 2257332.918299999088049 ], [ -11041287.6139, 2256474.292300000786781 ], [ -11041007.7, 2256323.9934 ], [ -11039965.726, 2256072.971900001168251 ], [ -11038770.5912, 2256112.33390000090003 ], [ -11038656.3975, 2256153.248700000345707 ], [ -11038618.7581, 2256141.625999998301268 ], [ -11038346.8356, 2256195.5044 ], [ -11037455.8946, 2256212.724199999123812 ], [ -11037451.7546, 2256220.964200001209974 ], [ -11036938.2923, 2255574.970300000160933 ], [ -11036480.3195, 2255282.089699998497963 ], [ -11036686.4231, 2254576.726100001484156 ], [ -11036766.2169, 2254145.577300000935793 ], [ -11036944.3058, 2253610.968400001525879 ], [ -11036601.6061, 2252472.462999999523163 ], [ -11036102.8706, 2252426.218800000846386 ], [ -11036124.2253, 2252936.94370000064373 ], [ -11036024.2525, 2252879.055599998682737 ], [ -11035948.1387, 2252776.962600000202656 ], [ -11035925.1758, 2252776.502099998295307 ], [ -11035919.8515, 2252734.467199999839067 ], [ -11035847.7609, 2252725.759700000286102 ], [ -11035816.7184, 2252677.420299999415874 ], [ -11035748.0254, 2252643.93129999935627 ], [ -11035605.5453, 2252519.518100000917912 ], [ -11035568.6764, 2252429.590300001204014 ], [ -11035595.8451, 2252525.125999998301268 ], [ -11035374.9747, 2252329.234400000423193 ], [ -11035351.8851, 2252357.39809999987483 ], [ -11035306.2741, 2252229.814800001680851 ], [ -11035259.3111, 2252279.363800000399351 ], [ -11035189.9105, 2252186.0912000015378 ], [ -11035142.9938, 2252143.471200000494719 ], [ -11035140.628, 2252206.866799999028444 ], [ -11035024.9521, 2252053.278200000524521 ] ] ] ] } },
{ "type": "Feature", "properties": { "OBJECTID": 763, "ID": "15099", "NAME": "Texcoco", "TOTPOP_CY": 284393, "AREA": 428.11, "Shape__Area": 484178032.66783464, "Shape__Length": 135364.46561349431, "metro_only_count": 2.0, "bus_only_count": 1677.0, "bus_metro_count": 196.0, "n_cat": "4", "label_range": "2 – 12" }, "geometry": { "type": "MultiPolygon", "coordinates": [ [ [ [ -10992830.8061, 2201477.1402000002563 ], [ -10992795.804, 2201488.02140000090003 ], [ -10992696.2588, 2201550.268199998885393 ], [ -10992595.5847, 2201563.718699999153614 ], [ -10992551.9853, 2201923.885499998927116 ], [ -10992499.7354, 2202129.655900001525879 ], [ -10992451.3058, 2202441.02760000154376 ], [ -10992313.4666, 2202359.7632 ], [ -10992086.8646, 2202251.433600001037121 ], [ -10991812.3152, 2202175.559999998658895 ], [ -10991585.1466, 2202143.218699999153614 ], [ -10990816.441, 2202083.371800001710653 ], [ -10990609.6863, 2202091.579999998211861 ], [ -10990378.2552, 2202116.012699998915195 ], [ -10990086.4947, 2202121.41440000012517 ], [ -10989955.0597, 2202221.461899999529123 ], [ -10989398.3988, 2202700.526700001209974 ], [ -10989251.3748, 2202849.611699998378754 ], [ -10989027.9578, 2203036.435600001364946 ], [ -10988866.9149, 2203204.162300001829863 ], [ -10988675.6504, 2203453.969900000840425 ], [ -10987742.6427, 2203350.786800000816584 ], [ -10987328.4997, 2203212.738299999386072 ], [ -10987081.0589, 2203098.441100001335144 ], [ -10986964.1755, 2203056.370299998670816 ], [ -10986871.1683, 2203001.00899999961257 ], [ -10986677.587, 2202933.467700000852346 ], [ -10986424.6934, 2202867.952799998223782 ], [ -10986136.612, 2202771.972600001841784 ], [ -10985589.5835, 2202626.983600001782179 ], [ -10984336.1272, 2202583.5779 ], [ -10983827.9695, 2202430.61430000141263 ], [ -10983560.6912, 2202272.775400001555681 ], [ -10983347.1482, 2202120.905900001525879 ], [ -10982944.6736, 2201879.871599998325109 ], [ -10982828.0376, 2201821.513599999248981 ], [ -10982750.3008, 2201790.696400001645088 ], [ -10982462.2572, 2201741.682300001382828 ], [ -10983097.9939, 2202440.368999999016523 ], [ -10983067.4847, 2202496.62220000103116 ], [ -10983024.5798, 2202529.099800001829863 ], [ -10982924.5359, 2202537.918299999088049 ], [ -10982870.5939, 2202567.905799999833107 ], [ -10982784.5238, 2202644.016699999570847 ], [ -10982768.997, 2202739.637600000947714 ], [ -10982785.3798, 2202969.857200000435114 ], [ -10982760.6925, 2203009.149399999529123 ], [ -10982732.5053, 2203028.425299998372793 ], [ -10982648.4981, 2203062.3412000015378 ], [ -10982622.593, 2203192.580299999564886 ], [ -10982681.6647, 2203218.687899999320507 ], [ -10982669.6677, 2203281.978900000452995 ], [ -10982707.1979, 2203328.772199999541044 ], [ -10982787.6474, 2203341.252599999308586 ], [ -10982801.0269, 2203369.8202 ], [ -10982815.6286, 2203497.309900000691414 ], [ -10982843.6957, 2203497.9662000015378 ], [ -10982876.2667, 2203518.798300001770258 ], [ -10982909.3897, 2203579.109000001102686 ], [ -10982977.2489, 2203610.343199998140335 ], [ -10982936.0641, 2203641.9375 ], [ -10982879.2099, 2203651.46000000089407 ], [ -10982876.5729, 2203765.357099998742342 ], [ -10982829.2521, 2203822.298599999397993 ], [ -10982600.9613, 2204184.506299998611212 ], [ -10982422.5108, 2204524.1537000015378 ], [ -10982374.4773, 2204694.061599999666214 ], [ -10982377.108, 2205023.879700001329184 ], [ -10982407.3836, 2205152.85080000013113 ], [ -10982560.9154, 2205480.381999999284744 ], [ -10982665.4854, 2205601.003899998962879 ], [ -10982755.1634, 2205680.203299999237061 ], [ -10982800.8177, 2205874.5801 ], [ -10982333.6029, 2205927.952300000935793 ], [ -10982213.2713, 2205901.537799999117851 ], [ -10981914.975, 2205903.864199999719858 ], [ -10981749.08, 2205875.277499999850988 ], [ -10981529.4512, 2205815.508900001645088 ], [ -10981613.9583, 2205983.895799998193979 ], [ -10981731.5751, 2206177.033900000154972 ], [ -10981690.3834, 2206175.03660000115633 ], [ -10981537.7588, 2206081.104400001466274 ], [ -10981344.7397, 2205918.748500000685453 ], [ -10981292.2604, 2205794.964600000530481 ], [ -10981151.8454, 2205694.5548 ], [ -10980964.5046, 2205505.852899998426437 ], [ -10980854.1973, 2205368.864 ], [ -10980691.3857, 2205280.174400001764297 ], [ -10980663.1951, 2205353.796100001782179 ], [ -10980567.2232, 2205286.150600001215935 ], [ -10980551.8534, 2205328.200100000947714 ], [ -10980567.5861, 2205394.117499999701977 ], [ -10980493.3037, 2205538.421700000762939 ], [ -10980482.6426, 2205583.982200000435114 ], [ -10980436.6567, 2205640.077199999243021 ], [ -10980398.9159, 2205593.779899999499321 ], [ -10980368.1148, 2205509.737700000405312 ], [ -10980300.6553, 2205207.6085 ], [ -10980263.5961, 2205153.863800000399351 ], [ -10980228.6181, 2205151.408599998801947 ], [ -10980161.683, 2205307.229100000113249 ], [ -10980078.6162, 2205418.576900001615286 ], [ -10980015.1976, 2205480.327599998563528 ], [ -10979964.2568, 2205574.104699999094009 ], [ -10979961.8812, 2205617.286499999463558 ], [ -10979986.0954, 2205701.538199998438358 ], [ -10979978.1651, 2205774.043699998408556 ], [ -10980384.4756, 2206178.355999998748302 ], [ -10980871.2058, 2206736.982999999076128 ], [ -10981585.5218, 2207461.659299999475479 ], [ -10982940.7275, 2208943.581500001251698 ], [ -10982026.9447, 2209875.811999998986721 ], [ -10982523.3816, 2209886.554999999701977 ], [ -10982733.397, 2209844.561700001358986 ], [ -10983294.4272, 2209513.551199998706579 ], [ -10983448.6726, 2209667.998700000345707 ], [ -10983610.8383, 2209897.034800000488758 ], [ -10983663.3533, 2209989.592399999499321 ], [ -10983731.2137, 2210144.0143 ], [ -10983803.755, 2210464.409400001168251 ], [ -10984066.8152, 2210574.491799999028444 ], [ -10984189.8177, 2210538.318999998271465 ], [ -10984267.2359, 2210532.886500000953674 ], [ -10984324.2527, 2210541.478700000792742 ], [ -10984654.8638, 2210667.057399999350309 ], [ -10984877.7209, 2210784.095499999821186 ], [ -10985174.3718, 2210969.6118 ], [ -10985317.9394, 2211073.032800000160933 ], [ -10985454.7255, 2211190.888099998235703 ], [ -10985583.8939, 2211333.58049999922514 ], [ -10985819.6753, 2211952.543600000441074 ], [ -10986411.7603, 2212291.864700000733137 ], [ -10986515.2084, 2212494.3915 ], [ -10986761.7376, 2212740.58390000090003 ], [ -10986684.4775, 2212627.6184 ], [ -10987514.1461, 2213391.585499998182058 ], [ -10989732.5209, 2215562.550999999046326 ], [ -10989690.215, 2215730.968499999493361 ], [ -10990250.635, 2216130.084499999880791 ], [ -10990379.8693, 2216375.130800001323223 ], [ -10990486.5769, 2216447.8279 ], [ -10990714.5424, 2216408.8026 ], [ -10991066.1717, 2216504.87220000103116 ], [ -10991146.3264, 2216458.951400000602007 ], [ -10991158.5748, 2216483.945799998939037 ], [ -10991282.9086, 2216523.2051 ], [ -10991358.7772, 2216630.796100001782179 ], [ -10991380.4212, 2216616.579300001263618 ], [ -10991422.2416, 2216676.181200001388788 ], [ -10991484.8199, 2216648.281100001186132 ], [ -10991532.6463, 2216690.0493 ], [ -10991827.4068, 2216654.871199999004602 ], [ -10991843.0381, 2216622.974899999797344 ], [ -10991909.9199, 2216619.319400001317263 ], [ -10991924.2513, 2216585.752399999648333 ], [ -10992049.5369, 2216535.496800001710653 ], [ -10992133.5109, 2216574.106300000101328 ], [ -10992141.9267, 2216559.202599998563528 ], [ -10992209.817, 2216547.873599998652935 ], [ -10992234.845, 2216562.576999999582767 ], [ -10992290.626, 2216560.600000001490116 ], [ -10992446.3654, 2216637.233199998736382 ], [ -10992463.5566, 2216657.0592 ], [ -10992451.0564, 2216679.455200001597404 ], [ -10992566.3433, 2216841.932 ], [ -10992586.7137, 2216843.595199998468161 ], [ -10992729.9049, 2216966.388799998909235 ], [ -10992793.4116, 2217086.758600000292063 ], [ -10992909.5825, 2217152.911200001835823 ], [ -10992970.0223, 2217167.173300001770258 ], [ -10993049.2029, 2217119.212499998509884 ], [ -10993071.9708, 2217084.374699998646975 ], [ -10993183.2576, 2217054.025499999523163 ], [ -10993242.9868, 2216969.903000000864267 ], [ -10993322.2334, 2217244.810100000351667 ], [ -10993195.3742, 2217779.088599998503923 ], [ -10993368.4369, 2217817.264199998229742 ], [ -10993578.4211, 2217639.794799998402596 ], [ -10993613.556, 2217430.989599999040365 ], [ -10993772.5491, 2217500.255800001323223 ], [ -10993776.2345, 2217492.395799998193979 ], [ -10994023.206, 2217583.313799999654293 ], [ -10994182.1279, 2217678.682199999690056 ], [ -10994360.9438, 2217756.575399998575449 ], [ -10994488.2031, 2217856.768399998545647 ], [ -10994725.5207, 2217942.251499999314547 ], [ -10994915.9349, 2217985.402499999850988 ], [ -10995070.7424, 2217997.625399999320507 ], [ -10995140.0467, 2218017.300700001418591 ], [ -10995211.8175, 2217771.747600000351667 ], [ -10995446.6753, 2217395.898800000548363 ], [ -10995583.3843, 2217286.2652000002563 ], [ -10995275.9697, 2216764.454599998891354 ], [ -10995435.6153, 2216643.1173 ], [ -10995739.9229, 2216499.763000000268221 ], [ -10995972.5248, 2216342.498500000685453 ], [ -10995998.498, 2216249.446100000292063 ], [ -10995993.6812, 2216166.770799998193979 ], [ -10995894.461, 2216075.293499998748302 ], [ -10995924.1254, 2215944.917300000786781 ], [ -10996012.4096, 2215806.490600001066923 ], [ -10996091.8542, 2215880.833700001239777 ], [ -10996158.1989, 2215765.146699998527765 ], [ -10996258.9656, 2215855.383900001645088 ], [ -10996496.277, 2216036.185499999672174 ], [ -10996286.9578, 2216120.535500001162291 ], [ -10996402.1582, 2216312.829700000584126 ], [ -10996307.9921, 2216354.451400000602007 ], [ -10996344.7496, 2216386.4527000002563 ], [ -10996419.6164, 2216593.494699999690056 ], [ -10996375.4926, 2216695.532400000840425 ], [ -10996321.3144, 2216773.434599999338388 ], [ -10996287.3363, 2216965.533700000494719 ], [ -10996327.2868, 2217050.606499999761581 ], [ -10996462.6858, 2217209.567800000309944 ], [ -10996515.665, 2217242.457800000905991 ], [ -10996578.5427, 2217259.6162 ], [ -10996603.0509, 2217286.866300001740456 ], [ -10996633.2662, 2217333.335999999195337 ], [ -10996662.6111, 2217412.094999998807907 ], [ -10996732.0355, 2217523.996100001037121 ], [ -10996808.6111, 2217568.390999998897314 ], [ -10996876.9411, 2217579.949999999254942 ], [ -10997019.1164, 2217741.309999998658895 ], [ -10997120.0062, 2217783.065499998629093 ], [ -10997133.8132, 2217799.629099998623133 ], [ -10997145.6509, 2217853.815499998629093 ], [ -10997184.4847, 2217900.297200001776218 ], [ -10997189.2604, 2218011.584800001233816 ], [ -10997203.9769, 2218046.8279 ], [ -10997265.3139, 2218156.0515 ], [ -10997321.2929, 2218213.496500000357628 ], [ -10997342.3457, 2218264.493700001388788 ], [ -10997334.7016, 2218318.6327 ], [ -10997347.5009, 2218389.126400001347065 ], [ -10997296.1326, 2218475.796599999070168 ], [ -10997343.7828, 2218663.1985 ], [ -10997414.2804, 2218755.355500001460314 ], [ -10997483.185, 2218812.550999999046326 ], [ -10997475.583, 2218842.164599999785423 ], [ -10997455.5967, 2218864.024500001221895 ], [ -10997453.8466, 2218942.482500001788139 ], [ -10997434.9447, 2218961.6754 ], [ -10997394.4844, 2218969.631099998950958 ], [ -10997372.8817, 2218985.885000001639128 ], [ -10997346.4746, 2219119.966400001198053 ], [ -10997495.3945, 2219246.510099999606609 ], [ -10997716.2269, 2219483.011100001633167 ], [ -10997880.9362, 2219721.752099998295307 ], [ -10997803.3687, 2219975.629799999296665 ], [ -10998018.2109, 2220019.805300001055002 ], [ -10998058.8181, 2220018.1349 ], [ -10998105.0768, 2220048.116099998354912 ], [ -10998121.8661, 2220075.774399999529123 ], [ -10998120.2907, 2220100.518100000917912 ], [ -10998252.8211, 2220119.497299998998642 ], [ -10998258.8793, 2220134.638700000941753 ], [ -10999236.3368, 2220081.248599998652935 ], [ -10999299.6932, 2220069.142499998211861 ], [ -10999661.1442, 2219940.990499999374151 ], [ -10999880.2926, 2219894.530299998819828 ], [ -10999887.0972, 2219916.541000001132488 ], [ -11000584.9178, 2220024.5929000005126 ], [ -11000806.0741, 2220084.1996 ], [ -11000867.6539, 2220310.180799998342991 ], [ -11001439.4661, 2220443.586599998176098 ], [ -11001439.589, 2220377.828299999237061 ], [ -11001518.0633, 2220395.36769999936223 ], [ -11002240.7239, 2220619.317299999296665 ], [ -11002426.2268, 2219994.027199998497963 ], [ -11002673.7464, 2220093.513000000268221 ], [ -11002913.8941, 2220214.1754 ], [ -11002997.4994, 2220357.68189999833703 ], [ -11002997.5997, 2220387.483399998396635 ], [ -11002981.2826, 2220413.102699998766184 ], [ -11003327.6017, 2220514.427999999374151 ], [ -11003374.7373, 2220313.124400001019239 ], [ -11003452.273, 2220329.407800000160933 ], [ -11003562.5052, 2220181.438700001686811 ], [ -11003589.8126, 2219756.401399999856949 ], [ -11004894.5507, 2220278.497400000691414 ], [ -11004894.5251, 2220294.058899998664856 ], [ -11004932.701, 2220318.407299999147654 ], [ -11005268.7557, 2220332.226300001144409 ], [ -11005509.641, 2220368.875 ], [ -11005528.0179, 2220349.942400000989437 ], [ -11005579.4348, 2220044.167300000786781 ], [ -11005578.2828, 2219866.122999999672174 ], [ -11005720.0125, 2219741.627300001680851 ], [ -11005795.3948, 2219379.226500000804663 ], [ -11005707.3377, 2219275.876200001686811 ], [ -11005731.454, 2219213.336599998176098 ], [ -11005822.8884, 2219162.53319999948144 ], [ -11005875.282, 2219148.167700000107288 ], [ -11005947.4488, 2219151.271299999207258 ], [ -11006000.2925, 2219111.046799998730421 ], [ -11006130.9007, 2219057.73200000077486 ], [ -11006142.3414, 2219040.701099999248981 ], [ -11006400.6461, 2218963.882399998605251 ], [ -11006507.3807, 2218964.404199998825788 ], [ -11006539.6545, 2218947.123599998652935 ], [ -11006632.6408, 2218834.804299999028444 ], [ -11006740.142, 2218773.407200001180172 ], [ -11006817.2118, 2218745.122499998658895 ], [ -11006935.4433, 2218772.542500000447035 ], [ -11007128.1396, 2218774.14299999922514 ], [ -11007515.8954, 2218821.761 ], [ -11007570.6099, 2218136.075300000607967 ], [ -11008008.7217, 2218180.119600001722574 ], [ -11008033.886, 2218191.86540000140667 ], [ -11008084.2367, 2218187.660300001502037 ], [ -11008865.5707, 2218269.470100000500679 ], [ -11010645.5059, 2218297.872099999338388 ], [ -11010943.3522, 2218948.126499999314547 ], [ -11010955.4629, 2218950.606100000441074 ], [ -11011078.2269, 2218738.0504 ], [ -11011079.5305, 2218698.638700000941753 ], [ -11011102.5358, 2218688.28999999910593 ], [ -11011092.9389, 2218640.627599999308586 ], [ -11011117.3446, 2218589.379099998623133 ], [ -11011149.1141, 2218095.129099998623133 ], [ -11011186.8849, 2216648.9496 ], [ -11011205.9226, 2216577.373799998313189 ], [ -11011219.93, 2216563.34010000154376 ], [ -11011542.1487, 2216465.682399999350309 ], [ -11012126.8755, 2216267.091499999165535 ], [ -11012237.7308, 2216216.615800000727177 ], [ -11013014.8932, 2216022.870900001376867 ], [ -11015462.7144, 2215382.614199999719858 ], [ -11022249.227, 2212753.990200001746416 ], [ -11022253.8045, 2212395.421599999070168 ], [ -11022428.8354, 2212340.431200001388788 ], [ -11023552.107, 2212229.332600001245737 ], [ -11023664.6888, 2212190.734900001436472 ], [ -11023731.3247, 2212154.1706000007689 ], [ -11023846.775, 2212054.972800001502037 ], [ -11023826.7187, 2209202.562100000679493 ], [ -11023628.6625, 2206183.446600001305342 ], [ -11019635.0825, 2205018.80970000103116 ], [ -11019630.5117, 2204993.912900000810623 ], [ -11019591.4898, 2204988.497400000691414 ], [ -11019566.6588, 2205155.316799998283386 ], [ -11019582.0276, 2205156.1974 ], [ -11019580.0751, 2205453.826200000941753 ], [ -11019558.724, 2205576.72859999909997 ], [ -11018358.3492, 2206295.835299998521805 ], [ -11018311.7108, 2206308.177000001072884 ], [ -11018278.6133, 2206385.190600000321865 ], [ -11018275.6622, 2206448.442600000649691 ], [ -11018069.8002, 2207320.836100000888109 ], [ -11018018.1424, 2207528.609700001776218 ], [ -11017998.3654, 2207558.446699999272823 ], [ -11018216.1544, 2208188.833799999207258 ], [ -11015177.682, 2209370.996199999004602 ], [ -11013978.2355, 2209589.843299999833107 ], [ -11012339.8519, 2207094.727699998766184 ], [ -11012214.0989, 2205371.2685999982059 ], [ -11011177.1967, 2205137.805700000375509 ], [ -11011180.369, 2205104.5929000005126 ], [ -11011117.8913, 2205088.3614999987185 ], [ -11011038.0029, 2204994.460799999535084 ], [ -11010858.5402, 2204940.528599999845028 ], [ -11010696.0471, 2205158.473099999129772 ], [ -11010520.622, 2205130.443900000303984 ], [ -11010097.7919, 2205094.104200001806021 ], [ -11009986.8341, 2205075.103300001472235 ], [ -11009994.9636, 2205002.965300001204014 ], [ -11009771.0213, 2204960.268300000578165 ], [ -11009753.8624, 2205050.24439999833703 ], [ -11009528.458, 2205042.380800001323223 ], [ -11009389.331, 2205086.598000001162291 ], [ -11008708.7872, 2205830.745700001716614 ], [ -11008288.0484, 2205766.5669 ], [ -11008299.0268, 2205667.899599999189377 ], [ -11008083.9899, 2205647.063999999314547 ], [ -11008031.0697, 2205821.5489999987185 ], [ -11008059.2191, 2205825.704199999570847 ], [ -11007871.709, 2206336.113000001758337 ], [ -11007602.6344, 2206278.344500001519918 ], [ -11007511.5283, 2206327.974599998444319 ], [ -11007484.2194, 2206332.789700001478195 ], [ -11007281.4309, 2206290.0581 ], [ -11006918.6582, 2206193.020799998193979 ], [ -11006897.4142, 2206103.727899998426437 ], [ -11006863.01, 2206093.191199999302626 ], [ -11006894.7794, 2206004.698800001293421 ], [ -11006784.8213, 2205998.175599999725819 ], [ -11006820.6227, 2205902.805500000715256 ], [ -11006717.6544, 2205894.950899999588728 ], [ -11006782.4712, 2205712.450300000607967 ], [ -11006601.5047, 2205695.626600001007318 ], [ -11006607.2421, 2205482.390000000596046 ], [ -11006591.879, 2205450.346599999815226 ], [ -11006590.7636, 2205395.201299998909235 ], [ -11006407.2854, 2205347.5608000010252 ], [ -11006295.435, 2205361.260000001639128 ], [ -11006103.7731, 2205248.145500000566244 ], [ -11005996.8608, 2205159.438700001686811 ], [ -11005820.3679, 2205065.118700001388788 ], [ -11005729.841, 2205078.799199998378754 ], [ -11005374.163, 2204906.8257 ], [ -11005311.1993, 2204840.093299999833107 ], [ -11004994.5078, 2204602.958999998867512 ], [ -11004914.0729, 2204492.477600000798702 ], [ -11004908.0171, 2204429.9199 ], [ -11004726.0562, 2204281.657499998807907 ], [ -11004356.3622, 2204259.777399998158216 ], [ -11004258.3052, 2204281.592500001192093 ], [ -11004071.4732, 2204281.02589999884367 ], [ -11003982.1526, 2204204.156500000506639 ], [ -11003670.6396, 2204053.350499998778105 ], [ -11003485.9026, 2203982.135800000280142 ], [ -11003371.5619, 2204002.629700001329184 ], [ -11003266.6366, 2204055.215399999171495 ], [ -11003236.7472, 2204037.412500001490116 ], [ -11003195.5447, 2204067.51799999922514 ], [ -11003112.871, 2204047.879599999636412 ], [ -11003050.2505, 2204061.714400000870228 ], [ -11003011.774, 2204007.480900000780821 ], [ -11002991.9469, 2204017.405000001192093 ], [ -11002744.5949, 2204004.639800000935793 ], [ -11002717.3886, 2204018.6385000012815 ], [ -11002525.427, 2204194.503699999302626 ], [ -11002388.9292, 2204268.190999999642372 ], [ -11002292.571, 2204269.239100001752377 ], [ -11002149.8952, 2204194.592399999499321 ], [ -11002012.5613, 2204203.54280000180006 ], [ -11001914.9476, 2204243.431099999696016 ], [ -11001821.015, 2204214.260299999266863 ], [ -11001749.6915, 2204152.055399999022484 ], [ -11001443.5506, 2204037.605000000447035 ], [ -11001392.0821, 2203980.290899999439716 ], [ -11001345.24, 2203843.949099998921156 ], [ -11001029.0247, 2203562.281500000506639 ], [ -11000941.1403, 2203547.098099999129772 ], [ -11000776.1648, 2203539.0121 ], [ -11000459.5566, 2203459.950300000607967 ], [ -11000289.4159, 2203333.627900000661612 ], [ -10999833.489, 2203217.842700000852346 ], [ -10999655.0081, 2203152.484400000423193 ], [ -10999544.0705, 2203065.048799999058247 ], [ -10999413.6931, 2203031.645100001245737 ], [ -10999361.7172, 2203031.715900000184774 ], [ -10999201.3881, 2202950.386799998581409 ], [ -10999102.2692, 2202954.830299999564886 ], [ -10998800.8059, 2202774.271800000220537 ], [ -10998503.7432, 2202680.333799999207258 ], [ -10998278.0207, 2202680.101199999451637 ], [ -10998267.5819, 2202723.378800000995398 ], [ -10998226.887, 2202738.265099998563528 ], [ -10998046.1755, 2202856.714499998837709 ], [ -10997921.875, 2202960.8293999992311 ], [ -10997679.3477, 2203033.869800001382828 ], [ -10997554.5807, 2203045.986400000751019 ], [ -10997406.1863, 2203009.539900001138449 ], [ -10997363.118, 2203010.02140000090003 ], [ -10997200.4557, 2203101.01969999819994 ], [ -10996978.2797, 2203114.343899998813868 ], [ -10996800.0228, 2203159.454799998551607 ], [ -10996706.235, 2203146.804699998348951 ], [ -10996565.7788, 2203097.030499998480082 ], [ -10996337.585, 2203047.942099999636412 ], [ -10996227.1949, 2203043.535000000149012 ], [ -10996055.9065, 2203085.97859999909997 ], [ -10995981.1244, 2203086.9510000012815 ], [ -10995915.8277, 2203074.065999999642372 ], [ -10995732.2184, 2202958.421700000762939 ], [ -10995201.7062, 2202360.494899999350309 ], [ -10995108.465, 2202291.976399999111891 ], [ -10994958.2651, 2202256.844799999147654 ], [ -10994651.9542, 2202154.038899999111891 ], [ -10994517.9321, 2202137.590300001204014 ], [ -10994263.2799, 2202034.848900001496077 ], [ -10993888.5795, 2201834.344700001180172 ], [ -10993531.1349, 2201755.982599999755621 ], [ -10993459.5663, 2201707.353100001811981 ], [ -10993250.7211, 2201607.065200001001358 ], [ -10993034.8279, 2201523.030000001192093 ], [ -10992830.8061, 2201477.1402000002563 ] ] ] ] } },
{ "type": "Feature", "properties": { "OBJECTID": 764, "ID": "15100", "NAME": "Tezoyuca", "TOTPOP_CY": 48203, "AREA": 16.3, "Shape__Area": 18463246.609558716, "Shape__Length": 26928.747128715004, "metro_only_count": 1.0, "bus_only_count": 157.0, "bus_metro_count": 49.0, "n_cat": "3", "label_range": "0 – 1" }, "geometry": { "type": "MultiPolygon", "coordinates": [ [ [ [ -11010708.7666, 2222980.890999998897314 ], [ -11010702.3099, 2223643.211599998176098 ], [ -11009750.0418, 2223400.651200000196695 ], [ -11009759.492, 2224025.522399999201298 ], [ -11009687.7609, 2224019.165699999779463 ], [ -11009661.2446, 2224166.538600001484156 ], [ -11009743.9103, 2224169.636599998921156 ], [ -11009740.0165, 2224217.064800001680851 ], [ -11009729.2675, 2224215.711899999529123 ], [ -11009715.8101, 2224286.312100000679493 ], [ -11009695.1013, 2224282.958799999207258 ], [ -11009636.004, 2224531.128899998962879 ], [ -11009616.0333, 2224527.017099998891354 ], [ -11009601.0553, 2224610.181099999696016 ], [ -11009619.4252, 2224613.388000000268221 ], [ -11009611.3768, 2224673.160300001502037 ], [ -11009637.2241, 2224677.124600000679493 ], [ -11009637.3387, 2224689.175700001418591 ], [ -11009616.2036, 2224691.633400000631809 ], [ -11009609.6202, 2224721.044700000435114 ], [ -11009596.7873, 2224716.896099999547005 ], [ -11009583.0861, 2224765.639600001275539 ], [ -11009568.1848, 2224771.945799998939037 ], [ -11009548.8119, 2224883.567699998617172 ], [ -11009605.4357, 2224896.338500000536442 ], [ -11009591.4885, 2224987.900800000876188 ], [ -11009604.7166, 2225038.997600000351667 ], [ -11009479.4465, 2225098.11540000140667 ], [ -11009473.6, 2225125.393300000578165 ], [ -11009525.6063, 2225136.102400001138449 ], [ -11009534.0699, 2225185.226300001144409 ], [ -11009492.6356, 2225246.069699998944998 ], [ -11009474.4906, 2225370.505800001323223 ], [ -11009530.6602, 2225377.223400000482798 ], [ -11009509.8568, 2225506.574799999594688 ], [ -11009562.8248, 2225518.6371 ], [ -11009474.0642, 2225750.881499998271465 ], [ -11009624.1961, 2225884.912599999457598 ], [ -11009725.142, 2226003.287099998444319 ], [ -11009628.9742, 2226294.961599998176098 ], [ -11009720.8679, 2226416.272399999201298 ], [ -11010171.0332, 2226882.990600001066923 ], [ -11010341.4734, 2227087.646000001579523 ], [ -11010454.2769, 2226640.470199998468161 ], [ -11010706.8362, 2226761.623100001364946 ], [ -11010888.8982, 2226412.781100001186132 ], [ -11011415.9348, 2226655.352899998426437 ], [ -11012010.2705, 2226897.846099998801947 ], [ -11012138.061, 2226375.790100000798702 ], [ -11012233.0954, 2225929.374400001019239 ], [ -11012950.6007, 2225914.424899999052286 ], [ -11013756.4749, 2225925.176899999380112 ], [ -11013659.3797, 2226719.291299998760223 ], [ -11013769.3568, 2226759.797400001436472 ], [ -11013831.8226, 2226814.653200000524521 ], [ -11013862.5957, 2226857.473799999803305 ], [ -11013912.0961, 2226861.146200001239777 ], [ -11014894.5809, 2226902.903999999165535 ], [ -11015091.9849, 2226901.47410000115633 ], [ -11017235.6665, 2226733.0702 ], [ -11017232.4239, 2226715.103100001811981 ], [ -11017516.4555, 2226180.907800000160933 ], [ -11017594.8577, 2226191.573699999600649 ], [ -11017576.088, 2225290.1415 ], [ -11017156.0798, 2225105.582600001245737 ], [ -11016984.9663, 2225052.191799998283386 ], [ -11016977.0078, 2225081.572700001299381 ], [ -11016915.998, 2225105.357700001448393 ], [ -11016902.5174, 2225124.287300001829863 ], [ -11016880.6431, 2225114.469099998474121 ], [ -11016780.3696, 2225133.915300000458956 ], [ -11016775.3739, 2225107.633900001645088 ], [ -11014929.0933, 2225000.395399998873472 ], [ -11014961.8357, 2224831.120700001716614 ], [ -11014888.9516, 2224813.036400001496077 ], [ -11014825.1709, 2224745.778000000864267 ], [ -11014902.1917, 2224656.014199998229742 ], [ -11014941.4741, 2224527.531199999153614 ], [ -11014306.578, 2224390.496599998325109 ], [ -11014205.5098, 2224379.848000001162291 ], [ -11014136.198, 2224374.259500000625849 ], [ -11014093.006, 2224481.491799999028444 ], [ -11013827.4522, 2224956.533700000494719 ], [ -11013711.0822, 2224970.041900001466274 ], [ -11013630.2252, 2224886.087000001221895 ], [ -11013601.1453, 2224945.368500001728535 ], [ -11012947.6105, 2223928.807500001043081 ], [ -11012646.7509, 2224224.613899998366833 ], [ -11012717.8061, 2223938.87779999896884 ], [ -11012499.2939, 2223973.841099999845028 ], [ -11012304.5449, 2223797.069499999284744 ], [ -11012368.4934, 2223410.888999998569489 ], [ -11011845.0535, 2223313.028599999845028 ], [ -11011427.6989, 2223186.557399999350309 ], [ -11011397.9645, 2223218.747400000691414 ], [ -11010852.0124, 2223019.991500001400709 ], [ -11010708.7666, 2222980.890999998897314 ] ] ] ] } },
{ "type": "Feature", "properties": { "OBJECTID": 767, "ID": "15103", "NAME": "Tlalmanalco", "TOTPOP_CY": 50406, "AREA": 160.17, "Shape__Area": 180555292.33411929, "Shape__Length": 93233.07303416371, "metro_only_count": 2.0, "bus_only_count": 301.0, "bus_metro_count": 43.0, "n_cat": "4", "label_range": "2 – 12" }, "geometry": { "type": "MultiPolygon", "coordinates": [ [ [ [ -10984415.6528, 2185033.956500001251698 ], [ -10984446.1041, 2185144.823699999600649 ], [ -10985329.0257, 2186134.104899998754263 ], [ -10985922.0158, 2185812.633900001645088 ], [ -10986310.9027, 2185633.231300000101328 ], [ -10986610.5546, 2185480.839699998497963 ], [ -10986639.3965, 2185421.213100001215935 ], [ -10986860.006, 2185263.883499998599291 ], [ -10987324.4788, 2185008.405299998819828 ], [ -10987458.7713, 2184954.022700000554323 ], [ -10987694.261, 2184953.362300001084805 ], [ -10987774.6893, 2184880.237100001424551 ], [ -10987857.4643, 2184871.854499999433756 ], [ -10988118.8593, 2184898.137899998575449 ], [ -10988198.3314, 2184843.924100000411272 ], [ -10988260.1036, 2184841.097699999809265 ], [ -10988315.0408, 2184851.847899999469519 ], [ -10988426.288, 2184837.914000000804663 ], [ -10988513.7151, 2184770.1261 ], [ -10988569.6097, 2184759.031399998813868 ], [ -10988849.9801, 2184847.677400000393391 ], [ -10988896.1955, 2184842.159000001847744 ], [ -10988978.1232, 2184820.714999999850988 ], [ -10989244.7779, 2184713.257100000977516 ], [ -10989472.503, 2184638.499899998307228 ], [ -10989638.7509, 2184633.706700000911951 ], [ -10989741.5412, 2184606.9662000015378 ], [ -10989882.9693, 2184469.462000001221895 ], [ -10989968.1142, 2184421.111999999731779 ], [ -10990038.6529, 2184404.972300000488758 ], [ -10990542.496, 2184420.421 ], [ -10990749.1973, 2184372.522900000214577 ], [ -10991114.834, 2184243.883600000292063 ], [ -10991216.5544, 2184222.460400000214577 ], [ -10991316.5739, 2184225.543699998408556 ], [ -10991402.1307, 2184209.689399998635054 ], [ -10991534.9928, 2184215.484900001436472 ], [ -10991709.7955, 2184197.101300001144409 ], [ -10992102.2702, 2184092.99210000038147 ], [ -10992339.3239, 2183964.138000000268221 ], [ -10992533.5453, 2183794.195700000971556 ], [ -10992565.8747, 2183778.259199999272823 ], [ -10992632.632, 2183759.441300000995398 ], [ -10992762.7934, 2183748.974599998444319 ], [ -10993028.1778, 2183668.906700000166893 ], [ -10993433.1236, 2183670.282699998468161 ], [ -10993626.9631, 2183622.07149999961257 ], [ -10993792.6021, 2183614.578499998897314 ], [ -10993957.8337, 2183571.91950000077486 ], [ -10994174.6675, 2183553.570999998599291 ], [ -10994312.4041, 2183524.457299999892712 ], [ -10994419.9809, 2183521.940000001341105 ], [ -10994527.9798, 2183552.188999999314547 ], [ -10994647.6105, 2183610.853700000792742 ], [ -10994841.5246, 2183592.660500001162291 ], [ -10994957.5895, 2183523.456399999558926 ], [ -10995146.4063, 2183327.13289999961853 ], [ -10995210.5453, 2183314.877900000661612 ], [ -10995245.177, 2183349.810899998992682 ], [ -10995247.9855, 2183421.675900001078844 ], [ -10995270.9329, 2183466.545099999755621 ], [ -10995744.8867, 2183340.937399998307228 ], [ -10995965.3135, 2183318.8761 ], [ -10996059.4142, 2183316.673599999397993 ], [ -10996086.5595, 2183335.419399999082088 ], [ -10996179.8943, 2183327.258099999278784 ], [ -10996344.5202, 2183400.075300000607967 ], [ -10996412.6945, 2183447.289900001138449 ], [ -10996454.8791, 2183458.489700000733137 ], [ -10996625.1567, 2183466.982500001788139 ], [ -10996786.5857, 2183444.411699999123812 ], [ -10996961.4862, 2183406.513000000268221 ], [ -10997030.0736, 2183376.100499998778105 ], [ -10997096.0046, 2183336.137499999254942 ], [ -10996855.5611, 2183150.636500000953674 ], [ -10996913.7847, 2182967.595100000500679 ], [ -10997003.4292, 2182848.130100000649691 ], [ -10996867.6572, 2182880.985800001770258 ], [ -10996801.6425, 2182877.642099998891354 ], [ -10996770.9363, 2182895.782600000500679 ], [ -10996727.4681, 2182896.017099998891354 ], [ -10996672.4963, 2182878.952100001275539 ], [ -10996552.3781, 2182902.926399998366833 ], [ -10996466.5964, 2182893.666299998760223 ], [ -10996358.2982, 2182917.248199999332428 ], [ -10996277.0605, 2182906.884399998933077 ], [ -10996270.2433, 2182922.400499999523163 ], [ -10996128.7786, 2182931.193599998950958 ], [ -10996099.0819, 2182945.880899999290705 ], [ -10996033.5436, 2182935.046700000762939 ], [ -10995965.0976, 2182962.151500001549721 ], [ -10995926.2351, 2182945.978700000792742 ], [ -10995846.0372, 2182935.071600001305342 ], [ -10995819.1034, 2182917.914200000464916 ], [ -10995760.6549, 2182912.895100001245737 ], [ -10995703.9433, 2182708.206999998539686 ], [ -10995727.4542, 2182593.4276 ], [ -10995944.0739, 2182351.227200001478195 ], [ -10996119.056, 2182265.422400001436472 ], [ -10996037.9307, 2182090.268800001591444 ], [ -10996148.4453, 2182014.119800001382828 ], [ -10996376.2174, 2181761.888999998569489 ], [ -10996434.7325, 2181677.258400000631809 ], [ -10996478.756, 2181679.773499999195337 ], [ -10996467.921, 2181587.352800000458956 ], [ -10996494.8158, 2181198.847800001502037 ], [ -10996415.3795, 2181125.114500001072884 ], [ -10996293.6062, 2181117.257100000977516 ], [ -10996150.4136, 2181054.5456000007689 ], [ -10996068.3455, 2180979.136300001293421 ], [ -10996086.2201, 2180898.71339999884367 ], [ -10996189.9455, 2180794.993200000375509 ], [ -10996353.6383, 2180724.306499999016523 ], [ -10996423.0895, 2180665.571699999272823 ], [ -10996547.6326, 2180624.027399998158216 ], [ -10996590.73, 2180620.182900000363588 ], [ -10996868.0168, 2180519.239399999380112 ], [ -10997276.6318, 2180303.494100000709295 ], [ -10997277.2585, 2180323.977000001817942 ], [ -10997376.5054, 2180273.174800001084805 ], [ -10997375.1161, 2180334.347699999809265 ], [ -10997388.1849, 2180370.496800001710653 ], [ -10997324.774, 2180995.421799998730421 ], [ -10997401.4718, 2181031.781899999827147 ], [ -10997690.0052, 2181131.18129999935627 ], [ -10997768.6684, 2180971.940000001341105 ], [ -10997816.5121, 2180968.530600000172853 ], [ -10997838.1763, 2180917.147999998182058 ], [ -10997906.7597, 2180833.386799998581409 ], [ -10997995.4505, 2180752.337200000882149 ], [ -10998020.7714, 2180749.431099999696016 ], [ -10998103.565, 2180698.802299998700619 ], [ -10998151.7876, 2180700.011700000613928 ], [ -10998222.893, 2180644.030699998140335 ], [ -10998309.8179, 2180534.7971 ], [ -10998373.3469, 2180431.844099998474121 ], [ -10998373.6519, 2180326.989799998700619 ], [ -10998386.6282, 2180306.960099998861551 ], [ -10998405.3267, 2180211.842399999499321 ], [ -10998498.2841, 2180214.665199998766184 ], [ -10998541.2944, 2180233.3268 ], [ -10998597.757, 2180297.2533 ], [ -10998617.6219, 2180375.972600001841784 ], [ -10998659.3255, 2180408.567299999296665 ], [ -10998694.5927, 2180481.853700000792742 ], [ -10998703.5761, 2180527.67680000141263 ], [ -10998674.986, 2180552.14809999987483 ], [ -10998579.8661, 2180573.85190000012517 ], [ -10998232.0301, 2180937.505300000309944 ], [ -10998065.4304, 2182252.587900001555681 ], [ -10998083.1325, 2182255.909099999815226 ], [ -10998190.5904, 2182339.967599999159575 ], [ -10998232.6358, 2182350.716699998825788 ], [ -10998310.2109, 2182349.976300001144409 ], [ -10998314.3653, 2182328.8935999982059 ], [ -10998404.3048, 2182365.799699999392033 ], [ -10998481.0842, 2182362.952300000935793 ], [ -10998485.047, 2182318.534800000488758 ], [ -10998455.3948, 2182296.1765 ], [ -10998460.1539, 2182290.589200001209974 ], [ -10998484.6442, 2182292.809300001710653 ], [ -10998515.268, 2182321.997499998658895 ], [ -10998534.3995, 2182308.421399999409914 ], [ -10998534.7378, 2182326.755899999290705 ], [ -10998563.1098, 2182334.832100000232458 ], [ -10998599.2642, 2182323.303800001740456 ], [ -10998608.6239, 2182305.950399998575449 ], [ -10998628.0103, 2182326.32209999859333 ], [ -10998712.7745, 2182316.8301 ], [ -10998727.4309, 2182337.569699998944998 ], [ -10998770.0885, 2182318.6787 ], [ -10998885.5322, 2182329.138799998909235 ], [ -10998999.9788, 2181969.49210000038147 ], [ -10999062.4111, 2181599.767099998891354 ], [ -10999051.2249, 2181505.109400000423193 ], [ -10999046.2474, 2181218.27309999987483 ], [ -10999011.7198, 2181124.326200000941753 ], [ -10999035.1368, 2181085.250500001013279 ], [ -10999150.357, 2180967.178800001740456 ], [ -10999204.6931, 2180875.454599998891354 ], [ -10999266.6568, 2180799.823399998247623 ], [ -10999284.8609, 2180768.263099998235703 ], [ -10999287.7017, 2180717.155200000852346 ], [ -10999253.9773, 2180571.26630000025034 ], [ -10999233.3779, 2180561.09010000154376 ], [ -10999086.2991, 2180550.9879 ], [ -10998965.0844, 2180566.587000001221895 ], [ -10998895.895, 2180558.214800000190735 ], [ -10998883.8719, 2180529.53489999845624 ], [ -10998997.5965, 2180541.881299998611212 ], [ -10998999.7539, 2180477.684500001370907 ], [ -10998946.6444, 2180446.779599998146296 ], [ -10998885.4511, 2180476.853999998420477 ], [ -10998878.4363, 2180358.903200000524521 ], [ -10999105.0934, 2180371.496300000697374 ], [ -10999191.2, 2180337.021299999207258 ], [ -10999221.7761, 2180354.355799999088049 ], [ -10999321.6185, 2180368.094099998474121 ], [ -10999608.7449, 2180510.216400001198053 ], [ -10999618.9184, 2180430.91499999910593 ], [ -10999604.7842, 2180396.2434 ], [ -10999520.6868, 2180317.44029999896884 ], [ -10999377.5109, 2179953.484400000423193 ], [ -10999418.3888, 2179941.500399999320507 ], [ -10999404.1129, 2179914.595400001853704 ], [ -10999490.2276, 2179907.5636 ], [ -10999571.3818, 2179837.475499998778105 ], [ -10999594.584, 2179720.491900000721216 ], [ -10999948.8438, 2179807.469099998474121 ], [ -11000223.1318, 2179832.839099999517202 ], [ -11000403.1396, 2179773.111699998378754 ], [ -11000452.1056, 2179745.070500001311302 ], [ -11000466.6064, 2179753.149300001561642 ], [ -11000528.7526, 2179749.474899999797344 ], [ -11000633.6021, 2179111.738400001078844 ], [ -11000859.4829, 2179098.941599998623133 ], [ -11001384.9544, 2179236.901599999517202 ], [ -11002063.2172, 2179761.636999998241663 ], [ -11001955.2219, 2179958.072599999606609 ], [ -11002721.6866, 2180139.470100000500679 ], [ -11002883.712, 2179169.518800001591444 ], [ -11003231.965, 2179182.355799999088049 ], [ -11003366.045, 2178328.443500000983477 ], [ -11003732.5421, 2177678.2787000015378 ], [ -11003786.6478, 2177412.823699999600649 ], [ -11003764.4475, 2177309.08219999819994 ], [ -11003770.3095, 2177291.276900000870228 ], [ -11003738.9842, 2177039.740499999374151 ], [ -11003789.0524, 2176912.857999999076128 ], [ -11003665.5391, 2176833.421900000423193 ], [ -11003616.3946, 2176755.705899998545647 ], [ -11003584.8878, 2176680.0471 ], [ -11003582.293, 2176573.352400001138449 ], [ -11003691.0899, 2176500.592000000178814 ], [ -11003749.858, 2176407.120299998670816 ], [ -11004112.0971, 2176476.807199999690056 ], [ -11004238.881, 2176483.150499999523163 ], [ -11004427.0231, 2176383.340300001204014 ], [ -11004459.0622, 2176242.794599998742342 ], [ -11004287.8593, 2176208.415300000458956 ], [ -11004297.591, 2176143.1831 ], [ -11004502.6838, 2176193.342999998480082 ], [ -11004546.7853, 2175881.424400001764297 ], [ -11004549.7875, 2175846.3904 ], [ -11004537.0102, 2175814.200500000268221 ], [ -11004500.6289, 2175761.719900000840425 ], [ -11004458.639, 2175731.918000001460314 ], [ -11004410.6181, 2175735.096599999815226 ], [ -11004386.5932, 2175753.578200001269579 ], [ -11004326.7222, 2175761.562100000679493 ], [ -11004278.3049, 2175796.649999998509884 ], [ -11004225.1632, 2175809.066500000655651 ], [ -11004167.6553, 2175804.356800001114607 ], [ -11004006.4783, 2175819.054000001400709 ], [ -11003952.7644, 2175811.886900000274181 ], [ -11003942.3069, 2175796.9222999997437 ], [ -11003630.6737, 2175791.841299999505281 ], [ -11003692.0441, 2175573.588500000536442 ], [ -11003504.1351, 2175521.606699999421835 ], [ -11003417.3789, 2175533.434300001710653 ], [ -11003298.3785, 2175430.967500001192093 ], [ -11003076.7244, 2175361.597800001502037 ], [ -11002560.1487, 2175261.340399999171495 ], [ -11002110.2265, 2175129.497400000691414 ], [ -11002040.0038, 2175092.119300000369549 ], [ -11001820.3915, 2175021.908100001513958 ], [ -11001599.9914, 2174989.003100000321865 ], [ -11001364.6908, 2174822.55970000103116 ], [ -11001305.0725, 2174737.601399999111891 ], [ -11001197.6493, 2174709.331900000572205 ], [ -11000951.021, 2174697.270799998193979 ], [ -11000560.2293, 2174875.581199999898672 ], [ -10999669.0736, 2174848.507599998265505 ], [ -10999310.7908, 2174950.886599998921156 ], [ -10999236.6061, 2174873.5962999984622 ], [ -10999191.0042, 2174874.22690000012517 ], [ -10999177.7627, 2174883.058899998664856 ], [ -10999149.856, 2175093.207100000232458 ], [ -10999104.6738, 2175106.469700001180172 ], [ -10998919.2342, 2175106.529500000178814 ], [ -10998727.2404, 2175219.747900001704693 ], [ -10998580.9188, 2175352.189300000667572 ], [ -10998554.5649, 2175363.0760000012815 ], [ -10998317.5113, 2175387.035199999809265 ], [ -10998188.4631, 2175419.373700000345707 ], [ -10997870.1404, 2175532.703600000590086 ], [ -10997609.3223, 2175640.506400000303984 ], [ -10997479.2189, 2175675.500100001692772 ], [ -10997219.536, 2175715.929200001060963 ], [ -10997066.9202, 2175104.623799998313189 ], [ -10996596.6734, 2175020.431699998676777 ], [ -10996322.3888, 2174281.007399998605251 ], [ -10996257.6744, 2174045.090900000184774 ], [ -10996201.5092, 2174027.810699999332428 ], [ -10996167.6225, 2174035.756000000983477 ], [ -10996106.8041, 2174125.1435999982059 ], [ -10995789.853, 2173856.965599998831749 ], [ -10995850.6402, 2173774.672499999403954 ], [ -10995827.2087, 2173710.036899998784065 ], [ -10996021.7737, 2173452.480700001120567 ], [ -10995815.2517, 2172838.614500001072884 ], [ -10995812.6858, 2172774.370799999684095 ], [ -10995710.7873, 2172496.779500000178814 ], [ -10994959.1414, 2172893.546599999070168 ], [ -10995023.0775, 2172942.100000001490116 ], [ -10994873.7705, 2173153.024999998509884 ], [ -10994923.7496, 2173185.5735 ], [ -10994857.2407, 2173293.583799999207258 ], [ -10994814.2644, 2173226.163800001144409 ], [ -10994679.657, 2173393.724700000137091 ], [ -10994699.4819, 2173412.656599998474121 ], [ -10994598.1388, 2173549.374600000679493 ], [ -10994650.6963, 2173596.514600001275539 ], [ -10994630.9754, 2173619.66950000077486 ], [ -10994583.6657, 2173645.284499999135733 ], [ -10994546.7752, 2173712.24379999935627 ], [ -10994519.203, 2173762.852000001817942 ], [ -10994521.7068, 2173821.670499999076128 ], [ -10994497.7164, 2173819.35190000012517 ], [ -10994497.6563, 2173874.076999999582767 ], [ -10994438.6815, 2173981.834300000220537 ], [ -10994414.965, 2174006.2972999997437 ], [ -10994361.1631, 2174014.211100000888109 ], [ -10994298.7197, 2174046.344900000840425 ], [ -10994158.4471, 2174191.799699999392033 ], [ -10993937.48, 2174499.302299998700619 ], [ -10993844.407, 2174677.576400000602007 ], [ -10993762.5505, 2174866.5168999992311 ], [ -10993701.0407, 2175088.240699999034405 ], [ -10993634.179, 2175158.177499998360872 ], [ -10993644.7887, 2175188.0152000002563 ], [ -10993702.7706, 2175223.245799999684095 ], [ -10993926.8456, 2175261.90260000154376 ], [ -10993808.1056, 2175377.835099998861551 ], [ -10993741.1314, 2175483.191399998962879 ], [ -10993733.9067, 2175539.898899998515844 ], [ -10993799.0031, 2175691.506400000303984 ], [ -10993804.2495, 2175726.663800001144409 ], [ -10993798.6713, 2175794.29280000180006 ], [ -10993760.7081, 2175875.45719999819994 ], [ -10993696.0626, 2175918.506799999624491 ], [ -10993658.3899, 2175926.443500000983477 ], [ -10993608.9928, 2175907.20160000026226 ], [ -10993543.8253, 2175944.921700000762939 ], [ -10993449.1037, 2175960.765900000929832 ], [ -10993328.745, 2175949.6787 ], [ -10993273.9913, 2175922.439800001680851 ], [ -10993243.226, 2175889.173799999058247 ], [ -10993147.6058, 2175957.509399998933077 ], [ -10992996.1724, 2175953.246199999004602 ], [ -10992831.8669, 2175851.041400000452995 ], [ -10992698.6154, 2175911.990299999713898 ], [ -10992530.0055, 2175901.925000000745058 ], [ -10992417.2166, 2175913.498799998313189 ], [ -10992241.5578, 2176041.283700000494719 ], [ -10992123.3163, 2176182.957100000232458 ], [ -10992072.4723, 2176197.646000001579523 ], [ -10991960.3736, 2176199.684099998325109 ], [ -10991889.4942, 2176231.189800001680851 ], [ -10991760.9747, 2176238.720100000500679 ], [ -10991702.9705, 2176219.726599998772144 ], [ -10991588.4227, 2176216.625500001013279 ], [ -10991472.1707, 2176248.67119999974966 ], [ -10991378.0514, 2176256.251899998635054 ], [ -10991227.0898, 2176225.9309 ], [ -10991106.8201, 2176022.833599999547005 ], [ -10990963.9884, 2175827.424400001764297 ], [ -10990616.9834, 2175426.1283 ], [ -10990550.7147, 2175317.648800000548363 ], [ -10990280.2273, 2175048.8147 ], [ -10989931.5501, 2175271.938299998641014 ], [ -10989635.624, 2175481.8279 ], [ -10989602.6735, 2175522.250799998641014 ], [ -10989522.3086, 2175584.164200000464916 ], [ -10989452.096, 2175667.931099999696016 ], [ -10989393.0721, 2175791.92509999871254 ], [ -10989332.6002, 2175867.453200001269579 ], [ -10989202.0501, 2175980.680700000375509 ], [ -10989118.1197, 2176029.630699999630451 ], [ -10989064.3391, 2176022.053399998694658 ], [ -10987247.684, 2175115.452500000596046 ], [ -10985297.952, 2176216.57490000128746 ], [ -10984965.4197, 2176386.753499999642372 ], [ -10984847.6836, 2176402.438700001686811 ], [ -10984704.8162, 2176466.744100000709295 ], [ -10984564.8564, 2176452.146499998867512 ], [ -10984417.9302, 2176477.605200000107288 ], [ -10984272.4513, 2176447.7621 ], [ -10984074.4105, 2176515.826200000941753 ], [ -10983868.1846, 2176298.274900000542402 ], [ -10983801.9139, 2176245.676399998366833 ], [ -10982566.0327, 2175562.914200000464916 ], [ -10980466.6115, 2174202.246300000697374 ], [ -10980880.7846, 2175631.075500000268221 ], [ -10981336.2997, 2176708.536400001496077 ], [ -10980875.5948, 2180933.386199999600649 ], [ -10980952.116, 2183062.750599998980761 ], [ -10980644.3088, 2183615.006400000303984 ], [ -10980374.8577, 2183761.199200000613928 ], [ -10980104.9402, 2184076.396099999547005 ], [ -10979892.5035, 2184215.376299999654293 ], [ -10979741.2338, 2184366.78770000115037 ], [ -10979704.3548, 2184444.625100001692772 ], [ -10979700.0746, 2184538.940900001674891 ], [ -10979719.1259, 2184651.944299999624491 ], [ -10979696.8106, 2184785.615200001746416 ], [ -10979652.5176, 2184851.039000000804663 ], [ -10979469.347, 2184966.889800000935793 ], [ -10979425.1019, 2185009.064399998635054 ], [ -10979382.9374, 2185061.810600001364946 ], [ -10979328.037, 2185171.596700001507998 ], [ -10979296.4288, 2185205.342399999499321 ], [ -10979224.8515, 2185245.346799999475479 ], [ -10979165.8477, 2185306.511900000274181 ], [ -10979206.4449, 2185328.097899999469519 ], [ -10979271.6458, 2185413.276099998503923 ], [ -10979291.169, 2185511.794599998742342 ], [ -10979296.6784, 2185663.2665 ], [ -10979358.4795, 2185791.711300000548363 ], [ -10979478.8524, 2185873.528299998492002 ], [ -10979561.0109, 2185888.968800000846386 ], [ -10979588.2295, 2185956.136900000274181 ], [ -10979649.6848, 2186034.971200000494719 ], [ -10979688.6598, 2185861.052200000733137 ], [ -10980103.1557, 2185781.090300001204014 ], [ -10980956.7746, 2185670.942200001329184 ], [ -10981489.1567, 2185392.214499998837709 ], [ -10981872.6557, 2185101.221900001168251 ], [ -10982023.5438, 2185033.032000001519918 ], [ -10982991.3912, 2184022.998500000685453 ], [ -10983702.0514, 2184294.452399998903275 ], [ -10983732.3814, 2184292.762699998915195 ], [ -10984342.331, 2184817.8141999989748 ], [ -10984415.6528, 2185033.956500001251698 ] ] ] ] } },
{ "type": "Feature", "properties": { "OBJECTID": 768, "ID": "15104", "NAME": "Tlalnepantla de Baz", "TOTPOP_CY": 688755, "AREA": 80.35, "Shape__Area": 90932748.58968994, "Shape__Length": 79560.507743176408, "metro_only_count": 150.0, "bus_only_count": 2777.0, "bus_metro_count": 919.0, "n_cat": "5", "label_range": "13 – 267" }, "geometry": { "type": "MultiPolygon", "coordinates": [ [ [ [ -11044434.0303, 2213567.6787 ], [ -11044228.4847, 2214306.779399998486042 ], [ -11044159.9819, 2214743.933200001716614 ], [ -11044024.9567, 2215207.68189999833703 ], [ -11043892.0757, 2215389.7368 ], [ -11043552.39, 2215584.650600001215935 ], [ -11043413.5323, 2215679.72069999948144 ], [ -11041991.5706, 2215223.506299998611212 ], [ -11041947.0949, 2215141.592500001192093 ], [ -11041605.6471, 2215067.070900000631809 ], [ -11041248.337, 2214900.379900000989437 ], [ -11040967.714, 2214802.601199999451637 ], [ -11040922.1076, 2214774.335299998521805 ], [ -11040880.356, 2214776.699700001627207 ], [ -11040338.751, 2214623.773200001567602 ], [ -11040229.8217, 2214707.13740000128746 ], [ -11040170.3991, 2214772.707699999213219 ], [ -11040096.6101, 2214789.378899998962879 ], [ -11040003.6839, 2214831.046399999409914 ], [ -11039892.6301, 2214906.2412 ], [ -11039599.9793, 2214794.112300001084805 ], [ -11039407.9676, 2214691.168299999088049 ], [ -11039228.6431, 2214611.669399999082088 ], [ -11038126.9097, 2214228.620200000703335 ], [ -11038771.9047, 2216013.429299999028444 ], [ -11039549.7452, 2216496.95549999922514 ], [ -11040019.4724, 2216663.512600000947714 ], [ -11040069.3902, 2216734.3092 ], [ -11039706.1069, 2217103.230399999767542 ], [ -11040150.6802, 2217446.481699999421835 ], [ -11040238.9154, 2217302.251800000667572 ], [ -11040338.2302, 2217355.989199999719858 ], [ -11040252.8292, 2217511.203000001609325 ], [ -11040260.724, 2217519.921100001782179 ], [ -11040223.0946, 2217675.795299999415874 ], [ -11040105.3921, 2217657.140000000596046 ], [ -11039818.0304, 2217537.919300001114607 ], [ -11039294.8047, 2217346.810499999672174 ], [ -11038347.0484, 2217069.548300001770258 ], [ -11038310.3675, 2217110.995099999010563 ], [ -11038084.2754, 2217209.798300001770258 ], [ -11038284.7172, 2217300.402199998497963 ], [ -11037978.4249, 2217723.565200001001358 ], [ -11038275.2284, 2217898.443900000303984 ], [ -11038223.074, 2218060.026399999856949 ], [ -11037784.7958, 2218625.959199998527765 ], [ -11037448.2817, 2219188.888099998235703 ], [ -11038289.956, 2219599.334100000560284 ], [ -11038276.9027, 2219658.489199999719858 ], [ -11038371.7078, 2219677.290699999779463 ], [ -11038352.5743, 2219703.522399999201298 ], [ -11038404.8263, 2219705.54839999973774 ], [ -11038449.0559, 2219692.368700001388788 ], [ -11038540.8945, 2219710.441300000995398 ], [ -11038228.3115, 2220233.824299998581409 ], [ -11038170.086, 2220394.010099999606609 ], [ -11038191.4081, 2220500.745099999010563 ], [ -11038223.3032, 2220564.770300000905991 ], [ -11038228.7011, 2220666.184300001710653 ], [ -11038011.4367, 2220997.332899998873472 ], [ -11037799.3085, 2221141.65089999884367 ], [ -11037698.5043, 2221163.091899998486042 ], [ -11037640.1761, 2221211.186999998986721 ], [ -11037507.4544, 2221141.910700000822544 ], [ -11037427.7697, 2221040.559300001710653 ], [ -11037236.8891, 2221216.880100000649691 ], [ -11037215.6994, 2221259.60249999910593 ], [ -11036971.8262, 2221526.716099999845028 ], [ -11036881.7387, 2221676.260000001639128 ], [ -11036860.7918, 2222012.583000000566244 ], [ -11036744.248, 2222258.242600001394749 ], [ -11036599.1319, 2222437.789500001817942 ], [ -11037452.5707, 2222784.143699999898672 ], [ -11038087.1184, 2222818.022799998521805 ], [ -11038414.2574, 2222891.253600001335144 ], [ -11038905.7742, 2223321.580200001597404 ], [ -11038918.0996, 2223219.3158 ], [ -11039104.5942, 2223218.192299999296665 ], [ -11039726.0853, 2223147.318199999630451 ], [ -11039914.8866, 2223051.343699999153614 ], [ -11040203.636, 2222875.494899999350309 ], [ -11040338.5764, 2222816.947599999606609 ], [ -11040366.5509, 2222794.227600000798702 ], [ -11040348.6669, 2222786.054299999028444 ], [ -11040903.3991, 2222775.9824 ], [ -11040983.7698, 2222805.971900001168251 ], [ -11041035.1225, 2222844.642799999564886 ], [ -11041202.9444, 2222903.528099998831749 ], [ -11042029.8667, 2223093.106100000441074 ], [ -11042040.4621, 2223116.621599998325109 ], [ -11042017.9077, 2223464.155499998480082 ], [ -11041985.3555, 2223693.420099999755621 ], [ -11042072.4967, 2223712.594900000840425 ], [ -11042110.7278, 2223752.402100000530481 ], [ -11042035.8689, 2223790.429099999368191 ], [ -11041908.3249, 2223991.151000000536442 ], [ -11042453.6657, 2224537.291299998760223 ], [ -11042544.1795, 2224502.861699998378754 ], [ -11042966.0514, 2224393.794399999082088 ], [ -11043103.4263, 2224377.01240000128746 ], [ -11043382.6724, 2224380.552700001746416 ], [ -11043636.0968, 2224357.157299999147654 ], [ -11043748.8879, 2224357.739700000733137 ], [ -11043976.1477, 2224424.504000000655651 ], [ -11043946.6156, 2224783.413199998438358 ], [ -11044202.9345, 2225182.24379999935627 ], [ -11044349.2285, 2224955.791600000113249 ], [ -11044787.0635, 2224193.920200001448393 ], [ -11044807.603, 2224151.778799999505281 ], [ -11044818.057, 2224091.831700000911951 ], [ -11044840.4903, 2224070.698300000280142 ], [ -11044818.4457, 2223947.970100000500679 ], [ -11044683.7422, 2223600.163600001484156 ], [ -11044608.6697, 2223510.607299998402596 ], [ -11044589.0708, 2223427.568300001323223 ], [ -11044510.0149, 2223308.645199999213219 ], [ -11044487.643, 2223226.836100000888109 ], [ -11044440.4146, 2223159.0482 ], [ -11044351.2513, 2223074.137499999254942 ], [ -11044360.5924, 2222985.936599999666214 ], [ -11044338.9124, 2222881.756799999624491 ], [ -11044293.1768, 2222778.080299999564886 ], [ -11044256.8143, 2222640.863200001418591 ], [ -11044312.6078, 2222610.1217 ], [ -11044544.7686, 2222570.210200000554323 ], [ -11044286.9515, 2221720.361299999058247 ], [ -11044900.5514, 2221757.908599998801947 ], [ -11044859.2931, 2221658.427999999374151 ], [ -11044860.2346, 2221636.726500000804663 ], [ -11044810.8179, 2221604.817699998617172 ], [ -11044797.3616, 2221579.504999998956919 ], [ -11044718.4119, 2221369.0077 ], [ -11044503.3603, 2221041.306800000369549 ], [ -11044709.584, 2220783.699499998241663 ], [ -11044799.1897, 2220699.178100001066923 ], [ -11044936.8759, 2220820.894600000232458 ], [ -11045131.3679, 2220917.631700001657009 ], [ -11045200.9907, 2220972.045800000429153 ], [ -11045322.5294, 2220890.871399998664856 ], [ -11045317.5443, 2220878.613600000739098 ], [ -11045297.2508, 2220882.046599999070168 ], [ -11045189.4201, 2220851.843899998813868 ], [ -11045086.8268, 2220788.985300000756979 ], [ -11045051.463, 2220751.612300001084805 ], [ -11045121.0099, 2220631.588599998503923 ], [ -11045338.5881, 2220684.883900001645088 ], [ -11045587.4018, 2220801.537000000476837 ], [ -11045654.9758, 2220788.478199999779463 ], [ -11045812.424, 2220716.473600000143051 ], [ -11045929.7638, 2220629.933400001376867 ], [ -11046057.4126, 2220508.2820999994874 ], [ -11045998.3025, 2220465.057500001043081 ], [ -11045997.2736, 2220426.734299998730421 ], [ -11045973.4775, 2220433.100999999791384 ], [ -11045967.1789, 2220316.517200000584126 ], [ -11045988.2219, 2220296.323600001633167 ], [ -11045974.4074, 2220091.458599999547005 ], [ -11045946.0998, 2220053.046 ], [ -11045927.6047, 2219897.459100000560284 ], [ -11045870.0107, 2219671.085400000214577 ], [ -11045849.478, 2219675.6371 ], [ -11045842.7475, 2219661.113899998366833 ], [ -11045744.6872, 2219396.736299999058247 ], [ -11045727.0887, 2219407.3277000002563 ], [ -11045650.2692, 2219277.922200001776218 ], [ -11045672.7314, 2219236.33219999819994 ], [ -11045701.0343, 2219201.845199998468161 ], [ -11046361.7324, 2219204.380300000309944 ], [ -11046555.557, 2218828.291200000792742 ], [ -11046501.8721, 2218768.664599999785423 ], [ -11046591.3197, 2218757.166499998420477 ], [ -11046596.3158, 2218740.579500000923872 ], [ -11046912.434, 2218383.911200001835823 ], [ -11046901.3646, 2218293.136700000613928 ], [ -11046920.8052, 2218241.873799998313189 ], [ -11046935.8338, 2218138.51240000128746 ], [ -11046911.3063, 2217983.310899998992682 ], [ -11046833.6588, 2217611.304900001734495 ], [ -11046738.1058, 2217473.9857 ], [ -11046915.2817, 2217176.117800001055002 ], [ -11047021.9549, 2216931.984099999070168 ], [ -11047059.9214, 2216945.937600001692772 ], [ -11047149.3486, 2217006.184300001710653 ], [ -11047218.1396, 2217081.912099998444319 ], [ -11047260.3433, 2217112.418400000780821 ], [ -11047385.6645, 2217125.334100000560284 ], [ -11047477.1079, 2217149.029899999499321 ], [ -11047506.7323, 2217145.199499998241663 ], [ -11047572.4297, 2217101.806000001728535 ], [ -11047582.5976, 2217071.518300000578165 ], [ -11047574.892, 2216964.203600000590086 ], [ -11047542.5192, 2216835.726399999111891 ], [ -11047544.2424, 2216785.035599999129772 ], [ -11047700.0006, 2216831.572599999606609 ], [ -11047843.2153, 2216902.890500001609325 ], [ -11047950.1488, 2216884.395599998533726 ], [ -11047997.7012, 2216849.365899998694658 ], [ -11048026.0331, 2216776.076900001615286 ], [ -11048097.0739, 2216729.935600001364946 ], [ -11048160.6095, 2216711.972100000828505 ], [ -11048176.742, 2216692.450899999588728 ], [ -11048183.0036, 2216553.789799999445677 ], [ -11048201.1454, 2216455.998799998313189 ], [ -11048358.5578, 2216479.8260000012815 ], [ -11048400.1213, 2216446.481300000101328 ], [ -11048225.0189, 2216423.261300001293421 ], [ -11048188.5313, 2216072.2445 ], [ -11048127.8271, 2216106.368599999696016 ], [ -11047983.7908, 2216112.472300000488758 ], [ -11047984.5476, 2216191.9265 ], [ -11047200.4923, 2216456.497099999338388 ], [ -11047091.033, 2216509.733600001782179 ], [ -11046963.1625, 2216548.36600000038743 ], [ -11047053.4606, 2216242.304200001060963 ], [ -11046733.1575, 2216155.089999999850988 ], [ -11046393.4984, 2216036.002999998629093 ], [ -11046213.6929, 2216033.290100000798702 ], [ -11046186.9271, 2215802.9287 ], [ -11046135.4921, 2215710.420699998736382 ], [ -11046082.74, 2215678.6886 ], [ -11045897.7838, 2215602.6118 ], [ -11045258.4001, 2215167.718699999153614 ], [ -11045003.9206, 2215071.477200001478195 ], [ -11045183.4088, 2214776.912300001829863 ], [ -11045168.4599, 2214719.4054000005126 ], [ -11044920.0423, 2214608.56700000166893 ], [ -11044616.7091, 2214452.479400001466274 ], [ -11044434.6661, 2214377.808200001716614 ], [ -11044434.0303, 2213567.6787 ] ] ], [ [ [ -11030530.195, 2215339.923500001430511 ], [ -11030504.3142, 2215626.417700000107288 ], [ -11030465.8364, 2215701.195599999278784 ], [ -11030333.4195, 2215847.5185999982059 ], [ -11030390.5468, 2215810.117600001394749 ], [ -11030446.5338, 2215808.25279999896884 ], [ -11030479.1426, 2215819.943900000303984 ], [ -11030723.6962, 2216485.08219999819994 ], [ -11030601.1306, 2216567.852099999785423 ], [ -11030463.3688, 2216692.24040000140667 ], [ -11029626.6267, 2217169.852299999445677 ], [ -11029559.1631, 2217378.166799999773502 ], [ -11030038.5311, 2217850.798700001090765 ], [ -11030225.7205, 2218020.581799998879433 ], [ -11030382.4127, 2218232.78999999910593 ], [ -11030446.2445, 2218377.633099999278784 ], [ -11030478.7418, 2218321.165199998766184 ], [ -11030537.7211, 2218473.155999999493361 ], [ -11030482.0565, 2218495.90430000051856 ], [ -11030544.0711, 2218524.865800000727177 ], [ -11030501.2086, 2218618.130699999630451 ], [ -11030516.1137, 2218698.999000001698732 ], [ -11030665.8043, 2219091.282200001180172 ], [ -11030814.7876, 2219418.803800001740456 ], [ -11030819.3684, 2219579.454100001603365 ], [ -11030826.4027, 2219593.578699998557568 ], [ -11030879.6752, 2219620.052499998360872 ], [ -11030855.7533, 2219758.722899999469519 ], [ -11030778.3819, 2220053.8761 ], [ -11030949.6197, 2220080.173599999397993 ], [ -11031045.9981, 2220226.646699998527765 ], [ -11031129.4877, 2220330.039700001478195 ], [ -11031139.6728, 2220384.083000000566244 ], [ -11031104.4611, 2220524.9463 ], [ -11031325.0228, 2220598.560600001364946 ], [ -11031422.1501, 2220647.338799998164177 ], [ -11031385.4489, 2220718.577599998563528 ], [ -11031470.3804, 2220802.79619999974966 ], [ -11031429.666, 2220854.824400000274181 ], [ -11031495.8143, 2220942.309500001370907 ], [ -11031615.2413, 2220987.177799999713898 ], [ -11031542.6956, 2221127.116399999707937 ], [ -11031429.9745, 2221159.827799998223782 ], [ -11031393.9141, 2221187.0559 ], [ -11031358.9171, 2221255.185400001704693 ], [ -11031393.0513, 2221400.6858000010252 ], [ -11031466.4037, 2221621.243000000715256 ], [ -11031698.614, 2221790.694299999624491 ], [ -11031710.6201, 2221827.889199998229742 ], [ -11031701.0309, 2221884.553800001740456 ], [ -11031574.0845, 2221929.363000001758337 ], [ -11031477.3048, 2221984.128899998962879 ], [ -11031594.8321, 2222300.492499999701977 ], [ -11033192.6553, 2222545.958399999886751 ], [ -11033077.1169, 2222010.086599998176098 ], [ -11032662.916, 2221556.606800001114607 ], [ -11033511.3275, 2220584.543800000101328 ], [ -11033500.5106, 2220274.958099998533726 ], [ -11033818.7351, 2220055.894200000911951 ], [ -11034103.2254, 2219695.210999999195337 ], [ -11034208.2008, 2219428.377999998629093 ], [ -11034292.1603, 2219259.52760000154376 ], [ -11034457.0177, 2219092.210499998182058 ], [ -11034653.8184, 2218810.274599999189377 ], [ -11034894.8248, 2218544.552299998700619 ], [ -11035165.0865, 2218154.792199999094009 ], [ -11034808.0916, 2218035.801399998366833 ], [ -11034809.2326, 2217637.3614999987185 ], [ -11034898.9248, 2216948.830299999564886 ], [ -11034878.9931, 2216789.3596 ], [ -11034809.9495, 2216734.6129 ], [ -11034644.5443, 2216396.887600000947714 ], [ -11034575.2914, 2216313.238499999046326 ], [ -11034100.8854, 2215816.211800001561642 ], [ -11033640.8244, 2215455.432700000703335 ], [ -11033534.7201, 2215433.569600000977516 ], [ -11033365.3298, 2215198.434399999678135 ], [ -11032940.3341, 2215211.699700001627207 ], [ -11032900.5452, 2215196.1587999984622 ], [ -11032863.3657, 2215127.293999999761581 ], [ -11032811.6233, 2215109.994699999690056 ], [ -11032760.5289, 2215204.284200001507998 ], [ -11032723.9646, 2215131.171300001442432 ], [ -11032634.1242, 2215127.771200001239777 ], [ -11032611.5197, 2215194.38740000128746 ], [ -11032574.6475, 2215035.949099998921156 ], [ -11032545.4904, 2215094.220100000500679 ], [ -11032511.7775, 2215125.711399998515844 ], [ -11032454.4178, 2215101.862300001084805 ], [ -11032421.838, 2215059.730999998748302 ], [ -11032375.5436, 2215111.904100000858307 ], [ -11032143.4431, 2215225.05460000038147 ], [ -11031827.0468, 2215291.3816 ], [ -11031472.0535, 2215383.905000001192093 ], [ -11030691.3041, 2215011.3902000002563 ], [ -11030530.195, 2215339.923500001430511 ] ] ] ] } },
{ "type": "Feature", "properties": { "OBJECTID": 772, "ID": "15108", "NAME": "Tultepec", "TOTPOP_CY": 161525, "AREA": 26.77, "Shape__Area": 30338748.207117554, "Shape__Length": 33253.27103835826, "metro_only_count": 1.0, "bus_only_count": 616.0, "bus_metro_count": 100.0, "n_cat": "3", "label_range": "0 – 1" }, "geometry": { "type": "MultiPolygon", "coordinates": [ [ [ [ -11034020.4144, 2231980.556000001728535 ], [ -11032701.2119, 2231557.397900000214577 ], [ -11032658.2709, 2231881.287500001490116 ], [ -11032489.2687, 2232826.747299998998642 ], [ -11032424.9817, 2233274.500300001353025 ], [ -11033460.1973, 2233553.506099998950958 ], [ -11033640.6863, 2233617.347199998795986 ], [ -11033779.6999, 2233653.3651 ], [ -11033679.9543, 2233992.03660000115633 ], [ -11033506.6732, 2234401.095199998468161 ], [ -11033515.9361, 2234405.787200000137091 ], [ -11033251.437, 2235061.71339999884367 ], [ -11032885.517, 2236189.3213 ], [ -11031483.6242, 2235818.817800000309944 ], [ -11031325.173, 2236293.464499998837709 ], [ -11030708.2426, 2236123.695799998939037 ], [ -11029036.0801, 2235577.431499999016523 ], [ -11030378.3651, 2238498.115200001746416 ], [ -11032496.0268, 2238803.394499998539686 ], [ -11032508.4747, 2238745.379999998956919 ], [ -11032456.5875, 2238564.457299999892712 ], [ -11032443.9929, 2238467.993200000375509 ], [ -11032751.6734, 2237699.585299998521805 ], [ -11032812.4123, 2237593.9560999982059 ], [ -11032979.0734, 2237355.295200001448393 ], [ -11033325.2749, 2237448.382800001651049 ], [ -11033546.1911, 2237476.902300000190735 ], [ -11033651.2717, 2237522.062600001692772 ], [ -11033723.7529, 2237558.460499998182058 ], [ -11034090.7699, 2237815.519999999552965 ], [ -11034241.3518, 2237961.60359999909997 ], [ -11034347.1298, 2237980.927999999374151 ], [ -11034582.8154, 2238119.247999999672174 ], [ -11034597.9648, 2238143.630899999290705 ], [ -11034742.1548, 2238193.026200000196695 ], [ -11034979.1763, 2238240.358199998736382 ], [ -11035145.5367, 2238252.654599998146296 ], [ -11035224.2055, 2237594.450599998235703 ], [ -11035198.2494, 2237527.7982 ], [ -11035232.2365, 2237524.421599999070168 ], [ -11035241.2769, 2237512.984099999070168 ], [ -11035248.703, 2237452.712600000202656 ], [ -11035279.9762, 2237388.220100000500679 ], [ -11035479.8912, 2237221.082699999213219 ], [ -11035586.9373, 2237150.719399999827147 ], [ -11035819.142, 2237081.924100000411272 ], [ -11035958.2724, 2237012.316799998283386 ], [ -11036206.7234, 2236758.203600000590086 ], [ -11036187.9657, 2236668.9070999994874 ], [ -11036541.6088, 2235176.583200000226498 ], [ -11036702.8276, 2235116.583000000566244 ], [ -11036530.7728, 2235033.447000000625849 ], [ -11036471.5283, 2234982.431400001049042 ], [ -11036427.3004, 2234906.0760000012815 ], [ -11036418.3859, 2234851.774700000882149 ], [ -11036427.3538, 2234819.333099998533726 ], [ -11036493.3884, 2234745.520599998533726 ], [ -11036649.6153, 2234523.348499998450279 ], [ -11036685.2377, 2234428.076699998229742 ], [ -11036758.2176, 2234302.955800000578165 ], [ -11037112.4307, 2233098.3772 ], [ -11037178.8461, 2233057.971000000834465 ], [ -11037251.8957, 2232853.016100000590086 ], [ -11037184.4912, 2232848.123500000685453 ], [ -11037227.5194, 2232504.105599999427795 ], [ -11037337.5809, 2231798.325500000268221 ], [ -11037360.4616, 2231556.825800001621246 ], [ -11037097.2231, 2231542.692400000989437 ], [ -11037127.4399, 2231403.640900000929832 ], [ -11036531.1158, 2231201.655099999159575 ], [ -11036246.1601, 2231116.228199999779463 ], [ -11035956.9332, 2231386.320700000971556 ], [ -11035363.9592, 2231248.290199998766184 ], [ -11035228.9359, 2231545.605999998748302 ], [ -11035148.688, 2231872.722199998795986 ], [ -11034167.9846, 2231551.133699998259544 ], [ -11034020.4144, 2231980.556000001728535 ] ] ] ] } },
{ "type": "Feature", "properties": { "OBJECTID": 773, "ID": "15109", "NAME": "Tultitlán", "TOTPOP_CY": 529064, "AREA": 66.04, "Shape__Area": 74826028.376655236, "Shape__Length": 53327.088978988177, "metro_only_count": 83.0, "bus_only_count": 2753.0, "bus_metro_count": 670.0, "n_cat": "5", "label_range": "13 – 267" }, "geometry": { "type": "MultiPolygon", "coordinates": [ [ [ [ -11028696.9019, 2232454.285399999469519 ], [ -11028579.3845, 2232895.636399999260902 ], [ -11028521.8644, 2232907.869300000369549 ], [ -11028564.1658, 2232978.630699999630451 ], [ -11028323.2092, 2233962.997400000691414 ], [ -11028252.204, 2234110.9239999987185 ], [ -11028898.633, 2235524.181699998676777 ], [ -11028944.5121, 2235549.770899999886751 ], [ -11030280.1379, 2235989.46000000089407 ], [ -11030708.2426, 2236123.695799998939037 ], [ -11031325.173, 2236293.464499998837709 ], [ -11031483.6242, 2235818.817800000309944 ], [ -11032885.517, 2236189.3213 ], [ -11033251.437, 2235061.71339999884367 ], [ -11033515.9361, 2234405.787200000137091 ], [ -11033506.6732, 2234401.095199998468161 ], [ -11033679.9543, 2233992.03660000115633 ], [ -11033779.6999, 2233653.3651 ], [ -11033640.6863, 2233617.347199998795986 ], [ -11033460.1973, 2233553.506099998950958 ], [ -11031816.9167, 2233109.334300000220537 ], [ -11029493.1802, 2232629.836399998515844 ], [ -11029349.8319, 2232587.815400000661612 ], [ -11028696.9019, 2232454.285399999469519 ] ] ], [ [ [ -11034821.3676, 2227512.614999998360872 ], [ -11034771.2603, 2228051.946199998259544 ], [ -11034718.2378, 2228336.532699998468161 ], [ -11034697.1907, 2228675.898600000888109 ], [ -11034602.2086, 2228702.45719999819994 ], [ -11034696.3936, 2228738.668999999761581 ], [ -11034674.125, 2228911.219000000506639 ], [ -11034678.0704, 2229232.184900000691414 ], [ -11034734.427, 2229410.665600001811981 ], [ -11034765.1276, 2229470.711899999529123 ], [ -11034935.4647, 2230043.023800000548363 ], [ -11034904.3454, 2230057.662000000476837 ], [ -11034876.3115, 2230091.918000001460314 ], [ -11034835.0586, 2230075.693500000983477 ], [ -11034744.4994, 2230074.617899999022484 ], [ -11034717.216, 2230089.461899999529123 ], [ -11034696.0495, 2230124.315999999642372 ], [ -11034626.4662, 2230136.897700000554323 ], [ -11034600.1054, 2230219.8277000002563 ], [ -11034535.6961, 2230205.420800000429153 ], [ -11034353.701, 2230986.759399998933077 ], [ -11034361.2457, 2230988.499699998646975 ], [ -11034167.9846, 2231551.133699998259544 ], [ -11035148.688, 2231872.722199998795986 ], [ -11035228.9359, 2231545.605999998748302 ], [ -11035363.9592, 2231248.290199998766184 ], [ -11035956.9332, 2231386.320700000971556 ], [ -11036246.1601, 2231116.228199999779463 ], [ -11036531.1158, 2231201.655099999159575 ], [ -11037127.4399, 2231403.640900000929832 ], [ -11037097.2231, 2231542.692400000989437 ], [ -11037360.4616, 2231556.825800001621246 ], [ -11037337.5809, 2231798.325500000268221 ], [ -11037227.5194, 2232504.105599999427795 ], [ -11037184.4912, 2232848.123500000685453 ], [ -11038023.2054, 2232898.2989999987185 ], [ -11038025.5832, 2232886.429299999028444 ], [ -11038051.017, 2232886.329 ], [ -11038049.9283, 2232898.297899998724461 ], [ -11038432.5016, 2232918.083000000566244 ], [ -11038754.0006, 2232271.508900001645088 ], [ -11038969.0862, 2232375.7456 ], [ -11039515.9892, 2232540.979600001126528 ], [ -11039548.2403, 2232392.48030000180006 ], [ -11039624.8281, 2232208.178399998694658 ], [ -11039655.992, 2232167.419399999082088 ], [ -11039789.3871, 2232071.881700001657009 ], [ -11039801.0243, 2232029.663400001823902 ], [ -11039840.2513, 2231985.436700001358986 ], [ -11039955.8833, 2231900.138599999248981 ], [ -11040045.7098, 2231557.93129999935627 ], [ -11040292.156, 2231613.859200000762939 ], [ -11040338.1949, 2231672.91270000115037 ], [ -11040385.8576, 2231637.479299999773502 ], [ -11040411.2504, 2231648.372099999338388 ], [ -11040435.4399, 2231285.980399999767542 ], [ -11040584.6833, 2231318.918499998748302 ], [ -11040613.4974, 2231224.452500000596046 ], [ -11040658.9383, 2231160.735300000756979 ], [ -11041173.853, 2230835.630300000309944 ], [ -11041197.6026, 2230532.090999998152256 ], [ -11041186.2811, 2229928.252300001680851 ], [ -11041196.923, 2229181.358199998736382 ], [ -11042145.4988, 2229182.982099998742342 ], [ -11041761.097, 2226698.231699999421835 ], [ -11041730.2559, 2226647.682300001382828 ], [ -11041552.4007, 2226487.471000000834465 ], [ -11041442.1345, 2226467.35249999910593 ], [ -11041445.445, 2225813.84910000115633 ], [ -11041494.1474, 2225585.518699999898672 ], [ -11041521.3623, 2225536.883200000971556 ], [ -11041564.6145, 2225494.493599999696016 ], [ -11041501.1822, 2225508.273899998515844 ], [ -11041322.6997, 2225518.344300001859665 ], [ -11041300.635, 2225029.257500000298023 ], [ -11041321.1859, 2224890.366700001060963 ], [ -11041402.7695, 2224676.25730000063777 ], [ -11041526.6291, 2224509.249600000679493 ], [ -11041932.9931, 2224012.604600001126528 ], [ -11041908.3249, 2223991.151000000536442 ], [ -11042035.8689, 2223790.429099999368191 ], [ -11042110.7278, 2223752.402100000530481 ], [ -11042072.4967, 2223712.594900000840425 ], [ -11041985.3555, 2223693.420099999755621 ], [ -11042017.9077, 2223464.155499998480082 ], [ -11042040.4621, 2223116.621599998325109 ], [ -11042029.8667, 2223093.106100000441074 ], [ -11041202.9444, 2222903.528099998831749 ], [ -11041035.1225, 2222844.642799999564886 ], [ -11040983.7698, 2222805.971900001168251 ], [ -11040903.3991, 2222775.9824 ], [ -11040348.6669, 2222786.054299999028444 ], [ -11040366.5509, 2222794.227600000798702 ], [ -11040338.5764, 2222816.947599999606609 ], [ -11040203.636, 2222875.494899999350309 ], [ -11039914.8866, 2223051.343699999153614 ], [ -11039726.0853, 2223147.318199999630451 ], [ -11039104.5942, 2223218.192299999296665 ], [ -11038918.0996, 2223219.3158 ], [ -11038905.7742, 2223321.580200001597404 ], [ -11038414.2574, 2222891.253600001335144 ], [ -11038087.1184, 2222818.022799998521805 ], [ -11037452.5707, 2222784.143699999898672 ], [ -11036599.1319, 2222437.789500001817942 ], [ -11036166.2426, 2222797.898400001227856 ], [ -11036118.7694, 2223160.9529 ], [ -11035981.0339, 2223476.041600000113249 ], [ -11035519.6557, 2223919.520399998873472 ], [ -11035519.7781, 2224079.682900000363588 ], [ -11035180.1936, 2224186.722100000828505 ], [ -11034766.3401, 2224347.197700001299381 ], [ -11034400.4876, 2224849.326900001615286 ], [ -11034839.4823, 2225208.532800000160933 ], [ -11034965.9614, 2225919.5320999994874 ], [ -11034821.3676, 2227512.614999998360872 ] ] ] ] } },
{ "type": "Feature", "properties": { "OBJECTID": 776, "ID": "15112", "NAME": "Villa del Carbón", "TOTPOP_CY": 52767, "AREA": 303.31, "Shape__Area": 344066871.59943944, "Shape__Length": 155670.31763674656, "metro_only_count": 0.0, "bus_only_count": 12.0, "bus_metro_count": 4.0, "n_cat": "3", "label_range": "0 – 1" }, "geometry": { "type": "MultiPolygon", "coordinates": [ [ [ [ -11068138.6766, 2258228.473200000822544 ], [ -11068257.0024, 2258114.726599998772144 ], [ -11068287.7056, 2258043.669700000435114 ], [ -11068343.6537, 2258035.470100000500679 ], [ -11068417.7446, 2257914.020700000226498 ], [ -11068456.9734, 2257874.046700000762939 ], [ -11068467.5622, 2257853.589099999517202 ], [ -11068458.0644, 2257841.093100000172853 ], [ -11068462.7888, 2257825.028200000524521 ], [ -11068489.8261, 2257779.38230000063777 ], [ -11068482.1105, 2257748.306200001388788 ], [ -11068507.4335, 2257738.442699998617172 ], [ -11068460.2619, 2257723.863299999386072 ], [ -11068382.7657, 2257583.423000000417233 ], [ -11068362.2694, 2257503.499000001698732 ], [ -11068394.8095, 2257410.915899999439716 ], [ -11068457.3344, 2257366.002300001680851 ], [ -11068479.8353, 2257313.584800001233816 ], [ -11068487.1044, 2257252.15260000154376 ], [ -11068403.9409, 2257146.035100001841784 ], [ -11068444.1529, 2256968.931499999016523 ], [ -11068381.8595, 2256850.22410000115633 ], [ -11068395.554, 2256740.307 ], [ -11068248.6538, 2256557.250599998980761 ], [ -11068263.5137, 2256428.372499998658895 ], [ -11068185.3073, 2256378.909299999475479 ], [ -11068184.6637, 2256349.509100001305342 ], [ -11068212.4647, 2256319.938400000333786 ], [ -11068216.205, 2256291.8805 ], [ -11068196.6496, 2256267.4386 ], [ -11068159.4988, 2256252.66160000115633 ], [ -11068053.5227, 2256280.51240000128746 ], [ -11068009.2977, 2256271.473299998790026 ], [ -11067965.4277, 2256242.536100000143051 ], [ -11067955.3312, 2256190.08729999884963 ], [ -11067970.6866, 2256147.244199998676777 ], [ -11068090.8861, 2256061.838199999183416 ], [ -11068104.2155, 2256035.6305 ], [ -11068097.9169, 2255997.696199998259544 ], [ -11068045.8244, 2256034.907800000160933 ], [ -11068027.4717, 2256014.056600000709295 ], [ -11068074.7914, 2255883.6974 ], [ -11068063.5649, 2255857.634300000965595 ], [ -11067944.7715, 2255864.306000001728535 ], [ -11067936.1831, 2255854.15819999948144 ], [ -11068030.0489, 2255802.957899998873472 ], [ -11068036.2794, 2255781.322700001299381 ], [ -11068008.4139, 2255703.676300000399351 ], [ -11068001.9562, 2255586.8885000012815 ], [ -11067965.0383, 2255576.885200001299381 ], [ -11067926.0338, 2255538.040399998426437 ], [ -11067917.9692, 2255501.1097999997437 ], [ -11067788.5201, 2255241.99210000038147 ], [ -11067802.9492, 2255221.956500001251698 ], [ -11067794.6704, 2255198.009300000965595 ], [ -11067770.1268, 2255174.135600000619888 ], [ -11067757.138, 2255179.760899998247623 ], [ -11067746.6761, 2255150.034800000488758 ], [ -11067759.627, 2255103.424800001084805 ], [ -11067712.0058, 2255030.029899999499321 ], [ -11067665.3406, 2254909.060199998319149 ], [ -11067672.4105, 2254862.156100001186132 ], [ -11067717.1563, 2254839.562399998307228 ], [ -11067677.6337, 2254598.764600001275539 ], [ -11067492.4869, 2254515.417399998754263 ], [ -11067498.0998, 2254446.967399999499321 ], [ -11067543.0383, 2254404.3662 ], [ -11067512.5168, 2254369.962999999523163 ], [ -11067460.1108, 2254209.912900000810623 ], [ -11067571.8911, 2254118.79839999973774 ], [ -11067731.1081, 2254034.845199998468161 ], [ -11067889.6482, 2254033.255800001323223 ], [ -11068034.5127, 2254000.665600001811981 ], [ -11068128.7336, 2253994.404800001531839 ], [ -11068213.7971, 2253979.263999998569489 ], [ -11068250.6506, 2253952.882100000977516 ], [ -11068303.4941, 2253953.087999999523163 ], [ -11068956.4229, 2253831.839899998158216 ], [ -11068984.4909, 2253772.954100001603365 ], [ -11069146.806, 2253712.927700001746416 ], [ -11069209.9954, 2253669.850000001490116 ], [ -11069235.8058, 2253584.003199998289347 ], [ -11069387.6901, 2253548.208599999547005 ], [ -11069454.0366, 2253573.540600001811981 ], [ -11069464.5642, 2253587.0077 ], [ -11069533.678, 2253596.922499999403954 ], [ -11069831.9855, 2253692.887899998575449 ], [ -11069922.529, 2253712.188999999314547 ], [ -11070244.3171, 2253820.684900000691414 ], [ -11070292.3613, 2253805.371300000697374 ], [ -11070356.4658, 2253773.737399999052286 ], [ -11070396.2359, 2253729.668200001120567 ], [ -11070437.0902, 2253632.98200000077486 ], [ -11070595.854, 2253365.604100000113249 ], [ -11070654.8601, 2253227.238699998706579 ], [ -11070660.4604, 2253190.38230000063777 ], [ -11070696.7116, 2253134.495999999344349 ], [ -11070830.4486, 2253089.09569999948144 ], [ -11070896.6481, 2253054.729299999773502 ], [ -11071061.9264, 2252906.529899999499321 ], [ -11071151.0488, 2252798.337600000202656 ], [ -11071214.4153, 2252786.467399999499321 ], [ -11071351.2369, 2252791.089499998837709 ], [ -11071385.2595, 2252773.13910000026226 ], [ -11071400.5914, 2252702.88459999859333 ], [ -11071383.4482, 2252530.188299998641014 ], [ -11071423.2216, 2252508.895300000905991 ], [ -11071542.4259, 2252555.741300001740456 ], [ -11071593.6072, 2252515.190600000321865 ], [ -11071655.6833, 2252380.263099998235703 ], [ -11071660.4447, 2252348.908399999141693 ], [ -11071617.149, 2252139.544199999421835 ], [ -11071570.9169, 2252106.843199998140335 ], [ -11071173.198, 2251698.58049999922514 ], [ -11071055.8706, 2251536.903799999505281 ], [ -11070682.6765, 2251137.454500000923872 ], [ -11070866.8858, 2250990.907499998807907 ], [ -11071071.5756, 2250855.638799998909235 ], [ -11071241.2297, 2250772.008000001311302 ], [ -11071887.8603, 2250780.62049999833107 ], [ -11071944.5619, 2250815.324799999594688 ], [ -11071961.9701, 2250868.532400000840425 ], [ -11071994.9195, 2251168.177700001746416 ], [ -11072054.9462, 2251243.283100001513958 ], [ -11072105.0257, 2251286.947200000286102 ], [ -11072171.2352, 2251260.390099998563528 ], [ -11072203.3498, 2251173.509500000625849 ], [ -11072249.3492, 2251128.342199999839067 ], [ -11072276.3486, 2251047.569899998605251 ], [ -11072314.2073, 2251001.275499999523163 ], [ -11072332.7241, 2250942.399599999189377 ], [ -11072327.5879, 2250903.5077 ], [ -11072291.5149, 2250826.517000000923872 ], [ -11072293.4418, 2250762.623700000345707 ], [ -11072257.5221, 2250694.184599999338388 ], [ -11072438.6091, 2250582.120400000363588 ], [ -11072467.4719, 2250525.799199998378754 ], [ -11072473.1958, 2250426.879200000315905 ], [ -11072628.6348, 2250219.232999999076128 ], [ -11072682.2618, 2250035.319299999624491 ], [ -11072686.4807, 2249988.627399999648333 ], [ -11072774.8151, 2249834.500999998301268 ], [ -11072779.4437, 2249778.719000000506639 ], [ -11072726.9732, 2249666.94539999961853 ], [ -11072737.3292, 2249602.924899999052286 ], [ -11072787.1727, 2249505.480200000107288 ], [ -11072790.1581, 2249411.8885000012815 ], [ -11072748.7974, 2249235.933299999684095 ], [ -11072889.7569, 2249042.366300001740456 ], [ -11073072.6749, 2249003.834600001573563 ], [ -11073125.7898, 2249014.0152000002563 ], [ -11073148.7829, 2248988.70719999819994 ], [ -11073178.257, 2248901.853399999439716 ], [ -11073240.067, 2248919.758699998259544 ], [ -11073263.8727, 2248896.406300000846386 ], [ -11073266.1281, 2248818.72690000012517 ], [ -11073304.708, 2248821.141699999570847 ], [ -11073323.402, 2248803.92509999871254 ], [ -11073344.5927, 2248747.820999998599291 ], [ -11073308.8948, 2248726.42680000141263 ], [ -11073368.2659, 2248701.167899999767542 ], [ -11073326.7849, 2248680.313200000673532 ], [ -11073322.7274, 2248659.64809999987483 ], [ -11073343.4228, 2248624.486400000751019 ], [ -11073423.8211, 2248543.893100000917912 ], [ -11073415.5712, 2248519.217399999499321 ], [ -11073343.0153, 2248500.179099999368191 ], [ -11073337.3224, 2248459.345899999141693 ], [ -11073349.9732, 2248434.326200000941753 ], [ -11073434.5623, 2248427.091499999165535 ], [ -11073463.0089, 2248407.144799999892712 ], [ -11073451.7677, 2248320.510299999266863 ], [ -11073379.5159, 2248243.7654 ], [ -11073384.7836, 2248223.90989999845624 ], [ -11073420.7196, 2248201.8918999992311 ], [ -11073445.1055, 2248166.457899998873472 ], [ -11073468.0304, 2248040.678199999034405 ], [ -11073545.4253, 2248080.658500000834465 ], [ -11073569.1476, 2248074.047600001096725 ], [ -11073601.1218, 2248042.012699998915195 ], [ -11073596.0012, 2247947.733800001442432 ], [ -11073624.4721, 2247848.870900001376867 ], [ -11073597.6697, 2247799.095600001513958 ], [ -11073537.456, 2247780.769200000911951 ], [ -11073560.5437, 2247702.42680000141263 ], [ -11073606.8256, 2247611.287000000476837 ], [ -11073640.3955, 2247569.337000001221895 ], [ -11073716.0214, 2247577.22749999910593 ], [ -11073805.402, 2247529.965700000524521 ], [ -11073857.5919, 2247424.216400001198053 ], [ -11073939.907, 2247313.688299998641014 ], [ -11073965.1765, 2247252.499299999326468 ], [ -11073964.8885, 2247210.957899998873472 ], [ -11073885.5197, 2247155.218299999833107 ], [ -11073908.0007, 2247028.580600000917912 ], [ -11073912.0393, 2246820.707100000232458 ], [ -11073974.1846, 2246764.0647 ], [ -11073985.8219, 2246669.957899998873472 ], [ -11074094.7436, 2246496.146899998188019 ], [ -11074120.3505, 2246430.7588 ], [ -11074094.8104, 2246335.059999998658895 ], [ -11074105.0485, 2246264.787000000476837 ], [ -11074155.4984, 2246195.395300000905991 ], [ -11074179.8908, 2246058.238299999386072 ], [ -11074186.9418, 2246044.760000001639128 ], [ -11074321.6951, 2246090.350400000810623 ], [ -11074414.274, 2246094.639699999243021 ], [ -11074443.7458, 2246081.481800001114607 ], [ -11074528.4321, 2246071.734499998390675 ], [ -11074568.8812, 2246039.966600000858307 ], [ -11074618.7089, 2245972.915800001472235 ], [ -11074624.837, 2245949.17680000141263 ], [ -11074681.2103, 2245908.553899999707937 ], [ -11074737.0781, 2245843.38910000026226 ], [ -11074755.5272, 2245773.478700000792742 ], [ -11074694.9561, 2245545.548599999397993 ], [ -11074663.3568, 2245508.847800001502037 ], [ -11074676.8065, 2245362.245700001716614 ], [ -11074655.8505, 2245290.975400000810623 ], [ -11074621.6756, 2245271.864900000393391 ], [ -11074542.3917, 2245259.41609999909997 ], [ -11074535.8516, 2245190.146499998867512 ], [ -11074503.2071, 2245110.786200001835823 ], [ -11074399.7523, 2245188.752000000327826 ], [ -11074336.456, 2245069.561799999326468 ], [ -11074336.7489, 2244947.437600001692772 ], [ -11074356.9766, 2244833.540100000798702 ], [ -11074393.9503, 2244719.59569999948144 ], [ -11074456.8525, 2244584.198899999260902 ], [ -11074780.2068, 2244527.954599998891354 ], [ -11074968.1475, 2244471.293299999088049 ], [ -11075169.1326, 2244427.165399998426437 ], [ -11075186.2144, 2244382.565600000321865 ], [ -11075198.3751, 2244210.803100001066923 ], [ -11075284.4049, 2244069.355000000447035 ], [ -11075306.9016, 2243966.915600001811981 ], [ -11075303.4439, 2243884.300599999725819 ], [ -11075371.7563, 2243756.715999998152256 ], [ -11075454.7594, 2243689.125700000673532 ], [ -11075452.9939, 2243630.821600001305342 ], [ -11075396.0005, 2243346.411899998784065 ], [ -11075424.9993, 2243031.559099998325109 ], [ -11075373.1879, 2242576.136799998581409 ], [ -11075344.5497, 2242419.109400000423193 ], [ -11075358.0851, 2242172.183400001376867 ], [ -11075396.1752, 2242003.476700000464916 ], [ -11075424.0631, 2241786.17339999973774 ], [ -11075433.7423, 2241631.445799998939037 ], [ -11075406.7194, 2241525.987399999052286 ], [ -11075422.7785, 2241466.092199999839067 ], [ -11075449.937, 2241430.478100001811981 ], [ -11075472.8912, 2241421.213100001215935 ], [ -11075810.335, 2241407.688299998641014 ], [ -11076181.0444, 2241536.348700001835823 ], [ -11076250.4422, 2241545.140500001609325 ], [ -11076457.0647, 2241519.69200000166893 ], [ -11076551.2619, 2241521.537099998444319 ], [ -11076601.1643, 2241555.010800000280142 ], [ -11076663.5766, 2241553.819899998605251 ], [ -11076943.2024, 2241678.36769999936223 ], [ -11077015.8204, 2241779.785900000482798 ], [ -11077007.6618, 2241802.501499999314547 ], [ -11077015.5444, 2241812.187399998307228 ], [ -11077095.3125, 2241705.609099999070168 ], [ -11077118.8801, 2241692.258099999278784 ], [ -11077196.0724, 2241696.219999998807907 ], [ -11077234.5766, 2241714.807900000363588 ], [ -11077320.6286, 2241792.5658 ], [ -11077445.5527, 2242122.163800001144409 ], [ -11077469.2415, 2242216.944600000977516 ], [ -11077479.505, 2242320.048700001090765 ], [ -11077567.0879, 2242584.840300001204014 ], [ -11077713.9985, 2242802.959499999880791 ], [ -11077713.4375, 2242849.187699999660254 ], [ -11077671.8607, 2242947.3772 ], [ -11077680.2176, 2243020.563200000673532 ], [ -11077698.9336, 2243107.080899998545647 ], [ -11077744.4376, 2243223.175299998372793 ], [ -11077845.8475, 2243423.004200000315905 ], [ -11077913.6065, 2243459.257800001651049 ], [ -11078030.8627, 2243488.0152000002563 ], [ -11078139.8144, 2243485.938400000333786 ], [ -11078847.302, 2243760.609900001436472 ], [ -11080083.4684, 2244131.6382 ], [ -11080285.2461, 2243984.296900000423193 ], [ -11080310.3398, 2243919.016800001263618 ], [ -11080353.2401, 2243853.681400001049042 ], [ -11080400.02, 2243812.646899998188019 ], [ -11080489.6926, 2243768.004700001329184 ], [ -11080572.1375, 2243705.481300000101328 ], [ -11080725.5871, 2243542.260800000280142 ], [ -11080839.9511, 2242958.587400000542402 ], [ -11080889.8209, 2242803.719999998807907 ], [ -11080968.2958, 2242654.371500000357628 ], [ -11081055.5501, 2242559.237100001424551 ], [ -11081137.3222, 2242445.14919999986887 ], [ -11081244.5018, 2242352.621599998325109 ], [ -11081287.6303, 2242330.839800000190735 ], [ -11081359.399, 2242327.936099998652935 ], [ -11081388.0059, 2242346.81529999896884 ], [ -11081421.0735, 2242428.201900001615286 ], [ -11081462.9763, 2242607.352200001478195 ], [ -11081484.1147, 2242655.912500001490116 ], [ -11081546.8777, 2242740.1426 ], [ -11081580.9126, 2242761.675200000405312 ], [ -11081627.2971, 2242764.196800000965595 ], [ -11081702.1973, 2242720.667599998414516 ], [ -11081834.5196, 2242511.557199999690056 ], [ -11082082.7187, 2242250.501400001347065 ], [ -11082221.7121, 2242141.56810000166297 ], [ -11082325.7291, 2242081.642799999564886 ], [ -11082412.5604, 2242065.327399998903275 ], [ -11082429.8405, 2242070.613499999046326 ], [ -11082772.7368, 2242224.717399999499321 ], [ -11082996.8107, 2242305.733399998396635 ], [ -11083135.0595, 2242375.813099998980761 ], [ -11083231.9465, 2242006.769400000572205 ], [ -11084083.7054, 2241950.23030000180006 ], [ -11084796.287, 2242038.791600000113249 ], [ -11085273.5493, 2241695.372299998998642 ], [ -11085252.1848, 2241596.194499999284744 ], [ -11085277.7326, 2241570.832499999552965 ], [ -11085321.5235, 2241553.717099998146296 ], [ -11085327.6583, 2241570.76969999819994 ], [ -11085356.2233, 2241548.276599999517202 ], [ -11085075.7597, 2241220.455699998885393 ], [ -11084240.0938, 2241024.528200000524521 ], [ -11084289.9978, 2240699.480900000780821 ], [ -11084008.4063, 2240676.922600001096725 ], [ -11084288.5018, 2240252.787599999457598 ], [ -11084272.6262, 2238365.708399999886751 ], [ -11078508.1962, 2239103.483399998396635 ], [ -11078887.0814, 2238647.10020000115037 ], [ -11079103.434, 2238498.970499999821186 ], [ -11079186.0531, 2238390.649700000882149 ], [ -11079259.6347, 2238209.973999999463558 ], [ -11079796.1569, 2237222.05970000103116 ], [ -11080209.9098, 2236729.258900001645088 ], [ -11080388.4253, 2236416.706799998879433 ], [ -11080589.6443, 2235895.745400000363588 ], [ -11081094.9075, 2234804.385299999266863 ], [ -11084536.128, 2234509.148600000888109 ], [ -11084778.2967, 2234503.85020000115037 ], [ -11084900.6444, 2234457.441500000655651 ], [ -11084999.5449, 2234392.954900000244379 ], [ -11084971.4497, 2235193.237700000405312 ], [ -11084960.1142, 2235295.839600000530481 ], [ -11084907.2082, 2235353.71229999884963 ], [ -11084881.0182, 2235460.63910000026226 ], [ -11084878.6895, 2235698.920899998396635 ], [ -11088157.2452, 2237168.652199998497963 ], [ -11088197.4849, 2237067.576200000941753 ], [ -11088274.8144, 2236529.972100000828505 ], [ -11088231.1125, 2236149.692699998617172 ], [ -11088195.8116, 2236112.979299999773502 ], [ -11088211.0165, 2236072.129299998283386 ], [ -11088261.3848, 2236053.204700000584126 ], [ -11088334.6864, 2236043.626299999654293 ], [ -11088368.7472, 2235961.867899999022484 ], [ -11088376.8308, 2235853.9831000007689 ], [ -11088396.4768, 2235822.691100001335144 ], [ -11088384.5358, 2235726.133299998939037 ], [ -11088326.661, 2235530.3827 ], [ -11088273.7057, 2235427.585799999535084 ], [ -11088306.3169, 2235257.680399999022484 ], [ -11088351.897, 2235232.465799998492002 ], [ -11088378.0924, 2235203.150199998170137 ], [ -11088453.0517, 2235268.285799998790026 ], [ -11088534.7724, 2235287.475099999457598 ], [ -11088638.8146, 2235356.68470000103116 ], [ -11088698.0567, 2235396.814599998295307 ], [ -11088722.163, 2235435.292500000447035 ], [ -11088974.7396, 2235448.791900001466274 ], [ -11089086.2188, 2235445.949400000274181 ], [ -11089200.0386, 2235419.94370000064373 ], [ -11089296.3624, 2235425.685699999332428 ], [ -11089483.1861, 2235481.0608000010252 ], [ -11089644.7479, 2235587.710200000554323 ], [ -11089935.6802, 2235717.94819999858737 ], [ -11090102.2964, 2235768.274900000542402 ], [ -11090246.8922, 2235845.5055 ], [ -11090481.4922, 2235949.790199998766184 ], [ -11090952.3602, 2236032.133699998259544 ], [ -11090971.3218, 2236088.636900000274181 ], [ -11091058.7462, 2236117.100099999457598 ], [ -11091341.0104, 2236323.680300001055002 ], [ -11091655.2809, 2234456.469700001180172 ], [ -11092974.9657, 2234535.1706000007689 ], [ -11092789.898, 2233382.528900001198053 ], [ -11092207.2063, 2233260.227099999785423 ], [ -11092175.1873, 2233222.6283 ], [ -11092091.6944, 2232991.137600000947714 ], [ -11092112.3977, 2232922.7368 ], [ -11092016.8822, 2233020.484900001436472 ], [ -11091718.9689, 2233155.496300000697374 ], [ -11091604.6505, 2233162.870400000363588 ], [ -11091459.8906, 2233153.267900001257658 ], [ -11091370.0281, 2233120.746500000357628 ], [ -11091344.9455, 2233180.768100000917912 ], [ -11091481.5034, 2233295.011399999260902 ], [ -11091475.788, 2233331.915100000798702 ], [ -11091433.2308, 2233415.274099998176098 ], [ -11091389.4277, 2233427.915899999439716 ], [ -11091358.0934, 2233493.324099998921156 ], [ -11091390.0921, 2233526.449000000953674 ], [ -11091404.1763, 2233656.897399999201298 ], [ -11091255.1073, 2233625.708599999547005 ], [ -11091179.0215, 2233560.954999998211861 ], [ -11090739.0512, 2233536.649900000542402 ], [ -11090568.1534, 2233539.014400001615286 ], [ -11090385.947, 2233623.943599998950958 ], [ -11090314.3328, 2233616.354400001466274 ], [ -11090255.6876, 2233628.685199998319149 ], [ -11090161.8708, 2233722.866799999028444 ], [ -11090089.7204, 2233868.3429000005126 ], [ -11090076.7334, 2233844.166200000792742 ], [ -11090084.3948, 2233818.0548 ], [ -11090059.3667, 2233792.991700001060963 ], [ -11090055.8591, 2233774.769799999892712 ], [ -11089956.6345, 2233801.090500000864267 ], [ -11089898.7264, 2233838.704799998551607 ], [ -11089862.7799, 2233885.690099999308586 ], [ -11089850.8287, 2233969.1897 ], [ -11089687.8712, 2234027.953499998897314 ], [ -11089630.6599, 2234080.473099999129772 ], [ -11089335.4951, 2234142.381799999624491 ], [ -11088878.3145, 2234169.859299998730421 ], [ -11088864.8064, 2234242.98369999974966 ], [ -11088873.3437, 2234285.679699998348951 ], [ -11088832.246, 2234335.876600001007318 ], [ -11088802.448, 2234299.64640000090003 ], [ -11088740.2516, 2234341.533900000154972 ], [ -11088753.2895, 2234380.353900000452995 ], [ -11088748.0288, 2234412.1853 ], [ -11088722.3476, 2234445.022700000554323 ], [ -11088682.2617, 2234477.7787000015378 ], [ -11088622.9365, 2234481.054499998688698 ], [ -11088644.1331, 2234577.081599999219179 ], [ -11088614.5209, 2234592.895399998873472 ], [ -11088557.5744, 2234600.155699998140335 ], [ -11088519.9099, 2234588.578000001609325 ], [ -11088491.0148, 2234564.323399998247623 ], [ -11088397.0764, 2234567.723099999129772 ], [ -11088232.5055, 2234538.498399998992682 ], [ -11088102.7679, 2234571.309000000357628 ], [ -11087987.5912, 2234526.864 ], [ -11087967.9691, 2234510.428800001740456 ], [ -11087971.3515, 2234494.177499998360872 ], [ -11087899.2827, 2234480.725000001490116 ], [ -11087825.565, 2234426.414099998772144 ], [ -11087728.5132, 2234461.368200000375509 ], [ -11087676.9247, 2234463.8147 ], [ -11087600.5869, 2234455.168499998748302 ], [ -11087589.8806, 2234410.215999998152256 ], [ -11087557.5951, 2234399.549100000411272 ], [ -11087506.0979, 2234428.08390000090003 ], [ -11087498.9001, 2234459.922200001776218 ], [ -11087241.761, 2234210.326699998229742 ], [ -11087030.3618, 2233944.064599998295307 ], [ -11086847.0085, 2233951.897799998521805 ], [ -11086797.0346, 2233923.722199998795986 ], [ -11086744.7583, 2233859.607599999755621 ], [ -11086703.1811, 2233748.652100000530481 ], [ -11086670.1591, 2233727.307700000703335 ], [ -11086635.9558, 2233721.171900000423193 ], [ -11086545.2939, 2233738.526500001549721 ], [ -11086238.743, 2233554.584699999541044 ], [ -11086141.994, 2233489.56870000064373 ], [ -11086002.0251, 2233358.950899999588728 ], [ -11085855.5949, 2233287.052099999040365 ], [ -11085816.1242, 2233248.989 ], [ -11085369.6445, 2232939.743700001388788 ], [ -11085254.4079, 2232872.925200000405312 ], [ -11085096.2652, 2232669.0691 ], [ -11085040.0625, 2232612.790699999779463 ], [ -11084949.6571, 2232415.934799998998642 ], [ -11084907.262, 2232358.377999998629093 ], [ -11084756.7262, 2232233.9441 ], [ -11084621.9131, 2232064.152899999171495 ], [ -11084481.9664, 2231861.452799998223782 ], [ -11084387.5464, 2231776.402899999171495 ], [ -11083996.9594, 2231337.102699998766184 ], [ -11083889.6325, 2231231.449400000274181 ], [ -11083495.6175, 2230899.960400000214577 ], [ -11083457.2751, 2230847.113000001758337 ], [ -11083476.8805, 2230768.4206000007689 ], [ -11083478.0316, 2230578.333399999886751 ], [ -11083302.5153, 2230515.405600000172853 ], [ -11083256.2163, 2230474.640900000929832 ], [ -11083097.6219, 2230494.954100001603365 ], [ -11082859.9256, 2230259.955800000578165 ], [ -11082414.2758, 2229855.2837999984622 ], [ -11082360.0999, 2229817.009700000286102 ], [ -11082071.7392, 2229435.318799998611212 ], [ -11082015.2544, 2229345.252599999308586 ], [ -11081880.6637, 2229173.469099998474121 ], [ -11081838.9021, 2229135.156199999153614 ], [ -11081594.7374, 2228976.008900001645088 ], [ -11081147.5481, 2228717.652300000190735 ], [ -11080701.2213, 2228486.520399998873472 ], [ -11080508.003, 2228368.587400000542402 ], [ -11079827.2477, 2228057.014899998903275 ], [ -11079532.1285, 2227940.994699999690056 ], [ -11079371.8157, 2227896.374099999666214 ], [ -11079365.1894, 2227844.595400001853704 ], [ -11079230.7834, 2227721.665199998766184 ], [ -11079161.3889, 2227628.968299999833107 ], [ -11079122.5352, 2227528.669399999082088 ], [ -11079077.8186, 2227509.101700000464916 ], [ -11079032.6881, 2227469.54619999974966 ], [ -11079020.335, 2227510.286899998784065 ], [ -11078870.8127, 2227501.865600001066923 ], [ -11078641.3211, 2227461.755899999290705 ], [ -11078406.6206, 2227484.983899999409914 ], [ -11078172.3353, 2227526.548000000417233 ], [ -11077926.405, 2227547.852299999445677 ], [ -11077572.4224, 2227600.720100000500679 ], [ -11076738.5146, 2227503.896000001579523 ], [ -11076365.708, 2227440.389699999243021 ], [ -11075777.1872, 2227361.486699998378754 ], [ -11075475.7943, 2227362.897799998521805 ], [ -11075001.8436, 2227343.177400000393391 ], [ -11074660.0597, 2227349.763700000941753 ], [ -11074211.1192, 2227389.756799999624491 ], [ -11073859.2829, 2227442.547499999403954 ], [ -11073483.8789, 2227541.852299999445677 ], [ -11073328.2042, 2227572.189800001680851 ], [ -11073021.2775, 2227671.02930000051856 ], [ -11072803.1693, 2227624.518899999558926 ], [ -11071716.2625, 2227522.320999998599291 ], [ -11070908.1666, 2232276.3048 ], [ -11067995.924, 2231742.866500001400709 ], [ -11067958.2667, 2231932.7467 ], [ -11067925.3494, 2232034.752099998295307 ], [ -11067636.9908, 2233909.024099998176098 ], [ -11067786.8983, 2233906.501299999654293 ], [ -11067948.2345, 2233975.677299998700619 ], [ -11067947.6746, 2234106.724899999797344 ], [ -11068109.4117, 2234112.396999999880791 ], [ -11068143.8175, 2234167.988000001758337 ], [ -11068153.6881, 2234660.48200000077486 ], [ -11068131.2784, 2234708.267499998211861 ], [ -11068055.4676, 2234713.473999999463558 ], [ -11068040.0253, 2234728.717700000852346 ], [ -11067971.8956, 2234747.058699999004602 ], [ -11067961.8845, 2234719.900600001215935 ], [ -11067913.8713, 2234717.999699998646975 ], [ -11067895.8065, 2234796.597600001841784 ], [ -11067812.7243, 2234845.505300000309944 ], [ -11067550.4366, 2234741.62049999833107 ], [ -11067543.8431, 2234750.67509999871254 ], [ -11067531.6347, 2234776.718600001186132 ], [ -11067452.1627, 2235253.44029999896884 ], [ -11067442.7874, 2235269.42680000141263 ], [ -11067414.1181, 2235273.806200001388788 ], [ -11067365.486, 2235771.032999999821186 ], [ -11067323.2892, 2235944.147100001573563 ], [ -11067298.2556, 2235999.928199999034405 ], [ -11068090.4362, 2236100.601700000464916 ], [ -11068115.3385, 2236278.113499999046326 ], [ -11068124.7293, 2236304.340999998152256 ], [ -11068151.8366, 2236313.505100000649691 ], [ -11068133.8642, 2236402.3902000002563 ], [ -11068097.5931, 2236458.243500001728535 ], [ -11068069.9089, 2236468.624400001019239 ], [ -11068073.2329, 2236493.618999999016523 ], [ -11067939.5126, 2236634.083200000226498 ], [ -11067879.8278, 2236795.508200000971556 ], [ -11067905.5289, 2236832.63569999858737 ], [ -11067870.3716, 2236944.155900001525879 ], [ -11067852.1402, 2236950.4956 ], [ -11067791.1816, 2236927.803800001740456 ], [ -11067724.9888, 2236751.264800000935793 ], [ -11067728.3218, 2236630.574200000613928 ], [ -11067717.3668, 2236504.277800001204014 ], [ -11067699.6202, 2236469.8849 ], [ -11067685.7121, 2236472.837200000882149 ], [ -11067685.2812, 2236555.92119999974966 ], [ -11067629.3954, 2236707.45160000026226 ], [ -11067653.1289, 2236787.067499998956919 ], [ -11067625.7953, 2236827.598799999803305 ], [ -11067646.3495, 2236876.261 ], [ -11067664.5103, 2236975.007100000977516 ], [ -11067631.1576, 2236990.946699999272823 ], [ -11067603.7263, 2237078.72580000013113 ], [ -11067635.6327, 2237117.091400001198053 ], [ -11067559.0048, 2237175.695900000631809 ], [ -11067510.4529, 2237162.536200001835823 ], [ -11067471.7559, 2237286.406800001859665 ], [ -11067439.7183, 2237311.585999999195337 ], [ -11067440.0043, 2237374.98930000141263 ], [ -11067401.9043, 2237401.50789999961853 ], [ -11067365.7441, 2237399.245900001376867 ], [ -11067320.7745, 2237344.417300000786781 ], [ -11067309.0246, 2237351.038699999451637 ], [ -11067319.9284, 2237432.122400000691414 ], [ -11067363.9431, 2237527.543299999088049 ], [ -11067514.4294, 2237573.920499999076128 ], [ -11067512.4732, 2237629.488800000399351 ], [ -11067496.6325, 2237657.802799999713898 ], [ -11067461.95, 2237674.096400000154972 ], [ -11067431.1689, 2237717.630300000309944 ], [ -11067453.0355, 2237746.479899998754263 ], [ -11067459.681, 2237787.354899998754263 ], [ -11067502.2542, 2237801.247099999338388 ], [ -11067551.4149, 2237836.514899998903275 ], [ -11067564.2959, 2237869.917199999094009 ], [ -11067570.4919, 2237918.529100000858307 ], [ -11067542.7421, 2237929.477099999785423 ], [ -11067512.4055, 2237976.493900001049042 ], [ -11067497.2191, 2238029.115600001066923 ], [ -11067504.0564, 2238062.24040000140667 ], [ -11067475.9696, 2238092.157200001180172 ], [ -11067529.7757, 2238146.123599998652935 ], [ -11067538.5053, 2238179.515700001269579 ], [ -11067478.0154, 2238215.840300001204014 ], [ -11067491.2547, 2238316.290199998766184 ], [ -11067489.2187, 2238365.170499999076128 ], [ -11067470.792, 2238404.173599999397993 ], [ -11067489.3156, 2238434.359400000423193 ], [ -11067500.2614, 2238496.608800001442432 ], [ -11067457.6362, 2238564.187899999320507 ], [ -11067486.9677, 2238612.276200000196695 ], [ -11067477.9353, 2238648.074299998581409 ], [ -11067494.1367, 2238675.32209999859333 ], [ -11067515.2852, 2238675.32209999859333 ], [ -11067533.5349, 2238730.892400000244379 ], [ -11067527.8186, 2238750.393800001591444 ], [ -11067488.8737, 2238759.471799999475479 ], [ -11067469.9838, 2238793.66440000012517 ], [ -11067428.8555, 2238800.338300000876188 ], [ -11067414.7694, 2238891.702599998563528 ], [ -11067432.4636, 2238908.534200001507998 ], [ -11067440.3958, 2238942.9956 ], [ -11067343.2132, 2239108.08219999819994 ], [ -11067345.0333, 2239174.336500000208616 ], [ -11067364.8826, 2239203.725299999117851 ], [ -11067366.3988, 2239230.975000001490116 ], [ -11067409.0198, 2239286.012699998915195 ], [ -11067443.5119, 2239286.816599998623133 ], [ -11067454.9279, 2239307.391100000590086 ], [ -11067445.194, 2239364.02419999986887 ], [ -11067417.9018, 2239381.386799998581409 ], [ -11067411.9584, 2239428.940699998289347 ], [ -11067425.5952, 2239444.4375 ], [ -11067395.6167, 2239462.865800000727177 ], [ -11067357.8751, 2239446.833299998193979 ], [ -11067349.6408, 2239469.271800000220537 ], [ -11067276.6064, 2239490.368099998682737 ], [ -11067255.8842, 2239554.484499998390675 ], [ -11067265.284, 2239564.103100001811981 ], [ -11067235.1352, 2239588.677299998700619 ], [ -11067150.6204, 2239584.392799999564886 ], [ -11067105.26, 2239660.790300000458956 ], [ -11067121.9754, 2239692.519000001251698 ], [ -11067108.7063, 2239735.939399998635054 ], [ -11067058.7985, 2239752.679400000721216 ], [ -11067039.3454, 2239782.424100000411272 ], [ -11067052.7225, 2239922.5011 ], [ -11067152.348, 2239971.475299999117851 ], [ -11067119.4922, 2240059.466699998825788 ], [ -11067072.954, 2240116.315099999308586 ], [ -11067059.6502, 2240193.558899998664856 ], [ -11067084.3231, 2240256.858199998736382 ], [ -11067036.1406, 2240275.497699998319149 ], [ -11067043.8183, 2240327.116099998354912 ], [ -11067024.7448, 2240355.771099999547005 ], [ -11067052.8196, 2240380.121599998325109 ], [ -11067066.4785, 2240463.989999998360872 ], [ -11067057.713, 2240502.2162000015378 ], [ -11067113.8593, 2240533.8717 ], [ -11067086.1474, 2240579.091499999165535 ], [ -11067001.3477, 2240573.424499999731779 ], [ -11066980.1046, 2240644.544300001114607 ], [ -11066876.6941, 2240699.834600001573563 ], [ -11066855.1352, 2240790.727899998426437 ], [ -11066922.0503, 2240863.769099999219179 ], [ -11066843.6781, 2241007.166999999433756 ], [ -11066908.2401, 2241125.902300000190735 ], [ -11066819.9379, 2241183.029199998825788 ], [ -11066848.073, 2241298.648899998515844 ], [ -11066800.0306, 2241284.071100000292063 ], [ -11066730.7519, 2241380.427499998360872 ], [ -11066813.7798, 2241381.291999999433756 ], [ -11066829.9702, 2241403.694600000977516 ], [ -11066782.2743, 2241449.2335 ], [ -11066918.2842, 2241485.234700001776218 ], [ -11066858.6138, 2241675.083599999547005 ], [ -11066916.1503, 2241743.073899999260902 ], [ -11066836.6636, 2241794.033700000494719 ], [ -11066751.0515, 2241742.6787 ], [ -11066724.9725, 2241844.541600000113249 ], [ -11066817.8285, 2241884.657999999821186 ], [ -11066723.3228, 2242001.385800000280142 ], [ -11066729.1747, 2242043.85359999909997 ], [ -11066637.2372, 2242072.401299998164177 ], [ -11066711.1579, 2242145.966400001198053 ], [ -11066564.9819, 2242177.584699999541044 ], [ -11066653.7024, 2242290.124000001698732 ], [ -11066554.3674, 2242278.344200000166893 ], [ -11066565.0454, 2242379.85080000013113 ], [ -11066625.4563, 2242401.612700000405312 ], [ -11066514.2424, 2242459.599500000476837 ], [ -11066613.4681, 2242579.596200000494719 ], [ -11066488.8328, 2242690.255199998617172 ], [ -11066515.6062, 2242804.284200001507998 ], [ -11066516.1337, 2242917.042399998754263 ], [ -11066422.1355, 2243097.099800001829863 ], [ -11066450.9943, 2243168.9070999994874 ], [ -11066318.5415, 2243175.3766999989748 ], [ -11066243.9353, 2243441.697900000959635 ], [ -11066205.4198, 2243454.617499999701977 ], [ -11066124.2648, 2243547.536299999803305 ], [ -11066054.6921, 2243596.337699998170137 ], [ -11066098.0255, 2243624.824700001627207 ], [ -11066177.0112, 2243637.460400000214577 ], [ -11066165.9293, 2243682.1107 ], [ -11066081.3566, 2243723.466899998486042 ], [ -11066021.5356, 2243727.085999999195337 ], [ -11065977.9375, 2243808.156700000166893 ], [ -11065944.8934, 2243836.503699999302626 ], [ -11065960.1577, 2243906.739599999040365 ], [ -11065886.6766, 2243945.2007 ], [ -11065899.3535, 2244004.26069999858737 ], [ -11065933.2839, 2244023.779100000858307 ], [ -11065937.9759, 2244117.836100000888109 ], [ -11065871.7955, 2244145.88289999961853 ], [ -11065882.2083, 2244205.475499998778105 ], [ -11065860.0469, 2244294.989100001752377 ], [ -11065798.6517, 2244311.545099999755621 ], [ -11065743.088, 2244381.013599999248981 ], [ -11065695.1316, 2244399.440000001341105 ], [ -11065671.3124, 2244435.778900001198053 ], [ -11065688.3665, 2244544.8092 ], [ -11065643.467, 2244576.333099998533726 ], [ -11065615.4834, 2244661.306099999696016 ], [ -11065664.6955, 2244689.642400000244379 ], [ -11065650.4433, 2244707.542500000447035 ], [ -11065579.0206, 2244694.700399998575449 ], [ -11065567.4167, 2244747.609299998730421 ], [ -11065600.4877, 2244772.200899999588728 ], [ -11065604.2523, 2244866.534800000488758 ], [ -11065581.5722, 2244897.26069999858737 ], [ -11065520.5925, 2244930.919199999421835 ], [ -11065520.0838, 2244976.882800001651049 ], [ -11065462.9314, 2245008.938799999654293 ], [ -11065431.7173, 2245045.276399999856949 ], [ -11065425.0325, 2245095.514199998229742 ], [ -11065335.3368, 2245109.124200001358986 ], [ -11065354.3277, 2245150.548700001090765 ], [ -11065315.6197, 2245236.8574 ], [ -11065326.3734, 2245282.023400001227856 ], [ -11065384.4031, 2245324.525800000876188 ], [ -11065359.7881, 2245354.7179000005126 ], [ -11065316.3937, 2245340.545699998736382 ], [ -11065254.7549, 2245380.083500001579523 ], [ -11065306.9672, 2245489.393800001591444 ], [ -11065193.6561, 2245515.557199999690056 ], [ -11065195.9971, 2245598.402899999171495 ], [ -11065133.2664, 2245617.628899998962879 ], [ -11065152.3531, 2245657.721000000834465 ], [ -11065094.5016, 2245663.853399999439716 ], [ -11065077.315, 2245590.357200000435114 ], [ -11064975.9542, 2245530.472600001841784 ], [ -11064924.1536, 2245663.011199999600649 ], [ -11064852.9618, 2245778.443399999290705 ], [ -11064805.4368, 2245798.474800001829863 ], [ -11064749.2718, 2245731.116099998354912 ], [ -11064694.9415, 2245849.22239999845624 ], [ -11064626.4409, 2245820.8772 ], [ -11064589.5608, 2245890.618599999696016 ], [ -11064632.0303, 2245903.457899998873472 ], [ -11064624.8524, 2245928.310100000351667 ], [ -11064565.6049, 2245947.536200001835823 ], [ -11064519.3081, 2245984.136 ], [ -11064393.5772, 2246020.715900000184774 ], [ -11064317.9313, 2245982.481100000441074 ], [ -11064328.8972, 2246023.334699999541044 ], [ -11064297.7845, 2246088.570300001651049 ], [ -11064253.5975, 2246097.398299999535084 ], [ -11064231.1744, 2246147.318300001323223 ], [ -11064251.4911, 2246173.878800000995398 ], [ -11064207.204, 2246268.834899999201298 ], [ -11064096.3232, 2246272.533100001513958 ], [ -11064034.5328, 2246301.133200000971556 ], [ -11064044.5427, 2246343.016600001603365 ], [ -11064113.0366, 2246377.888000000268221 ], [ -11064217.3674, 2246395.765700001269579 ], [ -11064193.6785, 2246417.693 ], [ -11064114.1908, 2246445.413400001823902 ], [ -11064001.2118, 2246429.139199998229742 ], [ -11063951.0843, 2246395.272399999201298 ], [ -11063868.0277, 2246396.220100000500679 ], [ -11063884.611, 2246500.881099998950958 ], [ -11063939.4226, 2246551.609099999070168 ], [ -11064030.4808, 2246583.435600001364946 ], [ -11063849.8194, 2246622.637800000607967 ], [ -11063802.1436, 2246672.201900001615286 ], [ -11063808.5911, 2246740.169799998402596 ], [ -11063738.5488, 2246738.710999999195337 ], [ -11063655.2396, 2246754.129000000655651 ], [ -11063476.4627, 2246837.660500001162291 ], [ -11063414.9521, 2246900.760800000280142 ], [ -11063431.2046, 2246924.848900001496077 ], [ -11063467.1698, 2246935.300599999725819 ], [ -11063547.9554, 2246928.388300001621246 ], [ -11063575.6273, 2246935.892099998891354 ], [ -11063589.6245, 2246950.040699999779463 ], [ -11063567.8672, 2246980.527399998158216 ], [ -11063525.3075, 2247019.509500000625849 ], [ -11063481.9062, 2247035.507199998944998 ], [ -11063295.0933, 2247061.460999999195337 ], [ -11063261.4033, 2247079.034400001168251 ], [ -11063255.641, 2247225.461800001561642 ], [ -11063238.249, 2247244.631400000303984 ], [ -11063114.3804, 2247282.11259999871254 ], [ -11063094.7104, 2247298.906599998474121 ], [ -11063071.2007, 2247356.156300000846386 ], [ -11063061.4459, 2247466.676199998706579 ], [ -11063072.0345, 2247480.905600000172853 ], [ -11063185.0829, 2247527.415199998766184 ], [ -11063259.0024, 2247524.3037 ], [ -11063333.2068, 2247494.55180000141263 ], [ -11063389.3863, 2247454.446100000292063 ], [ -11063478.3106, 2247427.616399999707937 ], [ -11063530.5774, 2247376.79619999974966 ], [ -11063585.0225, 2247342.709899999201298 ], [ -11063728.9518, 2247337.0810999982059 ], [ -11063897.5598, 2247390.919100001454353 ], [ -11063973.0278, 2247398.4397 ], [ -11064001.6591, 2247436.046500001102686 ], [ -11063934.9309, 2247524.792300000786781 ], [ -11063972.3253, 2247552.283500000834465 ], [ -11063908.3267, 2247621.872900001704693 ], [ -11063970.2159, 2247686.293999999761581 ], [ -11064020.8662, 2247618.815900001674891 ], [ -11064043.8883, 2247606.563299998641014 ], [ -11064081.0388, 2247665.324200000613928 ], [ -11064041.4068, 2247748.629299998283386 ], [ -11064062.4517, 2247774.670299999415874 ], [ -11064022.9412, 2247904.405699998140335 ], [ -11063965.4402, 2247977.656700000166893 ], [ -11063929.6219, 2248071.390500001609325 ], [ -11063933.1442, 2248131.601100001484156 ], [ -11063947.3697, 2248153.6809 ], [ -11063940.9577, 2248249.366099998354912 ], [ -11063921.4078, 2248294.5608000010252 ], [ -11063879.0073, 2248308.706799998879433 ], [ -11063834.9003, 2248373.863600000739098 ], [ -11063788.5982, 2248387.929400000721216 ], [ -11063722.1203, 2248438.547600001096725 ], [ -11063591.6893, 2248480.591899998486042 ], [ -11063549.1945, 2248541.455899998545647 ], [ -11063517.8167, 2248567.532499998807907 ], [ -11063405.9529, 2248588.804299999028444 ], [ -11063361.4618, 2248622.660999998450279 ], [ -11063279.6754, 2248601.093199998140335 ], [ -11063197.6496, 2248650.132500000298023 ], [ -11063129.4653, 2248647.447999998927116 ], [ -11063038.8758, 2248665.095199998468161 ], [ -11063001.4724, 2248695.509100001305342 ], [ -11062961.8283, 2248751.153900001198053 ], [ -11062907.9708, 2248755.223799999803305 ], [ -11062900.6837, 2248797.061900001019239 ], [ -11062728.9758, 2248892.354299999773502 ], [ -11062707.265, 2248923.666600000113249 ], [ -11062657.1968, 2248933.563299998641014 ], [ -11063012.7001, 2249153.028900001198053 ], [ -11063236.5837, 2249262.738400001078844 ], [ -11063208.3108, 2249292.584300000220537 ], [ -11063192.3987, 2249360.401700001209974 ], [ -11063299.2999, 2249510.776000000536442 ], [ -11063386.8281, 2249585.208299998193979 ], [ -11063407.1997, 2249676.357500001788139 ], [ -11063400.6108, 2249735.482599999755621 ], [ -11063468.6647, 2249796.130699999630451 ], [ -11063466.5274, 2249816.734499998390675 ], [ -11063532.078, 2249821.650600001215935 ], [ -11063574.1632, 2249853.641100000590086 ], [ -11063648.163, 2249878.8048 ], [ -11063656.8236, 2249982.511500000953674 ], [ -11063647.1132, 2250146.353300001472235 ], [ -11063654.1843, 2250300.025499999523163 ], [ -11063635.9435, 2250408.157299999147654 ], [ -11063610.027, 2250472.966499999165535 ], [ -11063635.8923, 2250581.572500001639128 ], [ -11063690.4065, 2250609.926100000739098 ], [ -11063695.7466, 2250636.731800001114607 ], [ -11063675.5275, 2250677.841899998486042 ], [ -11063684.0234, 2250780.911699999123812 ], [ -11063653.3538, 2250829.851300001144409 ], [ -11063646.7036, 2250875.331500001251698 ], [ -11063679.2968, 2250895.106800001114607 ], [ -11063667.3344, 2250920.513300001621246 ], [ -11063590.7221, 2250960.8783 ], [ -11063568.1087, 2251029.912500001490116 ], [ -11063565.7587, 2251125.610100001096725 ], [ -11063537.6351, 2251170.689800001680851 ], [ -11063495.1621, 2251209.75620000064373 ], [ -11063479.2157, 2251336.345100000500679 ], [ -11063437.2983, 2251343.026900000870228 ], [ -11063429.0183, 2251362.0456000007689 ], [ -11063424.9106, 2251384.325500000268221 ], [ -11063434.2091, 2251396.74040000140667 ], [ -11063471.9531, 2251416.061999998986721 ], [ -11063458.2876, 2251548.999299999326468 ], [ -11063395.8185, 2251574.748700000345707 ], [ -11063378.2265, 2251615.699700001627207 ], [ -11063361.5454, 2251625.613099999725819 ], [ -11063300.0392, 2251564.890700001269579 ], [ -11063278.452, 2251565.343899998813868 ], [ -11063277.9355, 2251640.020899999886751 ], [ -11063340.2054, 2251674.769299998879433 ], [ -11063284.5624, 2251804.927799999713898 ], [ -11063263.6821, 2251826.374000001698732 ], [ -11063210.7977, 2251818.1239 ], [ -11063132.7794, 2251733.004999998956919 ], [ -11063101.0633, 2251753.644999999552965 ], [ -11063136.9995, 2252383.336399998515844 ], [ -11063183.757, 2252661.034200001507998 ], [ -11063151.5433, 2252740.982299998402596 ], [ -11063083.9412, 2253066.996199999004602 ], [ -11062964.2572, 2253275.975400000810623 ], [ -11062787.6943, 2253524.125700000673532 ], [ -11062624.0716, 2253634.324099998921156 ], [ -11062359.1858, 2253758.285599999129772 ], [ -11062320.0257, 2253799.834300000220537 ], [ -11062306.6651, 2253839.513399999588728 ], [ -11062279.7948, 2254063.576900001615286 ], [ -11062295.7291, 2254321.208299998193979 ], [ -11062358.1737, 2254464.255300000309944 ], [ -11062455.4859, 2254575.561299998313189 ], [ -11062591.4638, 2254619.986600000411272 ], [ -11062593.7924, 2254672.517799999564886 ], [ -11062584.9626, 2254707.574400000274181 ], [ -11062409.0123, 2254859.927700001746416 ], [ -11062312.7576, 2254877.897799998521805 ], [ -11062389.2898, 2254990.021899998188019 ], [ -11062179.5783, 2255452.289200000464916 ], [ -11062235.3258, 2255454.891699999570847 ], [ -11062419.1756, 2255559.825899999588728 ], [ -11062598.9801, 2255695.637800000607967 ], [ -11062646.7497, 2255761.797800000756979 ], [ -11062808.1427, 2255853.473099999129772 ], [ -11062958.5967, 2255967.260099999606609 ], [ -11063028.2336, 2255981.8293999992311 ], [ -11063332.3274, 2255995.8629 ], [ -11063647.5641, 2256076.133200000971556 ], [ -11063857.5104, 2256146.273899998515844 ], [ -11063952.9623, 2256234.410999998450279 ], [ -11064118.0637, 2256340.794399999082088 ], [ -11064239.194, 2256443.599300000816584 ], [ -11065449.1443, 2255890.75730000063777 ], [ -11066826.2609, 2255332.135800000280142 ], [ -11067493.7102, 2255876.057500001043081 ], [ -11067543.8809, 2256164.039299998432398 ], [ -11067610.8184, 2256363.849399998784065 ], [ -11067613.4913, 2256400.729899998754263 ], [ -11067576.463, 2256599.396800000220537 ], [ -11067596.3504, 2256664.27930000051856 ], [ -11067661.4588, 2256758.900199998170137 ], [ -11067706.4007, 2256867.07880000025034 ], [ -11067750.1547, 2257013.712699998170137 ], [ -11067750.1972, 2257112.310899998992682 ], [ -11067769.5944, 2257152.799499999731779 ], [ -11067766.943, 2257214.286899998784065 ], [ -11067818.1978, 2257381.021800000220537 ], [ -11067948.889, 2257544.726700000464916 ], [ -11068066.9267, 2257721.409600000828505 ], [ -11068095.7127, 2257978.656899999827147 ], [ -11068138.6766, 2258228.473200000822544 ] ] ] ] } },
{ "type": "Feature", "properties": { "OBJECTID": 784, "ID": "15120", "NAME": "Zumpango", "TOTPOP_CY": 287359, "AREA": 223.64, "Shape__Area": 254004770.95774102, "Shape__Length": 138481.79419273039, "metro_only_count": 0.0, "bus_only_count": 706.0, "bus_metro_count": 78.0, "n_cat": "3", "label_range": "0 – 1" }, "geometry": { "type": "MultiPolygon", "coordinates": [ [ [ [ -11033167.6163, 2261519.868099998682737 ], [ -11033212.2632, 2261580.673700001090765 ], [ -11033243.8166, 2261663.862700000405312 ], [ -11033267.7537, 2261676.8728 ], [ -11033054.0714, 2261198.919399999082088 ], [ -11032994.9865, 2261094.285300001502037 ], [ -11033503.2645, 2260435.208799999207258 ], [ -11032643.6353, 2259824.317499998956919 ], [ -11034011.2955, 2259756.984299998730421 ], [ -11034037.2884, 2258832.01069999858737 ], [ -11033979.4538, 2258581.010400000959635 ], [ -11033943.1121, 2258314.949400000274181 ], [ -11033823.1712, 2258171.599700000137091 ], [ -11033762.6557, 2257712.488099999725819 ], [ -11033677.2992, 2256690.77419999986887 ], [ -11033517.0337, 2255505.707899998873472 ], [ -11033770.7619, 2255549.69709999859333 ], [ -11033745.9734, 2255401.675799999386072 ], [ -11033660.8416, 2255151.4679000005126 ], [ -11033639.1343, 2254954.340599998831749 ], [ -11033699.5977, 2254619.1404 ], [ -11033796.2664, 2254568.443900000303984 ], [ -11034114.794, 2253809.738200001418591 ], [ -11034194.6321, 2253853.148499999195337 ], [ -11034302.7504, 2253936.5449 ], [ -11034515.9414, 2253573.896899998188019 ], [ -11033981.1425, 2253148.008900001645088 ], [ -11034274.3484, 2252181.625599998980761 ], [ -11034627.2318, 2252610.114999998360872 ], [ -11034982.0817, 2252623.653099998831749 ], [ -11034980.1346, 2252106.021999999880791 ], [ -11035024.9521, 2252053.278200000524521 ], [ -11035140.628, 2252206.866799999028444 ], [ -11035142.9938, 2252143.471200000494719 ], [ -11035189.9105, 2252186.0912000015378 ], [ -11035259.3111, 2252279.363800000399351 ], [ -11035306.2741, 2252229.814800001680851 ], [ -11035351.8851, 2252357.39809999987483 ], [ -11035374.9747, 2252329.234400000423193 ], [ -11035595.8451, 2252525.125999998301268 ], [ -11035568.6764, 2252429.590300001204014 ], [ -11035605.5453, 2252519.518100000917912 ], [ -11035748.0254, 2252643.93129999935627 ], [ -11035816.7184, 2252677.420299999415874 ], [ -11035847.7609, 2252725.759700000286102 ], [ -11035919.8515, 2252734.467199999839067 ], [ -11035925.1758, 2252776.502099998295307 ], [ -11035948.1387, 2252776.962600000202656 ], [ -11036024.2525, 2252879.055599998682737 ], [ -11036124.2253, 2252936.94370000064373 ], [ -11036102.8706, 2252426.218800000846386 ], [ -11036601.6061, 2252472.462999999523163 ], [ -11036944.3058, 2253610.968400001525879 ], [ -11036766.2169, 2254145.577300000935793 ], [ -11036686.4231, 2254576.726100001484156 ], [ -11036480.3195, 2255282.089699998497963 ], [ -11036938.2923, 2255574.970300000160933 ], [ -11037451.7546, 2256220.964200001209974 ], [ -11037455.8946, 2256212.724199999123812 ], [ -11038346.8356, 2256195.5044 ], [ -11038618.7581, 2256141.625999998301268 ], [ -11038656.3975, 2256153.248700000345707 ], [ -11038770.5912, 2256112.33390000090003 ], [ -11039965.726, 2256072.971900001168251 ], [ -11040349.2009, 2252142.661100000143051 ], [ -11040695.3374, 2251341.819899998605251 ], [ -11041118.9488, 2251564.301399998366833 ], [ -11041745.5224, 2250392.058600001037121 ], [ -11042179.1739, 2250770.9358000010252 ], [ -11042132.8729, 2250537.571100000292063 ], [ -11041829.6151, 2249343.351500000804663 ], [ -11040697.8912, 2248706.133200000971556 ], [ -11040706.6531, 2248549.3766999989748 ], [ -11040316.7688, 2248696.714699998497963 ], [ -11039806.6539, 2248666.683899998664856 ], [ -11039020.1161, 2248704.357500001788139 ], [ -11038348.0056, 2248760.869600001722574 ], [ -11036611.926, 2248833.7972999997437 ], [ -11036044.6718, 2245276.001400001347065 ], [ -11035996.8111, 2245229.872400000691414 ], [ -11035728.264, 2244892.698399998247623 ], [ -11035435.802, 2244195.793000001460314 ], [ -11035076.7655, 2243616.684799998998642 ], [ -11034715.1965, 2244511.793600000441074 ], [ -11034543.6956, 2245007.071899998933077 ], [ -11034448.6844, 2245230.913400001823902 ], [ -11034318.5841, 2245196.002900000661612 ], [ -11034069.804, 2245150.4835 ], [ -11033426.1937, 2245046.978300001472235 ], [ -11033295.6247, 2245052.412599999457598 ], [ -11033160.2602, 2245085.104800000786781 ], [ -11033072.3691, 2245082.491799999028444 ], [ -11032931.0379, 2245077.239900000393391 ], [ -11032239.3931, 2245002.05290000140667 ], [ -11032074.3575, 2244996.810499999672174 ], [ -11032045.3455, 2244996.828200001269579 ], [ -11032002.3918, 2245137.437399998307228 ], [ -11031561.1646, 2245175.557 ], [ -11031596.896, 2245095.334199998527765 ], [ -11030697.5047, 2244825.898699998855591 ], [ -11030044.2217, 2244646.638700000941753 ], [ -11029584.3253, 2244496.241599999368191 ], [ -11030112.5108, 2242898.432100001722574 ], [ -11029222.0817, 2243228.940099999308586 ], [ -11029179.7435, 2243249.5472999997437 ], [ -11029124.6104, 2243297.252599999308586 ], [ -11028697.1847, 2244447.983300000429153 ], [ -11027736.9717, 2244110.222199998795986 ], [ -11026981.5421, 2243806.464400000870228 ], [ -11026263.6599, 2243563.086100000888109 ], [ -11025924.9516, 2243883.691399998962879 ], [ -11026119.5629, 2244008.462900001555681 ], [ -11025833.1491, 2244972.254200000315905 ], [ -11025740.0403, 2245328.298000000417233 ], [ -11025557.7713, 2246185.609999999403954 ], [ -11024633.0247, 2246011.366999998688698 ], [ -11024363.4413, 2245223.410300001502037 ], [ -11024245.5261, 2243574.72690000012517 ], [ -11024772.4303, 2243541.248399998992682 ], [ -11024601.685, 2241384.708399999886751 ], [ -11024541.5112, 2240922.822599999606609 ], [ -11023173.7663, 2241027.5482 ], [ -11022214.0822, 2240773.522199999541044 ], [ -11022150.3596, 2240785.4298 ], [ -11019416.9185, 2240090.916999999433756 ], [ -11018651.6917, 2240876.660799998790026 ], [ -11018142.4817, 2241451.64979999884963 ], [ -11018021.8666, 2241874.082800000905991 ], [ -11018016.6953, 2241927.011199999600649 ], [ -11017997.4972, 2241947.228399999439716 ], [ -11017949.2312, 2242100.110300000756979 ], [ -11017764.8862, 2242827.002000000327826 ], [ -11017697.5578, 2243052.094999998807907 ], [ -11017677.9145, 2243176.053199999034405 ], [ -11017700.3652, 2243518.1415 ], [ -11017737.0426, 2243732.878199998289347 ], [ -11017773.2864, 2243836.559399999678135 ], [ -11017819.5974, 2244034.847600001841784 ], [ -11017846.8885, 2244041.886599998921156 ], [ -11017921.0551, 2244425.160399999469519 ], [ -11019648.8037, 2244914.219399999827147 ], [ -11021300.8639, 2245581.894400000572205 ], [ -11022576.5908, 2246019.7635000012815 ], [ -11022627.6532, 2245968.224300000816584 ], [ -11023108.0568, 2246527.264800000935793 ], [ -11023195.4649, 2246622.965399999171495 ], [ -11023201.482, 2246617.732299998402596 ], [ -11023443.6082, 2246894.023699998855591 ], [ -11023372.4234, 2246883.601399999111891 ], [ -11022748.338, 2246678.477600000798702 ], [ -11021485.308, 2246244.787999998778105 ], [ -11021341.3999, 2246763.862399999052286 ], [ -11021697.7023, 2246865.846099998801947 ], [ -11021555.1299, 2247408.276299998164177 ], [ -11021701.9981, 2247678.447799999266863 ], [ -11021695.0562, 2247705.273200001567602 ], [ -11021731.1105, 2247746.415800001472235 ], [ -11021463.819, 2248361.502700001001358 ], [ -11020899.8521, 2248005.206399999558926 ], [ -11020479.8581, 2247766.389199998229742 ], [ -11020439.5126, 2247779.605999998748302 ], [ -11020386.6605, 2247903.822299998253584 ], [ -11020393.6524, 2247968.200599998235703 ], [ -11019556.7803, 2248010.936099998652935 ], [ -11019472.4279, 2248081.219200000166893 ], [ -11019432.0991, 2248126.59910000115633 ], [ -11019427.7409, 2248148.112100001424551 ], [ -11019329.1708, 2248225.979100000113249 ], [ -11019294.1008, 2248275.074200000613928 ], [ -11019262.1276, 2248287.729600001126528 ], [ -11018943.1906, 2248573.589699998497963 ], [ -11018696.5946, 2248819.0439000017941 ], [ -11017730.7377, 2249901.572599999606609 ], [ -11017444.7567, 2250202.611600000411272 ], [ -11017387.1189, 2250297.034200001507998 ], [ -11017312.1056, 2250382.2195999994874 ], [ -11017994.8175, 2250887.182700000703335 ], [ -11018135.4407, 2251003.591099999845028 ], [ -11018137.0114, 2251040.59010000154376 ], [ -11018317.8355, 2251142.882100000977516 ], [ -11019432.4398, 2251691.541200000792742 ], [ -11020369.1743, 2252171.638099998235703 ], [ -11021542.4884, 2252713.836599998176098 ], [ -11021552.2011, 2252729.073399998247623 ], [ -11020871.2542, 2253155.824000000953674 ], [ -11020854.3559, 2253198.58669999986887 ], [ -11020635.6765, 2253297.280999999493361 ], [ -11020646.4768, 2253397.486099999397993 ], [ -11020763.7697, 2253583.708500001579523 ], [ -11020775.5816, 2253494.65260000154376 ], [ -11021777.0942, 2255308.002700001001358 ], [ -11021795.2973, 2255315.42339999973774 ], [ -11021792.3651, 2255335.817800000309944 ], [ -11022368.1697, 2256380.728399999439716 ], [ -11022525.5576, 2256418.243299998342991 ], [ -11022503.15, 2256625.284400001168251 ], [ -11022708.4599, 2256673.907999999821186 ], [ -11022679.7283, 2256888.9507 ], [ -11022899.5286, 2256939.437899999320507 ], [ -11022860.6861, 2257258.61879999935627 ], [ -11022920.6717, 2257362.691700000315905 ], [ -11019430.0921, 2258991.560499999672174 ], [ -11019746.1827, 2261538.872299998998642 ], [ -11020219.837, 2261222.497699998319149 ], [ -11020716.7416, 2260700.334100000560284 ], [ -11022828.3244, 2259097.489700000733137 ], [ -11023289.1023, 2258761.920699998736382 ], [ -11023549.4697, 2258551.984200000762939 ], [ -11023797.1501, 2258307.057500001043081 ], [ -11024036.0518, 2256526.605599999427795 ], [ -11024428.2637, 2253291.831500001251698 ], [ -11025633.6579, 2253690.986999999731779 ], [ -11025892.027, 2253821.665899999439716 ], [ -11025983.8878, 2253852.385499998927116 ], [ -11026082.2075, 2253904.760200001299381 ], [ -11026666.5937, 2254161.795200001448393 ], [ -11026673.9007, 2254173.82490000128746 ], [ -11027111.9074, 2254360.309599999338388 ], [ -11027523.9694, 2254744.385099999606609 ], [ -11028829.0984, 2256049.772900000214577 ], [ -11028758.5249, 2257018.587699998170137 ], [ -11028816.1998, 2257421.27760000154376 ], [ -11028671.0826, 2258449.2956000007689 ], [ -11029600.676, 2258766.862799998372793 ], [ -11029785.5275, 2258818.386199999600649 ], [ -11029361.5249, 2260219.964499998837709 ], [ -11030042.5108, 2260666.022300001233816 ], [ -11030503.2266, 2261107.061700001358986 ], [ -11030646.2054, 2260979.875399999320507 ], [ -11030694.1873, 2260958.359700001776218 ], [ -11030785.4604, 2260857.314100001007318 ], [ -11030851.4014, 2260831.769799999892712 ], [ -11030899.6597, 2260825.677700001746416 ], [ -11031016.4194, 2260851.451499998569489 ], [ -11031151.5067, 2260775.711300000548363 ], [ -11031177.9362, 2260783.666999999433756 ], [ -11031192.9086, 2260773.584100000560284 ], [ -11031184.8169, 2260668.874400001019239 ], [ -11031261.4781, 2260632.969399999827147 ], [ -11031274.9355, 2260341.148499999195337 ], [ -11031290.7842, 2260279.142900001257658 ], [ -11031284.6982, 2260197.755800001323223 ], [ -11031437.9195, 2260038.83049999922514 ], [ -11031526.1636, 2260004.201499998569489 ], [ -11032008.7901, 2259546.640000000596046 ], [ -11032305.4089, 2260373.775100000202656 ], [ -11032283.3309, 2260481.478399999439716 ], [ -11032343.9713, 2260517.90260000154376 ], [ -11032390.988, 2260568.270700000226498 ], [ -11032488.3046, 2260708.270799998193979 ], [ -11032514.6996, 2260915.835200000554323 ], [ -11032581.9757, 2260971.605999998748302 ], [ -11032617.8426, 2261137.05799999833107 ], [ -11032748.3335, 2261132.535399999469519 ], [ -11032676.5202, 2261220.718499999493361 ], [ -11032733.7999, 2261271.172200001776218 ], [ -11032846.945, 2261186.602400001138449 ], [ -11032956.2628, 2261293.799899999052286 ], [ -11032904.8454, 2261330.24720000103116 ], [ -11032895.7253, 2261450.616799999028444 ], [ -11032985.9251, 2261542.676199998706579 ], [ -11033137.9362, 2261458.2577 ], [ -11033167.6163, 2261519.868099998682737 ] ] ] ] } },
{ "type": "Feature", "properties": { "OBJECTID": 785, "ID": "15121", "NAME": "Cuautitlán Izcalli", "TOTPOP_CY": 568833, "AREA": 110.08, "Shape__Area": 124768973.0122925, "Shape__Length": 60529.165536320295, "metro_only_count": 50.0, "bus_only_count": 2674.0, "bus_metro_count": 457.0, "n_cat": "5", "label_range": "13 – 267" }, "geometry": { "type": "MultiPolygon", "coordinates": [ [ [ [ -11041354.9967, 2224783.987500000745058 ], [ -11041303.2599, 2224966.228700000792742 ], [ -11041322.6997, 2225518.344300001859665 ], [ -11041501.1822, 2225508.273899998515844 ], [ -11041564.6145, 2225494.493599999696016 ], [ -11041521.3623, 2225536.883200000971556 ], [ -11041494.1474, 2225585.518699999898672 ], [ -11041445.445, 2225813.84910000115633 ], [ -11041442.1345, 2226467.35249999910593 ], [ -11041552.4007, 2226487.471000000834465 ], [ -11041730.2559, 2226647.682300001382828 ], [ -11041761.097, 2226698.231699999421835 ], [ -11042145.4988, 2229182.982099998742342 ], [ -11041196.923, 2229181.358199998736382 ], [ -11041186.2811, 2229928.252300001680851 ], [ -11041197.6026, 2230532.090999998152256 ], [ -11041161.0815, 2231099.66950000077486 ], [ -11041025.7883, 2232185.151700001209974 ], [ -11040974.4021, 2232521.087499998509884 ], [ -11040895.0535, 2232929.949000000953674 ], [ -11041160.1888, 2232968.704500000923872 ], [ -11041129.0528, 2233790.887299999594688 ], [ -11041487.3937, 2233809.6283 ], [ -11041462.0358, 2233703.30290000140667 ], [ -11041935.981, 2233767.067800000309944 ], [ -11041947.7944, 2233692.766600001603365 ], [ -11042070.0598, 2233703.761799998581409 ], [ -11042050.197, 2233782.270500000566244 ], [ -11042016.7288, 2233815.115899998694658 ], [ -11041925.1654, 2234379.0691 ], [ -11041581.1, 2234304.477400001138449 ], [ -11041557.6406, 2234312.111900001764297 ], [ -11041296.1982, 2234249.668400000780821 ], [ -11041094.1318, 2234371.357900001108646 ], [ -11041059.3366, 2234971.570900000631809 ], [ -11040965.0958, 2234958.076699998229742 ], [ -11040802.5531, 2234959.425200000405312 ], [ -11040558.8289, 2234938.537200000137091 ], [ -11040560.7883, 2234899.110100001096725 ], [ -11040446.6519, 2234968.865899998694658 ], [ -11040304.5414, 2235106.451900001615286 ], [ -11040252.3838, 2235139.903799999505281 ], [ -11040191.7539, 2235159.801300000399351 ], [ -11040166.5099, 2235157.522100001573563 ], [ -11040131.4598, 2236665.352899998426437 ], [ -11040128.4273, 2237502.424100000411272 ], [ -11040113.663, 2238076.609200000762939 ], [ -11040127.7616, 2238645.598299998790026 ], [ -11040175.2603, 2240129.136199999600649 ], [ -11040205.5311, 2240729.458399999886751 ], [ -11040370.3959, 2240750.405799999833107 ], [ -11040830.4108, 2240854.8147 ], [ -11041422.8281, 2240953.042199999094009 ], [ -11041471.3559, 2240845.74040000140667 ], [ -11041790.8103, 2241017.045400001108646 ], [ -11041863.6733, 2241044.239599999040365 ], [ -11041904.2251, 2240960.6233000010252 ], [ -11041930.223, 2240871.899599999189377 ], [ -11041961.6602, 2240703.840900000184774 ], [ -11042035.4485, 2240565.984700001776218 ], [ -11042251.7931, 2239551.12950000166893 ], [ -11042309.0191, 2239374.937399998307228 ], [ -11042356.7231, 2239301.348400000482798 ], [ -11042380.8089, 2239291.8191 ], [ -11042390.0233, 2239276.949499998241663 ], [ -11042380.2919, 2239269.594500001519918 ], [ -11042763.0136, 2238679.334100000560284 ], [ -11042778.1338, 2238596.135099999606609 ], [ -11042806.8645, 2238536.99100000038743 ], [ -11042965.9935, 2238400.88289999961853 ], [ -11043058.2521, 2238333.3739 ], [ -11043141.3217, 2238294.676199998706579 ], [ -11043448.991, 2238047.266100000590086 ], [ -11043685.6707, 2237884.043600000441074 ], [ -11043759.1016, 2237866.900800000876188 ], [ -11043950.8692, 2237892.388099998235703 ], [ -11044068.7778, 2237854.130699999630451 ], [ -11044266.508, 2237835.474500000476837 ], [ -11044374.0827, 2237753.296500001102686 ], [ -11044621.0293, 2237723.442899998277426 ], [ -11044765.3583, 2237731.868900001049042 ], [ -11044889.0667, 2237667.311500001698732 ], [ -11044961.6046, 2237657.06700000166893 ], [ -11045031.6803, 2237795.985300000756979 ], [ -11045076.5343, 2237994.710400000214577 ], [ -11045073.1223, 2238081.920699998736382 ], [ -11045249.0535, 2238084.331900000572205 ], [ -11045278.8662, 2238074.120400000363588 ], [ -11045469.344, 2238092.666700001806021 ], [ -11045578.9525, 2238027.424699999392033 ], [ -11045598.4992, 2237905.636999998241663 ], [ -11045628.1547, 2237849.361000001430511 ], [ -11045666.1246, 2237829.798900000751019 ], [ -11045849.5669, 2237781.874400001019239 ], [ -11046027.5142, 2237755.574000000953674 ], [ -11046128.861, 2237798.691799998283386 ], [ -11046258.3432, 2237742.631299998611212 ], [ -11046499.0448, 2237710.212900001555681 ], [ -11046509.9731, 2237632.275699999183416 ], [ -11046532.1001, 2237608.155699998140335 ], [ -11046619.2766, 2237598.855000000447035 ], [ -11046672.4015, 2237633.776200000196695 ], [ -11046697.9139, 2237633.793800000101328 ], [ -11046719.0456, 2237524.200399998575449 ], [ -11046872.4549, 2237393.938200000673532 ], [ -11046910.1691, 2237379.947000000625849 ], [ -11046974.7996, 2237378.127399999648333 ], [ -11046996.0384, 2237337.956999998539686 ], [ -11047010.107, 2237274.35869999974966 ], [ -11047042.756, 2237246.291200000792742 ], [ -11047181.383, 2237273.374800000339746 ], [ -11047215.7842, 2237265.429299999028444 ], [ -11047226.7313, 2237252.726799998432398 ], [ -11047198.9774, 2237192.217099998146296 ], [ -11047202.4041, 2237108.959199998527765 ], [ -11047215.6215, 2237064.161400001496077 ], [ -11047281.3703, 2237013.560600001364946 ], [ -11047356.7074, 2236975.398899998515844 ], [ -11047382.7123, 2236949.7331000007689 ], [ -11047394.028, 2236920.103000000119209 ], [ -11047396.0091, 2236836.781899999827147 ], [ -11047347.8002, 2236781.640599999576807 ], [ -11047340.2516, 2236752.352600000798702 ], [ -11047354.6576, 2236726.404699999839067 ], [ -11047382.7136, 2236714.122499998658895 ], [ -11047418.4614, 2236723.557500001043081 ], [ -11047484.5974, 2236780.836599998176098 ], [ -11047606.774, 2236671.839299999177456 ], [ -11047646.1511, 2236672.280200000852346 ], [ -11047658.4151, 2236709.1114999987185 ], [ -11047648.1703, 2236808.774399999529123 ], [ -11047663.5937, 2236839.668200001120567 ], [ -11047698.9809, 2236857.650800000876188 ], [ -11047743.5366, 2236841.100000001490116 ], [ -11047817.3159, 2236782.405499998480082 ], [ -11047845.9127, 2236781.411100000143051 ], [ -11047902.9183, 2236809.083000000566244 ], [ -11047989.3011, 2236769.5439000017941 ], [ -11048111.226, 2236757.733300000429153 ], [ -11048149.6613, 2236733.1996 ], [ -11048178.9305, 2236683.520799998193979 ], [ -11048283.1345, 2236682.344399999827147 ], [ -11048313.7941, 2236671.188900001347065 ], [ -11048390.7655, 2236607.365600001066923 ], [ -11048419.3584, 2236599.590900000184774 ], [ -11048443.6929, 2236602.660999998450279 ], [ -11048496.0976, 2236635.745700001716614 ], [ -11048594.4505, 2236711.538899999111891 ], [ -11048617.0774, 2236704.397199999541044 ], [ -11048679.5389, 2236626.11540000140667 ], [ -11048702.3904, 2236613.25899999961257 ], [ -11048721.6207, 2236608.934999998658895 ], [ -11048790.6335, 2236628.733300000429153 ], [ -11048869.4576, 2236570.854600001126528 ], [ -11048923.9585, 2236584.743000000715256 ], [ -11048991.1041, 2236639.179400000721216 ], [ -11049067.1989, 2236582.310899998992682 ], [ -11049056.5331, 2236537.588799998164177 ], [ -11049028.9379, 2236506.177799999713898 ], [ -11049027.8227, 2236468.501499999314547 ], [ -11049036.3909, 2236401.986400000751019 ], [ -11049070.5284, 2236308.36600000038743 ], [ -11049131.7131, 2236280.331599999219179 ], [ -11049200.2226, 2236272.3260000012815 ], [ -11049283.2949, 2236268.8147 ], [ -11049331.6973, 2236281.496199999004602 ], [ -11049354.9319, 2236337.815000001341105 ], [ -11049319.8474, 2236380.823300000280142 ], [ -11049337.6909, 2236443.217599999159575 ], [ -11049356.7576, 2236452.53770000115037 ], [ -11049520.7811, 2236374.967399999499321 ], [ -11049616.8068, 2236452.855900000780821 ], [ -11049629.2664, 2236493.602800000458956 ], [ -11049649.3653, 2236502.364700000733137 ], [ -11049718.6694, 2236460.66270000115037 ], [ -11049819.6418, 2236365.126899998635054 ], [ -11049867.4066, 2236363.294199999421835 ], [ -11049878.2242, 2236424.317299999296665 ], [ -11049919.4608, 2236434.773200001567602 ], [ -11049955.2546, 2236395.414599999785423 ], [ -11050029.7417, 2236372.819299999624491 ], [ -11050055.9375, 2236481.197999998927116 ], [ -11050118.7328, 2236479.330200001597404 ], [ -11050207.0747, 2236373.351100001484156 ], [ -11050293.8597, 2236407.679099999368191 ], [ -11050324.1628, 2236451.614399999380112 ], [ -11050378.282, 2236471.651299998164177 ], [ -11050469.5517, 2236418.788100000470877 ], [ -11050549.5892, 2236435.970800001174212 ], [ -11050628.2252, 2236420.203200001269579 ], [ -11050628.8677, 2236363.242199998348951 ], [ -11050790.0628, 2236256.493999999016523 ], [ -11050796.1429, 2236188.085799999535084 ], [ -11050791.0601, 2235766.682100001722574 ], [ -11050783.0196, 2235709.820000000298023 ], [ -11050766.4039, 2235702.754700001329184 ], [ -11050763.5686, 2235678.138300001621246 ], [ -11050785.7657, 2235638.498700000345707 ], [ -11050797.2307, 2234429.035399999469519 ], [ -11050785.7813, 2234361.213500000536442 ], [ -11050807.9528, 2233715.907299999147654 ], [ -11050798.3671, 2233322.518500000238419 ], [ -11050854.9953, 2233325.09910000115633 ], [ -11050870.1014, 2233336.023400001227856 ], [ -11050877.7656, 2233373.9358000010252 ], [ -11050904.714, 2233371.222800001502037 ], [ -11050915.9617, 2233352.242199998348951 ], [ -11050919.1027, 2233303.362100001424551 ], [ -11051023.6411, 2233284.2335 ], [ -11051064.3873, 2233197.3684 ], [ -11051182.8135, 2233123.732599999755621 ], [ -11051332.3467, 2232979.80689999833703 ], [ -11051342.0348, 2232982.460900001227856 ], [ -11051360.4592, 2233028.367199998348951 ], [ -11051439.8568, 2233079.781100001186132 ], [ -11051465.1697, 2233077.070500001311302 ], [ -11051502.2749, 2233038.818399999290705 ], [ -11051640.6951, 2233132.499099999666214 ], [ -11051614.7844, 2233050.094399999827147 ], [ -11051663.8215, 2232949.614599999040365 ], [ -11051692.0109, 2232842.633499998599291 ], [ -11051764.8453, 2232734.668400000780821 ], [ -11051819.6333, 2232595.936299998313189 ], [ -11051898.4631, 2232543.7635000012815 ], [ -11051998.1019, 2232528.431800000369549 ], [ -11052135.5368, 2232338.092999998480082 ], [ -11052209.5676, 2232353.904500000178814 ], [ -11052325.5393, 2232095.128199998289347 ], [ -11052306.8497, 2231998.1107 ], [ -11052327.3579, 2231960.068399999290705 ], [ -11052400.4026, 2231915.544300001114607 ], [ -11052409.4241, 2231873.614799998700619 ], [ -11052502.6842, 2231793.364500001072884 ], [ -11052500.5113, 2231748.537999998778105 ], [ -11052594.3724, 2231665.092099998146296 ], [ -11052618.3006, 2231595.97749999910593 ], [ -11052619.3725, 2231584.8805 ], [ -11052605.5913, 2231579.309599999338388 ], [ -11052662.383, 2231538.925700001418591 ], [ -11052670.4159, 2231516.213100001215935 ], [ -11052722.1498, 2231473.723000001162291 ], [ -11052843.9965, 2231243.4070999994874 ], [ -11052874.901, 2231009.8816 ], [ -11052875.3151, 2230921.928800001740456 ], [ -11052726.4228, 2230785.293000001460314 ], [ -11052335.1282, 2230217.453099999576807 ], [ -11052452.507, 2229828.559500001370907 ], [ -11052405.086, 2229800.832899998873472 ], [ -11052329.6491, 2229795.409000001847744 ], [ -11052291.0336, 2229880.473000001162291 ], [ -11052222.3972, 2229788.946400001645088 ], [ -11052056.5056, 2229512.129099998623133 ], [ -11051943.463, 2229271.028799999505281 ], [ -11051761.4399, 2229302.508299998939037 ], [ -11051727.7213, 2229201.187800001353025 ], [ -11051503.4382, 2228884.0810999982059 ], [ -11051418.0216, 2228688.392000000923872 ], [ -11051364.8465, 2228653.879599999636412 ], [ -11051305.7091, 2228299.745999999344349 ], [ -11051309.8089, 2228249.746500000357628 ], [ -11051364.6766, 2228168.11259999871254 ], [ -11051352.1405, 2227891.0636 ], [ -11051366.7089, 2227680.479899998754263 ], [ -11051391.797, 2227616.6706000007689 ], [ -11051411.0307, 2227421.569899998605251 ], [ -11051384.7761, 2227397.6239 ], [ -11051343.7024, 2227400.454199999570847 ], [ -11051345.0372, 2227329.8235 ], [ -11051324.9718, 2227289.841400001198053 ], [ -11051254.8706, 2227259.835200000554323 ], [ -11051216.6613, 2227225.276599999517202 ], [ -11051180.1794, 2227155.942899998277426 ], [ -11050983.7487, 2226988.932399999350309 ], [ -11050940.0725, 2226934.410500001162291 ], [ -11050827.7633, 2226842.890900000929832 ], [ -11050709.0723, 2226788.306499999016523 ], [ -11050670.4788, 2226680.222199998795986 ], [ -11050254.155, 2226603.68299999833107 ], [ -11049919.6701, 2226662.339400000870228 ], [ -11049533.0643, 2226710.978999998420477 ], [ -11049365.1209, 2226720.26630000025034 ], [ -11048909.5961, 2226672.9463 ], [ -11048802.1626, 2226674.5548 ], [ -11048527.9917, 2226455.564800001680851 ], [ -11048150.5373, 2226506.942200001329184 ], [ -11047617.0156, 2227015.893699999898672 ], [ -11047584.8941, 2227018.354299999773502 ], [ -11047578.8347, 2227086.556699998676777 ], [ -11047508.8353, 2227148.522799998521805 ], [ -11047426.9972, 2227108.815999999642372 ], [ -11047352.38, 2227055.0537 ], [ -11047115.4785, 2226952.558499999344349 ], [ -11046988.7749, 2226941.062399998307228 ], [ -11046523.975, 2226832.730200000107288 ], [ -11045904.8761, 2226599.767000000923872 ], [ -11045842.6037, 2226587.489 ], [ -11045244.8747, 2226287.975600000470877 ], [ -11045146.9327, 2226270.353799998760223 ], [ -11045100.3123, 2226242.740200001746416 ], [ -11044946.1155, 2226232.342500001192093 ], [ -11044791.849, 2226203.6699 ], [ -11044733.2827, 2226096.606100000441074 ], [ -11044750.8989, 2226027.6831 ], [ -11044677.7152, 2225906.862399999052286 ], [ -11044674.7077, 2225860.229899998754263 ], [ -11044635.9128, 2225799.2489 ], [ -11044578.2245, 2225755.856199998408556 ], [ -11044476.265, 2225725.863499999046326 ], [ -11044438.933, 2225699.52309999987483 ], [ -11044384.5276, 2225597.743200000375509 ], [ -11044337.2604, 2225539.564599998295307 ], [ -11044346.679, 2225500.718600001186132 ], [ -11044326.5922, 2225473.404800001531839 ], [ -11044333.0235, 2225405.760200001299381 ], [ -11044311.6678, 2225391.355700001120567 ], [ -11044290.6253, 2225347.031300000846386 ], [ -11044182.5972, 2225213.726100001484156 ], [ -11044202.9345, 2225182.24379999935627 ], [ -11043946.6156, 2224783.413199998438358 ], [ -11043976.1477, 2224424.504000000655651 ], [ -11043748.8879, 2224357.739700000733137 ], [ -11043636.0968, 2224357.157299999147654 ], [ -11043382.6724, 2224380.552700001746416 ], [ -11043103.4263, 2224377.01240000128746 ], [ -11042966.0514, 2224393.794399999082088 ], [ -11042544.1795, 2224502.861699998378754 ], [ -11042453.6657, 2224537.291299998760223 ], [ -11041932.9931, 2224012.604600001126528 ], [ -11041526.6291, 2224509.249600000679493 ], [ -11041402.7695, 2224676.25730000063777 ], [ -11041354.9967, 2224783.987500000745058 ] ] ] ] } },
{ "type": "Feature", "properties": { "OBJECTID": 786, "ID": "15122", "NAME": "Valle de Chalco Solidaridad", "TOTPOP_CY": 401374, "AREA": 46.66, "Shape__Area": 52673485.003378242, "Shape__Length": 39619.268664901429, "metro_only_count": 3.0, "bus_only_count": 1228.0, "bus_metro_count": 882.0, "n_cat": "4", "label_range": "2 – 12" }, "geometry": { "type": "MultiPolygon", "coordinates": [ [ [ [ -11014592.7736, 2181438.626499999314547 ], [ -11014539.779, 2181494.961100000888109 ], [ -11014448.7687, 2181565.210799999535084 ], [ -11013689.3424, 2182296.783599998801947 ], [ -11012438.9364, 2183550.77760000154376 ], [ -11012456.9023, 2183552.3081 ], [ -11012164.7298, 2183890.452799998223782 ], [ -11012008.8511, 2184013.437399998307228 ], [ -11012021.0965, 2184064.099500000476837 ], [ -11012043.935, 2184100.50279999896884 ], [ -11012208.319, 2184104.955400001257658 ], [ -11012990.2384, 2184356.725000001490116 ], [ -11013431.8316, 2185356.651599999517202 ], [ -11013235.8493, 2185501.165300000458956 ], [ -11013219.4797, 2185482.1721 ], [ -11013174.1916, 2185521.671399999409914 ], [ -11013182.1009, 2185530.846700001507998 ], [ -11012979.761, 2185646.351100001484156 ], [ -11012991.9527, 2185654.863699998706579 ], [ -11012756.0776, 2185873.876299999654293 ], [ -11012625.3196, 2186128.756000000983477 ], [ -11012608.1064, 2186185.649099998176098 ], [ -11012622.4529, 2186188.8794 ], [ -11012572.5635, 2186187.656700000166893 ], [ -11012539.852, 2186448.240800000727177 ], [ -11011979.8548, 2186971.281100001186132 ], [ -11011561.9191, 2187343.566300000995398 ], [ -11011557.2371, 2187362.41499999910593 ], [ -11011222.3544, 2187663.722100000828505 ], [ -11010779.9699, 2188087.815999999642372 ], [ -11011320.3536, 2188850.601599998772144 ], [ -11010935.6221, 2188994.479800000786781 ], [ -11010868.6814, 2189008.032400000840425 ], [ -11010782.4, 2189003.695599999278784 ], [ -11010742.965, 2189031.426899999380112 ], [ -11010698.0476, 2189017.079500000923872 ], [ -11010659.1124, 2189137.907200001180172 ], [ -11010852.785, 2189209.851500000804663 ], [ -11011095.6808, 2189207.604699999094009 ], [ -11011217.2606, 2189232.021000001579523 ], [ -11011500.524, 2189218.973000001162291 ], [ -11011552.5772, 2189228.433400001376867 ], [ -11011648.8508, 2189311.488099999725819 ], [ -11011969.8859, 2189670.550900001078844 ], [ -11015495.8254, 2193751.093600001186132 ], [ -11015501.0016, 2193782.364999998360872 ], [ -11015363.5463, 2194016.862500000745058 ], [ -11015281.5652, 2194200.01069999858737 ], [ -11015631.0851, 2194743.843600001186132 ], [ -11015736.2251, 2194887.844200000166893 ], [ -11015788.1102, 2194949.44819999858737 ], [ -11015890.022, 2195027.983199998736382 ], [ -11016306.3792, 2194342.297400001436472 ], [ -11016488.2307, 2194492.499899998307228 ], [ -11016959.8321, 2194435.425500001758337 ], [ -11017134.8846, 2194428.254700001329184 ], [ -11017272.3541, 2194445.306699998676777 ], [ -11017557.4822, 2194542.80970000103116 ], [ -11017771.0916, 2194655.514199998229742 ], [ -11015943.3306, 2193027.940499998629093 ], [ -11016506.9635, 2192261.156100001186132 ], [ -11016548.7593, 2192061.197200000286102 ], [ -11016665.8699, 2191223.997099999338388 ], [ -11016708.4775, 2191099.683899998664856 ], [ -11016776.4613, 2191035.417300000786781 ], [ -11016875.4978, 2190991.370099999010563 ], [ -11016981.0493, 2190991.631999999284744 ], [ -11017449.2886, 2187736.654800001531839 ], [ -11017837.4251, 2185510.669599998742342 ], [ -11018016.9901, 2184760.114 ], [ -11016843.2651, 2184384.633600000292063 ], [ -11017132.6547, 2182294.985599998384714 ], [ -11014592.7736, 2181438.626499999314547 ] ] ] ] } },
{ "type": "Feature", "properties": { "OBJECTID": 789, "ID": "15125", "NAME": "Tonanitla", "TOTPOP_CY": 15249, "AREA": 9.04, "Shape__Area": 10246821.910080133, "Shape__Length": 15442.338057327506, "metro_only_count": 0.0, "bus_only_count": 36.0, "bus_metro_count": 22.0, "n_cat": "3", "label_range": "0 – 1" }, "geometry": { "type": "MultiPolygon", "coordinates": [ [ [ [ -11027786.2328, 2237533.144200000911951 ], [ -11028091.3017, 2237585.823800001293421 ], [ -11028123.6347, 2237575.764499999582767 ], [ -11028367.2643, 2236949.136199999600649 ], [ -11028046.9976, 2235120.770300000905991 ], [ -11028898.633, 2235524.181699998676777 ], [ -11027602.0949, 2232695.804499998688698 ], [ -11026573.1108, 2232901.202199999243021 ], [ -11026169.0351, 2235070.24439999833703 ], [ -11025970.4517, 2235023.190900001674891 ], [ -11025963.3572, 2235005.018899999558926 ], [ -11025769.669, 2234956.317200001329184 ], [ -11025605.7362, 2235629.86430000141263 ], [ -11025614.8216, 2235647.274900000542402 ], [ -11025602.8725, 2235653.962900001555681 ], [ -11025453.9702, 2236257.206999998539686 ], [ -11025875.5201, 2236366.707600001245737 ], [ -11025661.0123, 2237251.409800000488758 ], [ -11027458.5906, 2237497.179099999368191 ], [ -11027786.2328, 2237533.144200000911951 ] ] ] ] } }
]
}
